participant_id,submission_index,conditionId,fileName,thermalComfort,realism,snow,clothing,animals,sunPosition,sceneObject,fire,submittedAt
69f34d009645e8e66860ceca,0,S_SC_Pe_SM_Sa_WF,Snow_SummerClothing_Penguins_SunMid_Sandcastle_Fire.webp,2,1,Snow,SummerClothing,Penguins,SunMid,Sandcastle,Fire,2026-07-27T13:43:09.344Z
69f34d009645e8e66860ceca,1,S_WC_Ca_SM_Sn_WF,Snow_WinterClothing_Camels_SunMid_Snowman_Fire.webp,4,1,Snow,WinterClothing,Camels,SunMid,Snowman,Fire,2026-07-27T13:43:33.305Z
69f34d009645e8e66860ceca,2,NS_SC_Pe_SR_Sn_NF,NoSnow_SummerClothing_Penguins_SunRising_Snowman_NoFire.webp,4,1,NoSnow,SummerClothing,Penguins,SunRising,Snowman,NoFire,2026-07-27T13:44:07.439Z
69f34d009645e8e66860ceca,3,NS_SC_Ca_SM_Sa_NF,NoSnow_SummerClothing_Camels_SunMid_Sandcastle_NoFire.webp,4,6,NoSnow,SummerClothing,Camels,SunMid,Sandcastle,NoFire,2026-07-27T13:44:32.368Z
69f34d009645e8e66860ceca,4,S_SC_Ca_SR_Sa_NF,Snow_SummerClothing_Camels_SunRising_Sandcastle_NoFire.webp,3,6,Snow,SummerClothing,Camels,SunRising,Sandcastle,NoFire,2026-07-27T13:44:43.273Z
69f34d009645e8e66860ceca,5,S_SC_Pe_SR_Sa_NF,Snow_SummerClothing_Penguins_SunRising_Sandcastle_NoFire.webp,2,3,Snow,SummerClothing,Penguins,SunRising,Sandcastle,NoFire,2026-07-27T13:45:09.516Z
69f34d009645e8e66860ceca,6,S_SC_Pe_SR_Sn_NF,Snow_SummerClothing_Penguins_SunRising_Snowman_NoFire.webp,2,2,Snow,SummerClothing,Penguins,SunRising,Snowman,NoFire,2026-07-27T13:45:26.285Z
69f34d009645e8e66860ceca,7,NS_SC_Pe_SM_Sa_NF,NoSnow_SummerClothing_Penguins_SunMid_Sandcastle_NoFire.webp,3,2,NoSnow,SummerClothing,Penguins,SunMid,Sandcastle,NoFire,2026-07-27T13:45:43.341Z
69f34d009645e8e66860ceca,8,S_WC_Ca_SR_Sn_NF,Snow_WinterClothing_Camels_SunRising_Snowman_NoFire.webp,3,2,Snow,WinterClothing,Camels,SunRising,Snowman,NoFire,2026-07-27T13:46:02.922Z
69f34d009645e8e66860ceca,9,NS_SC_Ca_SR_Sa_WF,NoSnow_SummerClothing_Camels_SunRising_Sandcastle_Fire.webp,5,6,NoSnow,SummerClothing,Camels,SunRising,Sandcastle,Fire,2026-07-27T13:46:21.659Z
63cedafa29d08471b828a96a,0,NS_SC_Ca_SR_Sn_NF,NoSnow_SummerClothing_Camels_SunRising_Snowman_NoFire.webp,5,1,NoSnow,SummerClothing,Camels,SunRising,Snowman,NoFire,2026-07-27T13:43:31.208Z
63cedafa29d08471b828a96a,1,NS_WC_Ca_SR_Sa_WF,NoSnow_WinterClothing_Camels_SunRising_Sandcastle_Fire.webp,4,5,NoSnow,WinterClothing,Camels,SunRising,Sandcastle,Fire,2026-07-27T13:43:56.667Z
63cedafa29d08471b828a96a,2,NS_SC_Ca_SR_Sn_WF,NoSnow_SummerClothing_Camels_SunRising_Snowman_Fire.webp,4,2,NoSnow,SummerClothing,Camels,SunRising,Snowman,Fire,2026-07-27T13:44:21.251Z
63cedafa29d08471b828a96a,3,NS_WC_Ca_SR_Sn_WF,NoSnow_WinterClothing_Camels_SunRising_Snowman_Fire.webp,3,3,NoSnow,WinterClothing,Camels,SunRising,Snowman,Fire,2026-07-27T13:44:41.144Z
63cedafa29d08471b828a96a,4,S_SC_Pe_SR_Sn_WF,Snow_SummerClothing_Penguins_SunRising_Snowman_Fire.webp,3,3,Snow,SummerClothing,Penguins,SunRising,Snowman,Fire,2026-07-27T13:44:54.791Z
63cedafa29d08471b828a96a,5,S_SC_Ca_SR_Sn_WF,Snow_SummerClothing_Camels_SunRising_Snowman_Fire.webp,4,3,Snow,SummerClothing,Camels,SunRising,Snowman,Fire,2026-07-27T13:45:08.708Z
63cedafa29d08471b828a96a,6,NS_WC_Pe_SM_Sa_NF,NoSnow_WinterClothing_Penguins_SunMid_Sandcastle_NoFire.webp,3,4,NoSnow,WinterClothing,Penguins,SunMid,Sandcastle,NoFire,2026-07-27T13:45:23.525Z
63cedafa29d08471b828a96a,7,NS_SC_Pe_SR_Sa_NF,NoSnow_SummerClothing_Penguins_SunRising_Sandcastle_NoFire.webp,5,6,NoSnow,SummerClothing,Penguins,SunRising,Sandcastle,NoFire,2026-07-27T13:45:36.367Z
63cedafa29d08471b828a96a,8,S_WC_Pe_SM_Sa_WF,Snow_WinterClothing_Penguins_SunMid_Sandcastle_Fire.webp,3,5,Snow,WinterClothing,Penguins,SunMid,Sandcastle,Fire,2026-07-27T13:45:50.125Z
63cedafa29d08471b828a96a,9,S_SC_Ca_SM_Sa_NF,Snow_SummerClothing_Camels_SunMid_Sandcastle_NoFire.webp,3,5,Snow,SummerClothing,Camels,SunMid,Sandcastle,NoFire,2026-07-27T13:45:58.195Z
63cedafa29d08471b828a96a,10,S_WC_Ca_SM_Sa_NF,Snow_WinterClothing_Camels_SunMid_Sandcastle_NoFire.webp,3,5,Snow,WinterClothing,Camels,SunMid,Sandcastle,NoFire,2026-07-27T13:46:07.711Z
63cedafa29d08471b828a96a,11,NS_SC_Pe_SR_Sa_WF,NoSnow_SummerClothing_Penguins_SunRising_Sandcastle_Fire.webp,6,5,NoSnow,SummerClothing,Penguins,SunRising,Sandcastle,Fire,2026-07-27T13:46:19.380Z
63cedafa29d08471b828a96a,12,NS_SC_Pe_SR_Sn_NF,NoSnow_SummerClothing_Penguins_SunRising_Snowman_NoFire.webp,4,3,NoSnow,SummerClothing,Penguins,SunRising,Snowman,NoFire,2026-07-27T13:46:32.696Z
63cedafa29d08471b828a96a,13,NS_WC_Ca_SM_Sa_NF,NoSnow_WinterClothing_Camels_SunMid_Sandcastle_NoFire.webp,3,6,NoSnow,WinterClothing,Camels,SunMid,Sandcastle,NoFire,2026-07-27T13:46:47.014Z
63cedafa29d08471b828a96a,14,NS_SC_Ca_SR_Sa_NF,NoSnow_SummerClothing_Camels_SunRising_Sandcastle_NoFire.webp,5,6,NoSnow,SummerClothing,Camels,SunRising,Sandcastle,NoFire,2026-07-27T13:46:55.941Z
63cedafa29d08471b828a96a,15,NS_SC_Ca_SR_Sa_WF,NoSnow_SummerClothing_Camels_SunRising_Sandcastle_Fire.webp,6,6,NoSnow,SummerClothing,Camels,SunRising,Sandcastle,Fire,2026-07-27T13:47:04.348Z
63cedafa29d08471b828a96a,16,S_WC_Pe_SM_Sn_NF,Snow_WinterClothing_Penguins_SunMid_Snowman_NoFire.webp,2,6,Snow,WinterClothing,Penguins,SunMid,Snowman,NoFire,2026-07-27T13:47:17.547Z
63cedafa29d08471b828a96a,17,NS_SC_Ca_SM_Sn_NF,NoSnow_SummerClothing_Camels_SunMid_Snowman_NoFire.webp,4,3,NoSnow,SummerClothing,Camels,SunMid,Snowman,NoFire,2026-07-27T13:47:27.373Z
63cedafa29d08471b828a96a,18,NS_WC_Pe_SR_Sn_NF,NoSnow_WinterClothing_Penguins_SunRising_Snowman_NoFire.webp,3,5,NoSnow,WinterClothing,Penguins,SunRising,Snowman,NoFire,2026-07-27T13:47:37.469Z
63cedafa29d08471b828a96a,19,NS_SC_Ca_SM_Sn_WF,NoSnow_SummerClothing_Camels_SunMid_Snowman_Fire.webp,4,2,NoSnow,SummerClothing,Camels,SunMid,Snowman,Fire,2026-07-27T13:47:48.416Z
63cedafa29d08471b828a96a,20,S_SC_Ca_SR_Sa_WF,Snow_SummerClothing_Camels_SunRising_Sandcastle_Fire.webp,4,4,Snow,SummerClothing,Camels,SunRising,Sandcastle,Fire,2026-07-27T13:47:58.498Z
63cedafa29d08471b828a96a,21,NS_SC_Pe_SM_Sa_WF,NoSnow_SummerClothing_Penguins_SunMid_Sandcastle_Fire.webp,5,5,NoSnow,SummerClothing,Penguins,SunMid,Sandcastle,Fire,2026-07-27T13:48:08.540Z
63cedafa29d08471b828a96a,22,S_SC_Pe_SR_Sa_NF,Snow_SummerClothing_Penguins_SunRising_Sandcastle_NoFire.webp,3,4,Snow,SummerClothing,Penguins,SunRising,Sandcastle,NoFire,2026-07-27T13:48:17.830Z
63cedafa29d08471b828a96a,23,S_WC_Pe_SR_Sn_WF,Snow_WinterClothing_Penguins_SunRising_Snowman_Fire.webp,3,2,Snow,WinterClothing,Penguins,SunRising,Snowman,Fire,2026-07-27T13:48:30.610Z
63cedafa29d08471b828a96a,24,S_SC_Pe_SR_Sn_NF,Snow_SummerClothing_Penguins_SunRising_Snowman_NoFire.webp,3,4,Snow,SummerClothing,Penguins,SunRising,Snowman,NoFire,2026-07-27T13:48:41.590Z
63cedafa29d08471b828a96a,25,S_WC_Ca_SM_Sn_NF,Snow_WinterClothing_Camels_SunMid_Snowman_NoFire.webp,3,6,Snow,WinterClothing,Camels,SunMid,Snowman,NoFire,2026-07-27T13:48:51.342Z
63cedafa29d08471b828a96a,26,NS_WC_Pe_SM_Sa_WF,NoSnow_WinterClothing_Penguins_SunMid_Sandcastle_Fire.webp,3,4,NoSnow,WinterClothing,Penguins,SunMid,Sandcastle,Fire,2026-07-27T13:49:02.568Z
63cedafa29d08471b828a96a,27,NS_WC_Pe_SM_Sn_NF,NoSnow_WinterClothing_Penguins_SunMid_Snowman_NoFire.webp,4,3,NoSnow,WinterClothing,Penguins,SunMid,Snowman,NoFire,2026-07-27T13:49:09.412Z
63cedafa29d08471b828a96a,28,NS_SC_Pe_SM_Sa_NF,NoSnow_SummerClothing_Penguins_SunMid_Sandcastle_NoFire.webp,5,6,NoSnow,SummerClothing,Penguins,SunMid,Sandcastle,NoFire,2026-07-27T13:49:18.526Z
63cedafa29d08471b828a96a,29,S_SC_Pe_SM_Sn_NF,Snow_SummerClothing_Penguins_SunMid_Snowman_NoFire.webp,3,4,Snow,SummerClothing,Penguins,SunMid,Snowman,NoFire,2026-07-27T13:49:26.168Z
63cedafa29d08471b828a96a,30,S_SC_Ca_SM_Sn_NF,Snow_SummerClothing_Camels_SunMid_Snowman_NoFire.webp,3,4,Snow,SummerClothing,Camels,SunMid,Snowman,NoFire,2026-07-27T13:49:35.190Z
63cedafa29d08471b828a96a,31,S_WC_Pe_SM_Sa_NF,Snow_WinterClothing_Penguins_SunMid_Sandcastle_NoFire.webp,2,5,Snow,WinterClothing,Penguins,SunMid,Sandcastle,NoFire,2026-07-27T13:49:45.632Z
63cedafa29d08471b828a96a,32,S_SC_Pe_SM_Sa_WF,Snow_SummerClothing_Penguins_SunMid_Sandcastle_Fire.webp,3,4,Snow,SummerClothing,Penguins,SunMid,Sandcastle,Fire,2026-07-27T13:49:56.237Z
63cedafa29d08471b828a96a,33,S_SC_Ca_SR_Sa_NF,Snow_SummerClothing_Camels_SunRising_Sandcastle_NoFire.webp,3,4,Snow,SummerClothing,Camels,SunRising,Sandcastle,NoFire,2026-07-27T13:50:02.713Z
63cedafa29d08471b828a96a,34,NS_WC_Ca_SR_Sn_NF,NoSnow_WinterClothing_Camels_SunRising_Snowman_NoFire.webp,3,3,NoSnow,WinterClothing,Camels,SunRising,Snowman,NoFire,2026-07-27T13:50:13.852Z
63cedafa29d08471b828a96a,35,S_WC_Ca_SR_Sa_WF,Snow_WinterClothing_Camels_SunRising_Sandcastle_Fire.webp,2,5,Snow,WinterClothing,Camels,SunRising,Sandcastle,Fire,2026-07-27T13:50:27.756Z
63cedafa29d08471b828a96a,36,NS_WC_Ca_SR_Sa_NF,NoSnow_WinterClothing_Camels_SunRising_Sandcastle_NoFire.webp,3,5,NoSnow,WinterClothing,Camels,SunRising,Sandcastle,NoFire,2026-07-27T13:50:33.656Z
63cedafa29d08471b828a96a,37,NS_WC_Ca_SM_Sn_NF,NoSnow_WinterClothing_Camels_SunMid_Snowman_NoFire.webp,3,3,NoSnow,WinterClothing,Camels,SunMid,Snowman,NoFire,2026-07-27T13:50:43.336Z
63cedafa29d08471b828a96a,38,S_WC_Ca_SR_Sn_NF,Snow_WinterClothing_Camels_SunRising_Snowman_NoFire.webp,2,5,Snow,WinterClothing,Camels,SunRising,Snowman,NoFire,2026-07-27T13:50:50.680Z
63cedafa29d08471b828a96a,39,NS_WC_Ca_SM_Sa_WF,NoSnow_WinterClothing_Camels_SunMid_Sandcastle_Fire.webp,3,5,NoSnow,WinterClothing,Camels,SunMid,Sandcastle,Fire,2026-07-27T13:50:59.820Z
63cedafa29d08471b828a96a,40,NS_SC_Pe_SM_Sn_WF,NoSnow_SummerClothing_Penguins_SunMid_Snowman_Fire.webp,3,2,NoSnow,SummerClothing,Penguins,SunMid,Snowman,Fire,2026-07-27T13:51:14.738Z
63cedafa29d08471b828a96a,41,NS_SC_Ca_SM_Sa_WF,NoSnow_SummerClothing_Camels_SunMid_Sandcastle_Fire.webp,5,5,NoSnow,SummerClothing,Camels,SunMid,Sandcastle,Fire,2026-07-27T13:51:30.198Z
63cedafa29d08471b828a96a,42,NS_SC_Pe_SR_Sn_WF,NoSnow_SummerClothing_Penguins_SunRising_Snowman_Fire.webp,4,2,NoSnow,SummerClothing,Penguins,SunRising,Snowman,Fire,2026-07-27T13:51:40.472Z
63cedafa29d08471b828a96a,43,S_SC_Ca_SR_Sn_NF,Snow_SummerClothing_Camels_SunRising_Snowman_NoFire.webp,3,4,Snow,SummerClothing,Camels,SunRising,Snowman,NoFire,2026-07-27T13:51:48.260Z
63cedafa29d08471b828a96a,44,NS_SC_Pe_SM_Sn_NF,NoSnow_SummerClothing_Penguins_SunMid_Snowman_NoFire.webp,3,4,NoSnow,SummerClothing,Penguins,SunMid,Snowman,NoFire,2026-07-27T13:51:56.700Z
63cedafa29d08471b828a96a,45,S_WC_Ca_SR_Sa_NF,Snow_WinterClothing_Camels_SunRising_Sandcastle_NoFire.webp,2,5,Snow,WinterClothing,Camels,SunRising,Sandcastle,NoFire,2026-07-27T13:52:05.946Z
63cedafa29d08471b828a96a,46,S_SC_Pe_SR_Sa_WF,Snow_SummerClothing_Penguins_SunRising_Sandcastle_Fire.webp,3,5,Snow,SummerClothing,Penguins,SunRising,Sandcastle,Fire,2026-07-27T13:52:15.016Z
63cedafa29d08471b828a96a,47,S_WC_Pe_SM_Sn_WF,Snow_WinterClothing_Penguins_SunMid_Snowman_Fire.webp,2,3,Snow,WinterClothing,Penguins,SunMid,Snowman,Fire,2026-07-27T13:52:22.786Z
63cedafa29d08471b828a96a,48,S_WC_Ca_SM_Sa_WF,Snow_WinterClothing_Camels_SunMid_Sandcastle_Fire.webp,2,5,Snow,WinterClothing,Camels,SunMid,Sandcastle,Fire,2026-07-27T13:52:29.626Z
63cedafa29d08471b828a96a,49,S_WC_Pe_SR_Sa_NF,Snow_WinterClothing_Penguins_SunRising_Sandcastle_NoFire.webp,3,5,Snow,WinterClothing,Penguins,SunRising,Sandcastle,NoFire,2026-07-27T13:52:39.074Z
63cedafa29d08471b828a96a,50,S_SC_Pe_SM_Sn_WF,Snow_SummerClothing_Penguins_SunMid_Snowman_Fire.webp,3,3,Snow,SummerClothing,Penguins,SunMid,Snowman,Fire,2026-07-27T13:52:46.336Z
63cedafa29d08471b828a96a,51,NS_WC_Pe_SR_Sa_NF,NoSnow_WinterClothing_Penguins_SunRising_Sandcastle_NoFire.webp,3,5,NoSnow,WinterClothing,Penguins,SunRising,Sandcastle,NoFire,2026-07-27T13:52:53.399Z
63cedafa29d08471b828a96a,52,NS_WC_Pe_SR_Sn_WF,NoSnow_WinterClothing_Penguins_SunRising_Snowman_Fire.webp,3,3,NoSnow,WinterClothing,Penguins,SunRising,Snowman,Fire,2026-07-27T13:53:02.558Z
63cedafa29d08471b828a96a,53,NS_SC_Ca_SM_Sa_NF,NoSnow_SummerClothing_Camels_SunMid_Sandcastle_NoFire.webp,6,6,NoSnow,SummerClothing,Camels,SunMid,Sandcastle,NoFire,2026-07-27T13:53:13.860Z
63cedafa29d08471b828a96a,54,S_WC_Ca_SR_Sn_WF,Snow_WinterClothing_Camels_SunRising_Snowman_Fire.webp,2,4,Snow,WinterClothing,Camels,SunRising,Snowman,Fire,2026-07-27T13:53:25.048Z
63cedafa29d08471b828a96a,55,S_SC_Pe_SM_Sa_NF,Snow_SummerClothing_Penguins_SunMid_Sandcastle_NoFire.webp,3,4,Snow,SummerClothing,Penguins,SunMid,Sandcastle,NoFire,2026-07-27T13:53:33.166Z
63cedafa29d08471b828a96a,56,S_WC_Pe_SR_Sn_NF,Snow_WinterClothing_Penguins_SunRising_Snowman_NoFire.webp,2,6,Snow,WinterClothing,Penguins,SunRising,Snowman,NoFire,2026-07-27T13:53:40.852Z
63cedafa29d08471b828a96a,57,NS_WC_Pe_SM_Sn_WF,NoSnow_WinterClothing_Penguins_SunMid_Snowman_Fire.webp,2,4,NoSnow,WinterClothing,Penguins,SunMid,Snowman,Fire,2026-07-27T13:53:54.678Z
63cedafa29d08471b828a96a,58,S_WC_Ca_SM_Sn_WF,Snow_WinterClothing_Camels_SunMid_Snowman_Fire.webp,2,6,Snow,WinterClothing,Camels,SunMid,Snowman,Fire,2026-07-27T13:54:05.934Z
63cedafa29d08471b828a96a,59,S_SC_Ca_SM_Sn_WF,Snow_SummerClothing_Camels_SunMid_Snowman_Fire.webp,3,3,Snow,SummerClothing,Camels,SunMid,Snowman,Fire,2026-07-27T13:54:13.446Z
63cedafa29d08471b828a96a,60,S_SC_Ca_SM_Sa_WF,Snow_SummerClothing_Camels_SunMid_Sandcastle_Fire.webp,3,4,Snow,SummerClothing,Camels,SunMid,Sandcastle,Fire,2026-07-27T13:54:20.048Z
63cedafa29d08471b828a96a,61,NS_WC_Ca_SM_Sn_WF,NoSnow_WinterClothing_Camels_SunMid_Snowman_Fire.webp,3,3,NoSnow,WinterClothing,Camels,SunMid,Snowman,Fire,2026-07-27T13:54:26.822Z
63cedafa29d08471b828a96a,62,S_WC_Pe_SR_Sa_WF,Snow_WinterClothing_Penguins_SunRising_Sandcastle_Fire.webp,2,5,Snow,WinterClothing,Penguins,SunRising,Sandcastle,Fire,2026-07-27T13:54:35.104Z
63cedafa29d08471b828a96a,63,NS_WC_Pe_SR_Sa_WF,NoSnow_WinterClothing_Penguins_SunRising_Sandcastle_Fire.webp,3,5,NoSnow,WinterClothing,Penguins,SunRising,Sandcastle,Fire,2026-07-27T13:54:44.732Z
6a0aed9a06391bae485433ba,0,S_WC_Ca_SM_Sn_WF,Snow_WinterClothing_Camels_SunMid_Snowman_Fire.webp,2,1,Snow,WinterClothing,Camels,SunMid,Snowman,Fire,2026-07-27T13:51:33.783Z
6a0aed9a06391bae485433ba,1,S_SC_Pe_SR_Sa_WF,Snow_SummerClothing_Penguins_SunRising_Sandcastle_Fire.webp,3,1,Snow,SummerClothing,Penguins,SunRising,Sandcastle,Fire,2026-07-27T13:51:44.724Z
6a0aed9a06391bae485433ba,2,NS_WC_Ca_SR_Sa_NF,NoSnow_WinterClothing_Camels_SunRising_Sandcastle_NoFire.webp,5,5,NoSnow,WinterClothing,Camels,SunRising,Sandcastle,NoFire,2026-07-27T13:51:55.783Z
6a0aed9a06391bae485433ba,3,NS_WC_Ca_SR_Sn_NF,NoSnow_WinterClothing_Camels_SunRising_Snowman_NoFire.webp,3,1,NoSnow,WinterClothing,Camels,SunRising,Snowman,NoFire,2026-07-27T13:52:03.826Z
6a0aed9a06391bae485433ba,4,NS_WC_Ca_SR_Sn_WF,NoSnow_WinterClothing_Camels_SunRising_Snowman_Fire.webp,4,1,NoSnow,WinterClothing,Camels,SunRising,Snowman,Fire,2026-07-27T13:52:13.601Z
6a0aed9a06391bae485433ba,5,S_SC_Ca_SR_Sn_WF,Snow_SummerClothing_Camels_SunRising_Snowman_Fire.webp,3,1,Snow,SummerClothing,Camels,SunRising,Snowman,Fire,2026-07-27T13:52:25.313Z
6a0aed9a06391bae485433ba,6,S_WC_Ca_SM_Sa_WF,Snow_WinterClothing_Camels_SunMid_Sandcastle_Fire.webp,5,5,Snow,WinterClothing,Camels,SunMid,Sandcastle,Fire,2026-07-27T13:52:40.998Z
6a0aed9a06391bae485433ba,7,NS_SC_Pe_SM_Sa_WF,NoSnow_SummerClothing_Penguins_SunMid_Sandcastle_Fire.webp,5,2,NoSnow,SummerClothing,Penguins,SunMid,Sandcastle,Fire,2026-07-27T13:52:53.210Z
6a0aed9a06391bae485433ba,8,NS_WC_Pe_SM_Sa_NF,NoSnow_WinterClothing_Penguins_SunMid_Sandcastle_NoFire.webp,3,2,NoSnow,WinterClothing,Penguins,SunMid,Sandcastle,NoFire,2026-07-27T13:53:02.355Z
6a0aed9a06391bae485433ba,9,S_WC_Ca_SM_Sa_NF,Snow_WinterClothing_Camels_SunMid_Sandcastle_NoFire.webp,1,1,Snow,WinterClothing,Camels,SunMid,Sandcastle,NoFire,2026-07-27T13:53:13.216Z
6a0aed9a06391bae485433ba,10,NS_SC_Pe_SM_Sa_NF,NoSnow_SummerClothing_Penguins_SunMid_Sandcastle_NoFire.webp,5,2,NoSnow,SummerClothing,Penguins,SunMid,Sandcastle,NoFire,2026-07-27T13:53:23.795Z
6a0aed9a06391bae485433ba,11,NS_SC_Pe_SR_Sa_NF,NoSnow_SummerClothing_Penguins_SunRising_Sandcastle_NoFire.webp,6,3,NoSnow,SummerClothing,Penguins,SunRising,Sandcastle,NoFire,2026-07-27T13:53:36.654Z
6a0aed9a06391bae485433ba,12,S_WC_Pe_SM_Sa_WF,Snow_WinterClothing_Penguins_SunMid_Sandcastle_Fire.webp,2,2,Snow,WinterClothing,Penguins,SunMid,Sandcastle,Fire,2026-07-27T13:53:46.027Z
6a0aed9a06391bae485433ba,13,NS_SC_Pe_SR_Sn_NF,NoSnow_SummerClothing_Penguins_SunRising_Snowman_NoFire.webp,6,2,NoSnow,SummerClothing,Penguins,SunRising,Snowman,NoFire,2026-07-27T13:53:55.060Z
6a0aed9a06391bae485433ba,14,S_SC_Ca_SR_Sa_NF,Snow_SummerClothing_Camels_SunRising_Sandcastle_NoFire.webp,2,1,Snow,SummerClothing,Camels,SunRising,Sandcastle,NoFire,2026-07-27T13:54:10.046Z
6a0aed9a06391bae485433ba,15,S_SC_Pe_SM_Sa_WF,Snow_SummerClothing_Penguins_SunMid_Sandcastle_Fire.webp,2,1,Snow,SummerClothing,Penguins,SunMid,Sandcastle,Fire,2026-07-27T13:54:19.212Z
6a0aed9a06391bae485433ba,16,NS_SC_Pe_SR_Sa_WF,NoSnow_SummerClothing_Penguins_SunRising_Sandcastle_Fire.webp,5,3,NoSnow,SummerClothing,Penguins,SunRising,Sandcastle,Fire,2026-07-27T13:54:27.781Z
6a0aed9a06391bae485433ba,17,NS_WC_Ca_SM_Sa_WF,NoSnow_WinterClothing_Camels_SunMid_Sandcastle_Fire.webp,3,3,NoSnow,WinterClothing,Camels,SunMid,Sandcastle,Fire,2026-07-27T13:54:35.675Z
6a0aed9a06391bae485433ba,18,S_SC_Pe_SM_Sa_NF,Snow_SummerClothing_Penguins_SunMid_Sandcastle_NoFire.webp,2,1,Snow,SummerClothing,Penguins,SunMid,Sandcastle,NoFire,2026-07-27T13:54:43.902Z
6a0aed9a06391bae485433ba,19,S_SC_Ca_SR_Sa_WF,Snow_SummerClothing_Camels_SunRising_Sandcastle_Fire.webp,2,1,Snow,SummerClothing,Camels,SunRising,Sandcastle,Fire,2026-07-27T13:54:54.424Z
6a0aed9a06391bae485433ba,20,S_WC_Ca_SR_Sa_WF,Snow_WinterClothing_Camels_SunRising_Sandcastle_Fire.webp,1,3,Snow,WinterClothing,Camels,SunRising,Sandcastle,Fire,2026-07-27T13:55:03.898Z
6a0aed9a06391bae485433ba,21,NS_SC_Ca_SR_Sn_WF,NoSnow_SummerClothing_Camels_SunRising_Snowman_Fire.webp,5,2,NoSnow,SummerClothing,Camels,SunRising,Snowman,Fire,2026-07-27T13:55:11.036Z
6a0aed9a06391bae485433ba,22,NS_WC_Pe_SM_Sn_WF,NoSnow_WinterClothing_Penguins_SunMid_Snowman_Fire.webp,3,2,NoSnow,WinterClothing,Penguins,SunMid,Snowman,Fire,2026-07-27T13:55:29.915Z
6a0aed9a06391bae485433ba,23,S_WC_Pe_SR_Sa_WF,Snow_WinterClothing_Penguins_SunRising_Sandcastle_Fire.webp,2,2,Snow,WinterClothing,Penguins,SunRising,Sandcastle,Fire,2026-07-27T13:55:43.710Z
6a0aed9a06391bae485433ba,24,S_WC_Pe_SR_Sa_NF,Snow_WinterClothing_Penguins_SunRising_Sandcastle_NoFire.webp,3,4,Snow,WinterClothing,Penguins,SunRising,Sandcastle,NoFire,2026-07-27T13:55:50.914Z
6a0aed9a06391bae485433ba,25,NS_SC_Ca_SM_Sa_WF,NoSnow_SummerClothing_Camels_SunMid_Sandcastle_Fire.webp,6,5,NoSnow,SummerClothing,Camels,SunMid,Sandcastle,Fire,2026-07-27T13:55:58.456Z
6a0aed9a06391bae485433ba,26,NS_SC_Ca_SM_Sn_NF,NoSnow_SummerClothing_Camels_SunMid_Snowman_NoFire.webp,4,3,NoSnow,SummerClothing,Camels,SunMid,Snowman,NoFire,2026-07-27T13:56:06.744Z
6a0aed9a06391bae485433ba,27,S_SC_Pe_SM_Sn_WF,Snow_SummerClothing_Penguins_SunMid_Snowman_Fire.webp,1,2,Snow,SummerClothing,Penguins,SunMid,Snowman,Fire,2026-07-27T13:56:14.914Z
6a0aed9a06391bae485433ba,28,S_WC_Pe_SM_Sa_NF,Snow_WinterClothing_Penguins_SunMid_Sandcastle_NoFire.webp,2,4,Snow,WinterClothing,Penguins,SunMid,Sandcastle,NoFire,2026-07-27T13:56:21.749Z
6a0aed9a06391bae485433ba,29,S_SC_Ca_SM_Sn_WF,Snow_SummerClothing_Camels_SunMid_Snowman_Fire.webp,2,2,Snow,SummerClothing,Camels,SunMid,Snowman,Fire,2026-07-27T13:56:34.236Z
6a0aed9a06391bae485433ba,30,S_WC_Ca_SR_Sn_WF,Snow_WinterClothing_Camels_SunRising_Snowman_Fire.webp,1,5,Snow,WinterClothing,Camels,SunRising,Snowman,Fire,2026-07-27T13:56:45.091Z
6a0aed9a06391bae485433ba,31,NS_SC_Ca_SR_Sa_WF,NoSnow_SummerClothing_Camels_SunRising_Sandcastle_Fire.webp,6,5,NoSnow,SummerClothing,Camels,SunRising,Sandcastle,Fire,2026-07-27T13:56:53.596Z
6a0aed9a06391bae485433ba,32,NS_SC_Ca_SR_Sn_NF,NoSnow_SummerClothing_Camels_SunRising_Snowman_NoFire.webp,6,2,NoSnow,SummerClothing,Camels,SunRising,Snowman,NoFire,2026-07-27T13:57:01.016Z
6a0aed9a06391bae485433ba,33,S_WC_Pe_SM_Sn_NF,Snow_WinterClothing_Penguins_SunMid_Snowman_NoFire.webp,2,5,Snow,WinterClothing,Penguins,SunMid,Snowman,NoFire,2026-07-27T13:57:40.753Z
6a0aed9a06391bae485433ba,34,S_WC_Pe_SR_Sn_WF,Snow_WinterClothing_Penguins_SunRising_Snowman_Fire.webp,2,4,Snow,WinterClothing,Penguins,SunRising,Snowman,Fire,2026-07-27T13:58:00.557Z
6a0aed9a06391bae485433ba,35,NS_WC_Pe_SR_Sa_NF,NoSnow_WinterClothing_Penguins_SunRising_Sandcastle_NoFire.webp,4,4,NoSnow,WinterClothing,Penguins,SunRising,Sandcastle,NoFire,2026-07-27T13:58:13.906Z
6a0aed9a06391bae485433ba,36,NS_WC_Ca_SM_Sn_NF,NoSnow_WinterClothing_Camels_SunMid_Snowman_NoFire.webp,3,5,NoSnow,WinterClothing,Camels,SunMid,Snowman,NoFire,2026-07-27T13:58:25.687Z
6a0aed9a06391bae485433ba,37,S_WC_Ca_SR_Sa_NF,Snow_WinterClothing_Camels_SunRising_Sandcastle_NoFire.webp,2,3,Snow,WinterClothing,Camels,SunRising,Sandcastle,NoFire,2026-07-27T13:58:41.154Z
6a0aed9a06391bae485433ba,38,NS_SC_Pe_SM_Sn_NF,NoSnow_SummerClothing_Penguins_SunMid_Snowman_NoFire.webp,5,2,NoSnow,SummerClothing,Penguins,SunMid,Snowman,NoFire,2026-07-27T13:58:51.057Z
6a0aed9a06391bae485433ba,39,S_SC_Pe_SR_Sa_NF,Snow_SummerClothing_Penguins_SunRising_Sandcastle_NoFire.webp,2,2,Snow,SummerClothing,Penguins,SunRising,Sandcastle,NoFire,2026-07-27T13:59:02.770Z
6a0aed9a06391bae485433ba,40,S_SC_Ca_SR_Sn_NF,Snow_SummerClothing_Camels_SunRising_Snowman_NoFire.webp,2,1,Snow,SummerClothing,Camels,SunRising,Snowman,NoFire,2026-07-27T13:59:13.962Z
6a0aed9a06391bae485433ba,41,NS_WC_Ca_SM_Sa_NF,NoSnow_WinterClothing_Camels_SunMid_Sandcastle_NoFire.webp,3,5,NoSnow,WinterClothing,Camels,SunMid,Sandcastle,NoFire,2026-07-27T13:59:20.336Z
6a0aed9a06391bae485433ba,42,NS_WC_Ca_SM_Sn_WF,NoSnow_WinterClothing_Camels_SunMid_Snowman_Fire.webp,6,4,NoSnow,WinterClothing,Camels,SunMid,Snowman,Fire,2026-07-27T13:59:28.452Z
6a0aed9a06391bae485433ba,43,NS_SC_Ca_SM_Sa_NF,NoSnow_SummerClothing_Camels_SunMid_Sandcastle_NoFire.webp,7,6,NoSnow,SummerClothing,Camels,SunMid,Sandcastle,NoFire,2026-07-27T13:59:39.896Z
6a0aed9a06391bae485433ba,44,S_SC_Pe_SR_Sn_WF,Snow_SummerClothing_Penguins_SunRising_Snowman_Fire.webp,2,2,Snow,SummerClothing,Penguins,SunRising,Snowman,Fire,2026-07-27T13:59:47.008Z
6a0aed9a06391bae485433ba,45,NS_SC_Pe_SR_Sn_WF,NoSnow_SummerClothing_Penguins_SunRising_Snowman_Fire.webp,6,1,NoSnow,SummerClothing,Penguins,SunRising,Snowman,Fire,2026-07-27T13:59:54.244Z
6a0aed9a06391bae485433ba,46,NS_SC_Ca_SM_Sn_WF,NoSnow_SummerClothing_Camels_SunMid_Snowman_Fire.webp,6,2,NoSnow,SummerClothing,Camels,SunMid,Snowman,Fire,2026-07-27T14:00:17.127Z
6a0aed9a06391bae485433ba,47,NS_WC_Pe_SM_Sa_WF,NoSnow_WinterClothing_Penguins_SunMid_Sandcastle_Fire.webp,4,5,NoSnow,WinterClothing,Penguins,SunMid,Sandcastle,Fire,2026-07-27T14:00:27.401Z
6a0aed9a06391bae485433ba,48,NS_SC_Ca_SR_Sa_NF,NoSnow_SummerClothing_Camels_SunRising_Sandcastle_NoFire.webp,6,6,NoSnow,SummerClothing,Camels,SunRising,Sandcastle,NoFire,2026-07-27T14:00:35.386Z
6a0aed9a06391bae485433ba,49,S_SC_Ca_SM_Sn_NF,Snow_SummerClothing_Camels_SunMid_Snowman_NoFire.webp,1,1,Snow,SummerClothing,Camels,SunMid,Snowman,NoFire,2026-07-27T14:00:44.270Z
6a0aed9a06391bae485433ba,50,NS_WC_Ca_SR_Sa_WF,NoSnow_WinterClothing_Camels_SunRising_Sandcastle_Fire.webp,3,4,NoSnow,WinterClothing,Camels,SunRising,Sandcastle,Fire,2026-07-27T14:00:59.136Z
6a0aed9a06391bae485433ba,51,S_WC_Ca_SR_Sn_NF,Snow_WinterClothing_Camels_SunRising_Snowman_NoFire.webp,1,1,Snow,WinterClothing,Camels,SunRising,Snowman,NoFire,2026-07-27T14:01:13.628Z
6a0aed9a06391bae485433ba,52,S_WC_Pe_SR_Sn_NF,Snow_WinterClothing_Penguins_SunRising_Snowman_NoFire.webp,1,7,Snow,WinterClothing,Penguins,SunRising,Snowman,NoFire,2026-07-27T14:01:19.901Z
6a0aed9a06391bae485433ba,53,NS_WC_Pe_SM_Sn_NF,NoSnow_WinterClothing_Penguins_SunMid_Snowman_NoFire.webp,2,6,NoSnow,WinterClothing,Penguins,SunMid,Snowman,NoFire,2026-07-27T14:01:35.407Z
6a0aed9a06391bae485433ba,54,NS_WC_Pe_SR_Sn_WF,NoSnow_WinterClothing_Penguins_SunRising_Snowman_Fire.webp,3,5,NoSnow,WinterClothing,Penguins,SunRising,Snowman,Fire,2026-07-27T14:01:43.522Z
6a0aed9a06391bae485433ba,55,S_SC_Pe_SR_Sn_NF,Snow_SummerClothing_Penguins_SunRising_Snowman_NoFire.webp,6,1,Snow,SummerClothing,Penguins,SunRising,Snowman,NoFire,2026-07-27T14:01:58.468Z
6a0aed9a06391bae485433ba,56,S_SC_Ca_SM_Sa_NF,Snow_SummerClothing_Camels_SunMid_Sandcastle_NoFire.webp,7,6,Snow,SummerClothing,Camels,SunMid,Sandcastle,NoFire,2026-07-27T14:02:05.980Z
6a0aed9a06391bae485433ba,57,S_SC_Pe_SM_Sn_NF,Snow_SummerClothing_Penguins_SunMid_Snowman_NoFire.webp,6,1,Snow,SummerClothing,Penguins,SunMid,Snowman,NoFire,2026-07-27T14:02:14.003Z
6a0aed9a06391bae485433ba,58,S_WC_Ca_SM_Sn_NF,Snow_WinterClothing_Camels_SunMid_Snowman_NoFire.webp,2,3,Snow,WinterClothing,Camels,SunMid,Snowman,NoFire,2026-07-27T14:02:22.213Z
6a0aed9a06391bae485433ba,59,NS_SC_Pe_SM_Sn_WF,NoSnow_SummerClothing_Penguins_SunMid_Snowman_Fire.webp,7,2,NoSnow,SummerClothing,Penguins,SunMid,Snowman,Fire,2026-07-27T14:02:29.900Z
6a0aed9a06391bae485433ba,60,S_WC_Pe_SM_Sn_WF,Snow_WinterClothing_Penguins_SunMid_Snowman_Fire.webp,2,6,Snow,WinterClothing,Penguins,SunMid,Snowman,Fire,2026-07-27T14:02:41.801Z
6a0aed9a06391bae485433ba,61,NS_WC_Pe_SR_Sa_WF,NoSnow_WinterClothing_Penguins_SunRising_Sandcastle_Fire.webp,3,5,NoSnow,WinterClothing,Penguins,SunRising,Sandcastle,Fire,2026-07-27T14:02:48.563Z
6a0aed9a06391bae485433ba,62,NS_WC_Pe_SR_Sn_NF,NoSnow_WinterClothing_Penguins_SunRising_Snowman_NoFire.webp,6,3,NoSnow,WinterClothing,Penguins,SunRising,Snowman,NoFire,2026-07-27T14:02:55.863Z
6a0aed9a06391bae485433ba,63,S_SC_Ca_SM_Sa_WF,Snow_SummerClothing_Camels_SunMid_Sandcastle_Fire.webp,2,1,Snow,SummerClothing,Camels,SunMid,Sandcastle,Fire,2026-07-27T14:03:03.140Z
69f76b21cab3bf4a9db3b459,0,S_WC_Ca_SR_Sa_NF,Snow_WinterClothing_Camels_SunRising_Sandcastle_NoFire.webp,2,1,Snow,WinterClothing,Camels,SunRising,Sandcastle,NoFire,2026-07-27T14:24:21.916Z
69f76b21cab3bf4a9db3b459,1,NS_WC_Ca_SM_Sn_NF,NoSnow_WinterClothing_Camels_SunMid_Snowman_NoFire.webp,5,3,NoSnow,WinterClothing,Camels,SunMid,Snowman,NoFire,2026-07-27T14:24:49.313Z
69f76b21cab3bf4a9db3b459,2,NS_WC_Pe_SM_Sn_NF,NoSnow_WinterClothing_Penguins_SunMid_Snowman_NoFire.webp,2,5,NoSnow,WinterClothing,Penguins,SunMid,Snowman,NoFire,2026-07-27T14:25:07.006Z
69f76b21cab3bf4a9db3b459,3,NS_SC_Pe_SM_Sn_NF,NoSnow_SummerClothing_Penguins_SunMid_Snowman_NoFire.webp,4,1,NoSnow,SummerClothing,Penguins,SunMid,Snowman,NoFire,2026-07-27T14:25:32.720Z
69f76b21cab3bf4a9db3b459,4,S_WC_Pe_SM_Sa_WF,Snow_WinterClothing_Penguins_SunMid_Sandcastle_Fire.webp,3,1,Snow,WinterClothing,Penguins,SunMid,Sandcastle,Fire,2026-07-27T14:26:10.613Z
69f76b21cab3bf4a9db3b459,5,NS_WC_Ca_SM_Sa_WF,NoSnow_WinterClothing_Camels_SunMid_Sandcastle_Fire.webp,4,4,NoSnow,WinterClothing,Camels,SunMid,Sandcastle,Fire,2026-07-27T14:26:28.208Z
69f76b21cab3bf4a9db3b459,6,S_SC_Pe_SR_Sn_WF,Snow_SummerClothing_Penguins_SunRising_Snowman_Fire.webp,1,1,Snow,SummerClothing,Penguins,SunRising,Snowman,Fire,2026-07-27T14:27:08.385Z
69f76b21cab3bf4a9db3b459,7,NS_WC_Pe_SR_Sa_NF,NoSnow_WinterClothing_Penguins_SunRising_Sandcastle_NoFire.webp,4,2,NoSnow,WinterClothing,Penguins,SunRising,Sandcastle,NoFire,2026-07-27T14:27:27.063Z
69f76b21cab3bf4a9db3b459,8,S_SC_Pe_SR_Sn_NF,Snow_SummerClothing_Penguins_SunRising_Snowman_NoFire.webp,1,5,Snow,SummerClothing,Penguins,SunRising,Snowman,NoFire,2026-07-27T14:27:53.859Z
69f76b21cab3bf4a9db3b459,9,S_SC_Ca_SM_Sn_NF,Snow_SummerClothing_Camels_SunMid_Snowman_NoFire.webp,1,1,Snow,SummerClothing,Camels,SunMid,Snowman,NoFire,2026-07-27T14:28:08.338Z
69f76b21cab3bf4a9db3b459,10,NS_SC_Ca_SM_Sa_NF,NoSnow_SummerClothing_Camels_SunMid_Sandcastle_NoFire.webp,1,1,NoSnow,SummerClothing,Camels,SunMid,Sandcastle,NoFire,2026-07-27T14:28:21.419Z
69f76b21cab3bf4a9db3b459,11,S_WC_Ca_SM_Sa_WF,Snow_WinterClothing_Camels_SunMid_Sandcastle_Fire.webp,3,2,Snow,WinterClothing,Camels,SunMid,Sandcastle,Fire,2026-07-27T14:28:36.068Z
69f76b21cab3bf4a9db3b459,12,S_SC_Pe_SM_Sn_NF,Snow_SummerClothing_Penguins_SunMid_Snowman_NoFire.webp,1,5,Snow,SummerClothing,Penguins,SunMid,Snowman,NoFire,2026-07-27T14:28:57.980Z
69f76b21cab3bf4a9db3b459,13,NS_SC_Ca_SM_Sn_NF,NoSnow_SummerClothing_Camels_SunMid_Snowman_NoFire.webp,3,4,NoSnow,SummerClothing,Camels,SunMid,Snowman,NoFire,2026-07-27T14:29:10.493Z
69f76b21cab3bf4a9db3b459,14,NS_SC_Ca_SR_Sn_WF,NoSnow_SummerClothing_Camels_SunRising_Snowman_Fire.webp,4,1,NoSnow,SummerClothing,Camels,SunRising,Snowman,Fire,2026-07-27T14:29:24.256Z
69f76b21cab3bf4a9db3b459,15,S_WC_Ca_SM_Sn_WF,Snow_WinterClothing_Camels_SunMid_Snowman_Fire.webp,4,4,Snow,WinterClothing,Camels,SunMid,Snowman,Fire,2026-07-27T14:29:41.539Z
69f76b21cab3bf4a9db3b459,16,S_SC_Pe_SR_Sa_WF,Snow_SummerClothing_Penguins_SunRising_Sandcastle_Fire.webp,1,3,Snow,SummerClothing,Penguins,SunRising,Sandcastle,Fire,2026-07-27T14:29:55.252Z
69f76b21cab3bf4a9db3b459,17,S_SC_Ca_SM_Sa_NF,Snow_SummerClothing_Camels_SunMid_Sandcastle_NoFire.webp,1,2,Snow,SummerClothing,Camels,SunMid,Sandcastle,NoFire,2026-07-27T14:30:06.315Z
69f76b21cab3bf4a9db3b459,18,NS_SC_Ca_SR_Sn_NF,NoSnow_SummerClothing_Camels_SunRising_Snowman_NoFire.webp,5,4,NoSnow,SummerClothing,Camels,SunRising,Snowman,NoFire,2026-07-27T14:30:23.929Z
69f76b21cab3bf4a9db3b459,19,NS_WC_Ca_SR_Sa_NF,NoSnow_WinterClothing_Camels_SunRising_Sandcastle_NoFire.webp,4,7,NoSnow,WinterClothing,Camels,SunRising,Sandcastle,NoFire,2026-07-27T14:30:35.077Z
69f76b21cab3bf4a9db3b459,20,NS_SC_Ca_SR_Sa_NF,NoSnow_SummerClothing_Camels_SunRising_Sandcastle_NoFire.webp,5,7,NoSnow,SummerClothing,Camels,SunRising,Sandcastle,NoFire,2026-07-27T14:30:47.508Z
69f76b21cab3bf4a9db3b459,21,NS_SC_Pe_SM_Sa_WF,NoSnow_SummerClothing_Penguins_SunMid_Sandcastle_Fire.webp,2,2,NoSnow,SummerClothing,Penguins,SunMid,Sandcastle,Fire,2026-07-27T14:30:58.189Z
69f76b21cab3bf4a9db3b459,22,S_WC_Pe_SR_Sn_WF,Snow_WinterClothing_Penguins_SunRising_Snowman_Fire.webp,4,6,Snow,WinterClothing,Penguins,SunRising,Snowman,Fire,2026-07-27T14:31:11.353Z
69f76b21cab3bf4a9db3b459,23,S_SC_Ca_SR_Sa_WF,Snow_SummerClothing_Camels_SunRising_Sandcastle_Fire.webp,1,3,Snow,SummerClothing,Camels,SunRising,Sandcastle,Fire,2026-07-27T14:31:26.716Z
69f76b21cab3bf4a9db3b459,24,S_SC_Ca_SR_Sn_NF,Snow_SummerClothing_Camels_SunRising_Snowman_NoFire.webp,1,3,Snow,SummerClothing,Camels,SunRising,Snowman,NoFire,2026-07-27T14:31:39.414Z
69f76b21cab3bf4a9db3b459,25,S_WC_Pe_SM_Sa_NF,Snow_WinterClothing_Penguins_SunMid_Sandcastle_NoFire.webp,3,7,Snow,WinterClothing,Penguins,SunMid,Sandcastle,NoFire,2026-07-27T14:31:51.428Z
69f76b21cab3bf4a9db3b459,26,S_WC_Pe_SR_Sa_WF,Snow_WinterClothing_Penguins_SunRising_Sandcastle_Fire.webp,4,7,Snow,WinterClothing,Penguins,SunRising,Sandcastle,Fire,2026-07-27T14:32:04.645Z
69f76b21cab3bf4a9db3b459,27,NS_SC_Pe_SR_Sa_NF,NoSnow_SummerClothing_Penguins_SunRising_Sandcastle_NoFire.webp,5,2,NoSnow,SummerClothing,Penguins,SunRising,Sandcastle,NoFire,2026-07-27T14:32:16.575Z
69f76b21cab3bf4a9db3b459,28,S_SC_Ca_SR_Sn_WF,Snow_SummerClothing_Camels_SunRising_Snowman_Fire.webp,2,2,Snow,SummerClothing,Camels,SunRising,Snowman,Fire,2026-07-27T14:33:12.593Z
69f76b21cab3bf4a9db3b459,29,NS_SC_Pe_SR_Sn_WF,NoSnow_SummerClothing_Penguins_SunRising_Snowman_Fire.webp,6,1,NoSnow,SummerClothing,Penguins,SunRising,Snowman,Fire,2026-07-27T14:33:24.191Z
69f76b21cab3bf4a9db3b459,30,S_WC_Ca_SR_Sa_WF,Snow_WinterClothing_Camels_SunRising_Sandcastle_Fire.webp,3,3,Snow,WinterClothing,Camels,SunRising,Sandcastle,Fire,2026-07-27T14:33:37.122Z
69f76b21cab3bf4a9db3b459,31,NS_WC_Ca_SR_Sn_WF,NoSnow_WinterClothing_Camels_SunRising_Snowman_Fire.webp,6,6,NoSnow,WinterClothing,Camels,SunRising,Snowman,Fire,2026-07-27T14:33:52.189Z
69f76b21cab3bf4a9db3b459,32,S_WC_Pe_SM_Sn_NF,Snow_WinterClothing_Penguins_SunMid_Snowman_NoFire.webp,3,7,Snow,WinterClothing,Penguins,SunMid,Snowman,NoFire,2026-07-27T14:34:03.387Z
69f76b21cab3bf4a9db3b459,33,NS_WC_Pe_SR_Sa_WF,NoSnow_WinterClothing_Penguins_SunRising_Sandcastle_Fire.webp,6,2,NoSnow,WinterClothing,Penguins,SunRising,Sandcastle,Fire,2026-07-27T14:34:16.385Z
69f76b21cab3bf4a9db3b459,34,NS_SC_Ca_SM_Sa_WF,NoSnow_SummerClothing_Camels_SunMid_Sandcastle_Fire.webp,5,7,NoSnow,SummerClothing,Camels,SunMid,Sandcastle,Fire,2026-07-27T14:34:27.731Z
69f76b21cab3bf4a9db3b459,35,NS_SC_Ca_SR_Sa_WF,NoSnow_SummerClothing_Camels_SunRising_Sandcastle_Fire.webp,5,7,NoSnow,SummerClothing,Camels,SunRising,Sandcastle,Fire,2026-07-27T14:34:37.213Z
69f76b21cab3bf4a9db3b459,36,S_SC_Ca_SM_Sa_WF,Snow_SummerClothing_Camels_SunMid_Sandcastle_Fire.webp,3,1,Snow,SummerClothing,Camels,SunMid,Sandcastle,Fire,2026-07-27T14:34:49.160Z
69f76b21cab3bf4a9db3b459,37,NS_WC_Ca_SM_Sa_NF,NoSnow_WinterClothing_Camels_SunMid_Sandcastle_NoFire.webp,5,6,NoSnow,WinterClothing,Camels,SunMid,Sandcastle,NoFire,2026-07-27T14:35:01.259Z
69f76b21cab3bf4a9db3b459,38,S_SC_Ca_SR_Sa_NF,Snow_SummerClothing_Camels_SunRising_Sandcastle_NoFire.webp,1,1,Snow,SummerClothing,Camels,SunRising,Sandcastle,NoFire,2026-07-27T14:35:13.768Z
69f76b21cab3bf4a9db3b459,39,S_WC_Ca_SR_Sn_WF,Snow_WinterClothing_Camels_SunRising_Snowman_Fire.webp,3,2,Snow,WinterClothing,Camels,SunRising,Snowman,Fire,2026-07-27T14:35:30.870Z
69f76b21cab3bf4a9db3b459,40,NS_SC_Pe_SR_Sa_WF,NoSnow_SummerClothing_Penguins_SunRising_Sandcastle_Fire.webp,6,3,NoSnow,SummerClothing,Penguins,SunRising,Sandcastle,Fire,2026-07-27T14:35:48.264Z
69f76b21cab3bf4a9db3b459,41,S_WC_Ca_SM_Sn_NF,Snow_WinterClothing_Camels_SunMid_Snowman_NoFire.webp,3,3,Snow,WinterClothing,Camels,SunMid,Snowman,NoFire,2026-07-27T14:36:02.846Z
69f76b21cab3bf4a9db3b459,42,S_SC_Ca_SM_Sn_WF,Snow_SummerClothing_Camels_SunMid_Snowman_Fire.webp,2,2,Snow,SummerClothing,Camels,SunMid,Snowman,Fire,2026-07-27T14:36:12.862Z
69f76b21cab3bf4a9db3b459,43,S_WC_Ca_SM_Sa_NF,Snow_WinterClothing_Camels_SunMid_Sandcastle_NoFire.webp,3,1,Snow,WinterClothing,Camels,SunMid,Sandcastle,NoFire,2026-07-27T14:36:27.209Z
69f76b21cab3bf4a9db3b459,44,S_WC_Pe_SR_Sa_NF,Snow_WinterClothing_Penguins_SunRising_Sandcastle_NoFire.webp,3,5,Snow,WinterClothing,Penguins,SunRising,Sandcastle,NoFire,2026-07-27T14:36:39.070Z
69f76b21cab3bf4a9db3b459,45,NS_WC_Pe_SM_Sn_WF,NoSnow_WinterClothing_Penguins_SunMid_Snowman_Fire.webp,6,1,NoSnow,WinterClothing,Penguins,SunMid,Snowman,Fire,2026-07-27T14:36:49.055Z
69f76b21cab3bf4a9db3b459,46,S_SC_Pe_SR_Sa_NF,Snow_SummerClothing_Penguins_SunRising_Sandcastle_NoFire.webp,1,4,Snow,SummerClothing,Penguins,SunRising,Sandcastle,NoFire,2026-07-27T14:37:03.886Z
69f76b21cab3bf4a9db3b459,47,S_SC_Pe_SM_Sn_WF,Snow_SummerClothing_Penguins_SunMid_Snowman_Fire.webp,1,6,Snow,SummerClothing,Penguins,SunMid,Snowman,Fire,2026-07-27T14:37:57.357Z
69f76b21cab3bf4a9db3b459,48,S_WC_Pe_SM_Sn_WF,Snow_WinterClothing_Penguins_SunMid_Snowman_Fire.webp,3,5,Snow,WinterClothing,Penguins,SunMid,Snowman,Fire,2026-07-27T14:38:07.922Z
69f76b21cab3bf4a9db3b459,49,NS_SC_Pe_SM_Sn_WF,NoSnow_SummerClothing_Penguins_SunMid_Snowman_Fire.webp,6,1,NoSnow,SummerClothing,Penguins,SunMid,Snowman,Fire,2026-07-27T14:38:18.554Z
69f76b21cab3bf4a9db3b459,50,NS_SC_Ca_SM_Sn_WF,NoSnow_SummerClothing_Camels_SunMid_Snowman_Fire.webp,5,5,NoSnow,SummerClothing,Camels,SunMid,Snowman,Fire,2026-07-27T14:38:30.232Z
69f76b21cab3bf4a9db3b459,51,NS_WC_Ca_SM_Sn_WF,NoSnow_WinterClothing_Camels_SunMid_Snowman_Fire.webp,6,5,NoSnow,WinterClothing,Camels,SunMid,Snowman,Fire,2026-07-27T14:38:43.596Z
69f76b21cab3bf4a9db3b459,52,S_WC_Pe_SR_Sn_NF,Snow_WinterClothing_Penguins_SunRising_Snowman_NoFire.webp,3,7,Snow,WinterClothing,Penguins,SunRising,Snowman,NoFire,2026-07-27T14:38:52.281Z
69f76b21cab3bf4a9db3b459,53,NS_WC_Pe_SM_Sa_NF,NoSnow_WinterClothing_Penguins_SunMid_Sandcastle_NoFire.webp,5,3,NoSnow,WinterClothing,Penguins,SunMid,Sandcastle,NoFire,2026-07-27T14:39:06.924Z
69f76b21cab3bf4a9db3b459,54,NS_WC_Pe_SR_Sn_WF,NoSnow_WinterClothing_Penguins_SunRising_Snowman_Fire.webp,6,3,NoSnow,WinterClothing,Penguins,SunRising,Snowman,Fire,2026-07-27T14:39:20.009Z
69f76b21cab3bf4a9db3b459,55,NS_WC_Pe_SM_Sa_WF,NoSnow_WinterClothing_Penguins_SunMid_Sandcastle_Fire.webp,7,3,NoSnow,WinterClothing,Penguins,SunMid,Sandcastle,Fire,2026-07-27T14:39:30.188Z
69f76b21cab3bf4a9db3b459,56,NS_WC_Ca_SR_Sa_WF,NoSnow_WinterClothing_Camels_SunRising_Sandcastle_Fire.webp,5,5,NoSnow,WinterClothing,Camels,SunRising,Sandcastle,Fire,2026-07-27T14:39:43.633Z
69f76b21cab3bf4a9db3b459,57,NS_SC_Pe_SM_Sa_NF,NoSnow_SummerClothing_Penguins_SunMid_Sandcastle_NoFire.webp,4,3,NoSnow,SummerClothing,Penguins,SunMid,Sandcastle,NoFire,2026-07-27T14:40:00.264Z
69f76b21cab3bf4a9db3b459,58,S_SC_Pe_SM_Sa_WF,Snow_SummerClothing_Penguins_SunMid_Sandcastle_Fire.webp,1,1,Snow,SummerClothing,Penguins,SunMid,Sandcastle,Fire,2026-07-27T14:40:10.546Z
69f76b21cab3bf4a9db3b459,59,NS_WC_Pe_SR_Sn_NF,NoSnow_WinterClothing_Penguins_SunRising_Snowman_NoFire.webp,5,3,NoSnow,WinterClothing,Penguins,SunRising,Snowman,NoFire,2026-07-27T14:40:32.294Z
69f76b21cab3bf4a9db3b459,60,S_SC_Pe_SM_Sa_NF,Snow_SummerClothing_Penguins_SunMid_Sandcastle_NoFire.webp,1,2,Snow,SummerClothing,Penguins,SunMid,Sandcastle,NoFire,2026-07-27T14:40:42.524Z
69f76b21cab3bf4a9db3b459,61,NS_WC_Ca_SR_Sn_NF,NoSnow_WinterClothing_Camels_SunRising_Snowman_NoFire.webp,5,3,NoSnow,WinterClothing,Camels,SunRising,Snowman,NoFire,2026-07-27T14:40:54.989Z
69f76b21cab3bf4a9db3b459,62,S_WC_Ca_SR_Sn_NF,Snow_WinterClothing_Camels_SunRising_Snowman_NoFire.webp,3,1,Snow,WinterClothing,Camels,SunRising,Snowman,NoFire,2026-07-27T14:41:07.288Z
69f76b21cab3bf4a9db3b459,63,NS_SC_Pe_SR_Sn_NF,NoSnow_SummerClothing_Penguins_SunRising_Snowman_NoFire.webp,3,4,NoSnow,SummerClothing,Penguins,SunRising,Snowman,NoFire,2026-07-27T14:41:23.298Z
5e4c511d056b9c0ad9b6fd24,0,NS_WC_Pe_SM_Sa_WF,NoSnow_WinterClothing_Penguins_SunMid_Sandcastle_Fire.webp,1,1,NoSnow,WinterClothing,Penguins,SunMid,Sandcastle,Fire,2026-07-27T13:44:17.212Z
5e4c511d056b9c0ad9b6fd24,1,S_WC_Ca_SM_Sa_NF,Snow_WinterClothing_Camels_SunMid_Sandcastle_NoFire.webp,6,3,Snow,WinterClothing,Camels,SunMid,Sandcastle,NoFire,2026-07-27T13:45:01.468Z
5e4c511d056b9c0ad9b6fd24,2,S_WC_Pe_SR_Sn_NF,Snow_WinterClothing_Penguins_SunRising_Snowman_NoFire.webp,2,2,Snow,WinterClothing,Penguins,SunRising,Snowman,NoFire,2026-07-27T13:45:32.272Z
5e4c511d056b9c0ad9b6fd24,3,NS_WC_Pe_SM_Sa_NF,NoSnow_WinterClothing_Penguins_SunMid_Sandcastle_NoFire.webp,1,3,NoSnow,WinterClothing,Penguins,SunMid,Sandcastle,NoFire,2026-07-27T13:45:56.819Z
5e4c511d056b9c0ad9b6fd24,4,S_WC_Pe_SR_Sn_WF,Snow_WinterClothing_Penguins_SunRising_Snowman_Fire.webp,4,2,Snow,WinterClothing,Penguins,SunRising,Snowman,Fire,2026-07-27T13:46:49.829Z
5e4c511d056b9c0ad9b6fd24,5,S_SC_Pe_SM_Sa_NF,Snow_SummerClothing_Penguins_SunMid_Sandcastle_NoFire.webp,6,2,Snow,SummerClothing,Penguins,SunMid,Sandcastle,NoFire,2026-07-27T13:47:12.299Z
5e4c511d056b9c0ad9b6fd24,6,NS_WC_Pe_SM_Sn_WF,NoSnow_WinterClothing_Penguins_SunMid_Snowman_Fire.webp,1,6,NoSnow,WinterClothing,Penguins,SunMid,Snowman,Fire,2026-07-27T13:47:46.882Z
5e4c511d056b9c0ad9b6fd24,7,NS_SC_Pe_SR_Sa_NF,NoSnow_SummerClothing_Penguins_SunRising_Sandcastle_NoFire.webp,5,4,NoSnow,SummerClothing,Penguins,SunRising,Sandcastle,NoFire,2026-07-27T13:48:19.237Z
5e4c511d056b9c0ad9b6fd24,8,S_WC_Ca_SM_Sa_WF,Snow_WinterClothing_Camels_SunMid_Sandcastle_Fire.webp,2,2,Snow,WinterClothing,Camels,SunMid,Sandcastle,Fire,2026-07-27T13:48:42.509Z
5e4c511d056b9c0ad9b6fd24,9,NS_WC_Ca_SR_Sa_NF,NoSnow_WinterClothing_Camels_SunRising_Sandcastle_NoFire.webp,3,1,NoSnow,WinterClothing,Camels,SunRising,Sandcastle,NoFire,2026-07-27T13:49:12.863Z
5e4c511d056b9c0ad9b6fd24,10,NS_WC_Pe_SR_Sn_NF,NoSnow_WinterClothing_Penguins_SunRising_Snowman_NoFire.webp,2,5,NoSnow,WinterClothing,Penguins,SunRising,Snowman,NoFire,2026-07-27T13:49:36.652Z
5e4c511d056b9c0ad9b6fd24,11,NS_WC_Pe_SR_Sn_WF,NoSnow_WinterClothing_Penguins_SunRising_Snowman_Fire.webp,1,6,NoSnow,WinterClothing,Penguins,SunRising,Snowman,Fire,2026-07-27T13:49:55.418Z
5e4c511d056b9c0ad9b6fd24,12,S_WC_Pe_SM_Sa_NF,Snow_WinterClothing_Penguins_SunMid_Sandcastle_NoFire.webp,5,2,Snow,WinterClothing,Penguins,SunMid,Sandcastle,NoFire,2026-07-27T13:50:20.745Z
5e4c511d056b9c0ad9b6fd24,13,S_SC_Ca_SR_Sn_NF,Snow_SummerClothing_Camels_SunRising_Snowman_NoFire.webp,7,3,Snow,SummerClothing,Camels,SunRising,Snowman,NoFire,2026-07-27T13:50:43.470Z
5e4c511d056b9c0ad9b6fd24,14,NS_SC_Ca_SM_Sn_WF,NoSnow_SummerClothing_Camels_SunMid_Snowman_Fire.webp,2,1,NoSnow,SummerClothing,Camels,SunMid,Snowman,Fire,2026-07-27T13:50:58.500Z
5e4c511d056b9c0ad9b6fd24,15,NS_WC_Ca_SM_Sa_NF,NoSnow_WinterClothing_Camels_SunMid_Sandcastle_NoFire.webp,2,3,NoSnow,WinterClothing,Camels,SunMid,Sandcastle,NoFire,2026-07-27T13:51:27.578Z
5e4c511d056b9c0ad9b6fd24,16,S_SC_Pe_SR_Sa_WF,Snow_SummerClothing_Penguins_SunRising_Sandcastle_Fire.webp,7,1,Snow,SummerClothing,Penguins,SunRising,Sandcastle,Fire,2026-07-27T13:51:47.497Z
5e4c511d056b9c0ad9b6fd24,17,S_SC_Pe_SM_Sa_WF,Snow_SummerClothing_Penguins_SunMid_Sandcastle_Fire.webp,6,3,Snow,SummerClothing,Penguins,SunMid,Sandcastle,Fire,2026-07-27T13:52:10.373Z
5e4c511d056b9c0ad9b6fd24,18,S_WC_Pe_SM_Sn_WF,Snow_WinterClothing_Penguins_SunMid_Snowman_Fire.webp,2,6,Snow,WinterClothing,Penguins,SunMid,Snowman,Fire,2026-07-27T13:52:53.731Z
5e4c511d056b9c0ad9b6fd24,19,NS_WC_Pe_SR_Sa_WF,NoSnow_WinterClothing_Penguins_SunRising_Sandcastle_Fire.webp,3,4,NoSnow,WinterClothing,Penguins,SunRising,Sandcastle,Fire,2026-07-27T13:53:30.744Z
5e4c511d056b9c0ad9b6fd24,20,NS_WC_Ca_SR_Sn_WF,NoSnow_WinterClothing_Camels_SunRising_Snowman_Fire.webp,2,3,NoSnow,WinterClothing,Camels,SunRising,Snowman,Fire,2026-07-27T13:53:56.206Z
5e4c511d056b9c0ad9b6fd24,21,NS_SC_Pe_SR_Sn_NF,NoSnow_SummerClothing_Penguins_SunRising_Snowman_NoFire.webp,4,4,NoSnow,SummerClothing,Penguins,SunRising,Snowman,NoFire,2026-07-27T13:54:36.473Z
5e4c511d056b9c0ad9b6fd24,22,S_WC_Pe_SR_Sa_NF,Snow_WinterClothing_Penguins_SunRising_Sandcastle_NoFire.webp,3,2,Snow,WinterClothing,Penguins,SunRising,Sandcastle,NoFire,2026-07-27T13:55:03.323Z
5e4c511d056b9c0ad9b6fd24,23,S_SC_Pe_SR_Sn_NF,Snow_SummerClothing_Penguins_SunRising_Snowman_NoFire.webp,7,1,Snow,SummerClothing,Penguins,SunRising,Snowman,NoFire,2026-07-27T13:55:24.339Z
5e4c511d056b9c0ad9b6fd24,24,NS_SC_Pe_SM_Sa_WF,NoSnow_SummerClothing_Penguins_SunMid_Sandcastle_Fire.webp,1,3,NoSnow,SummerClothing,Penguins,SunMid,Sandcastle,Fire,2026-07-27T13:55:53.971Z
5e4c511d056b9c0ad9b6fd24,25,S_SC_Pe_SR_Sa_NF,Snow_SummerClothing_Penguins_SunRising_Sandcastle_NoFire.webp,6,3,Snow,SummerClothing,Penguins,SunRising,Sandcastle,NoFire,2026-07-27T13:56:19.187Z
5e4c511d056b9c0ad9b6fd24,26,NS_SC_Ca_SM_Sa_NF,NoSnow_SummerClothing_Camels_SunMid_Sandcastle_NoFire.webp,4,3,NoSnow,SummerClothing,Camels,SunMid,Sandcastle,NoFire,2026-07-27T13:56:59.049Z
5e4c511d056b9c0ad9b6fd24,27,NS_SC_Ca_SR_Sn_WF,NoSnow_SummerClothing_Camels_SunRising_Snowman_Fire.webp,3,2,NoSnow,SummerClothing,Camels,SunRising,Snowman,Fire,2026-07-27T13:57:35.806Z
5e4c511d056b9c0ad9b6fd24,28,NS_SC_Pe_SR_Sn_WF,NoSnow_SummerClothing_Penguins_SunRising_Snowman_Fire.webp,4,3,NoSnow,SummerClothing,Penguins,SunRising,Snowman,Fire,2026-07-27T13:58:04.659Z
5e4c511d056b9c0ad9b6fd24,29,NS_SC_Ca_SM_Sn_NF,NoSnow_SummerClothing_Camels_SunMid_Snowman_NoFire.webp,1,1,NoSnow,SummerClothing,Camels,SunMid,Snowman,NoFire,2026-07-27T13:58:22.840Z
5e4c511d056b9c0ad9b6fd24,30,S_SC_Ca_SM_Sn_WF,Snow_SummerClothing_Camels_SunMid_Snowman_Fire.webp,3,3,Snow,SummerClothing,Camels,SunMid,Snowman,Fire,2026-07-27T13:58:49.689Z
5e4c511d056b9c0ad9b6fd24,31,S_WC_Pe_SR_Sa_WF,Snow_WinterClothing_Penguins_SunRising_Sandcastle_Fire.webp,2,3,Snow,WinterClothing,Penguins,SunRising,Sandcastle,Fire,2026-07-27T13:59:16.892Z
5e4c511d056b9c0ad9b6fd24,32,NS_SC_Pe_SM_Sn_WF,NoSnow_SummerClothing_Penguins_SunMid_Snowman_Fire.webp,1,4,NoSnow,SummerClothing,Penguins,SunMid,Snowman,Fire,2026-07-27T13:59:57.854Z
5e4c511d056b9c0ad9b6fd24,33,S_SC_Ca_SR_Sa_NF,Snow_SummerClothing_Camels_SunRising_Sandcastle_NoFire.webp,7,7,Snow,SummerClothing,Camels,SunRising,Sandcastle,NoFire,2026-07-27T14:00:15.065Z
5e4c511d056b9c0ad9b6fd24,34,NS_WC_Ca_SR_Sn_NF,NoSnow_WinterClothing_Camels_SunRising_Snowman_NoFire.webp,3,5,NoSnow,WinterClothing,Camels,SunRising,Snowman,NoFire,2026-07-27T14:00:48.503Z
5e4c511d056b9c0ad9b6fd24,35,NS_WC_Ca_SM_Sn_WF,NoSnow_WinterClothing_Camels_SunMid_Snowman_Fire.webp,1,4,NoSnow,WinterClothing,Camels,SunMid,Snowman,Fire,2026-07-27T14:01:14.084Z
5e4c511d056b9c0ad9b6fd24,36,NS_SC_Pe_SM_Sa_NF,NoSnow_SummerClothing_Penguins_SunMid_Sandcastle_NoFire.webp,2,1,NoSnow,SummerClothing,Penguins,SunMid,Sandcastle,NoFire,2026-07-27T14:01:32.718Z
5e4c511d056b9c0ad9b6fd24,37,S_WC_Pe_SM_Sa_WF,Snow_WinterClothing_Penguins_SunMid_Sandcastle_Fire.webp,2,5,Snow,WinterClothing,Penguins,SunMid,Sandcastle,Fire,2026-07-27T14:01:54.384Z
5e4c511d056b9c0ad9b6fd24,38,S_SC_Ca_SM_Sa_NF,Snow_SummerClothing_Camels_SunMid_Sandcastle_NoFire.webp,6,7,Snow,SummerClothing,Camels,SunMid,Sandcastle,NoFire,2026-07-27T14:02:26.491Z
5e4c511d056b9c0ad9b6fd24,39,NS_WC_Ca_SM_Sa_WF,NoSnow_WinterClothing_Camels_SunMid_Sandcastle_Fire.webp,1,3,NoSnow,WinterClothing,Camels,SunMid,Sandcastle,Fire,2026-07-27T14:02:46.212Z
5e4c511d056b9c0ad9b6fd24,40,S_SC_Ca_SM_Sa_WF,Snow_SummerClothing_Camels_SunMid_Sandcastle_Fire.webp,3,4,Snow,SummerClothing,Camels,SunMid,Sandcastle,Fire,2026-07-27T14:03:06.842Z
5e4c511d056b9c0ad9b6fd24,41,NS_WC_Pe_SM_Sn_NF,NoSnow_WinterClothing_Penguins_SunMid_Snowman_NoFire.webp,2,3,NoSnow,WinterClothing,Penguins,SunMid,Snowman,NoFire,2026-07-27T14:03:27.822Z
5e4c511d056b9c0ad9b6fd24,42,NS_SC_Pe_SR_Sa_WF,NoSnow_SummerClothing_Penguins_SunRising_Sandcastle_Fire.webp,5,3,NoSnow,SummerClothing,Penguins,SunRising,Sandcastle,Fire,2026-07-27T14:03:54.622Z
5e4c511d056b9c0ad9b6fd24,43,S_WC_Ca_SM_Sn_WF,Snow_WinterClothing_Camels_SunMid_Snowman_Fire.webp,2,4,Snow,WinterClothing,Camels,SunMid,Snowman,Fire,2026-07-27T14:04:13.820Z
5e4c511d056b9c0ad9b6fd24,44,S_WC_Ca_SR_Sn_WF,Snow_WinterClothing_Camels_SunRising_Snowman_Fire.webp,1,3,Snow,WinterClothing,Camels,SunRising,Snowman,Fire,2026-07-27T14:04:34.756Z
5e4c511d056b9c0ad9b6fd24,45,S_WC_Ca_SR_Sa_WF,Snow_WinterClothing_Camels_SunRising_Sandcastle_Fire.webp,3,4,Snow,WinterClothing,Camels,SunRising,Sandcastle,Fire,2026-07-27T14:04:53.817Z
5e4c511d056b9c0ad9b6fd24,46,S_SC_Ca_SR_Sa_WF,Snow_SummerClothing_Camels_SunRising_Sandcastle_Fire.webp,5,3,Snow,SummerClothing,Camels,SunRising,Sandcastle,Fire,2026-07-27T14:05:13.761Z
5e4c511d056b9c0ad9b6fd24,47,NS_WC_Ca_SR_Sa_WF,NoSnow_WinterClothing_Camels_SunRising_Sandcastle_Fire.webp,1,1,NoSnow,WinterClothing,Camels,SunRising,Sandcastle,Fire,2026-07-27T14:05:33.100Z
5e4c511d056b9c0ad9b6fd24,48,S_SC_Ca_SR_Sn_WF,Snow_SummerClothing_Camels_SunRising_Snowman_Fire.webp,1,2,Snow,SummerClothing,Camels,SunRising,Snowman,Fire,2026-07-27T14:05:53.376Z
5e4c511d056b9c0ad9b6fd24,49,NS_WC_Ca_SM_Sn_NF,NoSnow_WinterClothing_Camels_SunMid_Snowman_NoFire.webp,3,3,NoSnow,WinterClothing,Camels,SunMid,Snowman,NoFire,2026-07-27T14:06:13.833Z
5e4c511d056b9c0ad9b6fd24,50,NS_SC_Ca_SR_Sa_NF,NoSnow_SummerClothing_Camels_SunRising_Sandcastle_NoFire.webp,7,7,NoSnow,SummerClothing,Camels,SunRising,Sandcastle,NoFire,2026-07-27T14:06:30.134Z
5e4c511d056b9c0ad9b6fd24,51,S_WC_Pe_SM_Sn_NF,Snow_WinterClothing_Penguins_SunMid_Snowman_NoFire.webp,2,5,Snow,WinterClothing,Penguins,SunMid,Snowman,NoFire,2026-07-27T14:06:44.499Z
5e4c511d056b9c0ad9b6fd24,52,NS_SC_Ca_SR_Sa_WF,NoSnow_SummerClothing_Camels_SunRising_Sandcastle_Fire.webp,6,3,NoSnow,SummerClothing,Camels,SunRising,Sandcastle,Fire,2026-07-27T14:07:18.004Z
5e4c511d056b9c0ad9b6fd24,53,S_SC_Ca_SM_Sn_NF,Snow_SummerClothing_Camels_SunMid_Snowman_NoFire.webp,5,3,Snow,SummerClothing,Camels,SunMid,Snowman,NoFire,2026-07-27T14:07:44.589Z
5e4c511d056b9c0ad9b6fd24,54,S_SC_Pe_SM_Sn_WF,Snow_SummerClothing_Penguins_SunMid_Snowman_Fire.webp,2,5,Snow,SummerClothing,Penguins,SunMid,Snowman,Fire,2026-07-27T14:07:58.285Z
5e4c511d056b9c0ad9b6fd24,55,S_WC_Ca_SR_Sn_NF,Snow_WinterClothing_Camels_SunRising_Snowman_NoFire.webp,3,4,Snow,WinterClothing,Camels,SunRising,Snowman,NoFire,2026-07-27T14:08:23.260Z
5e4c511d056b9c0ad9b6fd24,56,S_WC_Ca_SM_Sn_NF,Snow_WinterClothing_Camels_SunMid_Snowman_NoFire.webp,3,3,Snow,WinterClothing,Camels,SunMid,Snowman,NoFire,2026-07-27T14:08:48.668Z
5e4c511d056b9c0ad9b6fd24,57,NS_WC_Pe_SR_Sa_NF,NoSnow_WinterClothing_Penguins_SunRising_Sandcastle_NoFire.webp,2,2,NoSnow,WinterClothing,Penguins,SunRising,Sandcastle,NoFire,2026-07-27T14:09:10.203Z
5e4c511d056b9c0ad9b6fd24,58,NS_SC_Pe_SM_Sn_NF,NoSnow_SummerClothing_Penguins_SunMid_Snowman_NoFire.webp,3,2,NoSnow,SummerClothing,Penguins,SunMid,Snowman,NoFire,2026-07-27T14:09:36.835Z
5e4c511d056b9c0ad9b6fd24,59,S_SC_Pe_SM_Sn_NF,Snow_SummerClothing_Penguins_SunMid_Snowman_NoFire.webp,6,2,Snow,SummerClothing,Penguins,SunMid,Snowman,NoFire,2026-07-27T14:09:55.967Z
5e4c511d056b9c0ad9b6fd24,60,NS_SC_Ca_SM_Sa_WF,NoSnow_SummerClothing_Camels_SunMid_Sandcastle_Fire.webp,2,1,NoSnow,SummerClothing,Camels,SunMid,Sandcastle,Fire,2026-07-27T14:10:14.058Z
5e4c511d056b9c0ad9b6fd24,61,S_SC_Pe_SR_Sn_WF,Snow_SummerClothing_Penguins_SunRising_Snowman_Fire.webp,2,3,Snow,SummerClothing,Penguins,SunRising,Snowman,Fire,2026-07-27T14:10:30.040Z
5e4c511d056b9c0ad9b6fd24,62,S_WC_Ca_SR_Sa_NF,Snow_WinterClothing_Camels_SunRising_Sandcastle_NoFire.webp,3,3,Snow,WinterClothing,Camels,SunRising,Sandcastle,NoFire,2026-07-27T14:10:58.123Z
5e4c511d056b9c0ad9b6fd24,63,NS_SC_Ca_SR_Sn_NF,NoSnow_SummerClothing_Camels_SunRising_Snowman_NoFire.webp,6,3,NoSnow,SummerClothing,Camels,SunRising,Snowman,NoFire,2026-07-27T14:11:37.252Z
697929da26fc7a6fe77684e4,0,NS_WC_Ca_SM_Sn_WF,NoSnow_WinterClothing_Camels_SunMid_Snowman_Fire.webp,2,2,NoSnow,WinterClothing,Camels,SunMid,Snowman,Fire,2026-07-27T13:42:22.081Z
697929da26fc7a6fe77684e4,1,S_SC_Pe_SM_Sa_NF,Snow_SummerClothing_Penguins_SunMid_Sandcastle_NoFire.webp,5,4,Snow,SummerClothing,Penguins,SunMid,Sandcastle,NoFire,2026-07-27T13:42:48.049Z
697929da26fc7a6fe77684e4,2,S_SC_Pe_SR_Sa_NF,Snow_SummerClothing_Penguins_SunRising_Sandcastle_NoFire.webp,5,4,Snow,SummerClothing,Penguins,SunRising,Sandcastle,NoFire,2026-07-27T13:43:02.071Z
697929da26fc7a6fe77684e4,3,NS_SC_Pe_SM_Sa_NF,NoSnow_SummerClothing_Penguins_SunMid_Sandcastle_NoFire.webp,5,4,NoSnow,SummerClothing,Penguins,SunMid,Sandcastle,NoFire,2026-07-27T13:43:20.643Z
697929da26fc7a6fe77684e4,4,S_SC_Ca_SM_Sa_WF,Snow_SummerClothing_Camels_SunMid_Sandcastle_Fire.webp,3,4,Snow,SummerClothing,Camels,SunMid,Sandcastle,Fire,2026-07-27T13:43:34.475Z
697929da26fc7a6fe77684e4,5,S_SC_Pe_SM_Sn_WF,Snow_SummerClothing_Penguins_SunMid_Snowman_Fire.webp,3,4,Snow,SummerClothing,Penguins,SunMid,Snowman,Fire,2026-07-27T13:43:44.605Z
697929da26fc7a6fe77684e4,6,S_SC_Ca_SR_Sn_WF,Snow_SummerClothing_Camels_SunRising_Snowman_Fire.webp,5,4,Snow,SummerClothing,Camels,SunRising,Snowman,Fire,2026-07-27T13:44:00.395Z
697929da26fc7a6fe77684e4,7,NS_WC_Pe_SM_Sa_WF,NoSnow_WinterClothing_Penguins_SunMid_Sandcastle_Fire.webp,2,4,NoSnow,WinterClothing,Penguins,SunMid,Sandcastle,Fire,2026-07-27T13:44:11.557Z
697929da26fc7a6fe77684e4,8,S_WC_Ca_SM_Sa_NF,Snow_WinterClothing_Camels_SunMid_Sandcastle_NoFire.webp,2,4,Snow,WinterClothing,Camels,SunMid,Sandcastle,NoFire,2026-07-27T13:44:24.853Z
697929da26fc7a6fe77684e4,9,NS_SC_Pe_SM_Sa_WF,NoSnow_SummerClothing_Penguins_SunMid_Sandcastle_Fire.webp,4,4,NoSnow,SummerClothing,Penguins,SunMid,Sandcastle,Fire,2026-07-27T13:44:33.357Z
697929da26fc7a6fe77684e4,10,NS_WC_Pe_SR_Sa_WF,NoSnow_WinterClothing_Penguins_SunRising_Sandcastle_Fire.webp,1,4,NoSnow,WinterClothing,Penguins,SunRising,Sandcastle,Fire,2026-07-27T13:44:46.612Z
697929da26fc7a6fe77684e4,11,S_WC_Pe_SR_Sn_WF,Snow_WinterClothing_Penguins_SunRising_Snowman_Fire.webp,1,4,Snow,WinterClothing,Penguins,SunRising,Snowman,Fire,2026-07-27T13:44:55.778Z
697929da26fc7a6fe77684e4,12,NS_SC_Pe_SR_Sn_NF,NoSnow_SummerClothing_Penguins_SunRising_Snowman_NoFire.webp,4,4,NoSnow,SummerClothing,Penguins,SunRising,Snowman,NoFire,2026-07-27T13:45:05.351Z
697929da26fc7a6fe77684e4,13,S_WC_Pe_SR_Sn_NF,Snow_WinterClothing_Penguins_SunRising_Snowman_NoFire.webp,2,4,Snow,WinterClothing,Penguins,SunRising,Snowman,NoFire,2026-07-27T13:45:14.411Z
697929da26fc7a6fe77684e4,14,NS_WC_Pe_SM_Sa_NF,NoSnow_WinterClothing_Penguins_SunMid_Sandcastle_NoFire.webp,2,4,NoSnow,WinterClothing,Penguins,SunMid,Sandcastle,NoFire,2026-07-27T13:45:22.183Z
697929da26fc7a6fe77684e4,15,S_SC_Pe_SR_Sn_WF,Snow_SummerClothing_Penguins_SunRising_Snowman_Fire.webp,3,3,Snow,SummerClothing,Penguins,SunRising,Snowman,Fire,2026-07-27T13:45:38.471Z
697929da26fc7a6fe77684e4,16,S_SC_Pe_SR_Sn_NF,Snow_SummerClothing_Penguins_SunRising_Snowman_NoFire.webp,5,3,Snow,SummerClothing,Penguins,SunRising,Snowman,NoFire,2026-07-27T13:45:51.920Z
697929da26fc7a6fe77684e4,17,S_WC_Ca_SR_Sa_WF,Snow_WinterClothing_Camels_SunRising_Sandcastle_Fire.webp,1,4,Snow,WinterClothing,Camels,SunRising,Sandcastle,Fire,2026-07-27T13:46:05.811Z
697929da26fc7a6fe77684e4,18,S_WC_Ca_SM_Sa_WF,Snow_WinterClothing_Camels_SunMid_Sandcastle_Fire.webp,1,3,Snow,WinterClothing,Camels,SunMid,Sandcastle,Fire,2026-07-27T13:46:16.606Z
697929da26fc7a6fe77684e4,19,S_WC_Ca_SR_Sn_NF,Snow_WinterClothing_Camels_SunRising_Snowman_NoFire.webp,2,3,Snow,WinterClothing,Camels,SunRising,Snowman,NoFire,2026-07-27T13:46:28.769Z
697929da26fc7a6fe77684e4,20,NS_SC_Ca_SR_Sn_NF,NoSnow_SummerClothing_Camels_SunRising_Snowman_NoFire.webp,4,3,NoSnow,SummerClothing,Camels,SunRising,Snowman,NoFire,2026-07-27T13:46:55.970Z
697929da26fc7a6fe77684e4,21,S_SC_Ca_SR_Sa_NF,Snow_SummerClothing_Camels_SunRising_Sandcastle_NoFire.webp,5,5,Snow,SummerClothing,Camels,SunRising,Sandcastle,NoFire,2026-07-27T13:47:06.149Z
697929da26fc7a6fe77684e4,22,NS_SC_Ca_SR_Sa_NF,NoSnow_SummerClothing_Camels_SunRising_Sandcastle_NoFire.webp,5,5,NoSnow,SummerClothing,Camels,SunRising,Sandcastle,NoFire,2026-07-27T13:47:13.567Z
697929da26fc7a6fe77684e4,23,NS_WC_Pe_SR_Sn_WF,NoSnow_WinterClothing_Penguins_SunRising_Snowman_Fire.webp,1,3,NoSnow,WinterClothing,Penguins,SunRising,Snowman,Fire,2026-07-27T13:47:21.136Z
697929da26fc7a6fe77684e4,24,S_WC_Pe_SR_Sa_WF,Snow_WinterClothing_Penguins_SunRising_Sandcastle_Fire.webp,1,5,Snow,WinterClothing,Penguins,SunRising,Sandcastle,Fire,2026-07-27T13:47:43.459Z
697929da26fc7a6fe77684e4,25,S_SC_Ca_SM_Sn_NF,Snow_SummerClothing_Camels_SunMid_Snowman_NoFire.webp,3,3,Snow,SummerClothing,Camels,SunMid,Snowman,NoFire,2026-07-27T13:47:54.899Z
697929da26fc7a6fe77684e4,26,NS_SC_Ca_SM_Sa_WF,NoSnow_SummerClothing_Camels_SunMid_Sandcastle_Fire.webp,4,3,NoSnow,SummerClothing,Camels,SunMid,Sandcastle,Fire,2026-07-27T13:48:02.574Z
697929da26fc7a6fe77684e4,27,S_WC_Ca_SR_Sa_NF,Snow_WinterClothing_Camels_SunRising_Sandcastle_NoFire.webp,2,2,Snow,WinterClothing,Camels,SunRising,Sandcastle,NoFire,2026-07-27T13:48:20.570Z
697929da26fc7a6fe77684e4,28,NS_WC_Ca_SR_Sn_WF,NoSnow_WinterClothing_Camels_SunRising_Snowman_Fire.webp,1,5,NoSnow,WinterClothing,Camels,SunRising,Snowman,Fire,2026-07-27T13:48:27.890Z
697929da26fc7a6fe77684e4,29,NS_WC_Pe_SM_Sn_NF,NoSnow_WinterClothing_Penguins_SunMid_Snowman_NoFire.webp,2,5,NoSnow,WinterClothing,Penguins,SunMid,Snowman,NoFire,2026-07-27T13:48:37.372Z
697929da26fc7a6fe77684e4,30,S_SC_Ca_SM_Sn_WF,Snow_SummerClothing_Camels_SunMid_Snowman_Fire.webp,3,3,Snow,SummerClothing,Camels,SunMid,Snowman,Fire,2026-07-27T13:48:49.418Z
697929da26fc7a6fe77684e4,31,S_WC_Pe_SM_Sa_WF,Snow_WinterClothing_Penguins_SunMid_Sandcastle_Fire.webp,1,5,Snow,WinterClothing,Penguins,SunMid,Sandcastle,Fire,2026-07-27T13:48:57.879Z
697929da26fc7a6fe77684e4,32,NS_SC_Ca_SM_Sa_NF,NoSnow_SummerClothing_Camels_SunMid_Sandcastle_NoFire.webp,5,6,NoSnow,SummerClothing,Camels,SunMid,Sandcastle,NoFire,2026-07-27T13:49:10.353Z
697929da26fc7a6fe77684e4,33,NS_SC_Ca_SM_Sn_WF,NoSnow_SummerClothing_Camels_SunMid_Snowman_Fire.webp,4,3,NoSnow,SummerClothing,Camels,SunMid,Snowman,Fire,2026-07-27T13:49:21.952Z
697929da26fc7a6fe77684e4,34,NS_SC_Pe_SR_Sa_NF,NoSnow_SummerClothing_Penguins_SunRising_Sandcastle_NoFire.webp,3,3,NoSnow,SummerClothing,Penguins,SunRising,Sandcastle,NoFire,2026-07-27T13:49:29.728Z
697929da26fc7a6fe77684e4,35,NS_SC_Pe_SM_Sn_NF,NoSnow_SummerClothing_Penguins_SunMid_Snowman_NoFire.webp,3,3,NoSnow,SummerClothing,Penguins,SunMid,Snowman,NoFire,2026-07-27T13:49:36.362Z
697929da26fc7a6fe77684e4,36,NS_WC_Pe_SR_Sn_NF,NoSnow_WinterClothing_Penguins_SunRising_Snowman_NoFire.webp,2,2,NoSnow,WinterClothing,Penguins,SunRising,Snowman,NoFire,2026-07-27T13:49:49.391Z
697929da26fc7a6fe77684e4,37,NS_WC_Ca_SM_Sa_NF,NoSnow_WinterClothing_Camels_SunMid_Sandcastle_NoFire.webp,2,3,NoSnow,WinterClothing,Camels,SunMid,Sandcastle,NoFire,2026-07-27T13:50:01.050Z
697929da26fc7a6fe77684e4,38,S_WC_Pe_SM_Sn_NF,Snow_WinterClothing_Penguins_SunMid_Snowman_NoFire.webp,1,6,Snow,WinterClothing,Penguins,SunMid,Snowman,NoFire,2026-07-27T13:50:11.965Z
697929da26fc7a6fe77684e4,39,S_WC_Pe_SM_Sn_WF,Snow_WinterClothing_Penguins_SunMid_Snowman_Fire.webp,1,6,Snow,WinterClothing,Penguins,SunMid,Snowman,Fire,2026-07-27T13:50:18.560Z
697929da26fc7a6fe77684e4,40,S_WC_Pe_SM_Sa_NF,Snow_WinterClothing_Penguins_SunMid_Sandcastle_NoFire.webp,2,5,Snow,WinterClothing,Penguins,SunMid,Sandcastle,NoFire,2026-07-27T13:50:26.372Z
697929da26fc7a6fe77684e4,41,S_WC_Ca_SM_Sn_NF,Snow_WinterClothing_Camels_SunMid_Snowman_NoFire.webp,2,5,Snow,WinterClothing,Camels,SunMid,Snowman,NoFire,2026-07-27T13:50:34.010Z
697929da26fc7a6fe77684e4,42,NS_SC_Ca_SR_Sn_WF,NoSnow_SummerClothing_Camels_SunRising_Snowman_Fire.webp,4,4,NoSnow,SummerClothing,Camels,SunRising,Snowman,Fire,2026-07-27T13:50:52.667Z
697929da26fc7a6fe77684e4,43,S_SC_Ca_SR_Sn_NF,Snow_SummerClothing_Camels_SunRising_Snowman_NoFire.webp,3,3,Snow,SummerClothing,Camels,SunRising,Snowman,NoFire,2026-07-27T13:51:05.143Z
697929da26fc7a6fe77684e4,44,S_SC_Ca_SR_Sa_WF,Snow_SummerClothing_Camels_SunRising_Sandcastle_Fire.webp,2,3,Snow,SummerClothing,Camels,SunRising,Sandcastle,Fire,2026-07-27T13:51:32.134Z
697929da26fc7a6fe77684e4,45,NS_WC_Pe_SM_Sn_WF,NoSnow_WinterClothing_Penguins_SunMid_Snowman_Fire.webp,1,5,NoSnow,WinterClothing,Penguins,SunMid,Snowman,Fire,2026-07-27T13:51:43.831Z
697929da26fc7a6fe77684e4,46,NS_SC_Pe_SM_Sn_WF,NoSnow_SummerClothing_Penguins_SunMid_Snowman_Fire.webp,2,3,NoSnow,SummerClothing,Penguins,SunMid,Snowman,Fire,2026-07-27T13:52:05.679Z
697929da26fc7a6fe77684e4,47,S_WC_Pe_SR_Sa_NF,Snow_WinterClothing_Penguins_SunRising_Sandcastle_NoFire.webp,2,4,Snow,WinterClothing,Penguins,SunRising,Sandcastle,NoFire,2026-07-27T13:52:16.674Z
697929da26fc7a6fe77684e4,48,NS_WC_Ca_SR_Sa_WF,NoSnow_WinterClothing_Camels_SunRising_Sandcastle_Fire.webp,2,4,NoSnow,WinterClothing,Camels,SunRising,Sandcastle,Fire,2026-07-27T13:52:24.240Z
697929da26fc7a6fe77684e4,49,S_SC_Pe_SM_Sn_NF,Snow_SummerClothing_Penguins_SunMid_Snowman_NoFire.webp,2,4,Snow,SummerClothing,Penguins,SunMid,Snowman,NoFire,2026-07-27T13:52:36.972Z
697929da26fc7a6fe77684e4,50,S_SC_Pe_SM_Sa_WF,Snow_SummerClothing_Penguins_SunMid_Sandcastle_Fire.webp,2,4,Snow,SummerClothing,Penguins,SunMid,Sandcastle,Fire,2026-07-27T13:52:46.655Z
697929da26fc7a6fe77684e4,51,NS_SC_Pe_SR_Sn_WF,NoSnow_SummerClothing_Penguins_SunRising_Snowman_Fire.webp,3,4,NoSnow,SummerClothing,Penguins,SunRising,Snowman,Fire,2026-07-27T13:52:57.678Z
697929da26fc7a6fe77684e4,52,S_SC_Ca_SM_Sa_NF,Snow_SummerClothing_Camels_SunMid_Sandcastle_NoFire.webp,4,3,Snow,SummerClothing,Camels,SunMid,Sandcastle,NoFire,2026-07-27T13:53:13.158Z
697929da26fc7a6fe77684e4,53,S_WC_Ca_SR_Sn_WF,Snow_WinterClothing_Camels_SunRising_Snowman_Fire.webp,1,6,Snow,WinterClothing,Camels,SunRising,Snowman,Fire,2026-07-27T13:53:24.063Z
697929da26fc7a6fe77684e4,54,S_WC_Ca_SM_Sn_WF,Snow_WinterClothing_Camels_SunMid_Snowman_Fire.webp,1,6,Snow,WinterClothing,Camels,SunMid,Snowman,Fire,2026-07-27T13:53:31.076Z
697929da26fc7a6fe77684e4,55,NS_WC_Ca_SM_Sa_WF,NoSnow_WinterClothing_Camels_SunMid_Sandcastle_Fire.webp,1,6,NoSnow,WinterClothing,Camels,SunMid,Sandcastle,Fire,2026-07-27T13:53:39.208Z
697929da26fc7a6fe77684e4,56,NS_WC_Ca_SM_Sn_NF,NoSnow_WinterClothing_Camels_SunMid_Snowman_NoFire.webp,2,4,NoSnow,WinterClothing,Camels,SunMid,Snowman,NoFire,2026-07-27T13:53:48.225Z
697929da26fc7a6fe77684e4,57,NS_WC_Ca_SR_Sn_NF,NoSnow_WinterClothing_Camels_SunRising_Snowman_NoFire.webp,2,4,NoSnow,WinterClothing,Camels,SunRising,Snowman,NoFire,2026-07-27T13:53:55.138Z
697929da26fc7a6fe77684e4,58,NS_SC_Ca_SM_Sn_NF,NoSnow_SummerClothing_Camels_SunMid_Snowman_NoFire.webp,3,4,NoSnow,SummerClothing,Camels,SunMid,Snowman,NoFire,2026-07-27T13:54:04.034Z
697929da26fc7a6fe77684e4,59,NS_SC_Pe_SR_Sa_WF,NoSnow_SummerClothing_Penguins_SunRising_Sandcastle_Fire.webp,2,4,NoSnow,SummerClothing,Penguins,SunRising,Sandcastle,Fire,2026-07-27T13:54:27.191Z
697929da26fc7a6fe77684e4,60,S_SC_Pe_SR_Sa_WF,Snow_SummerClothing_Penguins_SunRising_Sandcastle_Fire.webp,2,4,Snow,SummerClothing,Penguins,SunRising,Sandcastle,Fire,2026-07-27T13:54:37.917Z
697929da26fc7a6fe77684e4,61,NS_WC_Ca_SR_Sa_NF,NoSnow_WinterClothing_Camels_SunRising_Sandcastle_NoFire.webp,2,3,NoSnow,WinterClothing,Camels,SunRising,Sandcastle,NoFire,2026-07-27T13:54:52.249Z
697929da26fc7a6fe77684e4,62,NS_SC_Ca_SR_Sa_WF,NoSnow_SummerClothing_Camels_SunRising_Sandcastle_Fire.webp,4,4,NoSnow,SummerClothing,Camels,SunRising,Sandcastle,Fire,2026-07-27T13:55:05.207Z
697929da26fc7a6fe77684e4,63,NS_WC_Pe_SR_Sa_NF,NoSnow_WinterClothing_Penguins_SunRising_Sandcastle_NoFire.webp,2,4,NoSnow,WinterClothing,Penguins,SunRising,Sandcastle,NoFire,2026-07-27T13:55:20.322Z
6a218dae2f1b98857277d1de,0,NS_WC_Ca_SR_Sa_NF,NoSnow_WinterClothing_Camels_SunRising_Sandcastle_NoFire.webp,5,1,NoSnow,WinterClothing,Camels,SunRising,Sandcastle,NoFire,2026-07-27T13:42:17.472Z
6a218dae2f1b98857277d1de,1,NS_SC_Ca_SR_Sa_NF,NoSnow_SummerClothing_Camels_SunRising_Sandcastle_NoFire.webp,6,1,NoSnow,SummerClothing,Camels,SunRising,Sandcastle,NoFire,2026-07-27T13:42:35.749Z
6a218dae2f1b98857277d1de,2,NS_WC_Pe_SM_Sa_WF,NoSnow_WinterClothing_Penguins_SunMid_Sandcastle_Fire.webp,4,1,NoSnow,WinterClothing,Penguins,SunMid,Sandcastle,Fire,2026-07-27T13:42:54.792Z
6a218dae2f1b98857277d1de,3,S_WC_Ca_SM_Sn_NF,Snow_WinterClothing_Camels_SunMid_Snowman_NoFire.webp,2,1,Snow,WinterClothing,Camels,SunMid,Snowman,NoFire,2026-07-27T13:43:11.340Z
6a218dae2f1b98857277d1de,4,NS_WC_Pe_SR_Sn_NF,NoSnow_WinterClothing_Penguins_SunRising_Snowman_NoFire.webp,2,1,NoSnow,WinterClothing,Penguins,SunRising,Snowman,NoFire,2026-07-27T13:43:20.456Z
6a218dae2f1b98857277d1de,5,S_SC_Pe_SM_Sa_WF,Snow_SummerClothing_Penguins_SunMid_Sandcastle_Fire.webp,5,1,Snow,SummerClothing,Penguins,SunMid,Sandcastle,Fire,2026-07-27T13:43:31.435Z
6a218dae2f1b98857277d1de,6,S_WC_Ca_SM_Sa_WF,Snow_WinterClothing_Camels_SunMid_Sandcastle_Fire.webp,6,1,Snow,WinterClothing,Camels,SunMid,Sandcastle,Fire,2026-07-27T13:43:50.947Z
6a218dae2f1b98857277d1de,7,S_WC_Ca_SR_Sn_NF,Snow_WinterClothing_Camels_SunRising_Snowman_NoFire.webp,3,1,Snow,WinterClothing,Camels,SunRising,Snowman,NoFire,2026-07-27T13:44:06.767Z
6a218dae2f1b98857277d1de,8,NS_SC_Ca_SM_Sn_NF,NoSnow_SummerClothing_Camels_SunMid_Snowman_NoFire.webp,5,1,NoSnow,SummerClothing,Camels,SunMid,Snowman,NoFire,2026-07-27T13:44:18.543Z
6a218dae2f1b98857277d1de,9,NS_SC_Pe_SM_Sn_NF,NoSnow_SummerClothing_Penguins_SunMid_Snowman_NoFire.webp,1,1,NoSnow,SummerClothing,Penguins,SunMid,Snowman,NoFire,2026-07-27T13:44:30.144Z
6a218dae2f1b98857277d1de,10,S_WC_Pe_SM_Sa_WF,Snow_WinterClothing_Penguins_SunMid_Sandcastle_Fire.webp,6,1,Snow,WinterClothing,Penguins,SunMid,Sandcastle,Fire,2026-07-27T13:44:42.886Z
6a218dae2f1b98857277d1de,11,S_WC_Pe_SM_Sa_NF,Snow_WinterClothing_Penguins_SunMid_Sandcastle_NoFire.webp,3,1,Snow,WinterClothing,Penguins,SunMid,Sandcastle,NoFire,2026-07-27T13:44:51.832Z
6a218dae2f1b98857277d1de,12,S_SC_Ca_SM_Sn_NF,Snow_SummerClothing_Camels_SunMid_Snowman_NoFire.webp,2,1,Snow,SummerClothing,Camels,SunMid,Snowman,NoFire,2026-07-27T13:45:08.135Z
6a218dae2f1b98857277d1de,13,NS_SC_Ca_SM_Sn_WF,NoSnow_SummerClothing_Camels_SunMid_Snowman_Fire.webp,5,1,NoSnow,SummerClothing,Camels,SunMid,Snowman,Fire,2026-07-27T13:45:17.307Z
6a218dae2f1b98857277d1de,14,S_WC_Pe_SR_Sn_WF,Snow_WinterClothing_Penguins_SunRising_Snowman_Fire.webp,5,1,Snow,WinterClothing,Penguins,SunRising,Snowman,Fire,2026-07-27T13:45:26.289Z
6a218dae2f1b98857277d1de,15,NS_WC_Pe_SM_Sn_NF,NoSnow_WinterClothing_Penguins_SunMid_Snowman_NoFire.webp,4,1,NoSnow,WinterClothing,Penguins,SunMid,Snowman,NoFire,2026-07-27T13:45:50.240Z
6a218dae2f1b98857277d1de,16,NS_WC_Pe_SR_Sa_NF,NoSnow_WinterClothing_Penguins_SunRising_Sandcastle_NoFire.webp,3,1,NoSnow,WinterClothing,Penguins,SunRising,Sandcastle,NoFire,2026-07-27T13:46:01.009Z
6a218dae2f1b98857277d1de,17,S_WC_Ca_SM_Sa_NF,Snow_WinterClothing_Camels_SunMid_Sandcastle_NoFire.webp,4,1,Snow,WinterClothing,Camels,SunMid,Sandcastle,NoFire,2026-07-27T13:46:09.770Z
6a218dae2f1b98857277d1de,18,NS_WC_Ca_SM_Sa_WF,NoSnow_WinterClothing_Camels_SunMid_Sandcastle_Fire.webp,7,3,NoSnow,WinterClothing,Camels,SunMid,Sandcastle,Fire,2026-07-27T13:46:23.824Z
6a218dae2f1b98857277d1de,19,NS_WC_Pe_SM_Sa_NF,NoSnow_WinterClothing_Penguins_SunMid_Sandcastle_NoFire.webp,4,1,NoSnow,WinterClothing,Penguins,SunMid,Sandcastle,NoFire,2026-07-27T13:46:41.833Z
6a218dae2f1b98857277d1de,20,NS_WC_Ca_SM_Sn_NF,NoSnow_WinterClothing_Camels_SunMid_Snowman_NoFire.webp,5,1,NoSnow,WinterClothing,Camels,SunMid,Snowman,NoFire,2026-07-27T13:46:54.226Z
6a218dae2f1b98857277d1de,21,S_SC_Ca_SR_Sa_NF,Snow_SummerClothing_Camels_SunRising_Sandcastle_NoFire.webp,3,1,Snow,SummerClothing,Camels,SunRising,Sandcastle,NoFire,2026-07-27T13:47:05.631Z
6a218dae2f1b98857277d1de,22,S_WC_Pe_SR_Sa_WF,Snow_WinterClothing_Penguins_SunRising_Sandcastle_Fire.webp,4,1,Snow,WinterClothing,Penguins,SunRising,Sandcastle,Fire,2026-07-27T13:47:16.624Z
6a218dae2f1b98857277d1de,23,NS_SC_Ca_SR_Sn_NF,NoSnow_SummerClothing_Camels_SunRising_Snowman_NoFire.webp,5,1,NoSnow,SummerClothing,Camels,SunRising,Snowman,NoFire,2026-07-27T13:47:32.343Z
6a218dae2f1b98857277d1de,24,S_SC_Pe_SR_Sa_NF,Snow_SummerClothing_Penguins_SunRising_Sandcastle_NoFire.webp,1,1,Snow,SummerClothing,Penguins,SunRising,Sandcastle,NoFire,2026-07-27T13:47:39.193Z
6a218dae2f1b98857277d1de,25,S_WC_Ca_SR_Sn_WF,Snow_WinterClothing_Camels_SunRising_Snowman_Fire.webp,4,1,Snow,WinterClothing,Camels,SunRising,Snowman,Fire,2026-07-27T13:47:48.007Z
6a218dae2f1b98857277d1de,26,S_WC_Pe_SR_Sn_NF,Snow_WinterClothing_Penguins_SunRising_Snowman_NoFire.webp,2,4,Snow,WinterClothing,Penguins,SunRising,Snowman,NoFire,2026-07-27T13:47:59.333Z
6a218dae2f1b98857277d1de,27,S_SC_Ca_SR_Sn_NF,Snow_SummerClothing_Camels_SunRising_Snowman_NoFire.webp,5,1,Snow,SummerClothing,Camels,SunRising,Snowman,NoFire,2026-07-27T13:48:13.235Z
6a218dae2f1b98857277d1de,28,NS_WC_Ca_SR_Sa_WF,NoSnow_WinterClothing_Camels_SunRising_Sandcastle_Fire.webp,7,4,NoSnow,WinterClothing,Camels,SunRising,Sandcastle,Fire,2026-07-27T13:48:23.762Z
6a218dae2f1b98857277d1de,29,S_SC_Pe_SM_Sa_NF,Snow_SummerClothing_Penguins_SunMid_Sandcastle_NoFire.webp,1,2,Snow,SummerClothing,Penguins,SunMid,Sandcastle,NoFire,2026-07-27T13:48:38.197Z
6a218dae2f1b98857277d1de,30,NS_WC_Pe_SR_Sa_WF,NoSnow_WinterClothing_Penguins_SunRising_Sandcastle_Fire.webp,4,5,NoSnow,WinterClothing,Penguins,SunRising,Sandcastle,Fire,2026-07-27T13:48:49.539Z
6a218dae2f1b98857277d1de,31,NS_WC_Ca_SR_Sn_WF,NoSnow_WinterClothing_Camels_SunRising_Snowman_Fire.webp,5,1,NoSnow,WinterClothing,Camels,SunRising,Snowman,Fire,2026-07-27T13:49:01.846Z
6a218dae2f1b98857277d1de,32,S_SC_Ca_SM_Sa_NF,Snow_SummerClothing_Camels_SunMid_Sandcastle_NoFire.webp,2,1,Snow,SummerClothing,Camels,SunMid,Sandcastle,NoFire,2026-07-27T13:49:25.936Z
6a218dae2f1b98857277d1de,33,S_WC_Ca_SM_Sn_WF,Snow_WinterClothing_Camels_SunMid_Snowman_Fire.webp,5,1,Snow,WinterClothing,Camels,SunMid,Snowman,Fire,2026-07-27T13:49:32.888Z
6a218dae2f1b98857277d1de,34,NS_SC_Pe_SM_Sn_WF,NoSnow_SummerClothing_Penguins_SunMid_Snowman_Fire.webp,5,1,NoSnow,SummerClothing,Penguins,SunMid,Snowman,Fire,2026-07-27T13:49:42.303Z
6a218dae2f1b98857277d1de,35,NS_SC_Pe_SR_Sa_NF,NoSnow_SummerClothing_Penguins_SunRising_Sandcastle_NoFire.webp,3,2,NoSnow,SummerClothing,Penguins,SunRising,Sandcastle,NoFire,2026-07-27T13:49:59.341Z
6a218dae2f1b98857277d1de,36,NS_SC_Pe_SR_Sn_NF,NoSnow_SummerClothing_Penguins_SunRising_Snowman_NoFire.webp,2,4,NoSnow,SummerClothing,Penguins,SunRising,Snowman,NoFire,2026-07-27T13:50:11.326Z
6a218dae2f1b98857277d1de,37,S_SC_Pe_SM_Sn_NF,Snow_SummerClothing_Penguins_SunMid_Snowman_NoFire.webp,1,4,Snow,SummerClothing,Penguins,SunMid,Snowman,NoFire,2026-07-27T13:50:19.313Z
6a218dae2f1b98857277d1de,38,S_WC_Ca_SR_Sa_WF,Snow_WinterClothing_Camels_SunRising_Sandcastle_Fire.webp,4,1,Snow,WinterClothing,Camels,SunRising,Sandcastle,Fire,2026-07-27T13:50:37.024Z
6a218dae2f1b98857277d1de,39,S_SC_Pe_SM_Sn_WF,Snow_SummerClothing_Penguins_SunMid_Snowman_Fire.webp,3,1,Snow,SummerClothing,Penguins,SunMid,Snowman,Fire,2026-07-27T13:50:49.369Z
6a218dae2f1b98857277d1de,40,S_WC_Ca_SR_Sa_NF,Snow_WinterClothing_Camels_SunRising_Sandcastle_NoFire.webp,4,1,Snow,WinterClothing,Camels,SunRising,Sandcastle,NoFire,2026-07-27T13:51:00.297Z
6a218dae2f1b98857277d1de,41,NS_SC_Ca_SR_Sa_WF,NoSnow_SummerClothing_Camels_SunRising_Sandcastle_Fire.webp,5,5,NoSnow,SummerClothing,Camels,SunRising,Sandcastle,Fire,2026-07-27T13:51:27.901Z
6a218dae2f1b98857277d1de,42,NS_SC_Pe_SR_Sn_WF,NoSnow_SummerClothing_Penguins_SunRising_Snowman_Fire.webp,2,2,NoSnow,SummerClothing,Penguins,SunRising,Snowman,Fire,2026-07-27T13:51:48.458Z
6a218dae2f1b98857277d1de,43,S_SC_Ca_SM_Sa_WF,Snow_SummerClothing_Camels_SunMid_Sandcastle_Fire.webp,2,1,Snow,SummerClothing,Camels,SunMid,Sandcastle,Fire,2026-07-27T13:52:01.645Z
6a218dae2f1b98857277d1de,44,S_WC_Pe_SR_Sa_NF,Snow_WinterClothing_Penguins_SunRising_Sandcastle_NoFire.webp,1,4,Snow,WinterClothing,Penguins,SunRising,Sandcastle,NoFire,2026-07-27T13:52:16.038Z
6a218dae2f1b98857277d1de,45,NS_WC_Pe_SR_Sn_WF,NoSnow_WinterClothing_Penguins_SunRising_Snowman_Fire.webp,4,1,NoSnow,WinterClothing,Penguins,SunRising,Snowman,Fire,2026-07-27T13:52:26.234Z
6a218dae2f1b98857277d1de,46,NS_WC_Ca_SM_Sn_WF,NoSnow_WinterClothing_Camels_SunMid_Snowman_Fire.webp,5,1,NoSnow,WinterClothing,Camels,SunMid,Snowman,Fire,2026-07-27T13:52:36.660Z
6a218dae2f1b98857277d1de,47,S_SC_Pe_SR_Sa_WF,Snow_SummerClothing_Penguins_SunRising_Sandcastle_Fire.webp,2,3,Snow,SummerClothing,Penguins,SunRising,Sandcastle,Fire,2026-07-27T13:52:57.124Z
6a218dae2f1b98857277d1de,48,NS_SC_Pe_SR_Sa_WF,NoSnow_SummerClothing_Penguins_SunRising_Sandcastle_Fire.webp,6,1,NoSnow,SummerClothing,Penguins,SunRising,Sandcastle,Fire,2026-07-27T13:53:05.222Z
6a218dae2f1b98857277d1de,49,NS_SC_Pe_SM_Sa_NF,NoSnow_SummerClothing_Penguins_SunMid_Sandcastle_NoFire.webp,5,1,NoSnow,SummerClothing,Penguins,SunMid,Sandcastle,NoFire,2026-07-27T13:53:18.443Z
6a218dae2f1b98857277d1de,50,NS_WC_Ca_SM_Sa_NF,NoSnow_WinterClothing_Camels_SunMid_Sandcastle_NoFire.webp,7,1,NoSnow,WinterClothing,Camels,SunMid,Sandcastle,NoFire,2026-07-27T13:53:25.718Z
6a218dae2f1b98857277d1de,51,S_SC_Ca_SM_Sn_WF,Snow_SummerClothing_Camels_SunMid_Snowman_Fire.webp,2,1,Snow,SummerClothing,Camels,SunMid,Snowman,Fire,2026-07-27T13:53:35.021Z
6a218dae2f1b98857277d1de,52,NS_SC_Pe_SM_Sa_WF,NoSnow_SummerClothing_Penguins_SunMid_Sandcastle_Fire.webp,5,1,NoSnow,SummerClothing,Penguins,SunMid,Sandcastle,Fire,2026-07-27T13:53:45.463Z
6a218dae2f1b98857277d1de,53,S_WC_Pe_SM_Sn_NF,Snow_WinterClothing_Penguins_SunMid_Snowman_NoFire.webp,2,1,Snow,WinterClothing,Penguins,SunMid,Snowman,NoFire,2026-07-27T13:53:55.339Z
6a218dae2f1b98857277d1de,54,NS_SC_Ca_SR_Sn_WF,NoSnow_SummerClothing_Camels_SunRising_Snowman_Fire.webp,5,1,NoSnow,SummerClothing,Camels,SunRising,Snowman,Fire,2026-07-27T13:54:13.282Z
6a218dae2f1b98857277d1de,55,NS_WC_Pe_SM_Sn_WF,NoSnow_WinterClothing_Penguins_SunMid_Snowman_Fire.webp,5,4,NoSnow,WinterClothing,Penguins,SunMid,Snowman,Fire,2026-07-27T13:54:25.805Z
6a218dae2f1b98857277d1de,56,S_SC_Ca_SR_Sa_WF,Snow_SummerClothing_Camels_SunRising_Sandcastle_Fire.webp,4,1,Snow,SummerClothing,Camels,SunRising,Sandcastle,Fire,2026-07-27T13:54:40.102Z
6a218dae2f1b98857277d1de,57,S_WC_Pe_SM_Sn_WF,Snow_WinterClothing_Penguins_SunMid_Snowman_Fire.webp,4,2,Snow,WinterClothing,Penguins,SunMid,Snowman,Fire,2026-07-27T13:54:48.582Z
6a218dae2f1b98857277d1de,58,S_SC_Pe_SR_Sn_WF,Snow_SummerClothing_Penguins_SunRising_Snowman_Fire.webp,3,1,Snow,SummerClothing,Penguins,SunRising,Snowman,Fire,2026-07-27T13:54:55.246Z
6a218dae2f1b98857277d1de,59,S_SC_Pe_SR_Sn_NF,Snow_SummerClothing_Penguins_SunRising_Snowman_NoFire.webp,1,2,Snow,SummerClothing,Penguins,SunRising,Snowman,NoFire,2026-07-27T13:55:08.463Z
6a218dae2f1b98857277d1de,60,NS_SC_Ca_SM_Sa_NF,NoSnow_SummerClothing_Camels_SunMid_Sandcastle_NoFire.webp,7,6,NoSnow,SummerClothing,Camels,SunMid,Sandcastle,NoFire,2026-07-27T13:55:19.154Z
6a218dae2f1b98857277d1de,61,S_SC_Ca_SR_Sn_WF,Snow_SummerClothing_Camels_SunRising_Snowman_Fire.webp,4,1,Snow,SummerClothing,Camels,SunRising,Snowman,Fire,2026-07-27T13:55:35.408Z
6a218dae2f1b98857277d1de,62,NS_SC_Ca_SM_Sa_WF,NoSnow_SummerClothing_Camels_SunMid_Sandcastle_Fire.webp,7,5,NoSnow,SummerClothing,Camels,SunMid,Sandcastle,Fire,2026-07-27T13:55:43.120Z
6a218dae2f1b98857277d1de,63,NS_WC_Ca_SR_Sn_NF,NoSnow_WinterClothing_Camels_SunRising_Snowman_NoFire.webp,4,1,NoSnow,WinterClothing,Camels,SunRising,Snowman,NoFire,2026-07-27T13:55:54.463Z
6a1445c31706d609f057aa73,0,NS_SC_Pe_SM_Sn_WF,NoSnow_SummerClothing_Penguins_SunMid_Snowman_Fire.webp,1,1,NoSnow,SummerClothing,Penguins,SunMid,Snowman,Fire,2026-07-27T13:54:10.480Z
6a1445c31706d609f057aa73,1,NS_SC_Ca_SR_Sa_WF,NoSnow_SummerClothing_Camels_SunRising_Sandcastle_Fire.webp,6,1,NoSnow,SummerClothing,Camels,SunRising,Sandcastle,Fire,2026-07-27T13:54:25.804Z
6a1445c31706d609f057aa73,2,S_SC_Pe_SM_Sa_WF,Snow_SummerClothing_Penguins_SunMid_Sandcastle_Fire.webp,4,1,Snow,SummerClothing,Penguins,SunMid,Sandcastle,Fire,2026-07-27T13:54:37.650Z
6a1445c31706d609f057aa73,3,S_WC_Pe_SM_Sn_WF,Snow_WinterClothing_Penguins_SunMid_Snowman_Fire.webp,2,1,Snow,WinterClothing,Penguins,SunMid,Snowman,Fire,2026-07-27T13:54:50.848Z
6a1445c31706d609f057aa73,4,S_SC_Ca_SR_Sa_WF,Snow_SummerClothing_Camels_SunRising_Sandcastle_Fire.webp,6,1,Snow,SummerClothing,Camels,SunRising,Sandcastle,Fire,2026-07-27T13:55:07.497Z
6a1445c31706d609f057aa73,5,NS_WC_Pe_SR_Sa_NF,NoSnow_WinterClothing_Penguins_SunRising_Sandcastle_NoFire.webp,3,1,NoSnow,WinterClothing,Penguins,SunRising,Sandcastle,NoFire,2026-07-27T13:55:26.779Z
6a1445c31706d609f057aa73,6,NS_WC_Pe_SR_Sn_NF,NoSnow_WinterClothing_Penguins_SunRising_Snowman_NoFire.webp,1,1,NoSnow,WinterClothing,Penguins,SunRising,Snowman,NoFire,2026-07-27T13:55:36.644Z
6a1445c31706d609f057aa73,7,NS_SC_Ca_SR_Sa_NF,NoSnow_SummerClothing_Camels_SunRising_Sandcastle_NoFire.webp,6,1,NoSnow,SummerClothing,Camels,SunRising,Sandcastle,NoFire,2026-07-27T13:56:00.752Z
6a1445c31706d609f057aa73,8,NS_SC_Pe_SR_Sn_NF,NoSnow_SummerClothing_Penguins_SunRising_Snowman_NoFire.webp,1,1,NoSnow,SummerClothing,Penguins,SunRising,Snowman,NoFire,2026-07-27T13:56:28.782Z
6a1445c31706d609f057aa73,9,S_SC_Ca_SR_Sn_WF,Snow_SummerClothing_Camels_SunRising_Snowman_Fire.webp,4,1,Snow,SummerClothing,Camels,SunRising,Snowman,Fire,2026-07-27T13:56:39.917Z
6a1445c31706d609f057aa73,10,NS_SC_Pe_SM_Sa_WF,NoSnow_SummerClothing_Penguins_SunMid_Sandcastle_Fire.webp,5,1,NoSnow,SummerClothing,Penguins,SunMid,Sandcastle,Fire,2026-07-27T13:56:49.363Z
6a1445c31706d609f057aa73,11,NS_WC_Ca_SR_Sa_WF,NoSnow_WinterClothing_Camels_SunRising_Sandcastle_Fire.webp,6,1,NoSnow,WinterClothing,Camels,SunRising,Sandcastle,Fire,2026-07-27T13:57:05.345Z
6a1445c31706d609f057aa73,12,S_WC_Pe_SM_Sn_NF,Snow_WinterClothing_Penguins_SunMid_Snowman_NoFire.webp,1,1,Snow,WinterClothing,Penguins,SunMid,Snowman,NoFire,2026-07-27T13:57:24.998Z
6a1445c31706d609f057aa73,13,S_WC_Pe_SM_Sa_WF,Snow_WinterClothing_Penguins_SunMid_Sandcastle_Fire.webp,4,1,Snow,WinterClothing,Penguins,SunMid,Sandcastle,Fire,2026-07-27T13:57:38.380Z
6a1445c31706d609f057aa73,14,S_WC_Pe_SR_Sn_NF,Snow_WinterClothing_Penguins_SunRising_Snowman_NoFire.webp,1,1,Snow,WinterClothing,Penguins,SunRising,Snowman,NoFire,2026-07-27T13:57:48.648Z
6a1445c31706d609f057aa73,15,S_SC_Pe_SR_Sa_WF,Snow_SummerClothing_Penguins_SunRising_Sandcastle_Fire.webp,4,1,Snow,SummerClothing,Penguins,SunRising,Sandcastle,Fire,2026-07-27T13:58:02.502Z
6a1445c31706d609f057aa73,16,NS_WC_Ca_SR_Sa_NF,NoSnow_WinterClothing_Camels_SunRising_Sandcastle_NoFire.webp,7,1,NoSnow,WinterClothing,Camels,SunRising,Sandcastle,NoFire,2026-07-27T13:58:14.501Z
6a1445c31706d609f057aa73,17,S_WC_Ca_SM_Sa_WF,Snow_WinterClothing_Camels_SunMid_Sandcastle_Fire.webp,7,1,Snow,WinterClothing,Camels,SunMid,Sandcastle,Fire,2026-07-27T13:58:26.820Z
6a1445c31706d609f057aa73,18,NS_SC_Ca_SR_Sn_NF,NoSnow_SummerClothing_Camels_SunRising_Snowman_NoFire.webp,2,1,NoSnow,SummerClothing,Camels,SunRising,Snowman,NoFire,2026-07-27T13:58:37.285Z
6a1445c31706d609f057aa73,19,NS_SC_Pe_SR_Sa_NF,NoSnow_SummerClothing_Penguins_SunRising_Sandcastle_NoFire.webp,4,1,NoSnow,SummerClothing,Penguins,SunRising,Sandcastle,NoFire,2026-07-27T13:58:49.035Z
6a1445c31706d609f057aa73,20,NS_SC_Pe_SM_Sn_NF,NoSnow_SummerClothing_Penguins_SunMid_Snowman_NoFire.webp,1,1,NoSnow,SummerClothing,Penguins,SunMid,Snowman,NoFire,2026-07-27T13:58:57.537Z
6a1445c31706d609f057aa73,21,NS_SC_Ca_SM_Sa_WF,NoSnow_SummerClothing_Camels_SunMid_Sandcastle_Fire.webp,6,1,NoSnow,SummerClothing,Camels,SunMid,Sandcastle,Fire,2026-07-27T13:59:05.595Z
6a1445c31706d609f057aa73,22,NS_SC_Ca_SM_Sa_NF,NoSnow_SummerClothing_Camels_SunMid_Sandcastle_NoFire.webp,7,1,NoSnow,SummerClothing,Camels,SunMid,Sandcastle,NoFire,2026-07-27T13:59:16.243Z
6a1445c31706d609f057aa73,23,NS_WC_Pe_SR_Sn_WF,NoSnow_WinterClothing_Penguins_SunRising_Snowman_Fire.webp,1,1,NoSnow,WinterClothing,Penguins,SunRising,Snowman,Fire,2026-07-27T13:59:26.506Z
6a1445c31706d609f057aa73,24,NS_WC_Pe_SM_Sa_NF,NoSnow_WinterClothing_Penguins_SunMid_Sandcastle_NoFire.webp,3,1,NoSnow,WinterClothing,Penguins,SunMid,Sandcastle,NoFire,2026-07-27T13:59:37.673Z
6a1445c31706d609f057aa73,25,S_WC_Ca_SM_Sa_NF,Snow_WinterClothing_Camels_SunMid_Sandcastle_NoFire.webp,6,1,Snow,WinterClothing,Camels,SunMid,Sandcastle,NoFire,2026-07-27T13:59:46.766Z
6a1445c31706d609f057aa73,26,NS_WC_Pe_SM_Sn_WF,NoSnow_WinterClothing_Penguins_SunMid_Snowman_Fire.webp,1,1,NoSnow,WinterClothing,Penguins,SunMid,Snowman,Fire,2026-07-27T13:59:57.972Z
6a1445c31706d609f057aa73,27,S_SC_Pe_SM_Sa_NF,Snow_SummerClothing_Penguins_SunMid_Sandcastle_NoFire.webp,4,1,Snow,SummerClothing,Penguins,SunMid,Sandcastle,NoFire,2026-07-27T14:00:11.574Z
6a1445c31706d609f057aa73,28,S_WC_Ca_SR_Sn_NF,Snow_WinterClothing_Camels_SunRising_Snowman_NoFire.webp,5,1,Snow,WinterClothing,Camels,SunRising,Snowman,NoFire,2026-07-27T14:00:32.616Z
6a1445c31706d609f057aa73,29,NS_SC_Ca_SR_Sn_WF,NoSnow_SummerClothing_Camels_SunRising_Snowman_Fire.webp,4,1,NoSnow,SummerClothing,Camels,SunRising,Snowman,Fire,2026-07-27T14:00:46.631Z
6a1445c31706d609f057aa73,30,S_SC_Ca_SM_Sa_WF,Snow_SummerClothing_Camels_SunMid_Sandcastle_Fire.webp,7,1,Snow,SummerClothing,Camels,SunMid,Sandcastle,Fire,2026-07-27T14:00:58.928Z
6a1445c31706d609f057aa73,31,S_WC_Pe_SR_Sn_WF,Snow_WinterClothing_Penguins_SunRising_Snowman_Fire.webp,1,1,Snow,WinterClothing,Penguins,SunRising,Snowman,Fire,2026-07-27T14:01:21.335Z
6a1445c31706d609f057aa73,32,NS_WC_Ca_SM_Sn_NF,NoSnow_WinterClothing_Camels_SunMid_Snowman_NoFire.webp,4,1,NoSnow,WinterClothing,Camels,SunMid,Snowman,NoFire,2026-07-27T14:01:30.083Z
6a1445c31706d609f057aa73,33,NS_SC_Pe_SR_Sn_WF,NoSnow_SummerClothing_Penguins_SunRising_Snowman_Fire.webp,3,1,NoSnow,SummerClothing,Penguins,SunRising,Snowman,Fire,2026-07-27T14:01:37.441Z
6a1445c31706d609f057aa73,34,NS_WC_Pe_SM_Sa_WF,NoSnow_WinterClothing_Penguins_SunMid_Sandcastle_Fire.webp,2,1,NoSnow,WinterClothing,Penguins,SunMid,Sandcastle,Fire,2026-07-27T14:01:52.834Z
6a1445c31706d609f057aa73,35,NS_SC_Ca_SM_Sn_WF,NoSnow_SummerClothing_Camels_SunMid_Snowman_Fire.webp,4,1,NoSnow,SummerClothing,Camels,SunMid,Snowman,Fire,2026-07-27T14:02:01.312Z
6a1445c31706d609f057aa73,36,S_SC_Ca_SM_Sn_NF,Snow_SummerClothing_Camels_SunMid_Snowman_NoFire.webp,5,1,Snow,SummerClothing,Camels,SunMid,Snowman,NoFire,2026-07-27T14:02:20.720Z
6a1445c31706d609f057aa73,37,NS_WC_Pe_SR_Sa_WF,NoSnow_WinterClothing_Penguins_SunRising_Sandcastle_Fire.webp,2,1,NoSnow,WinterClothing,Penguins,SunRising,Sandcastle,Fire,2026-07-27T14:02:32.191Z
6a1445c31706d609f057aa73,38,NS_WC_Pe_SM_Sn_NF,NoSnow_WinterClothing_Penguins_SunMid_Snowman_NoFire.webp,1,1,NoSnow,WinterClothing,Penguins,SunMid,Snowman,NoFire,2026-07-27T14:02:42.162Z
6a1445c31706d609f057aa73,39,NS_WC_Ca_SM_Sa_WF,NoSnow_WinterClothing_Camels_SunMid_Sandcastle_Fire.webp,6,1,NoSnow,WinterClothing,Camels,SunMid,Sandcastle,Fire,2026-07-27T14:02:52.816Z
6a1445c31706d609f057aa73,40,S_SC_Pe_SM_Sn_NF,Snow_SummerClothing_Penguins_SunMid_Snowman_NoFire.webp,1,1,Snow,SummerClothing,Penguins,SunMid,Snowman,NoFire,2026-07-27T14:03:10.038Z
6a1445c31706d609f057aa73,41,S_SC_Ca_SR_Sn_NF,Snow_SummerClothing_Camels_SunRising_Snowman_NoFire.webp,4,1,Snow,SummerClothing,Camels,SunRising,Snowman,NoFire,2026-07-27T14:03:16.921Z
6a1445c31706d609f057aa73,42,S_SC_Ca_SM_Sn_WF,Snow_SummerClothing_Camels_SunMid_Snowman_Fire.webp,4,1,Snow,SummerClothing,Camels,SunMid,Snowman,Fire,2026-07-27T14:03:25.334Z
6a1445c31706d609f057aa73,43,S_WC_Pe_SR_Sa_NF,Snow_WinterClothing_Penguins_SunRising_Sandcastle_NoFire.webp,3,1,Snow,WinterClothing,Penguins,SunRising,Sandcastle,NoFire,2026-07-27T14:03:36.524Z
6a1445c31706d609f057aa73,44,S_SC_Pe_SR_Sn_WF,Snow_SummerClothing_Penguins_SunRising_Snowman_Fire.webp,4,1,Snow,SummerClothing,Penguins,SunRising,Snowman,Fire,2026-07-27T14:03:44.231Z
6a1445c31706d609f057aa73,45,NS_WC_Ca_SR_Sn_NF,NoSnow_WinterClothing_Camels_SunRising_Snowman_NoFire.webp,5,1,NoSnow,WinterClothing,Camels,SunRising,Snowman,NoFire,2026-07-27T14:04:03.328Z
6a1445c31706d609f057aa73,46,S_SC_Ca_SR_Sa_NF,Snow_SummerClothing_Camels_SunRising_Sandcastle_NoFire.webp,7,1,Snow,SummerClothing,Camels,SunRising,Sandcastle,NoFire,2026-07-27T14:04:10.678Z
6a1445c31706d609f057aa73,47,S_WC_Ca_SR_Sa_NF,Snow_WinterClothing_Camels_SunRising_Sandcastle_NoFire.webp,6,1,Snow,WinterClothing,Camels,SunRising,Sandcastle,NoFire,2026-07-27T14:04:23.892Z
6a1445c31706d609f057aa73,48,NS_SC_Pe_SR_Sa_WF,NoSnow_SummerClothing_Penguins_SunRising_Sandcastle_Fire.webp,6,1,NoSnow,SummerClothing,Penguins,SunRising,Sandcastle,Fire,2026-07-27T14:04:34.189Z
6a1445c31706d609f057aa73,49,S_WC_Pe_SR_Sa_WF,Snow_WinterClothing_Penguins_SunRising_Sandcastle_Fire.webp,5,1,Snow,WinterClothing,Penguins,SunRising,Sandcastle,Fire,2026-07-27T14:04:43.922Z
6a1445c31706d609f057aa73,50,NS_SC_Pe_SM_Sa_NF,NoSnow_SummerClothing_Penguins_SunMid_Sandcastle_NoFire.webp,5,1,NoSnow,SummerClothing,Penguins,SunMid,Sandcastle,NoFire,2026-07-27T14:04:58.843Z
6a1445c31706d609f057aa73,51,S_WC_Ca_SM_Sn_WF,Snow_WinterClothing_Camels_SunMid_Snowman_Fire.webp,4,1,Snow,WinterClothing,Camels,SunMid,Snowman,Fire,2026-07-27T14:05:08.710Z
6a1445c31706d609f057aa73,52,S_WC_Pe_SM_Sa_NF,Snow_WinterClothing_Penguins_SunMid_Sandcastle_NoFire.webp,3,1,Snow,WinterClothing,Penguins,SunMid,Sandcastle,NoFire,2026-07-27T14:05:20.773Z
6a1445c31706d609f057aa73,53,NS_WC_Ca_SR_Sn_WF,NoSnow_WinterClothing_Camels_SunRising_Snowman_Fire.webp,4,1,NoSnow,WinterClothing,Camels,SunRising,Snowman,Fire,2026-07-27T14:05:40.259Z
6a1445c31706d609f057aa73,54,S_SC_Pe_SR_Sn_NF,Snow_SummerClothing_Penguins_SunRising_Snowman_NoFire.webp,2,1,Snow,SummerClothing,Penguins,SunRising,Snowman,NoFire,2026-07-27T14:05:55.576Z
6a1445c31706d609f057aa73,55,S_SC_Pe_SM_Sn_WF,Snow_SummerClothing_Penguins_SunMid_Snowman_Fire.webp,2,1,Snow,SummerClothing,Penguins,SunMid,Snowman,Fire,2026-07-27T14:06:05.704Z
6a1445c31706d609f057aa73,56,S_SC_Pe_SR_Sa_NF,Snow_SummerClothing_Penguins_SunRising_Sandcastle_NoFire.webp,5,1,Snow,SummerClothing,Penguins,SunRising,Sandcastle,NoFire,2026-07-27T14:06:23.336Z
6a1445c31706d609f057aa73,57,NS_SC_Ca_SM_Sn_NF,NoSnow_SummerClothing_Camels_SunMid_Snowman_NoFire.webp,4,1,NoSnow,SummerClothing,Camels,SunMid,Snowman,NoFire,2026-07-27T14:06:34.255Z
6a1445c31706d609f057aa73,58,NS_WC_Ca_SM_Sa_NF,NoSnow_WinterClothing_Camels_SunMid_Sandcastle_NoFire.webp,4,1,NoSnow,WinterClothing,Camels,SunMid,Sandcastle,NoFire,2026-07-27T14:06:43.254Z
6a1445c31706d609f057aa73,59,S_WC_Ca_SR_Sn_WF,Snow_WinterClothing_Camels_SunRising_Snowman_Fire.webp,4,1,Snow,WinterClothing,Camels,SunRising,Snowman,Fire,2026-07-27T14:06:51.139Z
6a1445c31706d609f057aa73,60,S_WC_Ca_SR_Sa_WF,Snow_WinterClothing_Camels_SunRising_Sandcastle_Fire.webp,7,1,Snow,WinterClothing,Camels,SunRising,Sandcastle,Fire,2026-07-27T14:07:12.439Z
6a1445c31706d609f057aa73,61,S_SC_Ca_SM_Sa_NF,Snow_SummerClothing_Camels_SunMid_Sandcastle_NoFire.webp,7,1,Snow,SummerClothing,Camels,SunMid,Sandcastle,NoFire,2026-07-27T14:07:23.523Z
6a1445c31706d609f057aa73,62,NS_WC_Ca_SM_Sn_WF,NoSnow_WinterClothing_Camels_SunMid_Snowman_Fire.webp,7,1,NoSnow,WinterClothing,Camels,SunMid,Snowman,Fire,2026-07-27T14:07:35.697Z
6a1445c31706d609f057aa73,63,S_WC_Ca_SM_Sn_NF,Snow_WinterClothing_Camels_SunMid_Snowman_NoFire.webp,6,1,Snow,WinterClothing,Camels,SunMid,Snowman,NoFire,2026-07-27T14:07:49.733Z
69fe260d62ffdde7f6f68727,0,S_WC_Ca_SM_Sn_NF,Snow_WinterClothing_Camels_SunMid_Snowman_NoFire.webp,1,1,Snow,WinterClothing,Camels,SunMid,Snowman,NoFire,2026-07-27T13:47:01.310Z
69fe260d62ffdde7f6f68727,1,S_SC_Pe_SR_Sn_NF,Snow_SummerClothing_Penguins_SunRising_Snowman_NoFire.webp,1,2,Snow,SummerClothing,Penguins,SunRising,Snowman,NoFire,2026-07-27T13:47:10.810Z
69fe260d62ffdde7f6f68727,2,NS_SC_Pe_SM_Sn_WF,NoSnow_SummerClothing_Penguins_SunMid_Snowman_Fire.webp,1,3,NoSnow,SummerClothing,Penguins,SunMid,Snowman,Fire,2026-07-27T13:47:25.446Z
69fe260d62ffdde7f6f68727,3,S_SC_Pe_SR_Sa_WF,Snow_SummerClothing_Penguins_SunRising_Sandcastle_Fire.webp,2,1,Snow,SummerClothing,Penguins,SunRising,Sandcastle,Fire,2026-07-27T13:47:48.209Z
69fe260d62ffdde7f6f68727,4,NS_WC_Ca_SR_Sa_WF,NoSnow_WinterClothing_Camels_SunRising_Sandcastle_Fire.webp,2,1,NoSnow,WinterClothing,Camels,SunRising,Sandcastle,Fire,2026-07-27T13:47:56.496Z
69fe260d62ffdde7f6f68727,5,NS_SC_Ca_SR_Sa_NF,NoSnow_SummerClothing_Camels_SunRising_Sandcastle_NoFire.webp,1,1,NoSnow,SummerClothing,Camels,SunRising,Sandcastle,NoFire,2026-07-27T13:49:19.330Z
69fe260d62ffdde7f6f68727,6,S_SC_Ca_SR_Sn_WF,Snow_SummerClothing_Camels_SunRising_Snowman_Fire.webp,2,1,Snow,SummerClothing,Camels,SunRising,Snowman,Fire,2026-07-27T13:49:29.755Z
69fe260d62ffdde7f6f68727,7,S_SC_Ca_SR_Sa_NF,Snow_SummerClothing_Camels_SunRising_Sandcastle_NoFire.webp,1,1,Snow,SummerClothing,Camels,SunRising,Sandcastle,NoFire,2026-07-27T13:50:08.467Z
69fe260d62ffdde7f6f68727,8,S_SC_Ca_SR_Sn_NF,Snow_SummerClothing_Camels_SunRising_Snowman_NoFire.webp,1,1,Snow,SummerClothing,Camels,SunRising,Snowman,NoFire,2026-07-27T13:53:28.729Z
69fe260d62ffdde7f6f68727,9,NS_SC_Ca_SR_Sn_WF,NoSnow_SummerClothing_Camels_SunRising_Snowman_Fire.webp,2,1,NoSnow,SummerClothing,Camels,SunRising,Snowman,Fire,2026-07-27T13:53:38.760Z
69fe260d62ffdde7f6f68727,10,NS_SC_Ca_SM_Sa_NF,NoSnow_SummerClothing_Camels_SunMid_Sandcastle_NoFire.webp,1,1,NoSnow,SummerClothing,Camels,SunMid,Sandcastle,NoFire,2026-07-27T13:53:55.003Z
69fe260d62ffdde7f6f68727,11,S_WC_Ca_SM_Sa_WF,Snow_WinterClothing_Camels_SunMid_Sandcastle_Fire.webp,1,1,Snow,WinterClothing,Camels,SunMid,Sandcastle,Fire,2026-07-27T13:54:13.657Z
69fe260d62ffdde7f6f68727,12,NS_WC_Pe_SM_Sn_WF,NoSnow_WinterClothing_Penguins_SunMid_Snowman_Fire.webp,1,2,NoSnow,WinterClothing,Penguins,SunMid,Snowman,Fire,2026-07-27T13:54:20.854Z
69fe260d62ffdde7f6f68727,13,S_WC_Ca_SM_Sa_NF,Snow_WinterClothing_Camels_SunMid_Sandcastle_NoFire.webp,1,2,Snow,WinterClothing,Camels,SunMid,Sandcastle,NoFire,2026-07-27T13:55:17.760Z
69fe260d62ffdde7f6f68727,14,NS_SC_Pe_SR_Sn_WF,NoSnow_SummerClothing_Penguins_SunRising_Snowman_Fire.webp,2,1,NoSnow,SummerClothing,Penguins,SunRising,Snowman,Fire,2026-07-27T13:55:32.094Z
69fe260d62ffdde7f6f68727,15,NS_WC_Pe_SR_Sa_WF,NoSnow_WinterClothing_Penguins_SunRising_Sandcastle_Fire.webp,2,1,NoSnow,WinterClothing,Penguins,SunRising,Sandcastle,Fire,2026-07-27T13:55:41.412Z
69fe260d62ffdde7f6f68727,16,S_SC_Ca_SM_Sn_NF,Snow_SummerClothing_Camels_SunMid_Snowman_NoFire.webp,1,1,Snow,SummerClothing,Camels,SunMid,Snowman,NoFire,2026-07-27T13:55:56.889Z
69fe260d62ffdde7f6f68727,17,NS_SC_Ca_SM_Sn_NF,NoSnow_SummerClothing_Camels_SunMid_Snowman_NoFire.webp,1,1,NoSnow,SummerClothing,Camels,SunMid,Snowman,NoFire,2026-07-27T13:56:05.427Z
69fe260d62ffdde7f6f68727,18,NS_SC_Ca_SR_Sa_WF,NoSnow_SummerClothing_Camels_SunRising_Sandcastle_Fire.webp,2,1,NoSnow,SummerClothing,Camels,SunRising,Sandcastle,Fire,2026-07-27T13:57:27.642Z
69fe260d62ffdde7f6f68727,19,NS_WC_Ca_SR_Sn_WF,NoSnow_WinterClothing_Camels_SunRising_Snowman_Fire.webp,2,1,NoSnow,WinterClothing,Camels,SunRising,Snowman,Fire,2026-07-27T14:00:36.261Z
69fe260d62ffdde7f6f68727,20,S_SC_Pe_SR_Sa_NF,Snow_SummerClothing_Penguins_SunRising_Sandcastle_NoFire.webp,1,1,Snow,SummerClothing,Penguins,SunRising,Sandcastle,NoFire,2026-07-27T14:02:03.575Z
69fe260d62ffdde7f6f68727,21,NS_SC_Pe_SR_Sa_NF,NoSnow_SummerClothing_Penguins_SunRising_Sandcastle_NoFire.webp,1,1,NoSnow,SummerClothing,Penguins,SunRising,Sandcastle,NoFire,2026-07-27T14:02:11.323Z
69fe260d62ffdde7f6f68727,22,NS_SC_Pe_SR_Sa_WF,NoSnow_SummerClothing_Penguins_SunRising_Sandcastle_Fire.webp,2,1,NoSnow,SummerClothing,Penguins,SunRising,Sandcastle,Fire,2026-07-27T14:02:49.727Z
69fe260d62ffdde7f6f68727,23,S_WC_Pe_SR_Sn_WF,Snow_WinterClothing_Penguins_SunRising_Snowman_Fire.webp,2,1,Snow,WinterClothing,Penguins,SunRising,Snowman,Fire,2026-07-27T14:02:57.146Z
69fe260d62ffdde7f6f68727,24,S_SC_Pe_SM_Sn_NF,Snow_SummerClothing_Penguins_SunMid_Snowman_NoFire.webp,1,1,Snow,SummerClothing,Penguins,SunMid,Snowman,NoFire,2026-07-27T14:09:26.297Z
69fe260d62ffdde7f6f68727,25,NS_SC_Pe_SR_Sn_NF,NoSnow_SummerClothing_Penguins_SunRising_Snowman_NoFire.webp,1,1,NoSnow,SummerClothing,Penguins,SunRising,Snowman,NoFire,2026-07-27T14:09:35.713Z
69fe260d62ffdde7f6f68727,26,NS_WC_Ca_SM_Sa_NF,NoSnow_WinterClothing_Camels_SunMid_Sandcastle_NoFire.webp,1,1,NoSnow,WinterClothing,Camels,SunMid,Sandcastle,NoFire,2026-07-27T14:09:41.645Z
69fe260d62ffdde7f6f68727,27,S_SC_Ca_SR_Sa_WF,Snow_SummerClothing_Camels_SunRising_Sandcastle_Fire.webp,2,1,Snow,SummerClothing,Camels,SunRising,Sandcastle,Fire,2026-07-27T14:09:48.110Z
69fe260d62ffdde7f6f68727,28,S_WC_Pe_SM_Sn_WF,Snow_WinterClothing_Penguins_SunMid_Snowman_Fire.webp,2,1,Snow,WinterClothing,Penguins,SunMid,Snowman,Fire,2026-07-27T14:09:59.008Z
69fe260d62ffdde7f6f68727,29,NS_WC_Ca_SM_Sn_NF,NoSnow_WinterClothing_Camels_SunMid_Snowman_NoFire.webp,1,1,NoSnow,WinterClothing,Camels,SunMid,Snowman,NoFire,2026-07-27T14:10:10.753Z
69fe260d62ffdde7f6f68727,30,NS_WC_Ca_SR_Sa_NF,NoSnow_WinterClothing_Camels_SunRising_Sandcastle_NoFire.webp,1,1,NoSnow,WinterClothing,Camels,SunRising,Sandcastle,NoFire,2026-07-27T14:10:18.368Z
69fe260d62ffdde7f6f68727,31,NS_SC_Pe_SM_Sn_NF,NoSnow_SummerClothing_Penguins_SunMid_Snowman_NoFire.webp,1,2,NoSnow,SummerClothing,Penguins,SunMid,Snowman,NoFire,2026-07-27T14:10:27.362Z
69fe260d62ffdde7f6f68727,32,S_WC_Ca_SM_Sn_WF,Snow_WinterClothing_Camels_SunMid_Snowman_Fire.webp,2,1,Snow,WinterClothing,Camels,SunMid,Snowman,Fire,2026-07-27T14:10:34.173Z
69fe260d62ffdde7f6f68727,33,S_SC_Pe_SM_Sn_WF,Snow_SummerClothing_Penguins_SunMid_Snowman_Fire.webp,2,2,Snow,SummerClothing,Penguins,SunMid,Snowman,Fire,2026-07-27T14:10:46.543Z
69fe260d62ffdde7f6f68727,34,NS_WC_Pe_SM_Sa_NF,NoSnow_WinterClothing_Penguins_SunMid_Sandcastle_NoFire.webp,5,3,NoSnow,WinterClothing,Penguins,SunMid,Sandcastle,NoFire,2026-07-27T14:11:05.321Z
69fe260d62ffdde7f6f68727,35,NS_WC_Pe_SR_Sn_WF,NoSnow_WinterClothing_Penguins_SunRising_Snowman_Fire.webp,5,2,NoSnow,WinterClothing,Penguins,SunRising,Snowman,Fire,2026-07-27T14:11:22.313Z
69fe260d62ffdde7f6f68727,36,S_SC_Ca_SM_Sn_WF,Snow_SummerClothing_Camels_SunMid_Snowman_Fire.webp,2,1,Snow,SummerClothing,Camels,SunMid,Snowman,Fire,2026-07-27T14:11:39.706Z
69fe260d62ffdde7f6f68727,37,S_WC_Pe_SR_Sn_NF,Snow_WinterClothing_Penguins_SunRising_Snowman_NoFire.webp,1,2,Snow,WinterClothing,Penguins,SunRising,Snowman,NoFire,2026-07-27T14:11:47.419Z
69fe260d62ffdde7f6f68727,38,S_WC_Pe_SM_Sa_NF,Snow_WinterClothing_Penguins_SunMid_Sandcastle_NoFire.webp,1,2,Snow,WinterClothing,Penguins,SunMid,Sandcastle,NoFire,2026-07-27T14:11:59.733Z
69fe260d62ffdde7f6f68727,39,NS_SC_Ca_SM_Sn_WF,NoSnow_SummerClothing_Camels_SunMid_Snowman_Fire.webp,5,2,NoSnow,SummerClothing,Camels,SunMid,Snowman,Fire,2026-07-27T14:17:53.802Z
69fe260d62ffdde7f6f68727,40,NS_WC_Ca_SM_Sa_WF,NoSnow_WinterClothing_Camels_SunMid_Sandcastle_Fire.webp,5,4,NoSnow,WinterClothing,Camels,SunMid,Sandcastle,Fire,2026-07-27T14:18:02.552Z
69fe260d62ffdde7f6f68727,41,S_SC_Pe_SR_Sn_WF,Snow_SummerClothing_Penguins_SunRising_Snowman_Fire.webp,2,2,Snow,SummerClothing,Penguins,SunRising,Snowman,Fire,2026-07-27T14:18:12.638Z
69fe260d62ffdde7f6f68727,42,S_SC_Ca_SM_Sa_WF,Snow_SummerClothing_Camels_SunMid_Sandcastle_Fire.webp,2,1,Snow,SummerClothing,Camels,SunMid,Sandcastle,Fire,2026-07-27T14:18:18.718Z
69fe260d62ffdde7f6f68727,43,S_WC_Pe_SM_Sa_WF,Snow_WinterClothing_Penguins_SunMid_Sandcastle_Fire.webp,2,2,Snow,WinterClothing,Penguins,SunMid,Sandcastle,Fire,2026-07-27T14:18:30.714Z
69fe260d62ffdde7f6f68727,44,S_WC_Pe_SR_Sa_WF,Snow_WinterClothing_Penguins_SunRising_Sandcastle_Fire.webp,2,2,Snow,WinterClothing,Penguins,SunRising,Sandcastle,Fire,2026-07-27T14:18:39.482Z
69fe260d62ffdde7f6f68727,45,NS_WC_Pe_SM_Sa_WF,NoSnow_WinterClothing_Penguins_SunMid_Sandcastle_Fire.webp,5,2,NoSnow,WinterClothing,Penguins,SunMid,Sandcastle,Fire,2026-07-27T14:18:47.489Z
69fe260d62ffdde7f6f68727,46,S_WC_Ca_SR_Sn_WF,Snow_WinterClothing_Camels_SunRising_Snowman_Fire.webp,2,1,Snow,WinterClothing,Camels,SunRising,Snowman,Fire,2026-07-27T14:18:54.716Z
69fe260d62ffdde7f6f68727,47,NS_WC_Pe_SM_Sn_NF,NoSnow_WinterClothing_Penguins_SunMid_Snowman_NoFire.webp,5,2,NoSnow,WinterClothing,Penguins,SunMid,Snowman,NoFire,2026-07-27T14:19:05.638Z
69fe260d62ffdde7f6f68727,48,NS_WC_Ca_SM_Sn_WF,NoSnow_WinterClothing_Camels_SunMid_Snowman_Fire.webp,5,2,NoSnow,WinterClothing,Camels,SunMid,Snowman,Fire,2026-07-27T14:19:24.984Z
69fe260d62ffdde7f6f68727,49,NS_SC_Ca_SM_Sa_WF,NoSnow_SummerClothing_Camels_SunMid_Sandcastle_Fire.webp,6,3,NoSnow,SummerClothing,Camels,SunMid,Sandcastle,Fire,2026-07-27T14:19:37.116Z
69fe260d62ffdde7f6f68727,50,S_WC_Pe_SR_Sa_NF,Snow_WinterClothing_Penguins_SunRising_Sandcastle_NoFire.webp,1,2,Snow,WinterClothing,Penguins,SunRising,Sandcastle,NoFire,2026-07-27T14:19:45.693Z
69fe260d62ffdde7f6f68727,51,NS_WC_Ca_SR_Sn_NF,NoSnow_WinterClothing_Camels_SunRising_Snowman_NoFire.webp,4,2,NoSnow,WinterClothing,Camels,SunRising,Snowman,NoFire,2026-07-27T14:20:06.644Z
69fe260d62ffdde7f6f68727,52,S_SC_Pe_SM_Sa_WF,Snow_SummerClothing_Penguins_SunMid_Sandcastle_Fire.webp,2,2,Snow,SummerClothing,Penguins,SunMid,Sandcastle,Fire,2026-07-27T14:20:17.265Z
69fe260d62ffdde7f6f68727,53,NS_WC_Pe_SR_Sn_NF,NoSnow_WinterClothing_Penguins_SunRising_Snowman_NoFire.webp,5,3,NoSnow,WinterClothing,Penguins,SunRising,Snowman,NoFire,2026-07-27T14:20:27.450Z
69fe260d62ffdde7f6f68727,54,S_WC_Ca_SR_Sa_NF,Snow_WinterClothing_Camels_SunRising_Sandcastle_NoFire.webp,1,1,Snow,WinterClothing,Camels,SunRising,Sandcastle,NoFire,2026-07-27T14:20:36.515Z
69fe260d62ffdde7f6f68727,55,NS_WC_Pe_SR_Sa_NF,NoSnow_WinterClothing_Penguins_SunRising_Sandcastle_NoFire.webp,5,2,NoSnow,WinterClothing,Penguins,SunRising,Sandcastle,NoFire,2026-07-27T14:20:44.983Z
69fe260d62ffdde7f6f68727,56,S_WC_Pe_SM_Sn_NF,Snow_WinterClothing_Penguins_SunMid_Snowman_NoFire.webp,1,3,Snow,WinterClothing,Penguins,SunMid,Snowman,NoFire,2026-07-27T14:20:55.110Z
69fe260d62ffdde7f6f68727,57,S_SC_Ca_SM_Sa_NF,Snow_SummerClothing_Camels_SunMid_Sandcastle_NoFire.webp,1,1,Snow,SummerClothing,Camels,SunMid,Sandcastle,NoFire,2026-07-27T14:21:03.749Z
69fe260d62ffdde7f6f68727,58,NS_SC_Pe_SM_Sa_WF,NoSnow_SummerClothing_Penguins_SunMid_Sandcastle_Fire.webp,5,3,NoSnow,SummerClothing,Penguins,SunMid,Sandcastle,Fire,2026-07-27T14:21:12.193Z
69fe260d62ffdde7f6f68727,59,NS_SC_Ca_SR_Sn_NF,NoSnow_SummerClothing_Camels_SunRising_Snowman_NoFire.webp,5,3,NoSnow,SummerClothing,Camels,SunRising,Snowman,NoFire,2026-07-27T14:21:25.963Z
69fe260d62ffdde7f6f68727,60,S_WC_Ca_SR_Sn_NF,Snow_WinterClothing_Camels_SunRising_Snowman_NoFire.webp,1,1,Snow,WinterClothing,Camels,SunRising,Snowman,NoFire,2026-07-27T14:21:33.611Z
69fe260d62ffdde7f6f68727,61,NS_SC_Pe_SM_Sa_NF,NoSnow_SummerClothing_Penguins_SunMid_Sandcastle_NoFire.webp,5,3,NoSnow,SummerClothing,Penguins,SunMid,Sandcastle,NoFire,2026-07-27T14:21:42.866Z
69fe260d62ffdde7f6f68727,62,S_SC_Pe_SM_Sa_NF,Snow_SummerClothing_Penguins_SunMid_Sandcastle_NoFire.webp,1,2,Snow,SummerClothing,Penguins,SunMid,Sandcastle,NoFire,2026-07-27T14:21:53.737Z
69fe260d62ffdde7f6f68727,63,S_WC_Ca_SR_Sa_WF,Snow_WinterClothing_Camels_SunRising_Sandcastle_Fire.webp,2,1,Snow,WinterClothing,Camels,SunRising,Sandcastle,Fire,2026-07-27T14:22:03.580Z
6a1d5035af8f2677814eebd2,0,NS_SC_Pe_SM_Sn_NF,NoSnow_SummerClothing_Penguins_SunMid_Snowman_NoFire.webp,2,1,NoSnow,SummerClothing,Penguins,SunMid,Snowman,NoFire,2026-07-27T13:45:10.926Z
6a1d5035af8f2677814eebd2,1,NS_WC_Pe_SR_Sa_WF,NoSnow_WinterClothing_Penguins_SunRising_Sandcastle_Fire.webp,4,2,NoSnow,WinterClothing,Penguins,SunRising,Sandcastle,Fire,2026-07-27T13:45:44.607Z
6a1d5035af8f2677814eebd2,2,S_WC_Ca_SR_Sa_WF,Snow_WinterClothing_Camels_SunRising_Sandcastle_Fire.webp,6,3,Snow,WinterClothing,Camels,SunRising,Sandcastle,Fire,2026-07-27T13:46:05.262Z
6a1d5035af8f2677814eebd2,3,S_SC_Pe_SR_Sa_WF,Snow_SummerClothing_Penguins_SunRising_Sandcastle_Fire.webp,5,3,Snow,SummerClothing,Penguins,SunRising,Sandcastle,Fire,2026-07-27T13:46:23.521Z
6a1d5035af8f2677814eebd2,4,NS_WC_Pe_SR_Sn_WF,NoSnow_WinterClothing_Penguins_SunRising_Snowman_Fire.webp,2,1,NoSnow,WinterClothing,Penguins,SunRising,Snowman,Fire,2026-07-27T13:46:43.478Z
6a1d5035af8f2677814eebd2,5,S_WC_Pe_SR_Sn_WF,Snow_WinterClothing_Penguins_SunRising_Snowman_Fire.webp,2,2,Snow,WinterClothing,Penguins,SunRising,Snowman,Fire,2026-07-27T13:47:02.200Z
6a1d5035af8f2677814eebd2,6,NS_SC_Pe_SM_Sa_WF,NoSnow_SummerClothing_Penguins_SunMid_Sandcastle_Fire.webp,5,3,NoSnow,SummerClothing,Penguins,SunMid,Sandcastle,Fire,2026-07-27T13:47:18.389Z
6a1d5035af8f2677814eebd2,7,NS_SC_Pe_SR_Sa_WF,NoSnow_SummerClothing_Penguins_SunRising_Sandcastle_Fire.webp,5,3,NoSnow,SummerClothing,Penguins,SunRising,Sandcastle,Fire,2026-07-27T13:47:35.714Z
6a1d5035af8f2677814eebd2,8,NS_WC_Ca_SR_Sa_WF,NoSnow_WinterClothing_Camels_SunRising_Sandcastle_Fire.webp,6,4,NoSnow,WinterClothing,Camels,SunRising,Sandcastle,Fire,2026-07-27T13:47:48.795Z
6a1d5035af8f2677814eebd2,9,NS_SC_Ca_SM_Sn_NF,NoSnow_SummerClothing_Camels_SunMid_Snowman_NoFire.webp,6,2,NoSnow,SummerClothing,Camels,SunMid,Snowman,NoFire,2026-07-27T13:48:07.741Z
6a1d5035af8f2677814eebd2,10,NS_WC_Pe_SM_Sa_WF,NoSnow_WinterClothing_Penguins_SunMid_Sandcastle_Fire.webp,3,3,NoSnow,WinterClothing,Penguins,SunMid,Sandcastle,Fire,2026-07-27T13:48:28.767Z
6a1d5035af8f2677814eebd2,11,S_WC_Ca_SR_Sn_NF,Snow_WinterClothing_Camels_SunRising_Snowman_NoFire.webp,5,3,Snow,WinterClothing,Camels,SunRising,Snowman,NoFire,2026-07-27T13:48:45.350Z
6a1d5035af8f2677814eebd2,12,NS_SC_Ca_SR_Sa_NF,NoSnow_SummerClothing_Camels_SunRising_Sandcastle_NoFire.webp,6,7,NoSnow,SummerClothing,Camels,SunRising,Sandcastle,NoFire,2026-07-27T13:48:57.873Z
6a1d5035af8f2677814eebd2,13,S_SC_Pe_SR_Sn_NF,Snow_SummerClothing_Penguins_SunRising_Snowman_NoFire.webp,5,3,Snow,SummerClothing,Penguins,SunRising,Snowman,NoFire,2026-07-27T13:49:11.550Z
6a1d5035af8f2677814eebd2,14,NS_SC_Ca_SM_Sn_WF,NoSnow_SummerClothing_Camels_SunMid_Snowman_Fire.webp,6,1,NoSnow,SummerClothing,Camels,SunMid,Snowman,Fire,2026-07-27T13:49:24.084Z
6a1d5035af8f2677814eebd2,15,NS_WC_Ca_SM_Sa_WF,NoSnow_WinterClothing_Camels_SunMid_Sandcastle_Fire.webp,5,5,NoSnow,WinterClothing,Camels,SunMid,Sandcastle,Fire,2026-07-27T13:49:35.188Z
6a1d5035af8f2677814eebd2,16,S_SC_Ca_SM_Sn_WF,Snow_SummerClothing_Camels_SunMid_Snowman_Fire.webp,6,1,Snow,SummerClothing,Camels,SunMid,Snowman,Fire,2026-07-27T13:49:49.026Z
6a1d5035af8f2677814eebd2,17,NS_SC_Ca_SR_Sn_WF,NoSnow_SummerClothing_Camels_SunRising_Snowman_Fire.webp,5,2,NoSnow,SummerClothing,Camels,SunRising,Snowman,Fire,2026-07-27T13:50:03.460Z
6a1d5035af8f2677814eebd2,18,S_WC_Ca_SR_Sn_WF,Snow_WinterClothing_Camels_SunRising_Snowman_Fire.webp,3,3,Snow,WinterClothing,Camels,SunRising,Snowman,Fire,2026-07-27T13:50:18.186Z
6a1d5035af8f2677814eebd2,19,NS_WC_Pe_SM_Sn_WF,NoSnow_WinterClothing_Penguins_SunMid_Snowman_Fire.webp,3,5,NoSnow,WinterClothing,Penguins,SunMid,Snowman,Fire,2026-07-27T13:50:35.196Z
6a1d5035af8f2677814eebd2,20,S_WC_Pe_SR_Sa_WF,Snow_WinterClothing_Penguins_SunRising_Sandcastle_Fire.webp,3,6,Snow,WinterClothing,Penguins,SunRising,Sandcastle,Fire,2026-07-27T13:50:52.364Z
6a1d5035af8f2677814eebd2,21,S_SC_Pe_SR_Sa_NF,Snow_SummerClothing_Penguins_SunRising_Sandcastle_NoFire.webp,5,4,Snow,SummerClothing,Penguins,SunRising,Sandcastle,NoFire,2026-07-27T13:51:01.555Z
6a1d5035af8f2677814eebd2,22,NS_SC_Ca_SM_Sa_WF,NoSnow_SummerClothing_Camels_SunMid_Sandcastle_Fire.webp,6,7,NoSnow,SummerClothing,Camels,SunMid,Sandcastle,Fire,2026-07-27T13:51:15.270Z
6a1d5035af8f2677814eebd2,23,S_WC_Pe_SM_Sn_NF,Snow_WinterClothing_Penguins_SunMid_Snowman_NoFire.webp,2,7,Snow,WinterClothing,Penguins,SunMid,Snowman,NoFire,2026-07-27T13:51:30.073Z
6a1d5035af8f2677814eebd2,24,S_SC_Pe_SM_Sa_NF,Snow_SummerClothing_Penguins_SunMid_Sandcastle_NoFire.webp,6,6,Snow,SummerClothing,Penguins,SunMid,Sandcastle,NoFire,2026-07-27T13:51:41.111Z
6a1d5035af8f2677814eebd2,25,NS_SC_Pe_SR_Sa_NF,NoSnow_SummerClothing_Penguins_SunRising_Sandcastle_NoFire.webp,5,4,NoSnow,SummerClothing,Penguins,SunRising,Sandcastle,NoFire,2026-07-27T13:52:00.628Z
6a1d5035af8f2677814eebd2,26,S_WC_Pe_SR_Sn_NF,Snow_WinterClothing_Penguins_SunRising_Snowman_NoFire.webp,2,6,Snow,WinterClothing,Penguins,SunRising,Snowman,NoFire,2026-07-27T13:52:15.816Z
6a1d5035af8f2677814eebd2,27,S_SC_Ca_SR_Sn_NF,Snow_SummerClothing_Camels_SunRising_Snowman_NoFire.webp,6,3,Snow,SummerClothing,Camels,SunRising,Snowman,NoFire,2026-07-27T13:52:30.520Z
6a1d5035af8f2677814eebd2,28,S_SC_Pe_SM_Sa_WF,Snow_SummerClothing_Penguins_SunMid_Sandcastle_Fire.webp,5,5,Snow,SummerClothing,Penguins,SunMid,Sandcastle,Fire,2026-07-27T13:52:44.830Z
6a1d5035af8f2677814eebd2,29,S_WC_Pe_SM_Sn_WF,Snow_WinterClothing_Penguins_SunMid_Snowman_Fire.webp,2,6,Snow,WinterClothing,Penguins,SunMid,Snowman,Fire,2026-07-27T13:53:01.850Z
6a1d5035af8f2677814eebd2,30,NS_WC_Ca_SM_Sa_NF,NoSnow_WinterClothing_Camels_SunMid_Sandcastle_NoFire.webp,5,6,NoSnow,WinterClothing,Camels,SunMid,Sandcastle,NoFire,2026-07-27T13:53:12.821Z
6a1d5035af8f2677814eebd2,31,S_WC_Ca_SM_Sa_WF,Snow_WinterClothing_Camels_SunMid_Sandcastle_Fire.webp,4,5,Snow,WinterClothing,Camels,SunMid,Sandcastle,Fire,2026-07-27T13:53:33.419Z
6a1d5035af8f2677814eebd2,32,NS_SC_Pe_SR_Sn_NF,NoSnow_SummerClothing_Penguins_SunRising_Snowman_NoFire.webp,5,2,NoSnow,SummerClothing,Penguins,SunRising,Snowman,NoFire,2026-07-27T13:53:50.160Z
6a1d5035af8f2677814eebd2,33,S_WC_Pe_SM_Sa_NF,Snow_WinterClothing_Penguins_SunMid_Sandcastle_NoFire.webp,2,6,Snow,WinterClothing,Penguins,SunMid,Sandcastle,NoFire,2026-07-27T13:54:05.381Z
6a1d5035af8f2677814eebd2,34,S_WC_Pe_SR_Sa_NF,Snow_WinterClothing_Penguins_SunRising_Sandcastle_NoFire.webp,2,6,Snow,WinterClothing,Penguins,SunRising,Sandcastle,NoFire,2026-07-27T13:54:16.519Z
6a1d5035af8f2677814eebd2,35,NS_WC_Ca_SR_Sn_NF,NoSnow_WinterClothing_Camels_SunRising_Snowman_NoFire.webp,2,6,NoSnow,WinterClothing,Camels,SunRising,Snowman,NoFire,2026-07-27T13:54:31.200Z
6a1d5035af8f2677814eebd2,36,S_SC_Pe_SM_Sn_WF,Snow_SummerClothing_Penguins_SunMid_Snowman_Fire.webp,5,3,Snow,SummerClothing,Penguins,SunMid,Snowman,Fire,2026-07-27T13:54:42.485Z
6a1d5035af8f2677814eebd2,37,NS_WC_Pe_SM_Sa_NF,NoSnow_WinterClothing_Penguins_SunMid_Sandcastle_NoFire.webp,2,7,NoSnow,WinterClothing,Penguins,SunMid,Sandcastle,NoFire,2026-07-27T13:55:06.063Z
6a1d5035af8f2677814eebd2,38,S_WC_Ca_SM_Sn_WF,Snow_WinterClothing_Camels_SunMid_Snowman_Fire.webp,3,3,Snow,WinterClothing,Camels,SunMid,Snowman,Fire,2026-07-27T13:55:20.060Z
6a1d5035af8f2677814eebd2,39,NS_SC_Pe_SR_Sn_WF,NoSnow_SummerClothing_Penguins_SunRising_Snowman_Fire.webp,4,2,NoSnow,SummerClothing,Penguins,SunRising,Snowman,Fire,2026-07-27T13:55:28.801Z
6a1d5035af8f2677814eebd2,40,NS_WC_Ca_SM_Sn_WF,NoSnow_WinterClothing_Camels_SunMid_Snowman_Fire.webp,2,6,NoSnow,WinterClothing,Camels,SunMid,Snowman,Fire,2026-07-27T13:55:41.705Z
6a1d5035af8f2677814eebd2,41,NS_SC_Pe_SM_Sn_WF,NoSnow_SummerClothing_Penguins_SunMid_Snowman_Fire.webp,4,3,NoSnow,SummerClothing,Penguins,SunMid,Snowman,Fire,2026-07-27T13:55:50.151Z
6a1d5035af8f2677814eebd2,42,NS_SC_Pe_SM_Sa_NF,NoSnow_SummerClothing_Penguins_SunMid_Sandcastle_NoFire.webp,6,4,NoSnow,SummerClothing,Penguins,SunMid,Sandcastle,NoFire,2026-07-27T13:56:04.631Z
6a1d5035af8f2677814eebd2,43,NS_WC_Pe_SR_Sn_NF,NoSnow_WinterClothing_Penguins_SunRising_Snowman_NoFire.webp,2,7,NoSnow,WinterClothing,Penguins,SunRising,Snowman,NoFire,2026-07-27T13:56:19.651Z
6a1d5035af8f2677814eebd2,44,S_SC_Ca_SM_Sa_WF,Snow_SummerClothing_Camels_SunMid_Sandcastle_Fire.webp,6,6,Snow,SummerClothing,Camels,SunMid,Sandcastle,Fire,2026-07-27T13:56:28.549Z
6a1d5035af8f2677814eebd2,45,S_SC_Ca_SM_Sn_NF,Snow_SummerClothing_Camels_SunMid_Snowman_NoFire.webp,5,2,Snow,SummerClothing,Camels,SunMid,Snowman,NoFire,2026-07-27T13:56:41.002Z
6a1d5035af8f2677814eebd2,46,NS_WC_Pe_SR_Sa_NF,NoSnow_WinterClothing_Penguins_SunRising_Sandcastle_NoFire.webp,2,7,NoSnow,WinterClothing,Penguins,SunRising,Sandcastle,NoFire,2026-07-27T13:56:55.561Z
6a1d5035af8f2677814eebd2,47,S_WC_Ca_SM_Sn_NF,Snow_WinterClothing_Camels_SunMid_Snowman_NoFire.webp,2,5,Snow,WinterClothing,Camels,SunMid,Snowman,NoFire,2026-07-27T13:57:06.811Z
6a1d5035af8f2677814eebd2,48,S_SC_Ca_SR_Sn_WF,Snow_SummerClothing_Camels_SunRising_Snowman_Fire.webp,4,3,Snow,SummerClothing,Camels,SunRising,Snowman,Fire,2026-07-27T13:57:16.880Z
6a1d5035af8f2677814eebd2,49,S_SC_Ca_SR_Sa_NF,Snow_SummerClothing_Camels_SunRising_Sandcastle_NoFire.webp,5,7,Snow,SummerClothing,Camels,SunRising,Sandcastle,NoFire,2026-07-27T13:57:37.682Z
6a1d5035af8f2677814eebd2,50,NS_SC_Ca_SR_Sn_NF,NoSnow_SummerClothing_Camels_SunRising_Snowman_NoFire.webp,5,3,NoSnow,SummerClothing,Camels,SunRising,Snowman,NoFire,2026-07-27T13:57:47.862Z
6a1d5035af8f2677814eebd2,51,S_SC_Ca_SM_Sa_NF,Snow_SummerClothing_Camels_SunMid_Sandcastle_NoFire.webp,7,7,Snow,SummerClothing,Camels,SunMid,Sandcastle,NoFire,2026-07-27T13:57:58.482Z
6a1d5035af8f2677814eebd2,52,NS_SC_Ca_SR_Sa_WF,NoSnow_SummerClothing_Camels_SunRising_Sandcastle_Fire.webp,6,6,NoSnow,SummerClothing,Camels,SunRising,Sandcastle,Fire,2026-07-27T13:58:08.246Z
6a1d5035af8f2677814eebd2,53,S_WC_Ca_SR_Sa_NF,Snow_WinterClothing_Camels_SunRising_Sandcastle_NoFire.webp,3,6,Snow,WinterClothing,Camels,SunRising,Sandcastle,NoFire,2026-07-27T13:58:19.116Z
6a1d5035af8f2677814eebd2,54,S_SC_Pe_SR_Sn_WF,Snow_SummerClothing_Penguins_SunRising_Snowman_Fire.webp,5,4,Snow,SummerClothing,Penguins,SunRising,Snowman,Fire,2026-07-27T13:58:37.924Z
6a1d5035af8f2677814eebd2,55,NS_WC_Ca_SR_Sn_WF,NoSnow_WinterClothing_Camels_SunRising_Snowman_Fire.webp,3,5,NoSnow,WinterClothing,Camels,SunRising,Snowman,Fire,2026-07-27T13:58:50.031Z
6a1d5035af8f2677814eebd2,56,S_SC_Pe_SM_Sn_NF,Snow_SummerClothing_Penguins_SunMid_Snowman_NoFire.webp,6,4,Snow,SummerClothing,Penguins,SunMid,Snowman,NoFire,2026-07-27T13:59:10.875Z
6a1d5035af8f2677814eebd2,57,S_WC_Ca_SM_Sa_NF,Snow_WinterClothing_Camels_SunMid_Sandcastle_NoFire.webp,3,6,Snow,WinterClothing,Camels,SunMid,Sandcastle,NoFire,2026-07-27T13:59:22.723Z
6a1d5035af8f2677814eebd2,58,NS_WC_Pe_SM_Sn_NF,NoSnow_WinterClothing_Penguins_SunMid_Snowman_NoFire.webp,2,6,NoSnow,WinterClothing,Penguins,SunMid,Snowman,NoFire,2026-07-27T13:59:33.330Z
6a1d5035af8f2677814eebd2,59,NS_WC_Ca_SR_Sa_NF,NoSnow_WinterClothing_Camels_SunRising_Sandcastle_NoFire.webp,3,5,NoSnow,WinterClothing,Camels,SunRising,Sandcastle,NoFire,2026-07-27T13:59:46.383Z
6a1d5035af8f2677814eebd2,60,NS_SC_Ca_SM_Sa_NF,NoSnow_SummerClothing_Camels_SunMid_Sandcastle_NoFire.webp,7,7,NoSnow,SummerClothing,Camels,SunMid,Sandcastle,NoFire,2026-07-27T13:59:58.464Z
6a1d5035af8f2677814eebd2,61,NS_WC_Ca_SM_Sn_NF,NoSnow_WinterClothing_Camels_SunMid_Snowman_NoFire.webp,3,6,NoSnow,WinterClothing,Camels,SunMid,Snowman,NoFire,2026-07-27T14:00:09.894Z
6a1d5035af8f2677814eebd2,62,S_SC_Ca_SR_Sa_WF,Snow_SummerClothing_Camels_SunRising_Sandcastle_Fire.webp,7,7,Snow,SummerClothing,Camels,SunRising,Sandcastle,Fire,2026-07-27T14:00:31.382Z
6a1d5035af8f2677814eebd2,63,S_WC_Pe_SM_Sa_WF,Snow_WinterClothing_Penguins_SunMid_Sandcastle_Fire.webp,3,5,Snow,WinterClothing,Penguins,SunMid,Sandcastle,Fire,2026-07-27T14:00:43.466Z
5a94f57289de8200013ecbc8,0,NS_WC_Ca_SM_Sn_NF,NoSnow_WinterClothing_Camels_SunMid_Snowman_NoFire.webp,1,1,NoSnow,WinterClothing,Camels,SunMid,Snowman,NoFire,2026-07-27T13:49:10.487Z
5a94f57289de8200013ecbc8,1,S_WC_Ca_SM_Sn_WF,Snow_WinterClothing_Camels_SunMid_Snowman_Fire.webp,2,1,Snow,WinterClothing,Camels,SunMid,Snowman,Fire,2026-07-27T13:49:29.248Z
5a94f57289de8200013ecbc8,2,S_WC_Pe_SM_Sa_NF,Snow_WinterClothing_Penguins_SunMid_Sandcastle_NoFire.webp,4,1,Snow,WinterClothing,Penguins,SunMid,Sandcastle,NoFire,2026-07-27T13:49:39.973Z
5a94f57289de8200013ecbc8,3,S_SC_Ca_SR_Sa_NF,Snow_SummerClothing_Camels_SunRising_Sandcastle_NoFire.webp,5,5,Snow,SummerClothing,Camels,SunRising,Sandcastle,NoFire,2026-07-27T13:50:20.121Z
5a94f57289de8200013ecbc8,4,NS_WC_Pe_SM_Sa_NF,NoSnow_WinterClothing_Penguins_SunMid_Sandcastle_NoFire.webp,3,1,NoSnow,WinterClothing,Penguins,SunMid,Sandcastle,NoFire,2026-07-27T13:50:34.589Z
5a94f57289de8200013ecbc8,5,NS_WC_Pe_SM_Sn_WF,NoSnow_WinterClothing_Penguins_SunMid_Snowman_Fire.webp,4,1,NoSnow,WinterClothing,Penguins,SunMid,Snowman,Fire,2026-07-27T13:50:58.081Z
5a94f57289de8200013ecbc8,6,NS_SC_Pe_SR_Sa_WF,NoSnow_SummerClothing_Penguins_SunRising_Sandcastle_Fire.webp,4,1,NoSnow,SummerClothing,Penguins,SunRising,Sandcastle,Fire,2026-07-27T13:51:48.862Z
5a94f57289de8200013ecbc8,7,S_SC_Ca_SM_Sn_WF,Snow_SummerClothing_Camels_SunMid_Snowman_Fire.webp,3,1,Snow,SummerClothing,Camels,SunMid,Snowman,Fire,2026-07-27T13:52:04.485Z
5a94f57289de8200013ecbc8,8,NS_SC_Pe_SM_Sn_WF,NoSnow_SummerClothing_Penguins_SunMid_Snowman_Fire.webp,4,1,NoSnow,SummerClothing,Penguins,SunMid,Snowman,Fire,2026-07-27T13:52:18.868Z
5a94f57289de8200013ecbc8,9,S_WC_Pe_SM_Sa_WF,Snow_WinterClothing_Penguins_SunMid_Sandcastle_Fire.webp,4,1,Snow,WinterClothing,Penguins,SunMid,Sandcastle,Fire,2026-07-27T13:52:32.981Z
5a94f57289de8200013ecbc8,10,S_SC_Ca_SM_Sa_WF,Snow_SummerClothing_Camels_SunMid_Sandcastle_Fire.webp,6,5,Snow,SummerClothing,Camels,SunMid,Sandcastle,Fire,2026-07-27T13:52:43.242Z
5a94f57289de8200013ecbc8,11,NS_SC_Ca_SM_Sa_NF,NoSnow_SummerClothing_Camels_SunMid_Sandcastle_NoFire.webp,6,5,NoSnow,SummerClothing,Camels,SunMid,Sandcastle,NoFire,2026-07-27T13:53:21.236Z
5a94f57289de8200013ecbc8,12,S_WC_Ca_SM_Sa_WF,Snow_WinterClothing_Camels_SunMid_Sandcastle_Fire.webp,6,5,Snow,WinterClothing,Camels,SunMid,Sandcastle,Fire,2026-07-27T13:53:31.277Z
5a94f57289de8200013ecbc8,13,S_SC_Pe_SR_Sa_NF,Snow_SummerClothing_Penguins_SunRising_Sandcastle_NoFire.webp,5,2,Snow,SummerClothing,Penguins,SunRising,Sandcastle,NoFire,2026-07-27T13:53:45.599Z
5a94f57289de8200013ecbc8,14,NS_WC_Ca_SR_Sa_NF,NoSnow_WinterClothing_Camels_SunRising_Sandcastle_NoFire.webp,6,5,NoSnow,WinterClothing,Camels,SunRising,Sandcastle,NoFire,2026-07-27T13:54:37.802Z
5a94f57289de8200013ecbc8,15,NS_SC_Pe_SR_Sa_NF,NoSnow_SummerClothing_Penguins_SunRising_Sandcastle_NoFire.webp,5,2,NoSnow,SummerClothing,Penguins,SunRising,Sandcastle,NoFire,2026-07-27T13:54:55.433Z
5a94f57289de8200013ecbc8,16,S_WC_Pe_SM_Sn_WF,Snow_WinterClothing_Penguins_SunMid_Snowman_Fire.webp,3,2,Snow,WinterClothing,Penguins,SunMid,Snowman,Fire,2026-07-27T13:55:42.568Z
5a94f57289de8200013ecbc8,17,S_SC_Pe_SR_Sn_WF,Snow_SummerClothing_Penguins_SunRising_Snowman_Fire.webp,2,1,Snow,SummerClothing,Penguins,SunRising,Snowman,Fire,2026-07-27T13:55:53.839Z
5a94f57289de8200013ecbc8,18,NS_SC_Pe_SM_Sn_NF,NoSnow_SummerClothing_Penguins_SunMid_Snowman_NoFire.webp,4,3,NoSnow,SummerClothing,Penguins,SunMid,Snowman,NoFire,2026-07-27T13:56:00.860Z
5a94f57289de8200013ecbc8,19,S_SC_Pe_SR_Sn_NF,Snow_SummerClothing_Penguins_SunRising_Snowman_NoFire.webp,2,2,Snow,SummerClothing,Penguins,SunRising,Snowman,NoFire,2026-07-27T13:56:10.892Z
5a94f57289de8200013ecbc8,20,NS_WC_Ca_SR_Sn_NF,NoSnow_WinterClothing_Camels_SunRising_Snowman_NoFire.webp,6,3,NoSnow,WinterClothing,Camels,SunRising,Snowman,NoFire,2026-07-27T13:56:19.363Z
5a94f57289de8200013ecbc8,21,S_SC_Pe_SM_Sa_WF,Snow_SummerClothing_Penguins_SunMid_Sandcastle_Fire.webp,2,2,Snow,SummerClothing,Penguins,SunMid,Sandcastle,Fire,2026-07-27T13:56:27.174Z
5a94f57289de8200013ecbc8,22,S_WC_Ca_SR_Sa_WF,Snow_WinterClothing_Camels_SunRising_Sandcastle_Fire.webp,2,2,Snow,WinterClothing,Camels,SunRising,Sandcastle,Fire,2026-07-27T13:56:42.898Z
5a94f57289de8200013ecbc8,23,NS_WC_Ca_SM_Sn_WF,NoSnow_WinterClothing_Camels_SunMid_Snowman_Fire.webp,6,2,NoSnow,WinterClothing,Camels,SunMid,Snowman,Fire,2026-07-27T13:56:52.311Z
5a94f57289de8200013ecbc8,24,NS_SC_Pe_SR_Sn_WF,NoSnow_SummerClothing_Penguins_SunRising_Snowman_Fire.webp,5,2,NoSnow,SummerClothing,Penguins,SunRising,Snowman,Fire,2026-07-27T13:57:58.126Z
5a94f57289de8200013ecbc8,25,S_WC_Ca_SM_Sa_NF,Snow_WinterClothing_Camels_SunMid_Sandcastle_NoFire.webp,2,2,Snow,WinterClothing,Camels,SunMid,Sandcastle,NoFire,2026-07-27T13:58:06.543Z
5a94f57289de8200013ecbc8,26,NS_WC_Ca_SM_Sa_NF,NoSnow_WinterClothing_Camels_SunMid_Sandcastle_NoFire.webp,6,6,NoSnow,WinterClothing,Camels,SunMid,Sandcastle,NoFire,2026-07-27T13:58:14.656Z
5a94f57289de8200013ecbc8,27,S_SC_Ca_SM_Sa_NF,Snow_SummerClothing_Camels_SunMid_Sandcastle_NoFire.webp,6,5,Snow,SummerClothing,Camels,SunMid,Sandcastle,NoFire,2026-07-27T13:58:51.101Z
5a94f57289de8200013ecbc8,28,NS_SC_Pe_SM_Sa_NF,NoSnow_SummerClothing_Penguins_SunMid_Sandcastle_NoFire.webp,5,3,NoSnow,SummerClothing,Penguins,SunMid,Sandcastle,NoFire,2026-07-27T13:58:58.800Z
5a94f57289de8200013ecbc8,29,NS_SC_Ca_SM_Sn_NF,NoSnow_SummerClothing_Camels_SunMid_Snowman_NoFire.webp,5,3,NoSnow,SummerClothing,Camels,SunMid,Snowman,NoFire,2026-07-27T13:59:06.149Z
5a94f57289de8200013ecbc8,30,NS_SC_Pe_SM_Sa_WF,NoSnow_SummerClothing_Penguins_SunMid_Sandcastle_Fire.webp,6,3,NoSnow,SummerClothing,Penguins,SunMid,Sandcastle,Fire,2026-07-27T13:59:49.171Z
5a94f57289de8200013ecbc8,31,NS_SC_Ca_SM_Sa_WF,NoSnow_SummerClothing_Camels_SunMid_Sandcastle_Fire.webp,7,6,NoSnow,SummerClothing,Camels,SunMid,Sandcastle,Fire,2026-07-27T13:59:55.595Z
5a94f57289de8200013ecbc8,32,NS_WC_Pe_SR_Sn_WF,NoSnow_WinterClothing_Penguins_SunRising_Snowman_Fire.webp,7,2,NoSnow,WinterClothing,Penguins,SunRising,Snowman,Fire,2026-07-27T14:00:08.696Z
5a94f57289de8200013ecbc8,33,S_WC_Pe_SR_Sn_WF,Snow_WinterClothing_Penguins_SunRising_Snowman_Fire.webp,5,5,Snow,WinterClothing,Penguins,SunRising,Snowman,Fire,2026-07-27T14:00:20.471Z
5a94f57289de8200013ecbc8,34,NS_WC_Pe_SR_Sa_NF,NoSnow_WinterClothing_Penguins_SunRising_Sandcastle_NoFire.webp,6,3,NoSnow,WinterClothing,Penguins,SunRising,Sandcastle,NoFire,2026-07-27T14:00:27.687Z
5a94f57289de8200013ecbc8,35,NS_SC_Pe_SR_Sn_NF,NoSnow_SummerClothing_Penguins_SunRising_Snowman_NoFire.webp,5,3,NoSnow,SummerClothing,Penguins,SunRising,Snowman,NoFire,2026-07-27T14:00:35.510Z
5a94f57289de8200013ecbc8,36,S_SC_Pe_SM_Sn_WF,Snow_SummerClothing_Penguins_SunMid_Snowman_Fire.webp,1,5,Snow,SummerClothing,Penguins,SunMid,Snowman,Fire,2026-07-27T14:01:11.814Z
5a94f57289de8200013ecbc8,37,S_SC_Pe_SM_Sa_NF,Snow_SummerClothing_Penguins_SunMid_Sandcastle_NoFire.webp,1,1,Snow,SummerClothing,Penguins,SunMid,Sandcastle,NoFire,2026-07-27T14:01:21.458Z
5a94f57289de8200013ecbc8,38,S_WC_Pe_SR_Sa_NF,Snow_WinterClothing_Penguins_SunRising_Sandcastle_NoFire.webp,4,1,Snow,WinterClothing,Penguins,SunRising,Sandcastle,NoFire,2026-07-27T14:01:31.323Z
5a94f57289de8200013ecbc8,39,NS_WC_Ca_SR_Sa_WF,NoSnow_WinterClothing_Camels_SunRising_Sandcastle_Fire.webp,7,6,NoSnow,WinterClothing,Camels,SunRising,Sandcastle,Fire,2026-07-27T14:01:38.336Z
5a94f57289de8200013ecbc8,40,S_SC_Ca_SR_Sn_NF,Snow_SummerClothing_Camels_SunRising_Snowman_NoFire.webp,1,3,Snow,SummerClothing,Camels,SunRising,Snowman,NoFire,2026-07-27T14:01:51.161Z
5a94f57289de8200013ecbc8,41,S_WC_Ca_SR_Sn_NF,Snow_WinterClothing_Camels_SunRising_Snowman_NoFire.webp,2,2,Snow,WinterClothing,Camels,SunRising,Snowman,NoFire,2026-07-27T14:01:59.221Z
5a94f57289de8200013ecbc8,42,S_WC_Pe_SR_Sa_WF,Snow_WinterClothing_Penguins_SunRising_Sandcastle_Fire.webp,5,3,Snow,WinterClothing,Penguins,SunRising,Sandcastle,Fire,2026-07-27T14:02:25.519Z
5a94f57289de8200013ecbc8,43,NS_SC_Ca_SR_Sa_WF,NoSnow_SummerClothing_Camels_SunRising_Sandcastle_Fire.webp,6,5,NoSnow,SummerClothing,Camels,SunRising,Sandcastle,Fire,2026-07-27T14:02:55.971Z
5a94f57289de8200013ecbc8,44,S_WC_Ca_SM_Sn_NF,Snow_WinterClothing_Camels_SunMid_Snowman_NoFire.webp,2,2,Snow,WinterClothing,Camels,SunMid,Snowman,NoFire,2026-07-27T14:03:06.334Z
5a94f57289de8200013ecbc8,45,S_WC_Ca_SR_Sn_WF,Snow_WinterClothing_Camels_SunRising_Snowman_Fire.webp,5,3,Snow,WinterClothing,Camels,SunRising,Snowman,Fire,2026-07-27T14:03:13.556Z
5a94f57289de8200013ecbc8,46,NS_WC_Ca_SR_Sn_WF,NoSnow_WinterClothing_Camels_SunRising_Snowman_Fire.webp,7,3,NoSnow,WinterClothing,Camels,SunRising,Snowman,Fire,2026-07-27T14:03:20.431Z
5a94f57289de8200013ecbc8,47,S_WC_Pe_SR_Sn_NF,Snow_WinterClothing_Penguins_SunRising_Snowman_NoFire.webp,5,7,Snow,WinterClothing,Penguins,SunRising,Snowman,NoFire,2026-07-27T14:03:50.495Z
5a94f57289de8200013ecbc8,48,S_WC_Ca_SR_Sa_NF,Snow_WinterClothing_Camels_SunRising_Sandcastle_NoFire.webp,3,2,Snow,WinterClothing,Camels,SunRising,Sandcastle,NoFire,2026-07-27T14:04:22.691Z
5a94f57289de8200013ecbc8,49,S_SC_Pe_SR_Sa_WF,Snow_SummerClothing_Penguins_SunRising_Sandcastle_Fire.webp,1,1,Snow,SummerClothing,Penguins,SunRising,Sandcastle,Fire,2026-07-27T14:04:32.498Z
5a94f57289de8200013ecbc8,50,S_WC_Pe_SM_Sn_NF,Snow_WinterClothing_Penguins_SunMid_Snowman_NoFire.webp,5,6,Snow,WinterClothing,Penguins,SunMid,Snowman,NoFire,2026-07-27T14:04:40.681Z
5a94f57289de8200013ecbc8,51,NS_SC_Ca_SR_Sn_NF,NoSnow_SummerClothing_Camels_SunRising_Snowman_NoFire.webp,5,3,NoSnow,SummerClothing,Camels,SunRising,Snowman,NoFire,2026-07-27T14:04:54.341Z
5a94f57289de8200013ecbc8,52,S_SC_Ca_SR_Sa_WF,Snow_SummerClothing_Camels_SunRising_Sandcastle_Fire.webp,2,2,Snow,SummerClothing,Camels,SunRising,Sandcastle,Fire,2026-07-27T14:05:16.104Z
5a94f57289de8200013ecbc8,53,NS_WC_Pe_SM_Sa_WF,NoSnow_WinterClothing_Penguins_SunMid_Sandcastle_Fire.webp,6,3,NoSnow,WinterClothing,Penguins,SunMid,Sandcastle,Fire,2026-07-27T14:05:23.195Z
5a94f57289de8200013ecbc8,54,NS_SC_Ca_SR_Sn_WF,NoSnow_SummerClothing_Camels_SunRising_Snowman_Fire.webp,5,3,NoSnow,SummerClothing,Camels,SunRising,Snowman,Fire,2026-07-27T14:05:41.149Z
5a94f57289de8200013ecbc8,55,NS_SC_Ca_SM_Sn_WF,NoSnow_SummerClothing_Camels_SunMid_Snowman_Fire.webp,6,3,NoSnow,SummerClothing,Camels,SunMid,Snowman,Fire,2026-07-27T14:05:51.574Z
5a94f57289de8200013ecbc8,56,S_SC_Pe_SM_Sn_NF,Snow_SummerClothing_Penguins_SunMid_Snowman_NoFire.webp,1,2,Snow,SummerClothing,Penguins,SunMid,Snowman,NoFire,2026-07-27T14:06:03.911Z
5a94f57289de8200013ecbc8,57,NS_WC_Ca_SM_Sa_WF,NoSnow_WinterClothing_Camels_SunMid_Sandcastle_Fire.webp,7,7,NoSnow,WinterClothing,Camels,SunMid,Sandcastle,Fire,2026-07-27T14:06:13.333Z
5a94f57289de8200013ecbc8,58,S_SC_Ca_SR_Sn_WF,Snow_SummerClothing_Camels_SunRising_Snowman_Fire.webp,1,3,Snow,SummerClothing,Camels,SunRising,Snowman,Fire,2026-07-27T14:06:21.703Z
5a94f57289de8200013ecbc8,59,NS_SC_Ca_SR_Sa_NF,NoSnow_SummerClothing_Camels_SunRising_Sandcastle_NoFire.webp,5,7,NoSnow,SummerClothing,Camels,SunRising,Sandcastle,NoFire,2026-07-27T14:06:29.182Z
5a94f57289de8200013ecbc8,60,S_SC_Ca_SM_Sn_NF,Snow_SummerClothing_Camels_SunMid_Snowman_NoFire.webp,1,1,Snow,SummerClothing,Camels,SunMid,Snowman,NoFire,2026-07-27T14:06:44.063Z
5a94f57289de8200013ecbc8,61,NS_WC_Pe_SR_Sa_WF,NoSnow_WinterClothing_Penguins_SunRising_Sandcastle_Fire.webp,6,3,NoSnow,WinterClothing,Penguins,SunRising,Sandcastle,Fire,2026-07-27T14:07:08.156Z
5a94f57289de8200013ecbc8,62,NS_WC_Pe_SR_Sn_NF,NoSnow_WinterClothing_Penguins_SunRising_Snowman_NoFire.webp,6,3,NoSnow,WinterClothing,Penguins,SunRising,Snowman,NoFire,2026-07-27T14:07:54.419Z
5a94f57289de8200013ecbc8,63,NS_WC_Pe_SM_Sn_NF,NoSnow_WinterClothing_Penguins_SunMid_Snowman_NoFire.webp,6,3,NoSnow,WinterClothing,Penguins,SunMid,Snowman,NoFire,2026-07-27T14:08:02.490Z
69e847860ae7104bac856107,0,NS_SC_Pe_SR_Sn_WF,NoSnow_SummerClothing_Penguins_SunRising_Snowman_Fire.webp,2,1,NoSnow,SummerClothing,Penguins,SunRising,Snowman,Fire,2026-07-27T13:51:38.531Z
69e847860ae7104bac856107,1,S_SC_Pe_SM_Sa_NF,Snow_SummerClothing_Penguins_SunMid_Sandcastle_NoFire.webp,5,3,Snow,SummerClothing,Penguins,SunMid,Sandcastle,NoFire,2026-07-27T13:52:02.722Z
69e847860ae7104bac856107,2,NS_SC_Ca_SM_Sa_WF,NoSnow_SummerClothing_Camels_SunMid_Sandcastle_Fire.webp,6,3,NoSnow,SummerClothing,Camels,SunMid,Sandcastle,Fire,2026-07-27T13:52:18.284Z
69e847860ae7104bac856107,3,S_WC_Ca_SR_Sn_WF,Snow_WinterClothing_Camels_SunRising_Snowman_Fire.webp,2,1,Snow,WinterClothing,Camels,SunRising,Snowman,Fire,2026-07-27T13:52:39.124Z
69e847860ae7104bac856107,4,NS_WC_Pe_SR_Sa_WF,NoSnow_WinterClothing_Penguins_SunRising_Sandcastle_Fire.webp,4,3,NoSnow,WinterClothing,Penguins,SunRising,Sandcastle,Fire,2026-07-27T13:52:58.204Z
6a203e841e11a65eb3af80aa,0,S_WC_Ca_SR_Sn_NF,Snow_WinterClothing_Camels_SunRising_Snowman_NoFire.webp,3,1,Snow,WinterClothing,Camels,SunRising,Snowman,NoFire,2026-07-27T13:43:14.697Z
6a203e841e11a65eb3af80aa,1,NS_SC_Pe_SM_Sa_WF,NoSnow_SummerClothing_Penguins_SunMid_Sandcastle_Fire.webp,5,1,NoSnow,SummerClothing,Penguins,SunMid,Sandcastle,Fire,2026-07-27T13:43:26.476Z
6a203e841e11a65eb3af80aa,2,S_SC_Ca_SM_Sa_WF,Snow_SummerClothing_Camels_SunMid_Sandcastle_Fire.webp,4,2,Snow,SummerClothing,Camels,SunMid,Sandcastle,Fire,2026-07-27T13:43:47.427Z
6a203e841e11a65eb3af80aa,3,S_SC_Ca_SR_Sn_NF,Snow_SummerClothing_Camels_SunRising_Snowman_NoFire.webp,3,1,Snow,SummerClothing,Camels,SunRising,Snowman,NoFire,2026-07-27T13:43:56.566Z
6a203e841e11a65eb3af80aa,4,NS_WC_Ca_SR_Sa_WF,NoSnow_WinterClothing_Camels_SunRising_Sandcastle_Fire.webp,6,1,NoSnow,WinterClothing,Camels,SunRising,Sandcastle,Fire,2026-07-27T13:44:08.106Z
6a203e841e11a65eb3af80aa,5,NS_WC_Pe_SR_Sn_NF,NoSnow_WinterClothing_Penguins_SunRising_Snowman_NoFire.webp,2,1,NoSnow,WinterClothing,Penguins,SunRising,Snowman,NoFire,2026-07-27T13:44:16.115Z
6a203e841e11a65eb3af80aa,6,S_SC_Pe_SM_Sn_NF,Snow_SummerClothing_Penguins_SunMid_Snowman_NoFire.webp,2,3,Snow,SummerClothing,Penguins,SunMid,Snowman,NoFire,2026-07-27T13:44:24.493Z
6a203e841e11a65eb3af80aa,7,S_SC_Ca_SR_Sn_WF,Snow_SummerClothing_Camels_SunRising_Snowman_Fire.webp,3,1,Snow,SummerClothing,Camels,SunRising,Snowman,Fire,2026-07-27T13:44:36.240Z
6a203e841e11a65eb3af80aa,8,NS_WC_Ca_SR_Sn_WF,NoSnow_WinterClothing_Camels_SunRising_Snowman_Fire.webp,5,1,NoSnow,WinterClothing,Camels,SunRising,Snowman,Fire,2026-07-27T13:44:46.810Z
6a203e841e11a65eb3af80aa,9,NS_SC_Ca_SM_Sa_WF,NoSnow_SummerClothing_Camels_SunMid_Sandcastle_Fire.webp,6,4,NoSnow,SummerClothing,Camels,SunMid,Sandcastle,Fire,2026-07-27T13:44:58.344Z
6a203e841e11a65eb3af80aa,10,S_SC_Ca_SR_Sa_WF,Snow_SummerClothing_Camels_SunRising_Sandcastle_Fire.webp,4,2,Snow,SummerClothing,Camels,SunRising,Sandcastle,Fire,2026-07-27T13:45:07.114Z
6a203e841e11a65eb3af80aa,11,S_WC_Ca_SR_Sn_WF,Snow_WinterClothing_Camels_SunRising_Snowman_Fire.webp,4,2,Snow,WinterClothing,Camels,SunRising,Snowman,Fire,2026-07-27T13:45:16.638Z
6a203e841e11a65eb3af80aa,12,S_WC_Ca_SM_Sa_NF,Snow_WinterClothing_Camels_SunMid_Sandcastle_NoFire.webp,3,1,Snow,WinterClothing,Camels,SunMid,Sandcastle,NoFire,2026-07-27T13:45:25.067Z
6a203e841e11a65eb3af80aa,13,NS_WC_Ca_SM_Sn_NF,NoSnow_WinterClothing_Camels_SunMid_Snowman_NoFire.webp,5,1,NoSnow,WinterClothing,Camels,SunMid,Snowman,NoFire,2026-07-27T13:45:31.866Z
6a203e841e11a65eb3af80aa,14,S_SC_Pe_SM_Sn_WF,Snow_SummerClothing_Penguins_SunMid_Snowman_Fire.webp,4,1,Snow,SummerClothing,Penguins,SunMid,Snowman,Fire,2026-07-27T13:45:40.239Z
6a203e841e11a65eb3af80aa,15,NS_WC_Pe_SR_Sn_WF,NoSnow_WinterClothing_Penguins_SunRising_Snowman_Fire.webp,3,1,NoSnow,WinterClothing,Penguins,SunRising,Snowman,Fire,2026-07-27T13:45:49.654Z
6a203e841e11a65eb3af80aa,16,NS_SC_Ca_SR_Sn_WF,NoSnow_SummerClothing_Camels_SunRising_Snowman_Fire.webp,3,1,NoSnow,SummerClothing,Camels,SunRising,Snowman,Fire,2026-07-27T13:45:57.481Z
6a203e841e11a65eb3af80aa,17,NS_SC_Pe_SM_Sa_NF,NoSnow_SummerClothing_Penguins_SunMid_Sandcastle_NoFire.webp,5,3,NoSnow,SummerClothing,Penguins,SunMid,Sandcastle,NoFire,2026-07-27T13:46:08.095Z
6a203e841e11a65eb3af80aa,18,NS_SC_Pe_SR_Sa_WF,NoSnow_SummerClothing_Penguins_SunRising_Sandcastle_Fire.webp,5,2,NoSnow,SummerClothing,Penguins,SunRising,Sandcastle,Fire,2026-07-27T13:46:15.795Z
6a203e841e11a65eb3af80aa,19,NS_WC_Pe_SR_Sa_NF,NoSnow_WinterClothing_Penguins_SunRising_Sandcastle_NoFire.webp,4,2,NoSnow,WinterClothing,Penguins,SunRising,Sandcastle,NoFire,2026-07-27T13:46:25.690Z
6a203e841e11a65eb3af80aa,20,S_SC_Ca_SM_Sa_NF,Snow_SummerClothing_Camels_SunMid_Sandcastle_NoFire.webp,3,1,Snow,SummerClothing,Camels,SunMid,Sandcastle,NoFire,2026-07-27T13:46:33.067Z
6a203e841e11a65eb3af80aa,21,NS_SC_Ca_SR_Sa_WF,NoSnow_SummerClothing_Camels_SunRising_Sandcastle_Fire.webp,6,3,NoSnow,SummerClothing,Camels,SunRising,Sandcastle,Fire,2026-07-27T13:46:44.926Z
6a203e841e11a65eb3af80aa,22,NS_SC_Ca_SR_Sn_NF,NoSnow_SummerClothing_Camels_SunRising_Snowman_NoFire.webp,5,3,NoSnow,SummerClothing,Camels,SunRising,Snowman,NoFire,2026-07-27T13:46:51.904Z
6a203e841e11a65eb3af80aa,23,S_WC_Ca_SM_Sa_WF,Snow_WinterClothing_Camels_SunMid_Sandcastle_Fire.webp,6,1,Snow,WinterClothing,Camels,SunMid,Sandcastle,Fire,2026-07-27T13:47:01.890Z
6a203e841e11a65eb3af80aa,24,NS_WC_Pe_SR_Sa_WF,NoSnow_WinterClothing_Penguins_SunRising_Sandcastle_Fire.webp,5,3,NoSnow,WinterClothing,Penguins,SunRising,Sandcastle,Fire,2026-07-27T13:47:12.286Z
6a203e841e11a65eb3af80aa,25,NS_WC_Ca_SM_Sa_WF,NoSnow_WinterClothing_Camels_SunMid_Sandcastle_Fire.webp,3,2,NoSnow,WinterClothing,Camels,SunMid,Sandcastle,Fire,2026-07-27T13:47:21.944Z
6a203e841e11a65eb3af80aa,26,NS_SC_Pe_SR_Sn_WF,NoSnow_SummerClothing_Penguins_SunRising_Snowman_Fire.webp,4,1,NoSnow,SummerClothing,Penguins,SunRising,Snowman,Fire,2026-07-27T13:47:30.583Z
6a203e841e11a65eb3af80aa,27,NS_SC_Pe_SM_Sn_WF,NoSnow_SummerClothing_Penguins_SunMid_Snowman_Fire.webp,4,1,NoSnow,SummerClothing,Penguins,SunMid,Snowman,Fire,2026-07-27T13:47:43.624Z
6a203e841e11a65eb3af80aa,28,S_WC_Pe_SM_Sn_WF,Snow_WinterClothing_Penguins_SunMid_Snowman_Fire.webp,3,3,Snow,WinterClothing,Penguins,SunMid,Snowman,Fire,2026-07-27T13:47:55.930Z
6a203e841e11a65eb3af80aa,29,NS_WC_Ca_SR_Sn_NF,NoSnow_WinterClothing_Camels_SunRising_Snowman_NoFire.webp,3,1,NoSnow,WinterClothing,Camels,SunRising,Snowman,NoFire,2026-07-27T13:48:05.272Z
6a203e841e11a65eb3af80aa,30,S_WC_Pe_SR_Sn_NF,Snow_WinterClothing_Penguins_SunRising_Snowman_NoFire.webp,2,3,Snow,WinterClothing,Penguins,SunRising,Snowman,NoFire,2026-07-27T13:48:15.785Z
6a203e841e11a65eb3af80aa,31,S_SC_Pe_SM_Sa_WF,Snow_SummerClothing_Penguins_SunMid_Sandcastle_Fire.webp,6,2,Snow,SummerClothing,Penguins,SunMid,Sandcastle,Fire,2026-07-27T13:48:30.766Z
6a203e841e11a65eb3af80aa,32,NS_WC_Pe_SM_Sa_NF,NoSnow_WinterClothing_Penguins_SunMid_Sandcastle_NoFire.webp,2,2,NoSnow,WinterClothing,Penguins,SunMid,Sandcastle,NoFire,2026-07-27T13:48:40.916Z
6a203e841e11a65eb3af80aa,33,S_SC_Pe_SM_Sa_NF,Snow_SummerClothing_Penguins_SunMid_Sandcastle_NoFire.webp,4,2,Snow,SummerClothing,Penguins,SunMid,Sandcastle,NoFire,2026-07-27T13:48:51.039Z
6a203e841e11a65eb3af80aa,34,S_SC_Pe_SR_Sn_NF,Snow_SummerClothing_Penguins_SunRising_Snowman_NoFire.webp,1,3,Snow,SummerClothing,Penguins,SunRising,Snowman,NoFire,2026-07-27T13:49:01.187Z
6a203e841e11a65eb3af80aa,35,NS_SC_Ca_SM_Sn_NF,NoSnow_SummerClothing_Camels_SunMid_Snowman_NoFire.webp,5,1,NoSnow,SummerClothing,Camels,SunMid,Snowman,NoFire,2026-07-27T13:49:10.458Z
6a203e841e11a65eb3af80aa,36,S_WC_Ca_SR_Sa_NF,Snow_WinterClothing_Camels_SunRising_Sandcastle_NoFire.webp,1,1,Snow,WinterClothing,Camels,SunRising,Sandcastle,NoFire,2026-07-27T13:49:18.134Z
6a203e841e11a65eb3af80aa,37,NS_SC_Ca_SM_Sn_WF,NoSnow_SummerClothing_Camels_SunMid_Snowman_Fire.webp,7,1,NoSnow,SummerClothing,Camels,SunMid,Snowman,Fire,2026-07-27T13:49:26.043Z
6a203e841e11a65eb3af80aa,38,NS_SC_Pe_SM_Sn_NF,NoSnow_SummerClothing_Penguins_SunMid_Snowman_NoFire.webp,4,1,NoSnow,SummerClothing,Penguins,SunMid,Snowman,NoFire,2026-07-27T13:49:35.212Z
6a203e841e11a65eb3af80aa,39,S_SC_Pe_SR_Sn_WF,Snow_SummerClothing_Penguins_SunRising_Snowman_Fire.webp,2,3,Snow,SummerClothing,Penguins,SunRising,Snowman,Fire,2026-07-27T13:49:44.857Z
6a203e841e11a65eb3af80aa,40,S_SC_Ca_SM_Sn_WF,Snow_SummerClothing_Camels_SunMid_Snowman_Fire.webp,6,1,Snow,SummerClothing,Camels,SunMid,Snowman,Fire,2026-07-27T13:49:54.888Z
6a203e841e11a65eb3af80aa,41,NS_SC_Pe_SR_Sa_NF,NoSnow_SummerClothing_Penguins_SunRising_Sandcastle_NoFire.webp,5,4,NoSnow,SummerClothing,Penguins,SunRising,Sandcastle,NoFire,2026-07-27T13:50:01.388Z
6a203e841e11a65eb3af80aa,42,NS_WC_Ca_SR_Sa_NF,NoSnow_WinterClothing_Camels_SunRising_Sandcastle_NoFire.webp,3,4,NoSnow,WinterClothing,Camels,SunRising,Sandcastle,NoFire,2026-07-27T13:50:08.810Z
6a203e841e11a65eb3af80aa,43,S_WC_Pe_SR_Sa_NF,Snow_WinterClothing_Penguins_SunRising_Sandcastle_NoFire.webp,3,3,Snow,WinterClothing,Penguins,SunRising,Sandcastle,NoFire,2026-07-27T13:50:16.842Z
6a203e841e11a65eb3af80aa,44,S_SC_Pe_SR_Sa_WF,Snow_SummerClothing_Penguins_SunRising_Sandcastle_Fire.webp,4,4,Snow,SummerClothing,Penguins,SunRising,Sandcastle,Fire,2026-07-27T13:50:25.433Z
6a203e841e11a65eb3af80aa,45,S_WC_Ca_SM_Sn_NF,Snow_WinterClothing_Camels_SunMid_Snowman_NoFire.webp,1,1,Snow,WinterClothing,Camels,SunMid,Snowman,NoFire,2026-07-27T13:50:34.873Z
6a203e841e11a65eb3af80aa,46,S_WC_Pe_SR_Sn_WF,Snow_WinterClothing_Penguins_SunRising_Snowman_Fire.webp,3,4,Snow,WinterClothing,Penguins,SunRising,Snowman,Fire,2026-07-27T13:50:45.621Z
6a203e841e11a65eb3af80aa,47,S_WC_Pe_SR_Sa_WF,Snow_WinterClothing_Penguins_SunRising_Sandcastle_Fire.webp,4,4,Snow,WinterClothing,Penguins,SunRising,Sandcastle,Fire,2026-07-27T13:50:57.877Z
6a203e841e11a65eb3af80aa,48,S_WC_Ca_SM_Sn_WF,Snow_WinterClothing_Camels_SunMid_Snowman_Fire.webp,5,2,Snow,WinterClothing,Camels,SunMid,Snowman,Fire,2026-07-27T13:51:10.486Z
6a203e841e11a65eb3af80aa,49,S_SC_Ca_SM_Sn_NF,Snow_SummerClothing_Camels_SunMid_Snowman_NoFire.webp,6,1,Snow,SummerClothing,Camels,SunMid,Snowman,NoFire,2026-07-27T13:51:17.311Z
6a203e841e11a65eb3af80aa,50,NS_SC_Pe_SR_Sn_NF,NoSnow_SummerClothing_Penguins_SunRising_Snowman_NoFire.webp,4,2,NoSnow,SummerClothing,Penguins,SunRising,Snowman,NoFire,2026-07-27T13:51:25.940Z
6a203e841e11a65eb3af80aa,51,NS_SC_Ca_SM_Sa_NF,NoSnow_SummerClothing_Camels_SunMid_Sandcastle_NoFire.webp,4,5,NoSnow,SummerClothing,Camels,SunMid,Sandcastle,NoFire,2026-07-27T13:51:32.669Z
6a203e841e11a65eb3af80aa,52,S_SC_Ca_SR_Sa_NF,Snow_SummerClothing_Camels_SunRising_Sandcastle_NoFire.webp,1,1,Snow,SummerClothing,Camels,SunRising,Sandcastle,NoFire,2026-07-27T13:51:38.408Z
6a203e841e11a65eb3af80aa,53,NS_WC_Pe_SM_Sn_WF,NoSnow_WinterClothing_Penguins_SunMid_Snowman_Fire.webp,3,1,NoSnow,WinterClothing,Penguins,SunMid,Snowman,Fire,2026-07-27T13:51:45.707Z
6a203e841e11a65eb3af80aa,54,NS_SC_Ca_SR_Sa_NF,NoSnow_SummerClothing_Camels_SunRising_Sandcastle_NoFire.webp,3,5,NoSnow,SummerClothing,Camels,SunRising,Sandcastle,NoFire,2026-07-27T13:51:53.851Z
6a203e841e11a65eb3af80aa,55,NS_WC_Pe_SM_Sn_NF,NoSnow_WinterClothing_Penguins_SunMid_Snowman_NoFire.webp,3,2,NoSnow,WinterClothing,Penguins,SunMid,Snowman,NoFire,2026-07-27T13:52:03.553Z
6a203e841e11a65eb3af80aa,56,S_WC_Pe_SM_Sa_NF,Snow_WinterClothing_Penguins_SunMid_Sandcastle_NoFire.webp,2,2,Snow,WinterClothing,Penguins,SunMid,Sandcastle,NoFire,2026-07-27T13:52:12.012Z
6a203e841e11a65eb3af80aa,57,NS_WC_Ca_SM_Sn_WF,NoSnow_WinterClothing_Camels_SunMid_Snowman_Fire.webp,5,1,NoSnow,WinterClothing,Camels,SunMid,Snowman,Fire,2026-07-27T13:52:23.987Z
6a203e841e11a65eb3af80aa,58,S_WC_Ca_SR_Sa_WF,Snow_WinterClothing_Camels_SunRising_Sandcastle_Fire.webp,2,1,Snow,WinterClothing,Camels,SunRising,Sandcastle,Fire,2026-07-27T13:52:32.892Z
6a203e841e11a65eb3af80aa,59,S_WC_Pe_SM_Sa_WF,Snow_WinterClothing_Penguins_SunMid_Sandcastle_Fire.webp,5,1,Snow,WinterClothing,Penguins,SunMid,Sandcastle,Fire,2026-07-27T13:52:40.804Z
6a203e841e11a65eb3af80aa,60,S_SC_Pe_SR_Sa_NF,Snow_SummerClothing_Penguins_SunRising_Sandcastle_NoFire.webp,2,1,Snow,SummerClothing,Penguins,SunRising,Sandcastle,NoFire,2026-07-27T13:52:47.983Z
6a203e841e11a65eb3af80aa,61,NS_WC_Pe_SM_Sa_WF,NoSnow_WinterClothing_Penguins_SunMid_Sandcastle_Fire.webp,5,5,NoSnow,WinterClothing,Penguins,SunMid,Sandcastle,Fire,2026-07-27T13:52:55.800Z
6a203e841e11a65eb3af80aa,62,S_WC_Pe_SM_Sn_NF,Snow_WinterClothing_Penguins_SunMid_Snowman_NoFire.webp,3,5,Snow,WinterClothing,Penguins,SunMid,Snowman,NoFire,2026-07-27T13:53:02.453Z
6a203e841e11a65eb3af80aa,63,NS_WC_Ca_SM_Sa_NF,NoSnow_WinterClothing_Camels_SunMid_Sandcastle_NoFire.webp,5,5,NoSnow,WinterClothing,Camels,SunMid,Sandcastle,NoFire,2026-07-27T13:53:09.268Z
59dbb88b0fb3a90001bd90b0,0,NS_SC_Pe_SR_Sn_NF,NoSnow_SummerClothing_Penguins_SunRising_Snowman_NoFire.webp,3,2,NoSnow,SummerClothing,Penguins,SunRising,Snowman,NoFire,2026-07-27T13:44:57.391Z
59dbb88b0fb3a90001bd90b0,1,S_SC_Ca_SM_Sa_WF,Snow_SummerClothing_Camels_SunMid_Sandcastle_Fire.webp,5,5,Snow,SummerClothing,Camels,SunMid,Sandcastle,Fire,2026-07-27T13:45:09.732Z
59dbb88b0fb3a90001bd90b0,2,S_SC_Ca_SM_Sa_NF,Snow_SummerClothing_Camels_SunMid_Sandcastle_NoFire.webp,5,5,Snow,SummerClothing,Camels,SunMid,Sandcastle,NoFire,2026-07-27T13:45:25.708Z
59dbb88b0fb3a90001bd90b0,3,S_WC_Ca_SR_Sn_NF,Snow_WinterClothing_Camels_SunRising_Snowman_NoFire.webp,3,2,Snow,WinterClothing,Camels,SunRising,Snowman,NoFire,2026-07-27T13:45:40.956Z
59dbb88b0fb3a90001bd90b0,4,S_WC_Pe_SM_Sn_WF,Snow_WinterClothing_Penguins_SunMid_Snowman_Fire.webp,4,4,Snow,WinterClothing,Penguins,SunMid,Snowman,Fire,2026-07-27T13:45:54.136Z
59dbb88b0fb3a90001bd90b0,5,S_SC_Pe_SR_Sn_NF,Snow_SummerClothing_Penguins_SunRising_Snowman_NoFire.webp,3,2,Snow,SummerClothing,Penguins,SunRising,Snowman,NoFire,2026-07-27T13:46:09.155Z
59dbb88b0fb3a90001bd90b0,6,NS_WC_Ca_SM_Sn_NF,NoSnow_WinterClothing_Camels_SunMid_Snowman_NoFire.webp,3,1,NoSnow,WinterClothing,Camels,SunMid,Snowman,NoFire,2026-07-27T13:46:22.960Z
59dbb88b0fb3a90001bd90b0,7,S_SC_Ca_SR_Sn_NF,Snow_SummerClothing_Camels_SunRising_Snowman_NoFire.webp,3,2,Snow,SummerClothing,Camels,SunRising,Snowman,NoFire,2026-07-27T13:46:32.537Z
59dbb88b0fb3a90001bd90b0,8,S_WC_Pe_SM_Sa_NF,Snow_WinterClothing_Penguins_SunMid_Sandcastle_NoFire.webp,4,3,Snow,WinterClothing,Penguins,SunMid,Sandcastle,NoFire,2026-07-27T13:46:45.427Z
59dbb88b0fb3a90001bd90b0,9,S_SC_Ca_SR_Sa_WF,Snow_SummerClothing_Camels_SunRising_Sandcastle_Fire.webp,6,6,Snow,SummerClothing,Camels,SunRising,Sandcastle,Fire,2026-07-27T13:46:56.662Z
59dbb88b0fb3a90001bd90b0,10,S_SC_Ca_SR_Sa_NF,Snow_SummerClothing_Camels_SunRising_Sandcastle_NoFire.webp,5,6,Snow,SummerClothing,Camels,SunRising,Sandcastle,NoFire,2026-07-27T13:47:10.504Z
59dbb88b0fb3a90001bd90b0,11,NS_WC_Ca_SM_Sa_WF,NoSnow_WinterClothing_Camels_SunMid_Sandcastle_Fire.webp,4,4,NoSnow,WinterClothing,Camels,SunMid,Sandcastle,Fire,2026-07-27T13:47:24.139Z
59dbb88b0fb3a90001bd90b0,12,S_WC_Ca_SM_Sa_NF,Snow_WinterClothing_Camels_SunMid_Sandcastle_NoFire.webp,4,4,Snow,WinterClothing,Camels,SunMid,Sandcastle,NoFire,2026-07-27T13:47:31.711Z
59dbb88b0fb3a90001bd90b0,13,NS_SC_Pe_SM_Sn_NF,NoSnow_SummerClothing_Penguins_SunMid_Snowman_NoFire.webp,3,2,NoSnow,SummerClothing,Penguins,SunMid,Snowman,NoFire,2026-07-27T13:47:41.855Z
59dbb88b0fb3a90001bd90b0,14,NS_WC_Pe_SM_Sn_NF,NoSnow_WinterClothing_Penguins_SunMid_Snowman_NoFire.webp,3,3,NoSnow,WinterClothing,Penguins,SunMid,Snowman,NoFire,2026-07-27T13:47:50.902Z
59dbb88b0fb3a90001bd90b0,15,NS_WC_Ca_SR_Sn_NF,NoSnow_WinterClothing_Camels_SunRising_Snowman_NoFire.webp,4,2,NoSnow,WinterClothing,Camels,SunRising,Snowman,NoFire,2026-07-27T13:48:03.202Z
59dbb88b0fb3a90001bd90b0,16,NS_WC_Pe_SM_Sn_WF,NoSnow_WinterClothing_Penguins_SunMid_Snowman_Fire.webp,3,5,NoSnow,WinterClothing,Penguins,SunMid,Snowman,Fire,2026-07-27T13:48:16.393Z
59dbb88b0fb3a90001bd90b0,17,NS_SC_Ca_SM_Sn_WF,NoSnow_SummerClothing_Camels_SunMid_Snowman_Fire.webp,5,3,NoSnow,SummerClothing,Camels,SunMid,Snowman,Fire,2026-07-27T13:48:25.113Z
59dbb88b0fb3a90001bd90b0,18,S_SC_Pe_SM_Sn_NF,Snow_SummerClothing_Penguins_SunMid_Snowman_NoFire.webp,3,3,Snow,SummerClothing,Penguins,SunMid,Snowman,NoFire,2026-07-27T13:48:33.878Z
59dbb88b0fb3a90001bd90b0,19,NS_WC_Ca_SM_Sa_NF,NoSnow_WinterClothing_Camels_SunMid_Sandcastle_NoFire.webp,5,4,NoSnow,WinterClothing,Camels,SunMid,Sandcastle,NoFire,2026-07-27T13:48:47.922Z
59dbb88b0fb3a90001bd90b0,20,S_WC_Ca_SM_Sn_NF,Snow_WinterClothing_Camels_SunMid_Snowman_NoFire.webp,3,3,Snow,WinterClothing,Camels,SunMid,Snowman,NoFire,2026-07-27T13:48:57.997Z
59dbb88b0fb3a90001bd90b0,21,S_SC_Pe_SM_Sa_NF,Snow_SummerClothing_Penguins_SunMid_Sandcastle_NoFire.webp,5,3,Snow,SummerClothing,Penguins,SunMid,Sandcastle,NoFire,2026-07-27T13:49:05.463Z
59dbb88b0fb3a90001bd90b0,22,NS_WC_Ca_SR_Sa_WF,NoSnow_WinterClothing_Camels_SunRising_Sandcastle_Fire.webp,4,3,NoSnow,WinterClothing,Camels,SunRising,Sandcastle,Fire,2026-07-27T13:49:13.146Z
59dbb88b0fb3a90001bd90b0,23,NS_SC_Ca_SR_Sn_NF,NoSnow_SummerClothing_Camels_SunRising_Snowman_NoFire.webp,3,3,NoSnow,SummerClothing,Camels,SunRising,Snowman,NoFire,2026-07-27T13:49:22.216Z
59dbb88b0fb3a90001bd90b0,24,S_WC_Ca_SR_Sa_NF,Snow_WinterClothing_Camels_SunRising_Sandcastle_NoFire.webp,5,4,Snow,WinterClothing,Camels,SunRising,Sandcastle,NoFire,2026-07-27T13:49:31.590Z
59dbb88b0fb3a90001bd90b0,25,NS_SC_Pe_SM_Sa_NF,NoSnow_SummerClothing_Penguins_SunMid_Sandcastle_NoFire.webp,4,3,NoSnow,SummerClothing,Penguins,SunMid,Sandcastle,NoFire,2026-07-27T13:49:39.747Z
59dbb88b0fb3a90001bd90b0,26,S_WC_Ca_SM_Sa_WF,Snow_WinterClothing_Camels_SunMid_Sandcastle_Fire.webp,4,4,Snow,WinterClothing,Camels,SunMid,Sandcastle,Fire,2026-07-27T13:49:50.215Z
59dbb88b0fb3a90001bd90b0,27,S_SC_Pe_SR_Sa_NF,Snow_SummerClothing_Penguins_SunRising_Sandcastle_NoFire.webp,4,4,Snow,SummerClothing,Penguins,SunRising,Sandcastle,NoFire,2026-07-27T13:49:58.377Z
59dbb88b0fb3a90001bd90b0,28,NS_WC_Pe_SR_Sn_NF,NoSnow_WinterClothing_Penguins_SunRising_Snowman_NoFire.webp,3,3,NoSnow,WinterClothing,Penguins,SunRising,Snowman,NoFire,2026-07-27T13:50:04.748Z
59dbb88b0fb3a90001bd90b0,29,NS_SC_Pe_SR_Sn_WF,NoSnow_SummerClothing_Penguins_SunRising_Snowman_Fire.webp,4,3,NoSnow,SummerClothing,Penguins,SunRising,Snowman,Fire,2026-07-27T13:50:15.570Z
59dbb88b0fb3a90001bd90b0,30,S_SC_Pe_SR_Sn_WF,Snow_SummerClothing_Penguins_SunRising_Snowman_Fire.webp,5,3,Snow,SummerClothing,Penguins,SunRising,Snowman,Fire,2026-07-27T13:50:26.355Z
59dbb88b0fb3a90001bd90b0,31,NS_SC_Ca_SR_Sa_WF,NoSnow_SummerClothing_Camels_SunRising_Sandcastle_Fire.webp,5,6,NoSnow,SummerClothing,Camels,SunRising,Sandcastle,Fire,2026-07-27T13:50:37.037Z
59dbb88b0fb3a90001bd90b0,32,S_WC_Pe_SR_Sa_NF,Snow_WinterClothing_Penguins_SunRising_Sandcastle_NoFire.webp,3,5,Snow,WinterClothing,Penguins,SunRising,Sandcastle,NoFire,2026-07-27T13:50:48.227Z
59dbb88b0fb3a90001bd90b0,33,NS_WC_Pe_SR_Sa_NF,NoSnow_WinterClothing_Penguins_SunRising_Sandcastle_NoFire.webp,3,4,NoSnow,WinterClothing,Penguins,SunRising,Sandcastle,NoFire,2026-07-27T13:50:57.796Z
59dbb88b0fb3a90001bd90b0,34,S_WC_Ca_SR_Sn_WF,Snow_WinterClothing_Camels_SunRising_Snowman_Fire.webp,3,2,Snow,WinterClothing,Camels,SunRising,Snowman,Fire,2026-07-27T13:51:05.830Z
59dbb88b0fb3a90001bd90b0,35,S_WC_Ca_SM_Sn_WF,Snow_WinterClothing_Camels_SunMid_Snowman_Fire.webp,3,2,Snow,WinterClothing,Camels,SunMid,Snowman,Fire,2026-07-27T13:51:12.473Z
59dbb88b0fb3a90001bd90b0,36,S_SC_Pe_SR_Sa_WF,Snow_SummerClothing_Penguins_SunRising_Sandcastle_Fire.webp,5,3,Snow,SummerClothing,Penguins,SunRising,Sandcastle,Fire,2026-07-27T13:51:22.040Z
59dbb88b0fb3a90001bd90b0,37,NS_SC_Pe_SM_Sn_WF,NoSnow_SummerClothing_Penguins_SunMid_Snowman_Fire.webp,4,3,NoSnow,SummerClothing,Penguins,SunMid,Snowman,Fire,2026-07-27T13:51:29.773Z
59dbb88b0fb3a90001bd90b0,38,NS_SC_Pe_SM_Sa_WF,NoSnow_SummerClothing_Penguins_SunMid_Sandcastle_Fire.webp,5,3,NoSnow,SummerClothing,Penguins,SunMid,Sandcastle,Fire,2026-07-27T13:51:35.920Z
59dbb88b0fb3a90001bd90b0,39,NS_SC_Ca_SM_Sa_WF,NoSnow_SummerClothing_Camels_SunMid_Sandcastle_Fire.webp,6,5,NoSnow,SummerClothing,Camels,SunMid,Sandcastle,Fire,2026-07-27T13:51:45.604Z
59dbb88b0fb3a90001bd90b0,40,S_SC_Ca_SM_Sn_WF,Snow_SummerClothing_Camels_SunMid_Snowman_Fire.webp,5,3,Snow,SummerClothing,Camels,SunMid,Snowman,Fire,2026-07-27T13:51:52.208Z
59dbb88b0fb3a90001bd90b0,41,NS_WC_Pe_SM_Sa_WF,NoSnow_WinterClothing_Penguins_SunMid_Sandcastle_Fire.webp,5,4,NoSnow,WinterClothing,Penguins,SunMid,Sandcastle,Fire,2026-07-27T13:51:59.948Z
59dbb88b0fb3a90001bd90b0,42,NS_SC_Ca_SR_Sn_WF,NoSnow_SummerClothing_Camels_SunRising_Snowman_Fire.webp,5,2,NoSnow,SummerClothing,Camels,SunRising,Snowman,Fire,2026-07-27T13:52:07.209Z
59dbb88b0fb3a90001bd90b0,43,NS_WC_Ca_SM_Sn_WF,NoSnow_WinterClothing_Camels_SunMid_Snowman_Fire.webp,5,2,NoSnow,WinterClothing,Camels,SunMid,Snowman,Fire,2026-07-27T13:52:14.446Z
59dbb88b0fb3a90001bd90b0,44,S_WC_Pe_SM_Sn_NF,Snow_WinterClothing_Penguins_SunMid_Snowman_NoFire.webp,3,5,Snow,WinterClothing,Penguins,SunMid,Snowman,NoFire,2026-07-27T13:52:24.268Z
59dbb88b0fb3a90001bd90b0,45,NS_WC_Pe_SR_Sa_WF,NoSnow_WinterClothing_Penguins_SunRising_Sandcastle_Fire.webp,3,5,NoSnow,WinterClothing,Penguins,SunRising,Sandcastle,Fire,2026-07-27T13:52:31.893Z
59dbb88b0fb3a90001bd90b0,46,NS_WC_Pe_SM_Sa_NF,NoSnow_WinterClothing_Penguins_SunMid_Sandcastle_NoFire.webp,3,5,NoSnow,WinterClothing,Penguins,SunMid,Sandcastle,NoFire,2026-07-27T13:52:52.098Z
59dbb88b0fb3a90001bd90b0,47,S_WC_Pe_SM_Sa_WF,Snow_WinterClothing_Penguins_SunMid_Sandcastle_Fire.webp,4,5,Snow,WinterClothing,Penguins,SunMid,Sandcastle,Fire,2026-07-27T13:53:01.347Z
59dbb88b0fb3a90001bd90b0,48,S_WC_Ca_SR_Sa_WF,Snow_WinterClothing_Camels_SunRising_Sandcastle_Fire.webp,6,4,Snow,WinterClothing,Camels,SunRising,Sandcastle,Fire,2026-07-27T13:53:10.553Z
59dbb88b0fb3a90001bd90b0,49,NS_SC_Pe_SR_Sa_WF,NoSnow_SummerClothing_Penguins_SunRising_Sandcastle_Fire.webp,5,4,NoSnow,SummerClothing,Penguins,SunRising,Sandcastle,Fire,2026-07-27T13:53:16.101Z
59dbb88b0fb3a90001bd90b0,50,NS_WC_Pe_SR_Sn_WF,NoSnow_WinterClothing_Penguins_SunRising_Snowman_Fire.webp,3,3,NoSnow,WinterClothing,Penguins,SunRising,Snowman,Fire,2026-07-27T13:53:23.005Z
59dbb88b0fb3a90001bd90b0,51,S_SC_Pe_SM_Sa_WF,Snow_SummerClothing_Penguins_SunMid_Sandcastle_Fire.webp,6,4,Snow,SummerClothing,Penguins,SunMid,Sandcastle,Fire,2026-07-27T13:53:29.929Z
59dbb88b0fb3a90001bd90b0,52,NS_SC_Ca_SR_Sa_NF,NoSnow_SummerClothing_Camels_SunRising_Sandcastle_NoFire.webp,5,6,NoSnow,SummerClothing,Camels,SunRising,Sandcastle,NoFire,2026-07-27T13:53:37.627Z
59dbb88b0fb3a90001bd90b0,53,NS_WC_Ca_SR_Sn_WF,NoSnow_WinterClothing_Camels_SunRising_Snowman_Fire.webp,4,3,NoSnow,WinterClothing,Camels,SunRising,Snowman,Fire,2026-07-27T13:53:44.668Z
59dbb88b0fb3a90001bd90b0,54,S_WC_Pe_SR_Sn_NF,Snow_WinterClothing_Penguins_SunRising_Snowman_NoFire.webp,2,6,Snow,WinterClothing,Penguins,SunRising,Snowman,NoFire,2026-07-27T13:53:55.959Z
59dbb88b0fb3a90001bd90b0,55,NS_SC_Ca_SM_Sn_NF,NoSnow_SummerClothing_Camels_SunMid_Snowman_NoFire.webp,4,2,NoSnow,SummerClothing,Camels,SunMid,Snowman,NoFire,2026-07-27T13:54:02.179Z
59dbb88b0fb3a90001bd90b0,56,S_SC_Ca_SM_Sn_NF,Snow_SummerClothing_Camels_SunMid_Snowman_NoFire.webp,4,2,Snow,SummerClothing,Camels,SunMid,Snowman,NoFire,2026-07-27T13:54:08.185Z
59dbb88b0fb3a90001bd90b0,57,S_SC_Ca_SR_Sn_WF,Snow_SummerClothing_Camels_SunRising_Snowman_Fire.webp,5,2,Snow,SummerClothing,Camels,SunRising,Snowman,Fire,2026-07-27T13:54:14.828Z
59dbb88b0fb3a90001bd90b0,58,NS_SC_Ca_SM_Sa_NF,NoSnow_SummerClothing_Camels_SunMid_Sandcastle_NoFire.webp,5,6,NoSnow,SummerClothing,Camels,SunMid,Sandcastle,NoFire,2026-07-27T13:54:25.274Z
59dbb88b0fb3a90001bd90b0,59,NS_WC_Ca_SR_Sa_NF,NoSnow_WinterClothing_Camels_SunRising_Sandcastle_NoFire.webp,5,6,NoSnow,WinterClothing,Camels,SunRising,Sandcastle,NoFire,2026-07-27T13:54:31.389Z
59dbb88b0fb3a90001bd90b0,60,S_WC_Pe_SR_Sn_WF,Snow_WinterClothing_Penguins_SunRising_Snowman_Fire.webp,4,3,Snow,WinterClothing,Penguins,SunRising,Snowman,Fire,2026-07-27T13:54:37.066Z
59dbb88b0fb3a90001bd90b0,61,S_WC_Pe_SR_Sa_WF,Snow_WinterClothing_Penguins_SunRising_Sandcastle_Fire.webp,4,4,Snow,WinterClothing,Penguins,SunRising,Sandcastle,Fire,2026-07-27T13:54:44.854Z
59dbb88b0fb3a90001bd90b0,62,NS_SC_Pe_SR_Sa_NF,NoSnow_SummerClothing_Penguins_SunRising_Sandcastle_NoFire.webp,5,4,NoSnow,SummerClothing,Penguins,SunRising,Sandcastle,NoFire,2026-07-27T13:54:50.641Z
59dbb88b0fb3a90001bd90b0,63,S_SC_Pe_SM_Sn_WF,Snow_SummerClothing_Penguins_SunMid_Snowman_Fire.webp,5,2,Snow,SummerClothing,Penguins,SunMid,Snowman,Fire,2026-07-27T13:54:58.095Z
6a25d59cc840d0ff539d6448,0,NS_SC_Pe_SM_Sa_NF,NoSnow_SummerClothing_Penguins_SunMid_Sandcastle_NoFire.webp,7,1,NoSnow,SummerClothing,Penguins,SunMid,Sandcastle,NoFire,2026-07-27T13:43:09.303Z
6a25d59cc840d0ff539d6448,1,S_WC_Pe_SM_Sa_WF,Snow_WinterClothing_Penguins_SunMid_Sandcastle_Fire.webp,7,1,Snow,WinterClothing,Penguins,SunMid,Sandcastle,Fire,2026-07-27T13:43:18.218Z
6a25d59cc840d0ff539d6448,2,NS_SC_Ca_SM_Sn_WF,NoSnow_SummerClothing_Camels_SunMid_Snowman_Fire.webp,7,1,NoSnow,SummerClothing,Camels,SunMid,Snowman,Fire,2026-07-27T13:43:31.257Z
6a25d59cc840d0ff539d6448,3,NS_WC_Ca_SM_Sn_NF,NoSnow_WinterClothing_Camels_SunMid_Snowman_NoFire.webp,4,1,NoSnow,WinterClothing,Camels,SunMid,Snowman,NoFire,2026-07-27T13:44:00.216Z
6a25d59cc840d0ff539d6448,4,NS_WC_Pe_SM_Sn_WF,NoSnow_WinterClothing_Penguins_SunMid_Snowman_Fire.webp,7,1,NoSnow,WinterClothing,Penguins,SunMid,Snowman,Fire,2026-07-27T13:44:14.486Z
6a25d59cc840d0ff539d6448,5,NS_WC_Ca_SM_Sa_WF,NoSnow_WinterClothing_Camels_SunMid_Sandcastle_Fire.webp,7,1,NoSnow,WinterClothing,Camels,SunMid,Sandcastle,Fire,2026-07-27T13:44:31.920Z
6a25d59cc840d0ff539d6448,6,S_WC_Pe_SM_Sn_NF,Snow_WinterClothing_Penguins_SunMid_Snowman_NoFire.webp,4,1,Snow,WinterClothing,Penguins,SunMid,Snowman,NoFire,2026-07-27T13:44:43.369Z
6a25d59cc840d0ff539d6448,7,NS_WC_Ca_SR_Sa_WF,NoSnow_WinterClothing_Camels_SunRising_Sandcastle_Fire.webp,7,1,NoSnow,WinterClothing,Camels,SunRising,Sandcastle,Fire,2026-07-27T13:44:55.098Z
6a25d59cc840d0ff539d6448,8,NS_SC_Pe_SM_Sn_NF,NoSnow_SummerClothing_Penguins_SunMid_Snowman_NoFire.webp,4,1,NoSnow,SummerClothing,Penguins,SunMid,Snowman,NoFire,2026-07-27T13:45:04.389Z
6a25d59cc840d0ff539d6448,9,S_WC_Ca_SR_Sn_WF,Snow_WinterClothing_Camels_SunRising_Snowman_Fire.webp,3,1,Snow,WinterClothing,Camels,SunRising,Snowman,Fire,2026-07-27T13:45:28.065Z
6a25d59cc840d0ff539d6448,10,S_SC_Ca_SM_Sn_WF,Snow_SummerClothing_Camels_SunMid_Snowman_Fire.webp,3,1,Snow,SummerClothing,Camels,SunMid,Snowman,Fire,2026-07-27T13:45:37.403Z
6a25d59cc840d0ff539d6448,11,S_WC_Ca_SM_Sa_WF,Snow_WinterClothing_Camels_SunMid_Sandcastle_Fire.webp,3,1,Snow,WinterClothing,Camels,SunMid,Sandcastle,Fire,2026-07-27T13:45:45.831Z
6a25d59cc840d0ff539d6448,12,S_SC_Ca_SR_Sn_NF,Snow_SummerClothing_Camels_SunRising_Snowman_NoFire.webp,4,1,Snow,SummerClothing,Camels,SunRising,Snowman,NoFire,2026-07-27T13:45:58.206Z
6a25d59cc840d0ff539d6448,13,NS_WC_Pe_SR_Sa_WF,NoSnow_WinterClothing_Penguins_SunRising_Sandcastle_Fire.webp,3,1,NoSnow,WinterClothing,Penguins,SunRising,Sandcastle,Fire,2026-07-27T13:46:07.330Z
6a25d59cc840d0ff539d6448,14,S_WC_Pe_SR_Sa_WF,Snow_WinterClothing_Penguins_SunRising_Sandcastle_Fire.webp,3,1,Snow,WinterClothing,Penguins,SunRising,Sandcastle,Fire,2026-07-27T13:46:17.418Z
6a25d59cc840d0ff539d6448,15,NS_WC_Pe_SR_Sa_NF,NoSnow_WinterClothing_Penguins_SunRising_Sandcastle_NoFire.webp,3,1,NoSnow,WinterClothing,Penguins,SunRising,Sandcastle,NoFire,2026-07-27T13:46:30.926Z
6a25d59cc840d0ff539d6448,16,S_SC_Pe_SM_Sn_WF,Snow_SummerClothing_Penguins_SunMid_Snowman_Fire.webp,3,1,Snow,SummerClothing,Penguins,SunMid,Snowman,Fire,2026-07-27T13:46:42.681Z
6a25d59cc840d0ff539d6448,17,NS_WC_Pe_SM_Sa_NF,NoSnow_WinterClothing_Penguins_SunMid_Sandcastle_NoFire.webp,3,1,NoSnow,WinterClothing,Penguins,SunMid,Sandcastle,NoFire,2026-07-27T13:46:52.075Z
6a25d59cc840d0ff539d6448,18,NS_SC_Ca_SR_Sn_WF,NoSnow_SummerClothing_Camels_SunRising_Snowman_Fire.webp,3,1,NoSnow,SummerClothing,Camels,SunRising,Snowman,Fire,2026-07-27T13:47:03.963Z
6a25d59cc840d0ff539d6448,19,NS_SC_Ca_SR_Sn_NF,NoSnow_SummerClothing_Camels_SunRising_Snowman_NoFire.webp,5,1,NoSnow,SummerClothing,Camels,SunRising,Snowman,NoFire,2026-07-27T13:47:26.768Z
6a25d59cc840d0ff539d6448,20,S_WC_Ca_SM_Sa_NF,Snow_WinterClothing_Camels_SunMid_Sandcastle_NoFire.webp,4,1,Snow,WinterClothing,Camels,SunMid,Sandcastle,NoFire,2026-07-27T13:47:39.893Z
6a25d59cc840d0ff539d6448,21,S_SC_Ca_SM_Sa_WF,Snow_SummerClothing_Camels_SunMid_Sandcastle_Fire.webp,7,1,Snow,SummerClothing,Camels,SunMid,Sandcastle,Fire,2026-07-27T13:47:55.368Z
6a25d59cc840d0ff539d6448,22,NS_WC_Ca_SR_Sa_NF,NoSnow_WinterClothing_Camels_SunRising_Sandcastle_NoFire.webp,4,1,NoSnow,WinterClothing,Camels,SunRising,Sandcastle,NoFire,2026-07-27T13:48:04.589Z
6a25d59cc840d0ff539d6448,23,S_SC_Pe_SR_Sa_NF,Snow_SummerClothing_Penguins_SunRising_Sandcastle_NoFire.webp,5,1,Snow,SummerClothing,Penguins,SunRising,Sandcastle,NoFire,2026-07-27T13:48:16.443Z
6a25d59cc840d0ff539d6448,24,NS_WC_Ca_SM_Sn_WF,NoSnow_WinterClothing_Camels_SunMid_Snowman_Fire.webp,7,1,NoSnow,WinterClothing,Camels,SunMid,Snowman,Fire,2026-07-27T13:49:02.007Z
6a25d59cc840d0ff539d6448,25,S_WC_Pe_SR_Sn_NF,Snow_WinterClothing_Penguins_SunRising_Snowman_NoFire.webp,4,1,Snow,WinterClothing,Penguins,SunRising,Snowman,NoFire,2026-07-27T13:49:14.587Z
6a25d59cc840d0ff539d6448,26,S_WC_Pe_SR_Sn_WF,Snow_WinterClothing_Penguins_SunRising_Snowman_Fire.webp,5,1,Snow,WinterClothing,Penguins,SunRising,Snowman,Fire,2026-07-27T13:49:26.685Z
6a25d59cc840d0ff539d6448,27,NS_SC_Ca_SR_Sa_NF,NoSnow_SummerClothing_Camels_SunRising_Sandcastle_NoFire.webp,5,1,NoSnow,SummerClothing,Camels,SunRising,Sandcastle,NoFire,2026-07-27T13:49:36.322Z
6a25d59cc840d0ff539d6448,28,S_WC_Ca_SR_Sn_NF,Snow_WinterClothing_Camels_SunRising_Snowman_NoFire.webp,3,1,Snow,WinterClothing,Camels,SunRising,Snowman,NoFire,2026-07-27T13:49:45.334Z
6a25d59cc840d0ff539d6448,29,NS_SC_Ca_SM_Sa_WF,NoSnow_SummerClothing_Camels_SunMid_Sandcastle_Fire.webp,7,1,NoSnow,SummerClothing,Camels,SunMid,Sandcastle,Fire,2026-07-27T13:50:00.283Z
6a25d59cc840d0ff539d6448,30,S_SC_Pe_SM_Sa_NF,Snow_SummerClothing_Penguins_SunMid_Sandcastle_NoFire.webp,5,1,Snow,SummerClothing,Penguins,SunMid,Sandcastle,NoFire,2026-07-27T13:50:09.963Z
6a25d59cc840d0ff539d6448,31,NS_SC_Pe_SR_Sn_WF,NoSnow_SummerClothing_Penguins_SunRising_Snowman_Fire.webp,7,1,NoSnow,SummerClothing,Penguins,SunRising,Snowman,Fire,2026-07-27T13:50:23.085Z
6a25d59cc840d0ff539d6448,32,S_WC_Pe_SM_Sa_NF,Snow_WinterClothing_Penguins_SunMid_Sandcastle_NoFire.webp,4,1,Snow,WinterClothing,Penguins,SunMid,Sandcastle,NoFire,2026-07-27T13:50:35.010Z
6a25d59cc840d0ff539d6448,33,NS_SC_Pe_SR_Sa_WF,NoSnow_SummerClothing_Penguins_SunRising_Sandcastle_Fire.webp,7,1,NoSnow,SummerClothing,Penguins,SunRising,Sandcastle,Fire,2026-07-27T13:51:01.228Z
6a25d59cc840d0ff539d6448,34,NS_WC_Pe_SR_Sn_WF,NoSnow_WinterClothing_Penguins_SunRising_Snowman_Fire.webp,3,1,NoSnow,WinterClothing,Penguins,SunRising,Snowman,Fire,2026-07-27T13:51:14.456Z
6a25d59cc840d0ff539d6448,35,NS_SC_Pe_SR_Sa_NF,NoSnow_SummerClothing_Penguins_SunRising_Sandcastle_NoFire.webp,5,1,NoSnow,SummerClothing,Penguins,SunRising,Sandcastle,NoFire,2026-07-27T13:51:28.543Z
6a25d59cc840d0ff539d6448,36,S_WC_Pe_SM_Sn_WF,Snow_WinterClothing_Penguins_SunMid_Snowman_Fire.webp,3,1,Snow,WinterClothing,Penguins,SunMid,Snowman,Fire,2026-07-27T13:51:40.828Z
6a25d59cc840d0ff539d6448,37,S_SC_Ca_SR_Sa_WF,Snow_SummerClothing_Camels_SunRising_Sandcastle_Fire.webp,7,1,Snow,SummerClothing,Camels,SunRising,Sandcastle,Fire,2026-07-27T13:51:54.713Z
6a25d59cc840d0ff539d6448,38,NS_SC_Ca_SR_Sa_WF,NoSnow_SummerClothing_Camels_SunRising_Sandcastle_Fire.webp,7,1,NoSnow,SummerClothing,Camels,SunRising,Sandcastle,Fire,2026-07-27T13:52:06.048Z
6a25d59cc840d0ff539d6448,39,NS_SC_Pe_SM_Sa_WF,NoSnow_SummerClothing_Penguins_SunMid_Sandcastle_Fire.webp,7,1,NoSnow,SummerClothing,Penguins,SunMid,Sandcastle,Fire,2026-07-27T13:52:18.564Z
6a25d59cc840d0ff539d6448,40,S_SC_Ca_SR_Sa_NF,Snow_SummerClothing_Camels_SunRising_Sandcastle_NoFire.webp,5,1,Snow,SummerClothing,Camels,SunRising,Sandcastle,NoFire,2026-07-27T13:52:28.898Z
6a25d59cc840d0ff539d6448,41,NS_SC_Pe_SR_Sn_NF,NoSnow_SummerClothing_Penguins_SunRising_Snowman_NoFire.webp,4,1,NoSnow,SummerClothing,Penguins,SunRising,Snowman,NoFire,2026-07-27T13:52:52.609Z
6a25d59cc840d0ff539d6448,42,NS_SC_Ca_SM_Sn_NF,NoSnow_SummerClothing_Camels_SunMid_Snowman_NoFire.webp,4,1,NoSnow,SummerClothing,Camels,SunMid,Snowman,NoFire,2026-07-27T13:53:04.744Z
6a25d59cc840d0ff539d6448,43,NS_WC_Ca_SR_Sn_WF,NoSnow_WinterClothing_Camels_SunRising_Snowman_Fire.webp,1,1,NoSnow,WinterClothing,Camels,SunRising,Snowman,Fire,2026-07-27T13:53:20.486Z
6a25d59cc840d0ff539d6448,44,S_SC_Pe_SR_Sa_WF,Snow_SummerClothing_Penguins_SunRising_Sandcastle_Fire.webp,3,1,Snow,SummerClothing,Penguins,SunRising,Sandcastle,Fire,2026-07-27T13:53:31.893Z
6a25d59cc840d0ff539d6448,45,S_WC_Ca_SR_Sa_NF,Snow_WinterClothing_Camels_SunRising_Sandcastle_NoFire.webp,3,1,Snow,WinterClothing,Camels,SunRising,Sandcastle,NoFire,2026-07-27T13:53:44.094Z
6a25d59cc840d0ff539d6448,46,S_SC_Ca_SR_Sn_WF,Snow_SummerClothing_Camels_SunRising_Snowman_Fire.webp,3,1,Snow,SummerClothing,Camels,SunRising,Snowman,Fire,2026-07-27T13:53:53.333Z
6a25d59cc840d0ff539d6448,47,NS_WC_Pe_SR_Sn_NF,NoSnow_WinterClothing_Penguins_SunRising_Snowman_NoFire.webp,3,1,NoSnow,WinterClothing,Penguins,SunRising,Snowman,NoFire,2026-07-27T13:54:03.963Z
6a25d59cc840d0ff539d6448,48,NS_SC_Pe_SM_Sn_WF,NoSnow_SummerClothing_Penguins_SunMid_Snowman_Fire.webp,1,1,NoSnow,SummerClothing,Penguins,SunMid,Snowman,Fire,2026-07-27T13:54:14.243Z
6a25d59cc840d0ff539d6448,49,S_SC_Ca_SM_Sa_NF,Snow_SummerClothing_Camels_SunMid_Sandcastle_NoFire.webp,4,1,Snow,SummerClothing,Camels,SunMid,Sandcastle,NoFire,2026-07-27T13:54:28.258Z
6a25d59cc840d0ff539d6448,50,S_SC_Pe_SR_Sn_NF,Snow_SummerClothing_Penguins_SunRising_Snowman_NoFire.webp,4,1,Snow,SummerClothing,Penguins,SunRising,Snowman,NoFire,2026-07-27T13:54:39.393Z
6a25d59cc840d0ff539d6448,51,NS_WC_Pe_SM_Sn_NF,NoSnow_WinterClothing_Penguins_SunMid_Snowman_NoFire.webp,4,1,NoSnow,WinterClothing,Penguins,SunMid,Snowman,NoFire,2026-07-27T13:54:55.522Z
6a25d59cc840d0ff539d6448,52,NS_WC_Pe_SM_Sa_WF,NoSnow_WinterClothing_Penguins_SunMid_Sandcastle_Fire.webp,1,1,NoSnow,WinterClothing,Penguins,SunMid,Sandcastle,Fire,2026-07-27T13:55:19.906Z
6a25d59cc840d0ff539d6448,53,S_WC_Ca_SM_Sn_WF,Snow_WinterClothing_Camels_SunMid_Snowman_Fire.webp,2,1,Snow,WinterClothing,Camels,SunMid,Snowman,Fire,2026-07-27T13:55:32.921Z
6a25d59cc840d0ff539d6448,54,S_SC_Pe_SM_Sa_WF,Snow_SummerClothing_Penguins_SunMid_Sandcastle_Fire.webp,4,1,Snow,SummerClothing,Penguins,SunMid,Sandcastle,Fire,2026-07-27T13:55:42.859Z
6a25d59cc840d0ff539d6448,55,NS_WC_Ca_SR_Sn_NF,NoSnow_WinterClothing_Camels_SunRising_Snowman_NoFire.webp,3,1,NoSnow,WinterClothing,Camels,SunRising,Snowman,NoFire,2026-07-27T13:55:55.664Z
6a25d59cc840d0ff539d6448,56,S_WC_Ca_SM_Sn_NF,Snow_WinterClothing_Camels_SunMid_Snowman_NoFire.webp,3,1,Snow,WinterClothing,Camels,SunMid,Snowman,NoFire,2026-07-27T13:56:04.922Z
6a25d59cc840d0ff539d6448,57,S_SC_Pe_SR_Sn_WF,Snow_SummerClothing_Penguins_SunRising_Snowman_Fire.webp,3,1,Snow,SummerClothing,Penguins,SunRising,Snowman,Fire,2026-07-27T13:56:16.982Z
6a25d59cc840d0ff539d6448,58,NS_SC_Ca_SM_Sa_NF,NoSnow_SummerClothing_Camels_SunMid_Sandcastle_NoFire.webp,7,1,NoSnow,SummerClothing,Camels,SunMid,Sandcastle,NoFire,2026-07-27T13:56:36.844Z
6a25d59cc840d0ff539d6448,59,S_WC_Pe_SR_Sa_NF,Snow_WinterClothing_Penguins_SunRising_Sandcastle_NoFire.webp,3,1,Snow,WinterClothing,Penguins,SunRising,Sandcastle,NoFire,2026-07-27T13:56:47.744Z
6a25d59cc840d0ff539d6448,60,S_SC_Ca_SM_Sn_NF,Snow_SummerClothing_Camels_SunMid_Snowman_NoFire.webp,4,1,Snow,SummerClothing,Camels,SunMid,Snowman,NoFire,2026-07-27T13:57:10.115Z
6a25d59cc840d0ff539d6448,61,NS_WC_Ca_SM_Sa_NF,NoSnow_WinterClothing_Camels_SunMid_Sandcastle_NoFire.webp,4,1,NoSnow,WinterClothing,Camels,SunMid,Sandcastle,NoFire,2026-07-27T13:57:26.715Z
6a25d59cc840d0ff539d6448,62,S_SC_Pe_SM_Sn_NF,Snow_SummerClothing_Penguins_SunMid_Snowman_NoFire.webp,3,1,Snow,SummerClothing,Penguins,SunMid,Snowman,NoFire,2026-07-27T13:57:37.363Z
6a25d59cc840d0ff539d6448,63,S_WC_Ca_SR_Sa_WF,Snow_WinterClothing_Camels_SunRising_Sandcastle_Fire.webp,7,1,Snow,WinterClothing,Camels,SunRising,Sandcastle,Fire,2026-07-27T13:57:58.095Z
69e609b599763c38ca9f3bac,0,S_SC_Ca_SM_Sn_WF,Snow_SummerClothing_Camels_SunMid_Snowman_Fire.webp,1,1,Snow,SummerClothing,Camels,SunMid,Snowman,Fire,2026-07-27T13:43:34.277Z
69e609b599763c38ca9f3bac,1,NS_SC_Pe_SM_Sn_WF,NoSnow_SummerClothing_Penguins_SunMid_Snowman_Fire.webp,1,1,NoSnow,SummerClothing,Penguins,SunMid,Snowman,Fire,2026-07-27T13:43:41.793Z
69e609b599763c38ca9f3bac,2,S_WC_Pe_SM_Sa_NF,Snow_WinterClothing_Penguins_SunMid_Sandcastle_NoFire.webp,2,1,Snow,WinterClothing,Penguins,SunMid,Sandcastle,NoFire,2026-07-27T13:43:49.994Z
69e609b599763c38ca9f3bac,3,NS_WC_Pe_SM_Sn_NF,NoSnow_WinterClothing_Penguins_SunMid_Snowman_NoFire.webp,1,1,NoSnow,WinterClothing,Penguins,SunMid,Snowman,NoFire,2026-07-27T13:43:57.127Z
69e609b599763c38ca9f3bac,4,NS_SC_Pe_SR_Sn_NF,NoSnow_SummerClothing_Penguins_SunRising_Snowman_NoFire.webp,2,1,NoSnow,SummerClothing,Penguins,SunRising,Snowman,NoFire,2026-07-27T13:44:07.327Z
69e609b599763c38ca9f3bac,5,S_WC_Ca_SR_Sn_NF,Snow_WinterClothing_Camels_SunRising_Snowman_NoFire.webp,1,1,Snow,WinterClothing,Camels,SunRising,Snowman,NoFire,2026-07-27T13:44:14.327Z
69e609b599763c38ca9f3bac,6,S_SC_Pe_SM_Sn_WF,Snow_SummerClothing_Penguins_SunMid_Snowman_Fire.webp,2,1,Snow,SummerClothing,Penguins,SunMid,Snowman,Fire,2026-07-27T13:44:25.179Z
69e609b599763c38ca9f3bac,7,S_WC_Pe_SM_Sn_WF,Snow_WinterClothing_Penguins_SunMid_Snowman_Fire.webp,2,1,Snow,WinterClothing,Penguins,SunMid,Snowman,Fire,2026-07-27T13:44:32.644Z
69e609b599763c38ca9f3bac,8,NS_SC_Ca_SM_Sa_WF,NoSnow_SummerClothing_Camels_SunMid_Sandcastle_Fire.webp,5,1,NoSnow,SummerClothing,Camels,SunMid,Sandcastle,Fire,2026-07-27T13:44:47.128Z
69e609b599763c38ca9f3bac,9,NS_SC_Pe_SR_Sn_WF,NoSnow_SummerClothing_Penguins_SunRising_Snowman_Fire.webp,3,1,NoSnow,SummerClothing,Penguins,SunRising,Snowman,Fire,2026-07-27T13:44:59.494Z
69e609b599763c38ca9f3bac,10,NS_WC_Pe_SM_Sa_NF,NoSnow_WinterClothing_Penguins_SunMid_Sandcastle_NoFire.webp,4,1,NoSnow,WinterClothing,Penguins,SunMid,Sandcastle,NoFire,2026-07-27T13:45:11.378Z
69e609b599763c38ca9f3bac,11,S_WC_Pe_SR_Sa_WF,Snow_WinterClothing_Penguins_SunRising_Sandcastle_Fire.webp,3,1,Snow,WinterClothing,Penguins,SunRising,Sandcastle,Fire,2026-07-27T13:45:19.612Z
69e609b599763c38ca9f3bac,12,S_SC_Pe_SM_Sa_WF,Snow_SummerClothing_Penguins_SunMid_Sandcastle_Fire.webp,4,1,Snow,SummerClothing,Penguins,SunMid,Sandcastle,Fire,2026-07-27T13:45:29.246Z
69e609b599763c38ca9f3bac,13,S_WC_Pe_SR_Sn_NF,Snow_WinterClothing_Penguins_SunRising_Snowman_NoFire.webp,1,1,Snow,WinterClothing,Penguins,SunRising,Snowman,NoFire,2026-07-27T13:45:35.395Z
69e609b599763c38ca9f3bac,14,NS_WC_Pe_SR_Sn_WF,NoSnow_WinterClothing_Penguins_SunRising_Snowman_Fire.webp,2,1,NoSnow,WinterClothing,Penguins,SunRising,Snowman,Fire,2026-07-27T13:45:44.213Z
69e609b599763c38ca9f3bac,15,S_SC_Pe_SM_Sa_NF,Snow_SummerClothing_Penguins_SunMid_Sandcastle_NoFire.webp,3,1,Snow,SummerClothing,Penguins,SunMid,Sandcastle,NoFire,2026-07-27T13:45:51.228Z
69e609b599763c38ca9f3bac,16,NS_SC_Pe_SR_Sa_NF,NoSnow_SummerClothing_Penguins_SunRising_Sandcastle_NoFire.webp,3,1,NoSnow,SummerClothing,Penguins,SunRising,Sandcastle,NoFire,2026-07-27T13:46:01.712Z
69e609b599763c38ca9f3bac,17,NS_WC_Ca_SM_Sa_WF,NoSnow_WinterClothing_Camels_SunMid_Sandcastle_Fire.webp,3,1,NoSnow,WinterClothing,Camels,SunMid,Sandcastle,Fire,2026-07-27T13:46:16.579Z
69e609b599763c38ca9f3bac,18,S_WC_Pe_SM_Sa_WF,Snow_WinterClothing_Penguins_SunMid_Sandcastle_Fire.webp,2,1,Snow,WinterClothing,Penguins,SunMid,Sandcastle,Fire,2026-07-27T13:46:25.679Z
69e609b599763c38ca9f3bac,19,S_SC_Ca_SR_Sn_WF,Snow_SummerClothing_Camels_SunRising_Snowman_Fire.webp,1,1,Snow,SummerClothing,Camels,SunRising,Snowman,Fire,2026-07-27T13:46:31.697Z
69e609b599763c38ca9f3bac,20,NS_WC_Pe_SM_Sa_WF,NoSnow_WinterClothing_Penguins_SunMid_Sandcastle_Fire.webp,2,1,NoSnow,WinterClothing,Penguins,SunMid,Sandcastle,Fire,2026-07-27T13:46:48.030Z
69e609b599763c38ca9f3bac,21,S_WC_Pe_SR_Sn_WF,Snow_WinterClothing_Penguins_SunRising_Snowman_Fire.webp,1,1,Snow,WinterClothing,Penguins,SunRising,Snowman,Fire,2026-07-27T13:46:57.913Z
69e609b599763c38ca9f3bac,22,S_SC_Ca_SM_Sa_NF,Snow_SummerClothing_Camels_SunMid_Sandcastle_NoFire.webp,2,1,Snow,SummerClothing,Camels,SunMid,Sandcastle,NoFire,2026-07-27T13:47:10.413Z
69e609b599763c38ca9f3bac,23,S_WC_Ca_SM_Sa_WF,Snow_WinterClothing_Camels_SunMid_Sandcastle_Fire.webp,2,1,Snow,WinterClothing,Camels,SunMid,Sandcastle,Fire,2026-07-27T13:47:18.113Z
69e609b599763c38ca9f3bac,24,NS_SC_Ca_SR_Sa_WF,NoSnow_SummerClothing_Camels_SunRising_Sandcastle_Fire.webp,3,1,NoSnow,SummerClothing,Camels,SunRising,Sandcastle,Fire,2026-07-27T13:47:26.213Z
69e609b599763c38ca9f3bac,25,S_SC_Pe_SR_Sn_NF,Snow_SummerClothing_Penguins_SunRising_Snowman_NoFire.webp,1,1,Snow,SummerClothing,Penguins,SunRising,Snowman,NoFire,2026-07-27T13:47:33.298Z
69e609b599763c38ca9f3bac,26,S_WC_Pe_SR_Sa_NF,Snow_WinterClothing_Penguins_SunRising_Sandcastle_NoFire.webp,1,1,Snow,WinterClothing,Penguins,SunRising,Sandcastle,NoFire,2026-07-27T13:47:51.564Z
69e609b599763c38ca9f3bac,27,S_SC_Pe_SR_Sn_WF,Snow_SummerClothing_Penguins_SunRising_Snowman_Fire.webp,2,1,Snow,SummerClothing,Penguins,SunRising,Snowman,Fire,2026-07-27T13:48:06.514Z
69e609b599763c38ca9f3bac,28,NS_WC_Ca_SR_Sa_NF,NoSnow_WinterClothing_Camels_SunRising_Sandcastle_NoFire.webp,3,1,NoSnow,WinterClothing,Camels,SunRising,Sandcastle,NoFire,2026-07-27T13:48:15.914Z
69e609b599763c38ca9f3bac,29,S_SC_Ca_SM_Sa_WF,Snow_SummerClothing_Camels_SunMid_Sandcastle_Fire.webp,4,1,Snow,SummerClothing,Camels,SunMid,Sandcastle,Fire,2026-07-27T13:48:27.015Z
69e609b599763c38ca9f3bac,30,S_WC_Ca_SM_Sa_NF,Snow_WinterClothing_Camels_SunMid_Sandcastle_NoFire.webp,2,1,Snow,WinterClothing,Camels,SunMid,Sandcastle,NoFire,2026-07-27T13:48:32.697Z
69e609b599763c38ca9f3bac,31,NS_WC_Ca_SM_Sn_WF,NoSnow_WinterClothing_Camels_SunMid_Snowman_Fire.webp,1,1,NoSnow,WinterClothing,Camels,SunMid,Snowman,Fire,2026-07-27T13:48:38.264Z
69e609b599763c38ca9f3bac,32,NS_WC_Ca_SR_Sn_NF,NoSnow_WinterClothing_Camels_SunRising_Snowman_NoFire.webp,2,1,NoSnow,WinterClothing,Camels,SunRising,Snowman,NoFire,2026-07-27T13:48:48.714Z
69e609b599763c38ca9f3bac,33,NS_SC_Ca_SM_Sa_NF,NoSnow_SummerClothing_Camels_SunMid_Sandcastle_NoFire.webp,4,1,NoSnow,SummerClothing,Camels,SunMid,Sandcastle,NoFire,2026-07-27T13:48:55.033Z
69e609b599763c38ca9f3bac,34,S_WC_Ca_SM_Sn_NF,Snow_WinterClothing_Camels_SunMid_Snowman_NoFire.webp,1,1,Snow,WinterClothing,Camels,SunMid,Snowman,NoFire,2026-07-27T13:49:00.631Z
69e609b599763c38ca9f3bac,35,S_SC_Ca_SR_Sa_WF,Snow_SummerClothing_Camels_SunRising_Sandcastle_Fire.webp,2,1,Snow,SummerClothing,Camels,SunRising,Sandcastle,Fire,2026-07-27T13:49:09.031Z
69e609b599763c38ca9f3bac,36,S_WC_Pe_SM_Sn_NF,Snow_WinterClothing_Penguins_SunMid_Snowman_NoFire.webp,2,1,Snow,WinterClothing,Penguins,SunMid,Snowman,NoFire,2026-07-27T13:49:15.831Z
69e609b599763c38ca9f3bac,37,S_WC_Ca_SR_Sa_WF,Snow_WinterClothing_Camels_SunRising_Sandcastle_Fire.webp,3,1,Snow,WinterClothing,Camels,SunRising,Sandcastle,Fire,2026-07-27T13:49:23.665Z
69e609b599763c38ca9f3bac,38,NS_WC_Pe_SR_Sa_WF,NoSnow_WinterClothing_Penguins_SunRising_Sandcastle_Fire.webp,4,1,NoSnow,WinterClothing,Penguins,SunRising,Sandcastle,Fire,2026-07-27T13:49:31.448Z
69e609b599763c38ca9f3bac,39,NS_WC_Ca_SR_Sa_WF,NoSnow_WinterClothing_Camels_SunRising_Sandcastle_Fire.webp,4,1,NoSnow,WinterClothing,Camels,SunRising,Sandcastle,Fire,2026-07-27T13:49:37.049Z
69e609b599763c38ca9f3bac,40,S_SC_Ca_SM_Sn_NF,Snow_SummerClothing_Camels_SunMid_Snowman_NoFire.webp,2,1,Snow,SummerClothing,Camels,SunMid,Snowman,NoFire,2026-07-27T13:49:44.250Z
69e609b599763c38ca9f3bac,41,NS_SC_Ca_SM_Sn_WF,NoSnow_SummerClothing_Camels_SunMid_Snowman_Fire.webp,2,1,NoSnow,SummerClothing,Camels,SunMid,Snowman,Fire,2026-07-27T13:49:51.499Z
69e609b599763c38ca9f3bac,42,S_SC_Ca_SR_Sn_NF,Snow_SummerClothing_Camels_SunRising_Snowman_NoFire.webp,1,1,Snow,SummerClothing,Camels,SunRising,Snowman,NoFire,2026-07-27T13:49:57.199Z
69e609b599763c38ca9f3bac,43,NS_WC_Pe_SR_Sn_NF,NoSnow_WinterClothing_Penguins_SunRising_Snowman_NoFire.webp,2,1,NoSnow,WinterClothing,Penguins,SunRising,Snowman,NoFire,2026-07-27T13:50:05.101Z
69e609b599763c38ca9f3bac,44,S_WC_Ca_SR_Sa_NF,Snow_WinterClothing_Camels_SunRising_Sandcastle_NoFire.webp,2,1,Snow,WinterClothing,Camels,SunRising,Sandcastle,NoFire,2026-07-27T13:50:11.033Z
69e609b599763c38ca9f3bac,45,NS_WC_Pe_SR_Sa_NF,NoSnow_WinterClothing_Penguins_SunRising_Sandcastle_NoFire.webp,2,1,NoSnow,WinterClothing,Penguins,SunRising,Sandcastle,NoFire,2026-07-27T13:50:18.683Z
69e609b599763c38ca9f3bac,46,NS_SC_Pe_SM_Sa_NF,NoSnow_SummerClothing_Penguins_SunMid_Sandcastle_NoFire.webp,4,1,NoSnow,SummerClothing,Penguins,SunMid,Sandcastle,NoFire,2026-07-27T13:50:25.966Z
69e609b599763c38ca9f3bac,47,NS_SC_Pe_SM_Sn_NF,NoSnow_SummerClothing_Penguins_SunMid_Snowman_NoFire.webp,2,1,NoSnow,SummerClothing,Penguins,SunMid,Snowman,NoFire,2026-07-27T13:50:31.433Z
69e609b599763c38ca9f3bac,48,S_SC_Ca_SR_Sa_NF,Snow_SummerClothing_Camels_SunRising_Sandcastle_NoFire.webp,2,1,Snow,SummerClothing,Camels,SunRising,Sandcastle,NoFire,2026-07-27T13:50:37.133Z
69e609b599763c38ca9f3bac,49,S_SC_Pe_SM_Sn_NF,Snow_SummerClothing_Penguins_SunMid_Snowman_NoFire.webp,2,1,Snow,SummerClothing,Penguins,SunMid,Snowman,NoFire,2026-07-27T13:50:42.883Z
69e609b599763c38ca9f3bac,50,NS_WC_Ca_SM_Sa_NF,NoSnow_WinterClothing_Camels_SunMid_Sandcastle_NoFire.webp,3,1,NoSnow,WinterClothing,Camels,SunMid,Sandcastle,NoFire,2026-07-27T13:50:48.500Z
69e609b599763c38ca9f3bac,51,NS_SC_Ca_SM_Sn_NF,NoSnow_SummerClothing_Camels_SunMid_Snowman_NoFire.webp,2,1,NoSnow,SummerClothing,Camels,SunMid,Snowman,NoFire,2026-07-27T13:50:58.050Z
69e609b599763c38ca9f3bac,52,NS_SC_Ca_SR_Sa_NF,NoSnow_SummerClothing_Camels_SunRising_Sandcastle_NoFire.webp,3,1,NoSnow,SummerClothing,Camels,SunRising,Sandcastle,NoFire,2026-07-27T13:51:03.650Z
69e609b599763c38ca9f3bac,53,S_WC_Ca_SR_Sn_WF,Snow_WinterClothing_Camels_SunRising_Snowman_Fire.webp,2,1,Snow,WinterClothing,Camels,SunRising,Snowman,Fire,2026-07-27T13:51:11.783Z
69e609b599763c38ca9f3bac,54,NS_WC_Ca_SR_Sn_WF,NoSnow_WinterClothing_Camels_SunRising_Snowman_Fire.webp,2,1,NoSnow,WinterClothing,Camels,SunRising,Snowman,Fire,2026-07-27T13:51:21.051Z
69e609b599763c38ca9f3bac,55,NS_WC_Pe_SM_Sn_WF,NoSnow_WinterClothing_Penguins_SunMid_Snowman_Fire.webp,2,1,NoSnow,WinterClothing,Penguins,SunMid,Snowman,Fire,2026-07-27T13:51:32.867Z
69e609b599763c38ca9f3bac,56,NS_SC_Ca_SR_Sn_WF,NoSnow_SummerClothing_Camels_SunRising_Snowman_Fire.webp,3,1,NoSnow,SummerClothing,Camels,SunRising,Snowman,Fire,2026-07-27T13:51:39.967Z
69e609b599763c38ca9f3bac,57,NS_SC_Pe_SR_Sa_WF,NoSnow_SummerClothing_Penguins_SunRising_Sandcastle_Fire.webp,3,1,NoSnow,SummerClothing,Penguins,SunRising,Sandcastle,Fire,2026-07-27T13:51:46.952Z
69e609b599763c38ca9f3bac,58,S_WC_Ca_SM_Sn_WF,Snow_WinterClothing_Camels_SunMid_Snowman_Fire.webp,4,1,Snow,WinterClothing,Camels,SunMid,Snowman,Fire,2026-07-27T13:51:54.101Z
69e609b599763c38ca9f3bac,59,NS_SC_Pe_SM_Sa_WF,NoSnow_SummerClothing_Penguins_SunMid_Sandcastle_Fire.webp,4,1,NoSnow,SummerClothing,Penguins,SunMid,Sandcastle,Fire,2026-07-27T13:51:59.936Z
69e609b599763c38ca9f3bac,60,NS_WC_Ca_SM_Sn_NF,NoSnow_WinterClothing_Camels_SunMid_Snowman_NoFire.webp,3,1,NoSnow,WinterClothing,Camels,SunMid,Snowman,NoFire,2026-07-27T13:52:10.051Z
69e609b599763c38ca9f3bac,61,S_SC_Pe_SR_Sa_WF,Snow_SummerClothing_Penguins_SunRising_Sandcastle_Fire.webp,2,1,Snow,SummerClothing,Penguins,SunRising,Sandcastle,Fire,2026-07-27T13:52:20.053Z
69e609b599763c38ca9f3bac,62,S_SC_Pe_SR_Sa_NF,Snow_SummerClothing_Penguins_SunRising_Sandcastle_NoFire.webp,2,1,Snow,SummerClothing,Penguins,SunRising,Sandcastle,NoFire,2026-07-27T13:52:25.884Z
69e609b599763c38ca9f3bac,63,NS_SC_Ca_SR_Sn_NF,NoSnow_SummerClothing_Camels_SunRising_Snowman_NoFire.webp,2,1,NoSnow,SummerClothing,Camels,SunRising,Snowman,NoFire,2026-07-27T13:52:32.051Z
69fcb26251b7047bcc4538cd,0,S_SC_Pe_SM_Sn_WF,Snow_SummerClothing_Penguins_SunMid_Snowman_Fire.webp,3,2,Snow,SummerClothing,Penguins,SunMid,Snowman,Fire,2026-07-27T13:42:57.725Z
69fcb26251b7047bcc4538cd,1,NS_SC_Ca_SR_Sn_NF,NoSnow_SummerClothing_Camels_SunRising_Snowman_NoFire.webp,4,1,NoSnow,SummerClothing,Camels,SunRising,Snowman,NoFire,2026-07-27T13:43:09.817Z
69fe13c519d7b1d2a874d1a1,0,S_WC_Pe_SM_Sa_WF,Snow_WinterClothing_Penguins_SunMid_Sandcastle_Fire.webp,2,1,Snow,WinterClothing,Penguins,SunMid,Sandcastle,Fire,2026-07-27T13:43:46.616Z
69fe13c519d7b1d2a874d1a1,1,NS_SC_Pe_SM_Sn_WF,NoSnow_SummerClothing_Penguins_SunMid_Snowman_Fire.webp,5,1,NoSnow,SummerClothing,Penguins,SunMid,Snowman,Fire,2026-07-27T13:44:27.931Z
69fe13c519d7b1d2a874d1a1,2,S_WC_Pe_SM_Sn_NF,Snow_WinterClothing_Penguins_SunMid_Snowman_NoFire.webp,1,3,Snow,WinterClothing,Penguins,SunMid,Snowman,NoFire,2026-07-27T13:44:48.797Z
69fe13c519d7b1d2a874d1a1,3,NS_WC_Pe_SR_Sa_NF,NoSnow_WinterClothing_Penguins_SunRising_Sandcastle_NoFire.webp,4,5,NoSnow,WinterClothing,Penguins,SunRising,Sandcastle,NoFire,2026-07-27T13:45:12.581Z
69fe13c519d7b1d2a874d1a1,4,S_WC_Ca_SR_Sn_NF,Snow_WinterClothing_Camels_SunRising_Snowman_NoFire.webp,1,1,Snow,WinterClothing,Camels,SunRising,Snowman,NoFire,2026-07-27T13:45:29.130Z
69fe13c519d7b1d2a874d1a1,5,NS_SC_Pe_SM_Sa_NF,NoSnow_SummerClothing_Penguins_SunMid_Sandcastle_NoFire.webp,7,3,NoSnow,SummerClothing,Penguins,SunMid,Sandcastle,NoFire,2026-07-27T13:45:58.064Z
69fe13c519d7b1d2a874d1a1,6,NS_WC_Ca_SR_Sa_WF,NoSnow_WinterClothing_Camels_SunRising_Sandcastle_Fire.webp,7,6,NoSnow,WinterClothing,Camels,SunRising,Sandcastle,Fire,2026-07-27T13:46:14.097Z
69fe13c519d7b1d2a874d1a1,7,NS_SC_Ca_SM_Sn_WF,NoSnow_SummerClothing_Camels_SunMid_Snowman_Fire.webp,7,1,NoSnow,SummerClothing,Camels,SunMid,Snowman,Fire,2026-07-27T13:46:25.163Z
69fe13c519d7b1d2a874d1a1,8,S_WC_Ca_SM_Sn_NF,Snow_WinterClothing_Camels_SunMid_Snowman_NoFire.webp,1,1,Snow,WinterClothing,Camels,SunMid,Snowman,NoFire,2026-07-27T13:46:50.963Z
69fe13c519d7b1d2a874d1a1,9,NS_SC_Ca_SM_Sa_NF,NoSnow_SummerClothing_Camels_SunMid_Sandcastle_NoFire.webp,7,6,NoSnow,SummerClothing,Camels,SunMid,Sandcastle,NoFire,2026-07-27T13:47:04.946Z
69fe13c519d7b1d2a874d1a1,10,S_SC_Ca_SR_Sn_NF,Snow_SummerClothing_Camels_SunRising_Snowman_NoFire.webp,1,1,Snow,SummerClothing,Camels,SunRising,Snowman,NoFire,2026-07-27T13:47:12.696Z
69fe13c519d7b1d2a874d1a1,11,NS_WC_Pe_SR_Sn_NF,NoSnow_WinterClothing_Penguins_SunRising_Snowman_NoFire.webp,5,1,NoSnow,WinterClothing,Penguins,SunRising,Snowman,NoFire,2026-07-27T13:47:28.996Z
69fe13c519d7b1d2a874d1a1,12,S_WC_Pe_SM_Sn_WF,Snow_WinterClothing_Penguins_SunMid_Snowman_Fire.webp,2,7,Snow,WinterClothing,Penguins,SunMid,Snowman,Fire,2026-07-27T13:47:51.945Z
69fe13c519d7b1d2a874d1a1,13,NS_WC_Ca_SR_Sn_WF,NoSnow_WinterClothing_Camels_SunRising_Snowman_Fire.webp,6,1,NoSnow,WinterClothing,Camels,SunRising,Snowman,Fire,2026-07-27T13:48:01.962Z
69fe13c519d7b1d2a874d1a1,14,NS_SC_Ca_SM_Sa_WF,NoSnow_SummerClothing_Camels_SunMid_Sandcastle_Fire.webp,7,5,NoSnow,SummerClothing,Camels,SunMid,Sandcastle,Fire,2026-07-27T13:48:15.546Z
69fe13c519d7b1d2a874d1a1,15,NS_SC_Ca_SR_Sa_WF,NoSnow_SummerClothing_Camels_SunRising_Sandcastle_Fire.webp,6,4,NoSnow,SummerClothing,Camels,SunRising,Sandcastle,Fire,2026-07-27T13:48:30.096Z
69fe13c519d7b1d2a874d1a1,16,NS_WC_Pe_SM_Sa_WF,NoSnow_WinterClothing_Penguins_SunMid_Sandcastle_Fire.webp,7,3,NoSnow,WinterClothing,Penguins,SunMid,Sandcastle,Fire,2026-07-27T13:48:44.562Z
69fe13c519d7b1d2a874d1a1,17,S_SC_Ca_SR_Sa_WF,Snow_SummerClothing_Camels_SunRising_Sandcastle_Fire.webp,1,1,Snow,SummerClothing,Camels,SunRising,Sandcastle,Fire,2026-07-27T13:48:58.162Z
69fe13c519d7b1d2a874d1a1,18,S_WC_Pe_SR_Sa_WF,Snow_WinterClothing_Penguins_SunRising_Sandcastle_Fire.webp,1,1,Snow,WinterClothing,Penguins,SunRising,Sandcastle,Fire,2026-07-27T13:49:12.695Z
69fe13c519d7b1d2a874d1a1,19,S_SC_Ca_SM_Sn_NF,Snow_SummerClothing_Camels_SunMid_Snowman_NoFire.webp,2,1,Snow,SummerClothing,Camels,SunMid,Snowman,NoFire,2026-07-27T13:49:19.679Z
69fe13c519d7b1d2a874d1a1,20,NS_SC_Ca_SR_Sn_WF,NoSnow_SummerClothing_Camels_SunRising_Snowman_Fire.webp,6,1,NoSnow,SummerClothing,Camels,SunRising,Snowman,Fire,2026-07-27T13:49:32.129Z
69fe13c519d7b1d2a874d1a1,21,S_SC_Ca_SM_Sa_NF,Snow_SummerClothing_Camels_SunMid_Sandcastle_NoFire.webp,2,1,Snow,SummerClothing,Camels,SunMid,Sandcastle,NoFire,2026-07-27T13:49:41.279Z
69fe13c519d7b1d2a874d1a1,22,NS_WC_Pe_SR_Sn_WF,NoSnow_WinterClothing_Penguins_SunRising_Snowman_Fire.webp,6,1,NoSnow,WinterClothing,Penguins,SunRising,Snowman,Fire,2026-07-27T13:49:48.295Z
69fe13c519d7b1d2a874d1a1,23,NS_SC_Pe_SR_Sa_WF,NoSnow_SummerClothing_Penguins_SunRising_Sandcastle_Fire.webp,6,3,NoSnow,SummerClothing,Penguins,SunRising,Sandcastle,Fire,2026-07-27T13:49:59.027Z
69fe13c519d7b1d2a874d1a1,24,S_WC_Ca_SR_Sa_WF,Snow_WinterClothing_Camels_SunRising_Sandcastle_Fire.webp,2,1,Snow,WinterClothing,Camels,SunRising,Sandcastle,Fire,2026-07-27T13:50:08.861Z
69fe13c519d7b1d2a874d1a1,25,S_WC_Ca_SM_Sa_NF,Snow_WinterClothing_Camels_SunMid_Sandcastle_NoFire.webp,2,1,Snow,WinterClothing,Camels,SunMid,Sandcastle,NoFire,2026-07-27T13:50:19.345Z
69fe13c519d7b1d2a874d1a1,26,NS_SC_Ca_SM_Sn_NF,NoSnow_SummerClothing_Camels_SunMid_Snowman_NoFire.webp,7,1,NoSnow,SummerClothing,Camels,SunMid,Snowman,NoFire,2026-07-27T13:50:30.128Z
69fe13c519d7b1d2a874d1a1,27,NS_SC_Ca_SR_Sa_NF,NoSnow_SummerClothing_Camels_SunRising_Sandcastle_NoFire.webp,5,7,NoSnow,SummerClothing,Camels,SunRising,Sandcastle,NoFire,2026-07-27T13:50:44.461Z
69fe13c519d7b1d2a874d1a1,28,S_SC_Ca_SM_Sa_WF,Snow_SummerClothing_Camels_SunMid_Sandcastle_Fire.webp,2,1,Snow,SummerClothing,Camels,SunMid,Sandcastle,Fire,2026-07-27T13:50:53.278Z
69fe13c519d7b1d2a874d1a1,29,NS_SC_Pe_SM_Sa_WF,NoSnow_SummerClothing_Penguins_SunMid_Sandcastle_Fire.webp,7,2,NoSnow,SummerClothing,Penguins,SunMid,Sandcastle,Fire,2026-07-27T13:51:00.210Z
69fe13c519d7b1d2a874d1a1,30,S_WC_Ca_SR_Sa_NF,Snow_WinterClothing_Camels_SunRising_Sandcastle_NoFire.webp,1,1,Snow,WinterClothing,Camels,SunRising,Sandcastle,NoFire,2026-07-27T13:51:08.794Z
69fe13c519d7b1d2a874d1a1,31,NS_WC_Ca_SM_Sa_NF,NoSnow_WinterClothing_Camels_SunMid_Sandcastle_NoFire.webp,7,7,NoSnow,WinterClothing,Camels,SunMid,Sandcastle,NoFire,2026-07-27T13:51:23.043Z
69fe13c519d7b1d2a874d1a1,32,S_WC_Pe_SM_Sa_NF,Snow_WinterClothing_Penguins_SunMid_Sandcastle_NoFire.webp,2,2,Snow,WinterClothing,Penguins,SunMid,Sandcastle,NoFire,2026-07-27T13:51:34.760Z
69fe13c519d7b1d2a874d1a1,33,S_SC_Pe_SM_Sn_WF,Snow_SummerClothing_Penguins_SunMid_Snowman_Fire.webp,2,6,Snow,SummerClothing,Penguins,SunMid,Snowman,Fire,2026-07-27T13:52:02.877Z
69fe13c519d7b1d2a874d1a1,34,NS_WC_Ca_SR_Sn_NF,NoSnow_WinterClothing_Camels_SunRising_Snowman_NoFire.webp,5,1,NoSnow,WinterClothing,Camels,SunRising,Snowman,NoFire,2026-07-27T13:52:11.660Z
69fe13c519d7b1d2a874d1a1,35,NS_WC_Ca_SM_Sa_WF,NoSnow_WinterClothing_Camels_SunMid_Sandcastle_Fire.webp,7,4,NoSnow,WinterClothing,Camels,SunMid,Sandcastle,Fire,2026-07-27T13:52:30.343Z
69fe13c519d7b1d2a874d1a1,36,S_WC_Pe_SR_Sa_NF,Snow_WinterClothing_Penguins_SunRising_Sandcastle_NoFire.webp,1,1,Snow,WinterClothing,Penguins,SunRising,Sandcastle,NoFire,2026-07-27T13:52:39.460Z
69fe13c519d7b1d2a874d1a1,37,S_SC_Ca_SM_Sn_WF,Snow_SummerClothing_Camels_SunMid_Snowman_Fire.webp,2,1,Snow,SummerClothing,Camels,SunMid,Snowman,Fire,2026-07-27T13:52:51.243Z
69fe13c519d7b1d2a874d1a1,38,NS_SC_Ca_SR_Sn_NF,NoSnow_SummerClothing_Camels_SunRising_Snowman_NoFire.webp,5,1,NoSnow,SummerClothing,Camels,SunRising,Snowman,NoFire,2026-07-27T13:53:01.076Z
69fe13c519d7b1d2a874d1a1,39,NS_WC_Ca_SM_Sn_WF,NoSnow_WinterClothing_Camels_SunMid_Snowman_Fire.webp,7,1,NoSnow,WinterClothing,Camels,SunMid,Snowman,Fire,2026-07-27T13:53:13.476Z
69fe13c519d7b1d2a874d1a1,40,S_SC_Pe_SM_Sa_WF,Snow_SummerClothing_Penguins_SunMid_Sandcastle_Fire.webp,2,1,Snow,SummerClothing,Penguins,SunMid,Sandcastle,Fire,2026-07-27T13:53:27.426Z
69fe13c519d7b1d2a874d1a1,41,S_WC_Pe_SR_Sn_WF,Snow_WinterClothing_Penguins_SunRising_Snowman_Fire.webp,3,7,Snow,WinterClothing,Penguins,SunRising,Snowman,Fire,2026-07-27T13:53:50.559Z
69fe13c519d7b1d2a874d1a1,42,S_SC_Pe_SR_Sn_NF,Snow_SummerClothing_Penguins_SunRising_Snowman_NoFire.webp,1,3,Snow,SummerClothing,Penguins,SunRising,Snowman,NoFire,2026-07-27T13:54:03.425Z
69fe13c519d7b1d2a874d1a1,43,NS_WC_Pe_SM_Sn_WF,NoSnow_WinterClothing_Penguins_SunMid_Snowman_Fire.webp,7,1,NoSnow,WinterClothing,Penguins,SunMid,Snowman,Fire,2026-07-27T13:54:11.225Z
69fe13c519d7b1d2a874d1a1,44,NS_WC_Ca_SM_Sn_NF,NoSnow_WinterClothing_Camels_SunMid_Snowman_NoFire.webp,7,1,NoSnow,WinterClothing,Camels,SunMid,Snowman,NoFire,2026-07-27T13:54:21.225Z
69fe13c519d7b1d2a874d1a1,45,S_WC_Ca_SM_Sn_WF,Snow_WinterClothing_Camels_SunMid_Snowman_Fire.webp,3,2,Snow,WinterClothing,Camels,SunMid,Snowman,Fire,2026-07-27T13:54:34.758Z
69fe13c519d7b1d2a874d1a1,46,S_SC_Ca_SR_Sn_WF,Snow_SummerClothing_Camels_SunRising_Snowman_Fire.webp,1,1,Snow,SummerClothing,Camels,SunRising,Snowman,Fire,2026-07-27T13:54:44.958Z
69fe13c519d7b1d2a874d1a1,47,NS_SC_Pe_SR_Sa_NF,NoSnow_SummerClothing_Penguins_SunRising_Sandcastle_NoFire.webp,4,2,NoSnow,SummerClothing,Penguins,SunRising,Sandcastle,NoFire,2026-07-27T13:55:00.574Z
69fe13c519d7b1d2a874d1a1,48,S_SC_Pe_SR_Sa_WF,Snow_SummerClothing_Penguins_SunRising_Sandcastle_Fire.webp,1,1,Snow,SummerClothing,Penguins,SunRising,Sandcastle,Fire,2026-07-27T13:55:07.224Z
69fe13c519d7b1d2a874d1a1,49,S_WC_Ca_SM_Sa_WF,Snow_WinterClothing_Camels_SunMid_Sandcastle_Fire.webp,3,1,Snow,WinterClothing,Camels,SunMid,Sandcastle,Fire,2026-07-27T13:55:18.407Z
69fe13c519d7b1d2a874d1a1,50,S_SC_Pe_SR_Sa_NF,Snow_SummerClothing_Penguins_SunRising_Sandcastle_NoFire.webp,1,2,Snow,SummerClothing,Penguins,SunRising,Sandcastle,NoFire,2026-07-27T13:55:27.624Z
69fe13c519d7b1d2a874d1a1,51,NS_WC_Pe_SM_Sn_NF,NoSnow_WinterClothing_Penguins_SunMid_Snowman_NoFire.webp,7,1,NoSnow,WinterClothing,Penguins,SunMid,Snowman,NoFire,2026-07-27T13:55:35.791Z
69fe13c519d7b1d2a874d1a1,52,NS_SC_Pe_SR_Sn_NF,NoSnow_SummerClothing_Penguins_SunRising_Snowman_NoFire.webp,5,1,NoSnow,SummerClothing,Penguins,SunRising,Snowman,NoFire,2026-07-27T13:55:46.640Z
69fe13c519d7b1d2a874d1a1,53,NS_WC_Ca_SR_Sa_NF,NoSnow_WinterClothing_Camels_SunRising_Sandcastle_NoFire.webp,6,3,NoSnow,WinterClothing,Camels,SunRising,Sandcastle,NoFire,2026-07-27T13:56:04.373Z
69fe13c519d7b1d2a874d1a1,54,S_SC_Pe_SR_Sn_WF,Snow_SummerClothing_Penguins_SunRising_Snowman_Fire.webp,1,3,Snow,SummerClothing,Penguins,SunRising,Snowman,Fire,2026-07-27T13:56:18.207Z
69fe13c519d7b1d2a874d1a1,55,NS_WC_Pe_SM_Sa_NF,NoSnow_WinterClothing_Penguins_SunMid_Sandcastle_NoFire.webp,7,2,NoSnow,WinterClothing,Penguins,SunMid,Sandcastle,NoFire,2026-07-27T13:56:28.057Z
69fe13c519d7b1d2a874d1a1,56,NS_WC_Pe_SR_Sa_WF,NoSnow_WinterClothing_Penguins_SunRising_Sandcastle_Fire.webp,6,2,NoSnow,WinterClothing,Penguins,SunRising,Sandcastle,Fire,2026-07-27T13:56:38.607Z
69fe13c519d7b1d2a874d1a1,57,S_WC_Ca_SR_Sn_WF,Snow_WinterClothing_Camels_SunRising_Snowman_Fire.webp,3,2,Snow,WinterClothing,Camels,SunRising,Snowman,Fire,2026-07-27T13:56:58.373Z
69fe13c519d7b1d2a874d1a1,58,NS_SC_Pe_SR_Sn_WF,NoSnow_SummerClothing_Penguins_SunRising_Snowman_Fire.webp,6,2,NoSnow,SummerClothing,Penguins,SunRising,Snowman,Fire,2026-07-27T13:57:10.489Z
69fe13c519d7b1d2a874d1a1,59,S_WC_Pe_SR_Sn_NF,Snow_WinterClothing_Penguins_SunRising_Snowman_NoFire.webp,3,7,Snow,WinterClothing,Penguins,SunRising,Snowman,NoFire,2026-07-27T13:57:21.721Z
69fe13c519d7b1d2a874d1a1,60,S_SC_Pe_SM_Sa_NF,Snow_SummerClothing_Penguins_SunMid_Sandcastle_NoFire.webp,6,3,Snow,SummerClothing,Penguins,SunMid,Sandcastle,NoFire,2026-07-27T13:57:33.672Z
69fe13c519d7b1d2a874d1a1,61,NS_SC_Pe_SM_Sn_NF,NoSnow_SummerClothing_Penguins_SunMid_Snowman_NoFire.webp,6,2,NoSnow,SummerClothing,Penguins,SunMid,Snowman,NoFire,2026-07-27T13:57:43.989Z
69fe13c519d7b1d2a874d1a1,62,S_SC_Ca_SR_Sa_NF,Snow_SummerClothing_Camels_SunRising_Sandcastle_NoFire.webp,1,2,Snow,SummerClothing,Camels,SunRising,Sandcastle,NoFire,2026-07-27T13:58:00.639Z
69fe13c519d7b1d2a874d1a1,63,S_SC_Pe_SM_Sn_NF,Snow_SummerClothing_Penguins_SunMid_Snowman_NoFire.webp,2,3,Snow,SummerClothing,Penguins,SunMid,Snowman,NoFire,2026-07-27T13:58:14.488Z
6a259318979530883214bd3a,0,S_SC_Pe_SM_Sn_WF,Snow_SummerClothing_Penguins_SunMid_Snowman_Fire.webp,2,1,Snow,SummerClothing,Penguins,SunMid,Snowman,Fire,2026-07-27T13:42:34.950Z
6a259318979530883214bd3a,1,NS_SC_Pe_SR_Sa_WF,NoSnow_SummerClothing_Penguins_SunRising_Sandcastle_Fire.webp,6,1,NoSnow,SummerClothing,Penguins,SunRising,Sandcastle,Fire,2026-07-27T13:42:46.781Z
6a259318979530883214bd3a,2,S_SC_Pe_SR_Sn_WF,Snow_SummerClothing_Penguins_SunRising_Snowman_Fire.webp,1,1,Snow,SummerClothing,Penguins,SunRising,Snowman,Fire,2026-07-27T13:42:54.437Z
6a259318979530883214bd3a,3,NS_SC_Pe_SM_Sn_NF,NoSnow_SummerClothing_Penguins_SunMid_Snowman_NoFire.webp,4,1,NoSnow,SummerClothing,Penguins,SunMid,Snowman,NoFire,2026-07-27T13:43:03.670Z
6a259318979530883214bd3a,4,S_SC_Pe_SR_Sa_WF,Snow_SummerClothing_Penguins_SunRising_Sandcastle_Fire.webp,3,1,Snow,SummerClothing,Penguins,SunRising,Sandcastle,Fire,2026-07-27T13:43:12.005Z
6a259318979530883214bd3a,5,NS_WC_Ca_SM_Sa_WF,NoSnow_WinterClothing_Camels_SunMid_Sandcastle_Fire.webp,6,1,NoSnow,WinterClothing,Camels,SunMid,Sandcastle,Fire,2026-07-27T13:43:19.357Z
6a259318979530883214bd3a,6,S_WC_Ca_SR_Sa_WF,Snow_WinterClothing_Camels_SunRising_Sandcastle_Fire.webp,6,1,Snow,WinterClothing,Camels,SunRising,Sandcastle,Fire,2026-07-27T13:43:26.518Z
6a259318979530883214bd3a,7,NS_WC_Pe_SR_Sn_NF,NoSnow_WinterClothing_Penguins_SunRising_Snowman_NoFire.webp,2,1,NoSnow,WinterClothing,Penguins,SunRising,Snowman,NoFire,2026-07-27T13:43:34.462Z
6a259318979530883214bd3a,8,NS_WC_Pe_SM_Sn_WF,NoSnow_WinterClothing_Penguins_SunMid_Snowman_Fire.webp,3,1,NoSnow,WinterClothing,Penguins,SunMid,Snowman,Fire,2026-07-27T13:43:41.485Z
6a259318979530883214bd3a,9,NS_WC_Pe_SM_Sa_NF,NoSnow_WinterClothing_Penguins_SunMid_Sandcastle_NoFire.webp,6,1,NoSnow,WinterClothing,Penguins,SunMid,Sandcastle,NoFire,2026-07-27T13:43:46.997Z
6a259318979530883214bd3a,10,NS_WC_Pe_SM_Sa_WF,NoSnow_WinterClothing_Penguins_SunMid_Sandcastle_Fire.webp,7,1,NoSnow,WinterClothing,Penguins,SunMid,Sandcastle,Fire,2026-07-27T13:43:52.749Z
6a259318979530883214bd3a,11,NS_SC_Ca_SR_Sa_WF,NoSnow_SummerClothing_Camels_SunRising_Sandcastle_Fire.webp,6,1,NoSnow,SummerClothing,Camels,SunRising,Sandcastle,Fire,2026-07-27T13:43:59.662Z
6a259318979530883214bd3a,12,S_WC_Ca_SR_Sa_NF,Snow_WinterClothing_Camels_SunRising_Sandcastle_NoFire.webp,1,1,Snow,WinterClothing,Camels,SunRising,Sandcastle,NoFire,2026-07-27T13:44:05.421Z
6a259318979530883214bd3a,13,S_SC_Ca_SM_Sn_WF,Snow_SummerClothing_Camels_SunMid_Snowman_Fire.webp,1,1,Snow,SummerClothing,Camels,SunMid,Snowman,Fire,2026-07-27T13:44:10.662Z
6a259318979530883214bd3a,14,S_SC_Ca_SR_Sa_NF,Snow_SummerClothing_Camels_SunRising_Sandcastle_NoFire.webp,1,1,Snow,SummerClothing,Camels,SunRising,Sandcastle,NoFire,2026-07-27T13:44:16.413Z
6a259318979530883214bd3a,15,S_WC_Pe_SR_Sn_WF,Snow_WinterClothing_Penguins_SunRising_Snowman_Fire.webp,2,1,Snow,WinterClothing,Penguins,SunRising,Snowman,Fire,2026-07-27T13:44:21.773Z
6a259318979530883214bd3a,16,S_SC_Ca_SR_Sn_WF,Snow_SummerClothing_Camels_SunRising_Snowman_Fire.webp,2,1,Snow,SummerClothing,Camels,SunRising,Snowman,Fire,2026-07-27T13:44:27.749Z
6a259318979530883214bd3a,17,S_WC_Pe_SR_Sn_NF,Snow_WinterClothing_Penguins_SunRising_Snowman_NoFire.webp,2,1,Snow,WinterClothing,Penguins,SunRising,Snowman,NoFire,2026-07-27T13:44:34.853Z
6a259318979530883214bd3a,18,NS_WC_Ca_SR_Sn_NF,NoSnow_WinterClothing_Camels_SunRising_Snowman_NoFire.webp,6,1,NoSnow,WinterClothing,Camels,SunRising,Snowman,NoFire,2026-07-27T13:44:45.245Z
6a259318979530883214bd3a,19,S_SC_Ca_SM_Sa_NF,Snow_SummerClothing_Camels_SunMid_Sandcastle_NoFire.webp,2,1,Snow,SummerClothing,Camels,SunMid,Sandcastle,NoFire,2026-07-27T13:44:58.238Z
6a259318979530883214bd3a,20,S_SC_Ca_SR_Sa_WF,Snow_SummerClothing_Camels_SunRising_Sandcastle_Fire.webp,6,1,Snow,SummerClothing,Camels,SunRising,Sandcastle,Fire,2026-07-27T13:45:04.934Z
6a259318979530883214bd3a,21,NS_WC_Pe_SM_Sn_NF,NoSnow_WinterClothing_Penguins_SunMid_Snowman_NoFire.webp,4,1,NoSnow,WinterClothing,Penguins,SunMid,Snowman,NoFire,2026-07-27T13:45:13.910Z
6a259318979530883214bd3a,22,NS_WC_Ca_SM_Sa_NF,NoSnow_WinterClothing_Camels_SunMid_Sandcastle_NoFire.webp,5,1,NoSnow,WinterClothing,Camels,SunMid,Sandcastle,NoFire,2026-07-27T13:45:22.118Z
6a259318979530883214bd3a,23,S_SC_Pe_SM_Sa_NF,Snow_SummerClothing_Penguins_SunMid_Sandcastle_NoFire.webp,2,1,Snow,SummerClothing,Penguins,SunMid,Sandcastle,NoFire,2026-07-27T13:45:28.109Z
6a259318979530883214bd3a,24,S_WC_Ca_SM_Sn_NF,Snow_WinterClothing_Camels_SunMid_Snowman_NoFire.webp,3,1,Snow,WinterClothing,Camels,SunMid,Snowman,NoFire,2026-07-27T13:45:36.013Z
6a259318979530883214bd3a,25,NS_WC_Ca_SR_Sa_WF,NoSnow_WinterClothing_Camels_SunRising_Sandcastle_Fire.webp,7,1,NoSnow,WinterClothing,Camels,SunRising,Sandcastle,Fire,2026-07-27T13:45:42.158Z
6a259318979530883214bd3a,26,S_SC_Ca_SR_Sn_NF,Snow_SummerClothing_Camels_SunRising_Snowman_NoFire.webp,1,1,Snow,SummerClothing,Camels,SunRising,Snowman,NoFire,2026-07-27T13:45:47.165Z
6a259318979530883214bd3a,27,S_SC_Pe_SR_Sn_NF,Snow_SummerClothing_Penguins_SunRising_Snowman_NoFire.webp,2,1,Snow,SummerClothing,Penguins,SunRising,Snowman,NoFire,2026-07-27T13:45:52.309Z
6a259318979530883214bd3a,28,NS_SC_Pe_SM_Sn_WF,NoSnow_SummerClothing_Penguins_SunMid_Snowman_Fire.webp,3,1,NoSnow,SummerClothing,Penguins,SunMid,Snowman,Fire,2026-07-27T13:45:57.438Z
6a259318979530883214bd3a,29,NS_SC_Pe_SR_Sa_NF,NoSnow_SummerClothing_Penguins_SunRising_Sandcastle_NoFire.webp,6,1,NoSnow,SummerClothing,Penguins,SunRising,Sandcastle,NoFire,2026-07-27T13:46:02.805Z
6a259318979530883214bd3a,30,S_WC_Pe_SR_Sa_WF,Snow_WinterClothing_Penguins_SunRising_Sandcastle_Fire.webp,1,1,Snow,WinterClothing,Penguins,SunRising,Sandcastle,Fire,2026-07-27T13:46:07.934Z
6a259318979530883214bd3a,31,S_WC_Ca_SM_Sa_NF,Snow_WinterClothing_Camels_SunMid_Sandcastle_NoFire.webp,2,1,Snow,WinterClothing,Camels,SunMid,Sandcastle,NoFire,2026-07-27T13:46:13.302Z
6a259318979530883214bd3a,32,NS_SC_Ca_SR_Sn_WF,NoSnow_SummerClothing_Camels_SunRising_Snowman_Fire.webp,7,1,NoSnow,SummerClothing,Camels,SunRising,Snowman,Fire,2026-07-27T13:46:18.909Z
6a259318979530883214bd3a,33,NS_SC_Pe_SR_Sn_NF,NoSnow_SummerClothing_Penguins_SunRising_Snowman_NoFire.webp,4,1,NoSnow,SummerClothing,Penguins,SunRising,Snowman,NoFire,2026-07-27T13:46:26.973Z
6a259318979530883214bd3a,34,NS_WC_Ca_SM_Sn_WF,NoSnow_WinterClothing_Camels_SunMid_Snowman_Fire.webp,6,1,NoSnow,WinterClothing,Camels,SunMid,Snowman,Fire,2026-07-27T13:46:47.686Z
6a259318979530883214bd3a,35,NS_SC_Pe_SM_Sa_NF,NoSnow_SummerClothing_Penguins_SunMid_Sandcastle_NoFire.webp,4,1,NoSnow,SummerClothing,Penguins,SunMid,Sandcastle,NoFire,2026-07-27T13:46:54.069Z
6a259318979530883214bd3a,36,NS_SC_Ca_SR_Sa_NF,NoSnow_SummerClothing_Camels_SunRising_Sandcastle_NoFire.webp,5,1,NoSnow,SummerClothing,Camels,SunRising,Sandcastle,NoFire,2026-07-27T13:46:59.822Z
6a259318979530883214bd3a,37,S_WC_Pe_SM_Sa_NF,Snow_WinterClothing_Penguins_SunMid_Sandcastle_NoFire.webp,2,1,Snow,WinterClothing,Penguins,SunMid,Sandcastle,NoFire,2026-07-27T13:47:05.653Z
6a259318979530883214bd3a,38,S_WC_Ca_SR_Sn_NF,Snow_WinterClothing_Camels_SunRising_Snowman_NoFire.webp,1,1,Snow,WinterClothing,Camels,SunRising,Snowman,NoFire,2026-07-27T13:47:11.101Z
6a259318979530883214bd3a,39,NS_WC_Pe_SR_Sn_WF,NoSnow_WinterClothing_Penguins_SunRising_Snowman_Fire.webp,2,1,NoSnow,WinterClothing,Penguins,SunRising,Snowman,Fire,2026-07-27T13:47:18.741Z
6a259318979530883214bd3a,40,NS_SC_Pe_SR_Sn_WF,NoSnow_SummerClothing_Penguins_SunRising_Snowman_Fire.webp,6,1,NoSnow,SummerClothing,Penguins,SunRising,Snowman,Fire,2026-07-27T13:47:23.958Z
6a259318979530883214bd3a,41,S_WC_Pe_SM_Sn_WF,Snow_WinterClothing_Penguins_SunMid_Snowman_Fire.webp,1,1,Snow,WinterClothing,Penguins,SunMid,Snowman,Fire,2026-07-27T13:47:30.261Z
6a259318979530883214bd3a,42,NS_WC_Pe_SR_Sa_NF,NoSnow_WinterClothing_Penguins_SunRising_Sandcastle_NoFire.webp,6,1,NoSnow,WinterClothing,Penguins,SunRising,Sandcastle,NoFire,2026-07-27T13:47:36.470Z
6a259318979530883214bd3a,43,S_SC_Pe_SM_Sn_NF,Snow_SummerClothing_Penguins_SunMid_Snowman_NoFire.webp,3,1,Snow,SummerClothing,Penguins,SunMid,Snowman,NoFire,2026-07-27T13:47:42.270Z
6a259318979530883214bd3a,44,S_WC_Ca_SR_Sn_WF,Snow_WinterClothing_Camels_SunRising_Snowman_Fire.webp,4,1,Snow,WinterClothing,Camels,SunRising,Snowman,Fire,2026-07-27T13:47:48.486Z
6a259318979530883214bd3a,45,S_SC_Ca_SM_Sa_WF,Snow_SummerClothing_Camels_SunMid_Sandcastle_Fire.webp,2,1,Snow,SummerClothing,Camels,SunMid,Sandcastle,Fire,2026-07-27T13:47:54.229Z
6a259318979530883214bd3a,46,NS_SC_Ca_SM_Sa_NF,NoSnow_SummerClothing_Camels_SunMid_Sandcastle_NoFire.webp,5,1,NoSnow,SummerClothing,Camels,SunMid,Sandcastle,NoFire,2026-07-27T13:48:00.222Z
6a259318979530883214bd3a,47,S_WC_Pe_SM_Sn_NF,Snow_WinterClothing_Penguins_SunMid_Snowman_NoFire.webp,2,1,Snow,WinterClothing,Penguins,SunMid,Snowman,NoFire,2026-07-27T13:48:06.637Z
6a259318979530883214bd3a,48,S_WC_Ca_SM_Sa_WF,Snow_WinterClothing_Camels_SunMid_Sandcastle_Fire.webp,2,1,Snow,WinterClothing,Camels,SunMid,Sandcastle,Fire,2026-07-27T13:48:21.669Z
6a259318979530883214bd3a,49,NS_WC_Ca_SR_Sn_WF,NoSnow_WinterClothing_Camels_SunRising_Snowman_Fire.webp,7,1,NoSnow,WinterClothing,Camels,SunRising,Snowman,Fire,2026-07-27T13:48:28.534Z
6a259318979530883214bd3a,50,S_SC_Pe_SM_Sa_WF,Snow_SummerClothing_Penguins_SunMid_Sandcastle_Fire.webp,1,1,Snow,SummerClothing,Penguins,SunMid,Sandcastle,Fire,2026-07-27T13:48:35.502Z
6a259318979530883214bd3a,51,S_WC_Ca_SM_Sn_WF,Snow_WinterClothing_Camels_SunMid_Snowman_Fire.webp,3,1,Snow,WinterClothing,Camels,SunMid,Snowman,Fire,2026-07-27T13:48:41.109Z
6a259318979530883214bd3a,52,NS_WC_Ca_SR_Sa_NF,NoSnow_WinterClothing_Camels_SunRising_Sandcastle_NoFire.webp,7,1,NoSnow,WinterClothing,Camels,SunRising,Sandcastle,NoFire,2026-07-27T13:48:46.462Z
6a259318979530883214bd3a,53,NS_WC_Pe_SR_Sa_WF,NoSnow_WinterClothing_Penguins_SunRising_Sandcastle_Fire.webp,5,1,NoSnow,WinterClothing,Penguins,SunRising,Sandcastle,Fire,2026-07-27T13:48:51.942Z
6a259318979530883214bd3a,54,NS_SC_Pe_SM_Sa_WF,NoSnow_SummerClothing_Penguins_SunMid_Sandcastle_Fire.webp,6,1,NoSnow,SummerClothing,Penguins,SunMid,Sandcastle,Fire,2026-07-27T13:48:59.253Z
6a259318979530883214bd3a,55,S_WC_Pe_SM_Sa_WF,Snow_WinterClothing_Penguins_SunMid_Sandcastle_Fire.webp,2,1,Snow,WinterClothing,Penguins,SunMid,Sandcastle,Fire,2026-07-27T13:49:04.423Z
6a259318979530883214bd3a,56,NS_SC_Ca_SR_Sn_NF,NoSnow_SummerClothing_Camels_SunRising_Snowman_NoFire.webp,5,1,NoSnow,SummerClothing,Camels,SunRising,Snowman,NoFire,2026-07-27T13:49:12.213Z
6a259318979530883214bd3a,57,S_WC_Pe_SR_Sa_NF,Snow_WinterClothing_Penguins_SunRising_Sandcastle_NoFire.webp,2,1,Snow,WinterClothing,Penguins,SunRising,Sandcastle,NoFire,2026-07-27T13:49:17.453Z
6a259318979530883214bd3a,58,NS_WC_Ca_SM_Sn_NF,NoSnow_WinterClothing_Camels_SunMid_Snowman_NoFire.webp,5,1,NoSnow,WinterClothing,Camels,SunMid,Snowman,NoFire,2026-07-27T13:49:22.710Z
6a259318979530883214bd3a,59,NS_SC_Ca_SM_Sn_WF,NoSnow_SummerClothing_Camels_SunMid_Snowman_Fire.webp,6,1,NoSnow,SummerClothing,Camels,SunMid,Snowman,Fire,2026-07-27T13:49:28.357Z
6a259318979530883214bd3a,60,NS_SC_Ca_SM_Sa_WF,NoSnow_SummerClothing_Camels_SunMid_Sandcastle_Fire.webp,6,1,NoSnow,SummerClothing,Camels,SunMid,Sandcastle,Fire,2026-07-27T13:49:33.901Z
6a259318979530883214bd3a,61,S_SC_Ca_SM_Sn_NF,Snow_SummerClothing_Camels_SunMid_Snowman_NoFire.webp,2,1,Snow,SummerClothing,Camels,SunMid,Snowman,NoFire,2026-07-27T13:49:39.285Z
6a259318979530883214bd3a,62,NS_SC_Ca_SM_Sn_NF,NoSnow_SummerClothing_Camels_SunMid_Snowman_NoFire.webp,5,1,NoSnow,SummerClothing,Camels,SunMid,Snowman,NoFire,2026-07-27T13:49:46.213Z
6a259318979530883214bd3a,63,S_SC_Pe_SR_Sa_NF,Snow_SummerClothing_Penguins_SunRising_Sandcastle_NoFire.webp,2,1,Snow,SummerClothing,Penguins,SunRising,Sandcastle,NoFire,2026-07-27T13:49:51.629Z
6983331709c0fe233e0f848b,0,S_WC_Pe_SR_Sa_NF,Snow_WinterClothing_Penguins_SunRising_Sandcastle_NoFire.webp,1,1,Snow,WinterClothing,Penguins,SunRising,Sandcastle,NoFire,2026-07-27T13:42:46.418Z
6983331709c0fe233e0f848b,1,S_SC_Ca_SR_Sa_NF,Snow_SummerClothing_Camels_SunRising_Sandcastle_NoFire.webp,5,4,Snow,SummerClothing,Camels,SunRising,Sandcastle,NoFire,2026-07-27T13:43:11.205Z
6983331709c0fe233e0f848b,2,S_SC_Pe_SM_Sa_NF,Snow_SummerClothing_Penguins_SunMid_Sandcastle_NoFire.webp,1,2,Snow,SummerClothing,Penguins,SunMid,Sandcastle,NoFire,2026-07-27T13:43:32.368Z
6983331709c0fe233e0f848b,3,NS_WC_Ca_SR_Sn_NF,NoSnow_WinterClothing_Camels_SunRising_Snowman_NoFire.webp,3,1,NoSnow,WinterClothing,Camels,SunRising,Snowman,NoFire,2026-07-27T13:43:54.683Z
6983331709c0fe233e0f848b,4,S_SC_Pe_SM_Sn_NF,Snow_SummerClothing_Penguins_SunMid_Snowman_NoFire.webp,2,2,Snow,SummerClothing,Penguins,SunMid,Snowman,NoFire,2026-07-27T13:44:22.115Z
6983331709c0fe233e0f848b,5,S_WC_Pe_SM_Sn_WF,Snow_WinterClothing_Penguins_SunMid_Snowman_Fire.webp,3,1,Snow,WinterClothing,Penguins,SunMid,Snowman,Fire,2026-07-27T13:44:39.122Z
6983331709c0fe233e0f848b,6,NS_SC_Pe_SM_Sn_NF,NoSnow_SummerClothing_Penguins_SunMid_Snowman_NoFire.webp,2,2,NoSnow,SummerClothing,Penguins,SunMid,Snowman,NoFire,2026-07-27T13:44:53.057Z
6983331709c0fe233e0f848b,7,NS_WC_Pe_SR_Sn_WF,NoSnow_WinterClothing_Penguins_SunRising_Snowman_Fire.webp,2,3,NoSnow,WinterClothing,Penguins,SunRising,Snowman,Fire,2026-07-27T13:45:10.285Z
6983331709c0fe233e0f848b,8,NS_WC_Ca_SR_Sa_WF,NoSnow_WinterClothing_Camels_SunRising_Sandcastle_Fire.webp,5,5,NoSnow,WinterClothing,Camels,SunRising,Sandcastle,Fire,2026-07-27T13:45:19.051Z
6983331709c0fe233e0f848b,9,NS_SC_Pe_SM_Sn_WF,NoSnow_SummerClothing_Penguins_SunMid_Snowman_Fire.webp,3,4,NoSnow,SummerClothing,Penguins,SunMid,Snowman,Fire,2026-07-27T13:45:42.322Z
6983331709c0fe233e0f848b,10,S_SC_Ca_SM_Sa_NF,Snow_SummerClothing_Camels_SunMid_Sandcastle_NoFire.webp,2,3,Snow,SummerClothing,Camels,SunMid,Sandcastle,NoFire,2026-07-27T13:46:08.662Z
6983331709c0fe233e0f848b,11,S_WC_Pe_SR_Sa_WF,Snow_WinterClothing_Penguins_SunRising_Sandcastle_Fire.webp,2,3,Snow,WinterClothing,Penguins,SunRising,Sandcastle,Fire,2026-07-27T13:46:20.321Z
6983331709c0fe233e0f848b,12,NS_SC_Ca_SR_Sa_NF,NoSnow_SummerClothing_Camels_SunRising_Sandcastle_NoFire.webp,5,5,NoSnow,SummerClothing,Camels,SunRising,Sandcastle,NoFire,2026-07-27T13:46:56.044Z
6983331709c0fe233e0f848b,13,NS_WC_Ca_SM_Sn_NF,NoSnow_WinterClothing_Camels_SunMid_Snowman_NoFire.webp,3,4,NoSnow,WinterClothing,Camels,SunMid,Snowman,NoFire,2026-07-27T13:47:31.452Z
6983331709c0fe233e0f848b,14,S_WC_Pe_SR_Sn_WF,Snow_WinterClothing_Penguins_SunRising_Snowman_Fire.webp,2,4,Snow,WinterClothing,Penguins,SunRising,Snowman,Fire,2026-07-27T13:47:54.559Z
6983331709c0fe233e0f848b,15,S_SC_Pe_SR_Sa_NF,Snow_SummerClothing_Penguins_SunRising_Sandcastle_NoFire.webp,3,2,Snow,SummerClothing,Penguins,SunRising,Sandcastle,NoFire,2026-07-27T13:48:31.389Z
6983331709c0fe233e0f848b,16,NS_WC_Ca_SM_Sa_NF,NoSnow_WinterClothing_Camels_SunMid_Sandcastle_NoFire.webp,6,5,NoSnow,WinterClothing,Camels,SunMid,Sandcastle,NoFire,2026-07-27T13:48:48.234Z
6983331709c0fe233e0f848b,17,S_WC_Ca_SM_Sa_NF,Snow_WinterClothing_Camels_SunMid_Sandcastle_NoFire.webp,6,5,Snow,WinterClothing,Camels,SunMid,Sandcastle,NoFire,2026-07-27T13:49:27.063Z
6983331709c0fe233e0f848b,18,S_SC_Pe_SR_Sn_NF,Snow_SummerClothing_Penguins_SunRising_Snowman_NoFire.webp,2,5,Snow,SummerClothing,Penguins,SunRising,Snowman,NoFire,2026-07-27T13:51:10.218Z
6983331709c0fe233e0f848b,19,S_WC_Pe_SR_Sn_NF,Snow_WinterClothing_Penguins_SunRising_Snowman_NoFire.webp,2,3,Snow,WinterClothing,Penguins,SunRising,Snowman,NoFire,2026-07-27T13:51:50.025Z
6983331709c0fe233e0f848b,20,S_WC_Ca_SM_Sa_WF,Snow_WinterClothing_Camels_SunMid_Sandcastle_Fire.webp,5,5,Snow,WinterClothing,Camels,SunMid,Sandcastle,Fire,2026-07-27T13:52:54.181Z
6983331709c0fe233e0f848b,21,NS_SC_Ca_SR_Sa_WF,NoSnow_SummerClothing_Camels_SunRising_Sandcastle_Fire.webp,7,6,NoSnow,SummerClothing,Camels,SunRising,Sandcastle,Fire,2026-07-27T13:53:02.704Z
6983331709c0fe233e0f848b,22,NS_WC_Ca_SM_Sa_WF,NoSnow_WinterClothing_Camels_SunMid_Sandcastle_Fire.webp,4,5,NoSnow,WinterClothing,Camels,SunMid,Sandcastle,Fire,2026-07-27T13:53:24.491Z
6983331709c0fe233e0f848b,23,NS_WC_Pe_SM_Sa_WF,NoSnow_WinterClothing_Penguins_SunMid_Sandcastle_Fire.webp,2,3,NoSnow,WinterClothing,Penguins,SunMid,Sandcastle,Fire,2026-07-27T13:53:57.083Z
6983331709c0fe233e0f848b,24,S_SC_Ca_SM_Sn_NF,Snow_SummerClothing_Camels_SunMid_Snowman_NoFire.webp,2,1,Snow,SummerClothing,Camels,SunMid,Snowman,NoFire,2026-07-27T13:54:06.398Z
6983331709c0fe233e0f848b,25,S_SC_Ca_SR_Sn_WF,Snow_SummerClothing_Camels_SunRising_Snowman_Fire.webp,2,1,Snow,SummerClothing,Camels,SunRising,Snowman,Fire,2026-07-27T13:54:25.093Z
6983331709c0fe233e0f848b,26,S_WC_Ca_SR_Sa_NF,Snow_WinterClothing_Camels_SunRising_Sandcastle_NoFire.webp,7,6,Snow,WinterClothing,Camels,SunRising,Sandcastle,NoFire,2026-07-27T13:55:44.421Z
6983331709c0fe233e0f848b,27,NS_SC_Pe_SM_Sa_NF,NoSnow_SummerClothing_Penguins_SunMid_Sandcastle_NoFire.webp,5,2,NoSnow,SummerClothing,Penguins,SunMid,Sandcastle,NoFire,2026-07-27T13:55:53.015Z
6983331709c0fe233e0f848b,28,S_SC_Ca_SR_Sa_WF,Snow_SummerClothing_Camels_SunRising_Sandcastle_Fire.webp,6,5,Snow,SummerClothing,Camels,SunRising,Sandcastle,Fire,2026-07-27T13:56:09.520Z
6983331709c0fe233e0f848b,29,NS_SC_Ca_SR_Sn_NF,NoSnow_SummerClothing_Camels_SunRising_Snowman_NoFire.webp,2,4,NoSnow,SummerClothing,Camels,SunRising,Snowman,NoFire,2026-07-27T13:56:20.762Z
6983331709c0fe233e0f848b,30,S_SC_Pe_SM_Sa_WF,Snow_SummerClothing_Penguins_SunMid_Sandcastle_Fire.webp,3,4,Snow,SummerClothing,Penguins,SunMid,Sandcastle,Fire,2026-07-27T13:56:42.320Z
6983331709c0fe233e0f848b,31,S_WC_Pe_SM_Sa_WF,Snow_WinterClothing_Penguins_SunMid_Sandcastle_Fire.webp,4,4,Snow,WinterClothing,Penguins,SunMid,Sandcastle,Fire,2026-07-27T13:57:11.074Z
6983331709c0fe233e0f848b,32,NS_SC_Ca_SR_Sn_WF,NoSnow_SummerClothing_Camels_SunRising_Snowman_Fire.webp,3,2,NoSnow,SummerClothing,Camels,SunRising,Snowman,Fire,2026-07-27T13:57:58.745Z
6983331709c0fe233e0f848b,33,S_WC_Pe_SM_Sn_NF,Snow_WinterClothing_Penguins_SunMid_Snowman_NoFire.webp,4,6,Snow,WinterClothing,Penguins,SunMid,Snowman,NoFire,2026-07-27T13:58:09.521Z
6983331709c0fe233e0f848b,34,S_WC_Ca_SR_Sn_NF,Snow_WinterClothing_Camels_SunRising_Snowman_NoFire.webp,3,3,Snow,WinterClothing,Camels,SunRising,Snowman,NoFire,2026-07-27T13:58:38.426Z
6983331709c0fe233e0f848b,35,S_WC_Ca_SR_Sa_WF,Snow_WinterClothing_Camels_SunRising_Sandcastle_Fire.webp,6,6,Snow,WinterClothing,Camels,SunRising,Sandcastle,Fire,2026-07-27T13:58:53.553Z
6983331709c0fe233e0f848b,36,NS_WC_Ca_SR_Sn_WF,NoSnow_WinterClothing_Camels_SunRising_Snowman_Fire.webp,2,3,NoSnow,WinterClothing,Camels,SunRising,Snowman,Fire,2026-07-27T13:59:39.942Z
6983331709c0fe233e0f848b,37,NS_SC_Ca_SM_Sn_WF,NoSnow_SummerClothing_Camels_SunMid_Snowman_Fire.webp,2,3,NoSnow,SummerClothing,Camels,SunMid,Snowman,Fire,2026-07-27T13:59:50.325Z
6983331709c0fe233e0f848b,38,NS_WC_Pe_SR_Sa_WF,NoSnow_WinterClothing_Penguins_SunRising_Sandcastle_Fire.webp,3,2,NoSnow,WinterClothing,Penguins,SunRising,Sandcastle,Fire,2026-07-27T14:00:11.500Z
6983331709c0fe233e0f848b,39,NS_WC_Pe_SM_Sa_NF,NoSnow_WinterClothing_Penguins_SunMid_Sandcastle_NoFire.webp,3,2,NoSnow,WinterClothing,Penguins,SunMid,Sandcastle,NoFire,2026-07-27T14:00:33.524Z
6983331709c0fe233e0f848b,40,NS_SC_Ca_SM_Sa_WF,NoSnow_SummerClothing_Camels_SunMid_Sandcastle_Fire.webp,6,7,NoSnow,SummerClothing,Camels,SunMid,Sandcastle,Fire,2026-07-27T14:00:45.433Z
6983331709c0fe233e0f848b,41,NS_SC_Pe_SR_Sn_NF,NoSnow_SummerClothing_Penguins_SunRising_Snowman_NoFire.webp,2,5,NoSnow,SummerClothing,Penguins,SunRising,Snowman,NoFire,2026-07-27T14:01:00.549Z
6983331709c0fe233e0f848b,42,NS_WC_Pe_SM_Sn_NF,NoSnow_WinterClothing_Penguins_SunMid_Snowman_NoFire.webp,2,6,NoSnow,WinterClothing,Penguins,SunMid,Snowman,NoFire,2026-07-27T14:01:26.827Z
6983331709c0fe233e0f848b,43,S_SC_Pe_SR_Sa_WF,Snow_SummerClothing_Penguins_SunRising_Sandcastle_Fire.webp,3,2,Snow,SummerClothing,Penguins,SunRising,Sandcastle,Fire,2026-07-27T14:01:35.736Z
6983331709c0fe233e0f848b,44,S_SC_Ca_SM_Sa_WF,Snow_SummerClothing_Camels_SunMid_Sandcastle_Fire.webp,6,7,Snow,SummerClothing,Camels,SunMid,Sandcastle,Fire,2026-07-27T14:02:09.772Z
6983331709c0fe233e0f848b,45,NS_SC_Pe_SR_Sn_WF,NoSnow_SummerClothing_Penguins_SunRising_Snowman_Fire.webp,4,1,NoSnow,SummerClothing,Penguins,SunRising,Snowman,Fire,2026-07-27T14:02:19.210Z
6983331709c0fe233e0f848b,46,S_SC_Ca_SM_Sn_WF,Snow_SummerClothing_Camels_SunMid_Snowman_Fire.webp,2,2,Snow,SummerClothing,Camels,SunMid,Snowman,Fire,2026-07-27T14:02:27.025Z
6983331709c0fe233e0f848b,47,NS_SC_Pe_SR_Sa_NF,NoSnow_SummerClothing_Penguins_SunRising_Sandcastle_NoFire.webp,5,3,NoSnow,SummerClothing,Penguins,SunRising,Sandcastle,NoFire,2026-07-27T14:02:34.644Z
6983331709c0fe233e0f848b,48,S_WC_Ca_SM_Sn_NF,Snow_WinterClothing_Camels_SunMid_Snowman_NoFire.webp,2,3,Snow,WinterClothing,Camels,SunMid,Snowman,NoFire,2026-07-27T14:03:02.222Z
6983331709c0fe233e0f848b,49,S_SC_Ca_SR_Sn_NF,Snow_SummerClothing_Camels_SunRising_Snowman_NoFire.webp,3,5,Snow,SummerClothing,Camels,SunRising,Snowman,NoFire,2026-07-27T14:03:11.490Z
6983331709c0fe233e0f848b,50,S_WC_Ca_SM_Sn_WF,Snow_WinterClothing_Camels_SunMid_Snowman_Fire.webp,2,6,Snow,WinterClothing,Camels,SunMid,Snowman,Fire,2026-07-27T14:03:23.203Z
6983331709c0fe233e0f848b,51,NS_SC_Ca_SM_Sn_NF,NoSnow_SummerClothing_Camels_SunMid_Snowman_NoFire.webp,4,3,NoSnow,SummerClothing,Camels,SunMid,Snowman,NoFire,2026-07-27T14:03:30.677Z
6983331709c0fe233e0f848b,52,NS_SC_Ca_SM_Sa_NF,NoSnow_SummerClothing_Camels_SunMid_Sandcastle_NoFire.webp,6,7,NoSnow,SummerClothing,Camels,SunMid,Sandcastle,NoFire,2026-07-27T14:04:08.435Z
6983331709c0fe233e0f848b,53,NS_WC_Pe_SR_Sn_NF,NoSnow_WinterClothing_Penguins_SunRising_Snowman_NoFire.webp,4,3,NoSnow,WinterClothing,Penguins,SunRising,Snowman,NoFire,2026-07-27T14:04:36.859Z
6983331709c0fe233e0f848b,54,NS_WC_Pe_SR_Sa_NF,NoSnow_WinterClothing_Penguins_SunRising_Sandcastle_NoFire.webp,6,3,NoSnow,WinterClothing,Penguins,SunRising,Sandcastle,NoFire,2026-07-27T14:04:44.080Z
6983331709c0fe233e0f848b,55,S_SC_Pe_SR_Sn_WF,Snow_SummerClothing_Penguins_SunRising_Snowman_Fire.webp,1,6,Snow,SummerClothing,Penguins,SunRising,Snowman,Fire,2026-07-27T14:05:03.059Z
6983331709c0fe233e0f848b,56,S_WC_Pe_SM_Sa_NF,Snow_WinterClothing_Penguins_SunMid_Sandcastle_NoFire.webp,4,4,Snow,WinterClothing,Penguins,SunMid,Sandcastle,NoFire,2026-07-27T14:05:22.234Z
6983331709c0fe233e0f848b,57,NS_SC_Pe_SR_Sa_WF,NoSnow_SummerClothing_Penguins_SunRising_Sandcastle_Fire.webp,6,5,NoSnow,SummerClothing,Penguins,SunRising,Sandcastle,Fire,2026-07-27T14:05:29.153Z
6983331709c0fe233e0f848b,58,NS_WC_Ca_SR_Sa_NF,NoSnow_WinterClothing_Camels_SunRising_Sandcastle_NoFire.webp,7,6,NoSnow,WinterClothing,Camels,SunRising,Sandcastle,NoFire,2026-07-27T14:05:36.709Z
6983331709c0fe233e0f848b,59,NS_SC_Pe_SM_Sa_WF,NoSnow_SummerClothing_Penguins_SunMid_Sandcastle_Fire.webp,3,4,NoSnow,SummerClothing,Penguins,SunMid,Sandcastle,Fire,2026-07-27T14:05:43.746Z
6983331709c0fe233e0f848b,60,NS_WC_Ca_SM_Sn_WF,NoSnow_WinterClothing_Camels_SunMid_Snowman_Fire.webp,4,3,NoSnow,WinterClothing,Camels,SunMid,Snowman,Fire,2026-07-27T14:05:53.845Z
6983331709c0fe233e0f848b,61,NS_WC_Pe_SM_Sn_WF,NoSnow_WinterClothing_Penguins_SunMid_Snowman_Fire.webp,3,3,NoSnow,WinterClothing,Penguins,SunMid,Snowman,Fire,2026-07-27T14:06:01.700Z
6983331709c0fe233e0f848b,62,S_SC_Pe_SM_Sn_WF,Snow_SummerClothing_Penguins_SunMid_Snowman_Fire.webp,1,6,Snow,SummerClothing,Penguins,SunMid,Snowman,Fire,2026-07-27T14:06:12.050Z
6983331709c0fe233e0f848b,63,S_WC_Ca_SR_Sn_WF,Snow_WinterClothing_Camels_SunRising_Snowman_Fire.webp,3,4,Snow,WinterClothing,Camels,SunRising,Snowman,Fire,2026-07-27T14:06:26.267Z
57698d52688a5c00018d958d,0,NS_WC_Pe_SR_Sn_NF,NoSnow_WinterClothing_Penguins_SunRising_Snowman_NoFire.webp,2,2,NoSnow,WinterClothing,Penguins,SunRising,Snowman,NoFire,2026-07-27T13:42:47.649Z
57698d52688a5c00018d958d,1,NS_SC_Ca_SR_Sn_NF,NoSnow_SummerClothing_Camels_SunRising_Snowman_NoFire.webp,6,1,NoSnow,SummerClothing,Camels,SunRising,Snowman,NoFire,2026-07-27T13:43:05.209Z
57698d52688a5c00018d958d,2,S_SC_Ca_SR_Sn_WF,Snow_SummerClothing_Camels_SunRising_Snowman_Fire.webp,6,2,Snow,SummerClothing,Camels,SunRising,Snowman,Fire,2026-07-27T13:43:16.184Z
57698d52688a5c00018d958d,3,NS_SC_Ca_SR_Sn_WF,NoSnow_SummerClothing_Camels_SunRising_Snowman_Fire.webp,6,2,NoSnow,SummerClothing,Camels,SunRising,Snowman,Fire,2026-07-27T13:43:27.018Z
57698d52688a5c00018d958d,4,NS_WC_Ca_SR_Sn_NF,NoSnow_WinterClothing_Camels_SunRising_Snowman_NoFire.webp,5,2,NoSnow,WinterClothing,Camels,SunRising,Snowman,NoFire,2026-07-27T13:43:51.790Z
57698d52688a5c00018d958d,5,S_WC_Pe_SR_Sa_WF,Snow_WinterClothing_Penguins_SunRising_Sandcastle_Fire.webp,2,2,Snow,WinterClothing,Penguins,SunRising,Sandcastle,Fire,2026-07-27T13:44:07.980Z
57698d52688a5c00018d958d,6,S_SC_Pe_SM_Sa_WF,Snow_SummerClothing_Penguins_SunMid_Sandcastle_Fire.webp,5,2,Snow,SummerClothing,Penguins,SunMid,Sandcastle,Fire,2026-07-27T13:44:21.295Z
57698d52688a5c00018d958d,7,S_WC_Ca_SM_Sa_WF,Snow_WinterClothing_Camels_SunMid_Sandcastle_Fire.webp,3,2,Snow,WinterClothing,Camels,SunMid,Sandcastle,Fire,2026-07-27T13:44:33.309Z
57698d52688a5c00018d958d,8,NS_SC_Ca_SM_Sn_NF,NoSnow_SummerClothing_Camels_SunMid_Snowman_NoFire.webp,5,2,NoSnow,SummerClothing,Camels,SunMid,Snowman,NoFire,2026-07-27T13:44:46.610Z
57698d52688a5c00018d958d,9,NS_WC_Pe_SM_Sn_NF,NoSnow_WinterClothing_Penguins_SunMid_Snowman_NoFire.webp,2,2,NoSnow,WinterClothing,Penguins,SunMid,Snowman,NoFire,2026-07-27T13:44:54.356Z
57698d52688a5c00018d958d,10,S_SC_Ca_SR_Sn_NF,Snow_SummerClothing_Camels_SunRising_Snowman_NoFire.webp,5,2,Snow,SummerClothing,Camels,SunRising,Snowman,NoFire,2026-07-27T13:45:04.237Z
57698d52688a5c00018d958d,11,S_SC_Pe_SM_Sa_NF,Snow_SummerClothing_Penguins_SunMid_Sandcastle_NoFire.webp,5,2,Snow,SummerClothing,Penguins,SunMid,Sandcastle,NoFire,2026-07-27T13:45:12.948Z
57698d52688a5c00018d958d,12,S_SC_Pe_SR_Sa_NF,Snow_SummerClothing_Penguins_SunRising_Sandcastle_NoFire.webp,5,2,Snow,SummerClothing,Penguins,SunRising,Sandcastle,NoFire,2026-07-27T13:45:21.093Z
57698d52688a5c00018d958d,13,NS_WC_Ca_SM_Sn_NF,NoSnow_WinterClothing_Camels_SunMid_Snowman_NoFire.webp,3,2,NoSnow,WinterClothing,Camels,SunMid,Snowman,NoFire,2026-07-27T13:45:31.389Z
57698d52688a5c00018d958d,14,S_SC_Ca_SM_Sn_WF,Snow_SummerClothing_Camels_SunMid_Snowman_Fire.webp,6,2,Snow,SummerClothing,Camels,SunMid,Snowman,Fire,2026-07-27T13:45:40.157Z
57698d52688a5c00018d958d,15,NS_SC_Pe_SM_Sn_WF,NoSnow_SummerClothing_Penguins_SunMid_Snowman_Fire.webp,6,2,NoSnow,SummerClothing,Penguins,SunMid,Snowman,Fire,2026-07-27T13:45:49.504Z
57698d52688a5c00018d958d,16,NS_WC_Pe_SR_Sa_WF,NoSnow_WinterClothing_Penguins_SunRising_Sandcastle_Fire.webp,3,2,NoSnow,WinterClothing,Penguins,SunRising,Sandcastle,Fire,2026-07-27T13:46:01.319Z
57698d52688a5c00018d958d,17,NS_SC_Ca_SM_Sa_WF,NoSnow_SummerClothing_Camels_SunMid_Sandcastle_Fire.webp,6,2,NoSnow,SummerClothing,Camels,SunMid,Sandcastle,Fire,2026-07-27T13:46:11.359Z
57698d52688a5c00018d958d,18,S_SC_Ca_SM_Sa_WF,Snow_SummerClothing_Camels_SunMid_Sandcastle_Fire.webp,6,2,Snow,SummerClothing,Camels,SunMid,Sandcastle,Fire,2026-07-27T13:46:22.633Z
57698d52688a5c00018d958d,19,S_SC_Pe_SR_Sa_WF,Snow_SummerClothing_Penguins_SunRising_Sandcastle_Fire.webp,6,2,Snow,SummerClothing,Penguins,SunRising,Sandcastle,Fire,2026-07-27T13:46:30.828Z
57698d52688a5c00018d958d,20,S_WC_Pe_SR_Sn_NF,Snow_WinterClothing_Penguins_SunRising_Snowman_NoFire.webp,2,2,Snow,WinterClothing,Penguins,SunRising,Snowman,NoFire,2026-07-27T13:46:39.323Z
57698d52688a5c00018d958d,21,S_WC_Ca_SR_Sa_NF,Snow_WinterClothing_Camels_SunRising_Sandcastle_NoFire.webp,2,2,Snow,WinterClothing,Camels,SunRising,Sandcastle,NoFire,2026-07-27T13:46:49.377Z
57698d52688a5c00018d958d,22,NS_SC_Pe_SR_Sn_NF,NoSnow_SummerClothing_Penguins_SunRising_Snowman_NoFire.webp,6,2,NoSnow,SummerClothing,Penguins,SunRising,Snowman,NoFire,2026-07-27T13:46:58.881Z
57698d52688a5c00018d958d,23,S_SC_Ca_SR_Sa_WF,Snow_SummerClothing_Camels_SunRising_Sandcastle_Fire.webp,5,2,Snow,SummerClothing,Camels,SunRising,Sandcastle,Fire,2026-07-27T13:47:07.100Z
57698d52688a5c00018d958d,24,NS_SC_Pe_SR_Sa_NF,NoSnow_SummerClothing_Penguins_SunRising_Sandcastle_NoFire.webp,6,2,NoSnow,SummerClothing,Penguins,SunRising,Sandcastle,NoFire,2026-07-27T13:47:15.456Z
57698d52688a5c00018d958d,25,NS_SC_Pe_SR_Sa_WF,NoSnow_SummerClothing_Penguins_SunRising_Sandcastle_Fire.webp,6,2,NoSnow,SummerClothing,Penguins,SunRising,Sandcastle,Fire,2026-07-27T13:47:23.471Z
57698d52688a5c00018d958d,26,NS_WC_Pe_SR_Sn_WF,NoSnow_WinterClothing_Penguins_SunRising_Snowman_Fire.webp,2,2,NoSnow,WinterClothing,Penguins,SunRising,Snowman,Fire,2026-07-27T13:47:33.387Z
57698d52688a5c00018d958d,27,NS_SC_Pe_SM_Sn_NF,NoSnow_SummerClothing_Penguins_SunMid_Snowman_NoFire.webp,6,2,NoSnow,SummerClothing,Penguins,SunMid,Snowman,NoFire,2026-07-27T13:47:42.790Z
57698d52688a5c00018d958d,28,S_SC_Pe_SM_Sn_NF,Snow_SummerClothing_Penguins_SunMid_Snowman_NoFire.webp,6,2,Snow,SummerClothing,Penguins,SunMid,Snowman,NoFire,2026-07-27T13:47:50.835Z
57698d52688a5c00018d958d,29,S_WC_Ca_SM_Sn_WF,Snow_WinterClothing_Camels_SunMid_Snowman_Fire.webp,2,2,Snow,WinterClothing,Camels,SunMid,Snowman,Fire,2026-07-27T13:47:58.331Z
57698d52688a5c00018d958d,30,NS_SC_Ca_SM_Sa_NF,NoSnow_SummerClothing_Camels_SunMid_Sandcastle_NoFire.webp,6,2,NoSnow,SummerClothing,Camels,SunMid,Sandcastle,NoFire,2026-07-27T13:48:07.732Z
57698d52688a5c00018d958d,31,S_WC_Ca_SM_Sa_NF,Snow_WinterClothing_Camels_SunMid_Sandcastle_NoFire.webp,2,2,Snow,WinterClothing,Camels,SunMid,Sandcastle,NoFire,2026-07-27T13:48:22.577Z
57698d52688a5c00018d958d,32,S_WC_Ca_SM_Sn_NF,Snow_WinterClothing_Camels_SunMid_Snowman_NoFire.webp,2,2,Snow,WinterClothing,Camels,SunMid,Snowman,NoFire,2026-07-27T13:48:30.924Z
57698d52688a5c00018d958d,33,NS_WC_Ca_SM_Sn_WF,NoSnow_WinterClothing_Camels_SunMid_Snowman_Fire.webp,2,2,NoSnow,WinterClothing,Camels,SunMid,Snowman,Fire,2026-07-27T13:48:40.811Z
57698d52688a5c00018d958d,34,NS_SC_Pe_SR_Sn_WF,NoSnow_SummerClothing_Penguins_SunRising_Snowman_Fire.webp,6,2,NoSnow,SummerClothing,Penguins,SunRising,Snowman,Fire,2026-07-27T13:48:48.815Z
57698d52688a5c00018d958d,35,NS_WC_Ca_SR_Sa_WF,NoSnow_WinterClothing_Camels_SunRising_Sandcastle_Fire.webp,2,2,NoSnow,WinterClothing,Camels,SunRising,Sandcastle,Fire,2026-07-27T13:48:56.022Z
57698d52688a5c00018d958d,36,S_SC_Pe_SR_Sn_NF,Snow_SummerClothing_Penguins_SunRising_Snowman_NoFire.webp,6,2,Snow,SummerClothing,Penguins,SunRising,Snowman,NoFire,2026-07-27T13:49:07.394Z
57698d52688a5c00018d958d,37,S_WC_Ca_SR_Sn_WF,Snow_WinterClothing_Camels_SunRising_Snowman_Fire.webp,2,2,Snow,WinterClothing,Camels,SunRising,Snowman,Fire,2026-07-27T13:49:18.435Z
57698d52688a5c00018d958d,38,NS_WC_Pe_SM_Sa_WF,NoSnow_WinterClothing_Penguins_SunMid_Sandcastle_Fire.webp,2,2,NoSnow,WinterClothing,Penguins,SunMid,Sandcastle,Fire,2026-07-27T13:49:28.624Z
57698d52688a5c00018d958d,39,S_SC_Ca_SR_Sa_NF,Snow_SummerClothing_Camels_SunRising_Sandcastle_NoFire.webp,6,2,Snow,SummerClothing,Camels,SunRising,Sandcastle,NoFire,2026-07-27T13:49:37.676Z
57698d52688a5c00018d958d,40,S_SC_Ca_SM_Sa_NF,Snow_SummerClothing_Camels_SunMid_Sandcastle_NoFire.webp,5,2,Snow,SummerClothing,Camels,SunMid,Sandcastle,NoFire,2026-07-27T13:49:48.332Z
57698d52688a5c00018d958d,41,S_WC_Pe_SR_Sn_WF,Snow_WinterClothing_Penguins_SunRising_Snowman_Fire.webp,2,2,Snow,WinterClothing,Penguins,SunRising,Snowman,Fire,2026-07-27T13:50:00.079Z
57698d52688a5c00018d958d,42,NS_SC_Pe_SM_Sa_WF,NoSnow_SummerClothing_Penguins_SunMid_Sandcastle_Fire.webp,5,2,NoSnow,SummerClothing,Penguins,SunMid,Sandcastle,Fire,2026-07-27T13:50:08.307Z
57698d52688a5c00018d958d,43,NS_WC_Pe_SM_Sn_WF,NoSnow_WinterClothing_Penguins_SunMid_Snowman_Fire.webp,2,2,NoSnow,WinterClothing,Penguins,SunMid,Snowman,Fire,2026-07-27T13:50:17.720Z
57698d52688a5c00018d958d,44,S_WC_Ca_SR_Sa_WF,Snow_WinterClothing_Camels_SunRising_Sandcastle_Fire.webp,2,2,Snow,WinterClothing,Camels,SunRising,Sandcastle,Fire,2026-07-27T13:50:30.117Z
57698d52688a5c00018d958d,45,S_WC_Pe_SM_Sn_NF,Snow_WinterClothing_Penguins_SunMid_Snowman_NoFire.webp,2,2,Snow,WinterClothing,Penguins,SunMid,Snowman,NoFire,2026-07-27T13:50:41.472Z
57698d52688a5c00018d958d,46,S_WC_Pe_SM_Sa_NF,Snow_WinterClothing_Penguins_SunMid_Sandcastle_NoFire.webp,2,2,Snow,WinterClothing,Penguins,SunMid,Sandcastle,NoFire,2026-07-27T13:50:51.050Z
57698d52688a5c00018d958d,47,S_SC_Pe_SM_Sn_WF,Snow_SummerClothing_Penguins_SunMid_Snowman_Fire.webp,6,2,Snow,SummerClothing,Penguins,SunMid,Snowman,Fire,2026-07-27T13:50:58.658Z
57698d52688a5c00018d958d,48,S_SC_Pe_SR_Sn_WF,Snow_SummerClothing_Penguins_SunRising_Snowman_Fire.webp,6,2,Snow,SummerClothing,Penguins,SunRising,Snowman,Fire,2026-07-27T13:51:08.092Z
57698d52688a5c00018d958d,49,S_WC_Pe_SM_Sa_WF,Snow_WinterClothing_Penguins_SunMid_Sandcastle_Fire.webp,2,2,Snow,WinterClothing,Penguins,SunMid,Sandcastle,Fire,2026-07-27T13:51:16.051Z
57698d52688a5c00018d958d,50,NS_SC_Ca_SR_Sa_WF,NoSnow_SummerClothing_Camels_SunRising_Sandcastle_Fire.webp,6,2,NoSnow,SummerClothing,Camels,SunRising,Sandcastle,Fire,2026-07-27T13:51:25.143Z
57698d52688a5c00018d958d,51,NS_SC_Pe_SM_Sa_NF,NoSnow_SummerClothing_Penguins_SunMid_Sandcastle_NoFire.webp,6,2,NoSnow,SummerClothing,Penguins,SunMid,Sandcastle,NoFire,2026-07-27T13:51:32.941Z
57698d52688a5c00018d958d,52,S_WC_Pe_SM_Sn_WF,Snow_WinterClothing_Penguins_SunMid_Snowman_Fire.webp,2,2,Snow,WinterClothing,Penguins,SunMid,Snowman,Fire,2026-07-27T13:51:40.757Z
57698d52688a5c00018d958d,53,NS_WC_Pe_SR_Sa_NF,NoSnow_WinterClothing_Penguins_SunRising_Sandcastle_NoFire.webp,2,2,NoSnow,WinterClothing,Penguins,SunRising,Sandcastle,NoFire,2026-07-27T13:51:47.656Z
57698d52688a5c00018d958d,54,S_WC_Ca_SR_Sn_NF,Snow_WinterClothing_Camels_SunRising_Snowman_NoFire.webp,2,2,Snow,WinterClothing,Camels,SunRising,Snowman,NoFire,2026-07-27T13:51:54.878Z
57698d52688a5c00018d958d,55,NS_SC_Ca_SR_Sa_NF,NoSnow_SummerClothing_Camels_SunRising_Sandcastle_NoFire.webp,6,2,NoSnow,SummerClothing,Camels,SunRising,Sandcastle,NoFire,2026-07-27T13:52:03.098Z
57698d52688a5c00018d958d,56,NS_WC_Ca_SR_Sn_WF,NoSnow_WinterClothing_Camels_SunRising_Snowman_Fire.webp,2,2,NoSnow,WinterClothing,Camels,SunRising,Snowman,Fire,2026-07-27T13:52:12.115Z
57698d52688a5c00018d958d,57,S_SC_Ca_SM_Sn_NF,Snow_SummerClothing_Camels_SunMid_Snowman_NoFire.webp,6,2,Snow,SummerClothing,Camels,SunMid,Snowman,NoFire,2026-07-27T13:52:25.060Z
57698d52688a5c00018d958d,58,NS_WC_Ca_SM_Sa_WF,NoSnow_WinterClothing_Camels_SunMid_Sandcastle_Fire.webp,2,2,NoSnow,WinterClothing,Camels,SunMid,Sandcastle,Fire,2026-07-27T13:52:36.663Z
57698d52688a5c00018d958d,59,NS_WC_Pe_SM_Sa_NF,NoSnow_WinterClothing_Penguins_SunMid_Sandcastle_NoFire.webp,2,2,NoSnow,WinterClothing,Penguins,SunMid,Sandcastle,NoFire,2026-07-27T13:52:45.413Z
57698d52688a5c00018d958d,60,S_WC_Pe_SR_Sa_NF,Snow_WinterClothing_Penguins_SunRising_Sandcastle_NoFire.webp,2,2,Snow,WinterClothing,Penguins,SunRising,Sandcastle,NoFire,2026-07-27T13:52:52.798Z
57698d52688a5c00018d958d,61,NS_WC_Ca_SM_Sa_NF,NoSnow_WinterClothing_Camels_SunMid_Sandcastle_NoFire.webp,2,2,NoSnow,WinterClothing,Camels,SunMid,Sandcastle,NoFire,2026-07-27T13:52:59.961Z
57698d52688a5c00018d958d,62,NS_WC_Ca_SR_Sa_NF,NoSnow_WinterClothing_Camels_SunRising_Sandcastle_NoFire.webp,2,2,NoSnow,WinterClothing,Camels,SunRising,Sandcastle,NoFire,2026-07-27T13:53:07.208Z
57698d52688a5c00018d958d,63,NS_SC_Ca_SM_Sn_WF,NoSnow_SummerClothing_Camels_SunMid_Snowman_Fire.webp,6,2,NoSnow,SummerClothing,Camels,SunMid,Snowman,Fire,2026-07-27T13:53:15.861Z
69f3c29f7f3969d3695109a8,0,S_WC_Pe_SR_Sn_NF,Snow_WinterClothing_Penguins_SunRising_Snowman_NoFire.webp,5,1,Snow,WinterClothing,Penguins,SunRising,Snowman,NoFire,2026-07-27T13:42:11.260Z
69f3c29f7f3969d3695109a8,1,S_SC_Ca_SR_Sa_NF,Snow_SummerClothing_Camels_SunRising_Sandcastle_NoFire.webp,4,4,Snow,SummerClothing,Camels,SunRising,Sandcastle,NoFire,2026-07-27T13:42:32.691Z
69f3c29f7f3969d3695109a8,2,NS_WC_Ca_SR_Sa_NF,NoSnow_WinterClothing_Camels_SunRising_Sandcastle_NoFire.webp,6,3,NoSnow,WinterClothing,Camels,SunRising,Sandcastle,NoFire,2026-07-27T13:42:48.239Z
69f3c29f7f3969d3695109a8,3,NS_WC_Pe_SM_Sn_WF,NoSnow_WinterClothing_Penguins_SunMid_Snowman_Fire.webp,2,5,NoSnow,WinterClothing,Penguins,SunMid,Snowman,Fire,2026-07-27T13:43:09.755Z
69f3c29f7f3969d3695109a8,4,NS_SC_Ca_SM_Sn_NF,NoSnow_SummerClothing_Camels_SunMid_Snowman_NoFire.webp,4,2,NoSnow,SummerClothing,Camels,SunMid,Snowman,NoFire,2026-07-27T13:43:30.043Z
69f3c29f7f3969d3695109a8,5,NS_WC_Ca_SR_Sa_WF,NoSnow_WinterClothing_Camels_SunRising_Sandcastle_Fire.webp,4,1,NoSnow,WinterClothing,Camels,SunRising,Sandcastle,Fire,2026-07-27T13:43:47.757Z
69f3c29f7f3969d3695109a8,6,S_SC_Pe_SR_Sn_NF,Snow_SummerClothing_Penguins_SunRising_Snowman_NoFire.webp,2,5,Snow,SummerClothing,Penguins,SunRising,Snowman,NoFire,2026-07-27T13:44:17.633Z
69f3c29f7f3969d3695109a8,7,S_WC_Ca_SR_Sn_NF,Snow_WinterClothing_Camels_SunRising_Snowman_NoFire.webp,2,1,Snow,WinterClothing,Camels,SunRising,Snowman,NoFire,2026-07-27T13:44:37.467Z
69f3c29f7f3969d3695109a8,8,S_SC_Pe_SR_Sa_NF,Snow_SummerClothing_Penguins_SunRising_Sandcastle_NoFire.webp,5,4,Snow,SummerClothing,Penguins,SunRising,Sandcastle,NoFire,2026-07-27T13:45:55.407Z
69f3c29f7f3969d3695109a8,9,S_SC_Ca_SM_Sa_NF,Snow_SummerClothing_Camels_SunMid_Sandcastle_NoFire.webp,6,4,Snow,SummerClothing,Camels,SunMid,Sandcastle,NoFire,2026-07-27T13:46:03.444Z
69f3c29f7f3969d3695109a8,10,S_WC_Pe_SM_Sn_WF,Snow_WinterClothing_Penguins_SunMid_Snowman_Fire.webp,4,1,Snow,WinterClothing,Penguins,SunMid,Snowman,Fire,2026-07-27T13:46:10.724Z
69f3c29f7f3969d3695109a8,11,S_WC_Pe_SM_Sa_WF,Snow_WinterClothing_Penguins_SunMid_Sandcastle_Fire.webp,1,2,Snow,WinterClothing,Penguins,SunMid,Sandcastle,Fire,2026-07-27T13:46:21.211Z
69f3c29f7f3969d3695109a8,12,NS_WC_Ca_SM_Sa_WF,NoSnow_WinterClothing_Camels_SunMid_Sandcastle_Fire.webp,4,1,NoSnow,WinterClothing,Camels,SunMid,Sandcastle,Fire,2026-07-27T13:46:49.354Z
69f3c29f7f3969d3695109a8,13,S_WC_Ca_SM_Sa_NF,Snow_WinterClothing_Camels_SunMid_Sandcastle_NoFire.webp,2,1,Snow,WinterClothing,Camels,SunMid,Sandcastle,NoFire,2026-07-27T13:47:03.827Z
69f3c29f7f3969d3695109a8,14,S_SC_Pe_SM_Sn_NF,Snow_SummerClothing_Penguins_SunMid_Snowman_NoFire.webp,7,1,Snow,SummerClothing,Penguins,SunMid,Snowman,NoFire,2026-07-27T13:47:19.433Z
69f3c29f7f3969d3695109a8,15,S_SC_Ca_SM_Sn_NF,Snow_SummerClothing_Camels_SunMid_Snowman_NoFire.webp,7,4,Snow,SummerClothing,Camels,SunMid,Snowman,NoFire,2026-07-27T13:47:27.105Z
69f3c29f7f3969d3695109a8,16,S_SC_Ca_SR_Sa_WF,Snow_SummerClothing_Camels_SunRising_Sandcastle_Fire.webp,6,3,Snow,SummerClothing,Camels,SunRising,Sandcastle,Fire,2026-07-27T13:47:36.560Z
69f3c29f7f3969d3695109a8,17,NS_WC_Pe_SM_Sa_WF,NoSnow_WinterClothing_Penguins_SunMid_Sandcastle_Fire.webp,2,2,NoSnow,WinterClothing,Penguins,SunMid,Sandcastle,Fire,2026-07-27T13:47:49.389Z
69f3c29f7f3969d3695109a8,18,S_SC_Pe_SM_Sa_WF,Snow_SummerClothing_Penguins_SunMid_Sandcastle_Fire.webp,7,4,Snow,SummerClothing,Penguins,SunMid,Sandcastle,Fire,2026-07-27T13:47:59.473Z
69f3c29f7f3969d3695109a8,19,NS_SC_Pe_SR_Sa_WF,NoSnow_SummerClothing_Penguins_SunRising_Sandcastle_Fire.webp,7,1,NoSnow,SummerClothing,Penguins,SunRising,Sandcastle,Fire,2026-07-27T13:48:08.789Z
69f3c29f7f3969d3695109a8,20,S_WC_Ca_SR_Sn_WF,Snow_WinterClothing_Camels_SunRising_Snowman_Fire.webp,2,2,Snow,WinterClothing,Camels,SunRising,Snowman,Fire,2026-07-27T13:48:18.969Z
69f3c29f7f3969d3695109a8,21,S_WC_Pe_SR_Sn_WF,Snow_WinterClothing_Penguins_SunRising_Snowman_Fire.webp,2,2,Snow,WinterClothing,Penguins,SunRising,Snowman,Fire,2026-07-27T13:48:32.808Z
69f3c29f7f3969d3695109a8,22,S_WC_Ca_SM_Sn_NF,Snow_WinterClothing_Camels_SunMid_Snowman_NoFire.webp,1,1,Snow,WinterClothing,Camels,SunMid,Snowman,NoFire,2026-07-27T13:48:43.265Z
69f3c29f7f3969d3695109a8,23,S_SC_Pe_SR_Sn_WF,Snow_SummerClothing_Penguins_SunRising_Snowman_Fire.webp,7,4,Snow,SummerClothing,Penguins,SunRising,Snowman,Fire,2026-07-27T13:48:53.225Z
69f3c29f7f3969d3695109a8,24,NS_SC_Pe_SM_Sa_WF,NoSnow_SummerClothing_Penguins_SunMid_Sandcastle_Fire.webp,7,1,NoSnow,SummerClothing,Penguins,SunMid,Sandcastle,Fire,2026-07-27T13:49:01.452Z
69f3c29f7f3969d3695109a8,25,NS_SC_Pe_SR_Sn_WF,NoSnow_SummerClothing_Penguins_SunRising_Snowman_Fire.webp,7,4,NoSnow,SummerClothing,Penguins,SunRising,Snowman,Fire,2026-07-27T13:49:15.607Z
69f3c29f7f3969d3695109a8,26,NS_SC_Ca_SR_Sn_NF,NoSnow_SummerClothing_Camels_SunRising_Snowman_NoFire.webp,6,1,NoSnow,SummerClothing,Camels,SunRising,Snowman,NoFire,2026-07-27T13:49:26.700Z
69f3c29f7f3969d3695109a8,27,NS_WC_Pe_SR_Sa_NF,NoSnow_WinterClothing_Penguins_SunRising_Sandcastle_NoFire.webp,2,4,NoSnow,WinterClothing,Penguins,SunRising,Sandcastle,NoFire,2026-07-27T13:49:39.664Z
69f3c29f7f3969d3695109a8,28,NS_WC_Ca_SM_Sn_WF,NoSnow_WinterClothing_Camels_SunMid_Snowman_Fire.webp,1,1,NoSnow,WinterClothing,Camels,SunMid,Snowman,Fire,2026-07-27T13:49:47.536Z
69f3c29f7f3969d3695109a8,29,S_WC_Pe_SR_Sa_NF,Snow_WinterClothing_Penguins_SunRising_Sandcastle_NoFire.webp,1,4,Snow,WinterClothing,Penguins,SunRising,Sandcastle,NoFire,2026-07-27T13:49:56.799Z
69f3c29f7f3969d3695109a8,30,S_SC_Pe_SM_Sa_NF,Snow_SummerClothing_Penguins_SunMid_Sandcastle_NoFire.webp,7,1,Snow,SummerClothing,Penguins,SunMid,Sandcastle,NoFire,2026-07-27T13:50:07.699Z
69f3c29f7f3969d3695109a8,31,NS_WC_Ca_SM_Sa_NF,NoSnow_WinterClothing_Camels_SunMid_Sandcastle_NoFire.webp,1,2,NoSnow,WinterClothing,Camels,SunMid,Sandcastle,NoFire,2026-07-27T13:50:15.515Z
69f3c29f7f3969d3695109a8,32,NS_WC_Pe_SM_Sn_NF,NoSnow_WinterClothing_Penguins_SunMid_Snowman_NoFire.webp,1,1,NoSnow,WinterClothing,Penguins,SunMid,Snowman,NoFire,2026-07-27T13:50:28.528Z
69f3c29f7f3969d3695109a8,33,NS_SC_Ca_SM_Sa_WF,NoSnow_SummerClothing_Camels_SunMid_Sandcastle_Fire.webp,7,6,NoSnow,SummerClothing,Camels,SunMid,Sandcastle,Fire,2026-07-27T13:50:38.126Z
69f3c29f7f3969d3695109a8,34,NS_SC_Ca_SR_Sn_WF,NoSnow_SummerClothing_Camels_SunRising_Snowman_Fire.webp,7,1,NoSnow,SummerClothing,Camels,SunRising,Snowman,Fire,2026-07-27T13:50:48.100Z
69f3c29f7f3969d3695109a8,35,NS_SC_Ca_SR_Sa_WF,NoSnow_SummerClothing_Camels_SunRising_Sandcastle_Fire.webp,7,2,NoSnow,SummerClothing,Camels,SunRising,Sandcastle,Fire,2026-07-27T13:51:20.730Z
69f3c29f7f3969d3695109a8,36,NS_SC_Pe_SM_Sa_NF,NoSnow_SummerClothing_Penguins_SunMid_Sandcastle_NoFire.webp,7,4,NoSnow,SummerClothing,Penguins,SunMid,Sandcastle,NoFire,2026-07-27T13:51:38.313Z
69f3c29f7f3969d3695109a8,37,S_WC_Ca_SR_Sa_NF,Snow_WinterClothing_Camels_SunRising_Sandcastle_NoFire.webp,1,4,Snow,WinterClothing,Camels,SunRising,Sandcastle,NoFire,2026-07-27T13:51:54.473Z
69f3c29f7f3969d3695109a8,38,S_SC_Ca_SR_Sn_NF,Snow_SummerClothing_Camels_SunRising_Snowman_NoFire.webp,7,1,Snow,SummerClothing,Camels,SunRising,Snowman,NoFire,2026-07-27T13:52:02.610Z
69f3c29f7f3969d3695109a8,39,S_SC_Ca_SR_Sn_WF,Snow_SummerClothing_Camels_SunRising_Snowman_Fire.webp,7,1,Snow,SummerClothing,Camels,SunRising,Snowman,Fire,2026-07-27T13:52:10.219Z
69f3c29f7f3969d3695109a8,40,NS_WC_Pe_SR_Sn_NF,NoSnow_WinterClothing_Penguins_SunRising_Snowman_NoFire.webp,1,7,NoSnow,WinterClothing,Penguins,SunRising,Snowman,NoFire,2026-07-27T13:52:19.701Z
69f3c29f7f3969d3695109a8,41,S_SC_Pe_SR_Sa_WF,Snow_SummerClothing_Penguins_SunRising_Sandcastle_Fire.webp,7,6,Snow,SummerClothing,Penguins,SunRising,Sandcastle,Fire,2026-07-27T13:52:40.188Z
69f3c29f7f3969d3695109a8,42,NS_SC_Ca_SM_Sa_NF,NoSnow_SummerClothing_Camels_SunMid_Sandcastle_NoFire.webp,7,6,NoSnow,SummerClothing,Camels,SunMid,Sandcastle,NoFire,2026-07-27T13:52:50.466Z
69f3c29f7f3969d3695109a8,43,NS_WC_Pe_SR_Sa_WF,NoSnow_WinterClothing_Penguins_SunRising_Sandcastle_Fire.webp,1,6,NoSnow,WinterClothing,Penguins,SunRising,Sandcastle,Fire,2026-07-27T13:53:04.328Z
69f3c29f7f3969d3695109a8,44,NS_WC_Ca_SR_Sn_NF,NoSnow_WinterClothing_Camels_SunRising_Snowman_NoFire.webp,1,1,NoSnow,WinterClothing,Camels,SunRising,Snowman,NoFire,2026-07-27T13:53:38.429Z
69f3c29f7f3969d3695109a8,45,S_WC_Ca_SM_Sn_WF,Snow_WinterClothing_Camels_SunMid_Snowman_Fire.webp,1,2,Snow,WinterClothing,Camels,SunMid,Snowman,Fire,2026-07-27T13:53:55.744Z
69f3c29f7f3969d3695109a8,46,S_SC_Ca_SM_Sa_WF,Snow_SummerClothing_Camels_SunMid_Sandcastle_Fire.webp,7,6,Snow,SummerClothing,Camels,SunMid,Sandcastle,Fire,2026-07-27T13:54:08.368Z
69f3c29f7f3969d3695109a8,47,S_WC_Pe_SR_Sa_WF,Snow_WinterClothing_Penguins_SunRising_Sandcastle_Fire.webp,1,6,Snow,WinterClothing,Penguins,SunRising,Sandcastle,Fire,2026-07-27T13:54:27.090Z
69f3c29f7f3969d3695109a8,48,NS_SC_Pe_SM_Sn_NF,NoSnow_SummerClothing_Penguins_SunMid_Snowman_NoFire.webp,7,1,NoSnow,SummerClothing,Penguins,SunMid,Snowman,NoFire,2026-07-27T13:54:47.989Z
69f3c29f7f3969d3695109a8,49,NS_SC_Pe_SM_Sn_WF,NoSnow_SummerClothing_Penguins_SunMid_Snowman_Fire.webp,1,1,NoSnow,SummerClothing,Penguins,SunMid,Snowman,Fire,2026-07-27T13:55:45.669Z
69f3c29f7f3969d3695109a8,50,NS_WC_Pe_SM_Sa_NF,NoSnow_WinterClothing_Penguins_SunMid_Sandcastle_NoFire.webp,2,4,NoSnow,WinterClothing,Penguins,SunMid,Sandcastle,NoFire,2026-07-27T13:55:54.090Z
69f3c29f7f3969d3695109a8,51,NS_SC_Pe_SR_Sa_NF,NoSnow_SummerClothing_Penguins_SunRising_Sandcastle_NoFire.webp,7,1,NoSnow,SummerClothing,Penguins,SunRising,Sandcastle,NoFire,2026-07-27T13:56:24.379Z
69f3c29f7f3969d3695109a8,52,NS_WC_Ca_SM_Sn_NF,NoSnow_WinterClothing_Camels_SunMid_Snowman_NoFire.webp,2,1,NoSnow,WinterClothing,Camels,SunMid,Snowman,NoFire,2026-07-27T13:56:53.774Z
69f3c29f7f3969d3695109a8,53,S_WC_Ca_SR_Sa_WF,Snow_WinterClothing_Camels_SunRising_Sandcastle_Fire.webp,1,1,Snow,WinterClothing,Camels,SunRising,Sandcastle,Fire,2026-07-27T13:57:07.425Z
69f3c29f7f3969d3695109a8,54,NS_WC_Pe_SR_Sn_WF,NoSnow_WinterClothing_Penguins_SunRising_Snowman_Fire.webp,1,4,NoSnow,WinterClothing,Penguins,SunRising,Snowman,Fire,2026-07-27T13:57:24.399Z
69f3c29f7f3969d3695109a8,55,S_SC_Pe_SM_Sn_WF,Snow_SummerClothing_Penguins_SunMid_Snowman_Fire.webp,7,1,Snow,SummerClothing,Penguins,SunMid,Snowman,Fire,2026-07-27T13:57:40.124Z
69f3c29f7f3969d3695109a8,56,S_WC_Pe_SM_Sa_NF,Snow_WinterClothing_Penguins_SunMid_Sandcastle_NoFire.webp,1,4,Snow,WinterClothing,Penguins,SunMid,Sandcastle,NoFire,2026-07-27T13:57:54.450Z
69f3c29f7f3969d3695109a8,57,NS_SC_Pe_SR_Sn_NF,NoSnow_SummerClothing_Penguins_SunRising_Snowman_NoFire.webp,7,1,NoSnow,SummerClothing,Penguins,SunRising,Snowman,NoFire,2026-07-27T13:58:25.209Z
69f3c29f7f3969d3695109a8,58,S_WC_Ca_SM_Sa_WF,Snow_WinterClothing_Camels_SunMid_Sandcastle_Fire.webp,1,4,Snow,WinterClothing,Camels,SunMid,Sandcastle,Fire,2026-07-27T13:58:52.983Z
69f3c29f7f3969d3695109a8,59,NS_SC_Ca_SR_Sa_NF,NoSnow_SummerClothing_Camels_SunRising_Sandcastle_NoFire.webp,7,6,NoSnow,SummerClothing,Camels,SunRising,Sandcastle,NoFire,2026-07-27T13:59:13.890Z
69f3c29f7f3969d3695109a8,60,S_WC_Pe_SM_Sn_NF,Snow_WinterClothing_Penguins_SunMid_Snowman_NoFire.webp,1,1,Snow,WinterClothing,Penguins,SunMid,Snowman,NoFire,2026-07-27T13:59:26.650Z
69f3c29f7f3969d3695109a8,61,NS_WC_Ca_SR_Sn_WF,NoSnow_WinterClothing_Camels_SunRising_Snowman_Fire.webp,1,4,NoSnow,WinterClothing,Camels,SunRising,Snowman,Fire,2026-07-27T13:59:38.553Z
69f3c29f7f3969d3695109a8,62,NS_SC_Ca_SM_Sn_WF,NoSnow_SummerClothing_Camels_SunMid_Snowman_Fire.webp,7,1,NoSnow,SummerClothing,Camels,SunMid,Snowman,Fire,2026-07-27T13:59:50.201Z
69f3c29f7f3969d3695109a8,63,S_SC_Ca_SM_Sn_WF,Snow_SummerClothing_Camels_SunMid_Snowman_Fire.webp,7,4,Snow,SummerClothing,Camels,SunMid,Snowman,Fire,2026-07-27T14:00:13.261Z
5c91fad394f7e600172f9d4a,0,S_SC_Ca_SR_Sa_NF,Snow_SummerClothing_Camels_SunRising_Sandcastle_NoFire.webp,6,2,Snow,SummerClothing,Camels,SunRising,Sandcastle,NoFire,2026-07-27T13:45:36.895Z
5c91fad394f7e600172f9d4a,1,NS_WC_Pe_SR_Sa_WF,NoSnow_WinterClothing_Penguins_SunRising_Sandcastle_Fire.webp,6,1,NoSnow,WinterClothing,Penguins,SunRising,Sandcastle,Fire,2026-07-27T13:45:58.207Z
5c91fad394f7e600172f9d4a,2,NS_SC_Ca_SR_Sn_WF,NoSnow_SummerClothing_Camels_SunRising_Snowman_Fire.webp,6,1,NoSnow,SummerClothing,Camels,SunRising,Snowman,Fire,2026-07-27T13:46:09.661Z
5c91fad394f7e600172f9d4a,3,NS_SC_Pe_SR_Sa_NF,NoSnow_SummerClothing_Penguins_SunRising_Sandcastle_NoFire.webp,6,1,NoSnow,SummerClothing,Penguins,SunRising,Sandcastle,NoFire,2026-07-27T13:46:20.666Z
5c91fad394f7e600172f9d4a,4,NS_SC_Pe_SR_Sn_WF,NoSnow_SummerClothing_Penguins_SunRising_Snowman_Fire.webp,6,1,NoSnow,SummerClothing,Penguins,SunRising,Snowman,Fire,2026-07-27T13:46:29.440Z
5c91fad394f7e600172f9d4a,5,NS_WC_Pe_SM_Sn_NF,NoSnow_WinterClothing_Penguins_SunMid_Snowman_NoFire.webp,6,1,NoSnow,WinterClothing,Penguins,SunMid,Snowman,NoFire,2026-07-27T13:46:38.694Z
5c91fad394f7e600172f9d4a,6,S_SC_Pe_SR_Sa_WF,Snow_SummerClothing_Penguins_SunRising_Sandcastle_Fire.webp,6,1,Snow,SummerClothing,Penguins,SunRising,Sandcastle,Fire,2026-07-27T13:46:46.100Z
5c91fad394f7e600172f9d4a,7,S_WC_Ca_SM_Sa_WF,Snow_WinterClothing_Camels_SunMid_Sandcastle_Fire.webp,6,3,Snow,WinterClothing,Camels,SunMid,Sandcastle,Fire,2026-07-27T13:47:03.147Z
5c91fad394f7e600172f9d4a,8,S_WC_Pe_SR_Sa_NF,Snow_WinterClothing_Penguins_SunRising_Sandcastle_NoFire.webp,6,2,Snow,WinterClothing,Penguins,SunRising,Sandcastle,NoFire,2026-07-27T13:47:15.008Z
5c91fad394f7e600172f9d4a,9,NS_WC_Ca_SM_Sn_NF,NoSnow_WinterClothing_Camels_SunMid_Snowman_NoFire.webp,6,2,NoSnow,WinterClothing,Camels,SunMid,Snowman,NoFire,2026-07-27T13:47:24.005Z
5c91fad394f7e600172f9d4a,10,S_SC_Pe_SR_Sn_NF,Snow_SummerClothing_Penguins_SunRising_Snowman_NoFire.webp,6,1,Snow,SummerClothing,Penguins,SunRising,Snowman,NoFire,2026-07-27T13:47:31.867Z
5c91fad394f7e600172f9d4a,11,NS_WC_Ca_SM_Sa_WF,NoSnow_WinterClothing_Camels_SunMid_Sandcastle_Fire.webp,6,2,NoSnow,WinterClothing,Camels,SunMid,Sandcastle,Fire,2026-07-27T13:47:48.257Z
5c91fad394f7e600172f9d4a,12,NS_SC_Ca_SM_Sn_NF,NoSnow_SummerClothing_Camels_SunMid_Snowman_NoFire.webp,6,2,NoSnow,SummerClothing,Camels,SunMid,Snowman,NoFire,2026-07-27T13:47:56.067Z
5c91fad394f7e600172f9d4a,13,S_SC_Pe_SM_Sn_NF,Snow_SummerClothing_Penguins_SunMid_Snowman_NoFire.webp,6,2,Snow,SummerClothing,Penguins,SunMid,Snowman,NoFire,2026-07-27T13:48:06.783Z
5c91fad394f7e600172f9d4a,14,NS_SC_Ca_SM_Sa_WF,NoSnow_SummerClothing_Camels_SunMid_Sandcastle_Fire.webp,6,3,NoSnow,SummerClothing,Camels,SunMid,Sandcastle,Fire,2026-07-27T13:48:17.492Z
5c91fad394f7e600172f9d4a,15,NS_SC_Pe_SM_Sa_WF,NoSnow_SummerClothing_Penguins_SunMid_Sandcastle_Fire.webp,6,2,NoSnow,SummerClothing,Penguins,SunMid,Sandcastle,Fire,2026-07-27T13:48:25.922Z
5c91fad394f7e600172f9d4a,16,S_SC_Pe_SM_Sn_WF,Snow_SummerClothing_Penguins_SunMid_Snowman_Fire.webp,6,2,Snow,SummerClothing,Penguins,SunMid,Snowman,Fire,2026-07-27T13:48:33.047Z
5c91fad394f7e600172f9d4a,17,S_SC_Ca_SM_Sn_NF,Snow_SummerClothing_Camels_SunMid_Snowman_NoFire.webp,6,2,Snow,SummerClothing,Camels,SunMid,Snowman,NoFire,2026-07-27T13:48:44.535Z
5c91fad394f7e600172f9d4a,18,NS_SC_Pe_SR_Sa_WF,NoSnow_SummerClothing_Penguins_SunRising_Sandcastle_Fire.webp,6,2,NoSnow,SummerClothing,Penguins,SunRising,Sandcastle,Fire,2026-07-27T13:48:53.912Z
5c91fad394f7e600172f9d4a,19,S_SC_Pe_SR_Sn_WF,Snow_SummerClothing_Penguins_SunRising_Snowman_Fire.webp,6,2,Snow,SummerClothing,Penguins,SunRising,Snowman,Fire,2026-07-27T13:49:01.193Z
5c91fad394f7e600172f9d4a,20,S_WC_Pe_SR_Sn_NF,Snow_WinterClothing_Penguins_SunRising_Snowman_NoFire.webp,6,2,Snow,WinterClothing,Penguins,SunRising,Snowman,NoFire,2026-07-27T13:49:08.596Z
5c91fad394f7e600172f9d4a,21,S_WC_Ca_SR_Sn_NF,Snow_WinterClothing_Camels_SunRising_Snowman_NoFire.webp,6,2,Snow,WinterClothing,Camels,SunRising,Snowman,NoFire,2026-07-27T13:49:16.737Z
5c91fad394f7e600172f9d4a,22,NS_SC_Pe_SM_Sa_NF,NoSnow_SummerClothing_Penguins_SunMid_Sandcastle_NoFire.webp,6,2,NoSnow,SummerClothing,Penguins,SunMid,Sandcastle,NoFire,2026-07-27T13:49:23.900Z
5c91fad394f7e600172f9d4a,23,NS_WC_Ca_SM_Sn_WF,NoSnow_WinterClothing_Camels_SunMid_Snowman_Fire.webp,6,2,NoSnow,WinterClothing,Camels,SunMid,Snowman,Fire,2026-07-27T13:49:30.267Z
5c91fad394f7e600172f9d4a,24,NS_WC_Ca_SM_Sa_NF,NoSnow_WinterClothing_Camels_SunMid_Sandcastle_NoFire.webp,6,3,NoSnow,WinterClothing,Camels,SunMid,Sandcastle,NoFire,2026-07-27T13:49:42.106Z
5c91fad394f7e600172f9d4a,25,S_WC_Pe_SM_Sn_NF,Snow_WinterClothing_Penguins_SunMid_Snowman_NoFire.webp,6,2,Snow,WinterClothing,Penguins,SunMid,Snowman,NoFire,2026-07-27T13:49:49.511Z
5c91fad394f7e600172f9d4a,26,NS_WC_Ca_SR_Sa_NF,NoSnow_WinterClothing_Camels_SunRising_Sandcastle_NoFire.webp,6,3,NoSnow,WinterClothing,Camels,SunRising,Sandcastle,NoFire,2026-07-27T13:49:57.374Z
5c91fad394f7e600172f9d4a,27,S_WC_Ca_SM_Sn_WF,Snow_WinterClothing_Camels_SunMid_Snowman_Fire.webp,6,2,Snow,WinterClothing,Camels,SunMid,Snowman,Fire,2026-07-27T13:50:06.902Z
5c91fad394f7e600172f9d4a,28,NS_SC_Ca_SM_Sn_WF,NoSnow_SummerClothing_Camels_SunMid_Snowman_Fire.webp,6,2,NoSnow,SummerClothing,Camels,SunMid,Snowman,Fire,2026-07-27T13:50:15.119Z
5c91fad394f7e600172f9d4a,29,NS_WC_Pe_SM_Sa_NF,NoSnow_WinterClothing_Penguins_SunMid_Sandcastle_NoFire.webp,6,2,NoSnow,WinterClothing,Penguins,SunMid,Sandcastle,NoFire,2026-07-27T13:50:21.314Z
5c91fad394f7e600172f9d4a,30,S_WC_Pe_SR_Sa_WF,Snow_WinterClothing_Penguins_SunRising_Sandcastle_Fire.webp,6,2,Snow,WinterClothing,Penguins,SunRising,Sandcastle,Fire,2026-07-27T13:50:31.055Z
5c91fad394f7e600172f9d4a,31,S_SC_Ca_SR_Sn_NF,Snow_SummerClothing_Camels_SunRising_Snowman_NoFire.webp,6,2,Snow,SummerClothing,Camels,SunRising,Snowman,NoFire,2026-07-27T13:50:38.987Z
5c91fad394f7e600172f9d4a,32,NS_WC_Pe_SM_Sa_WF,NoSnow_WinterClothing_Penguins_SunMid_Sandcastle_Fire.webp,6,2,NoSnow,WinterClothing,Penguins,SunMid,Sandcastle,Fire,2026-07-27T13:50:47.153Z
5c91fad394f7e600172f9d4a,33,S_WC_Pe_SR_Sn_WF,Snow_WinterClothing_Penguins_SunRising_Snowman_Fire.webp,6,2,Snow,WinterClothing,Penguins,SunRising,Snowman,Fire,2026-07-27T13:50:55.761Z
5c91fad394f7e600172f9d4a,34,NS_WC_Ca_SR_Sa_WF,NoSnow_WinterClothing_Camels_SunRising_Sandcastle_Fire.webp,6,3,NoSnow,WinterClothing,Camels,SunRising,Sandcastle,Fire,2026-07-27T13:51:03.986Z
5c91fad394f7e600172f9d4a,35,NS_WC_Pe_SM_Sn_WF,NoSnow_WinterClothing_Penguins_SunMid_Snowman_Fire.webp,6,2,NoSnow,WinterClothing,Penguins,SunMid,Snowman,Fire,2026-07-27T13:51:22.168Z
5c91fad394f7e600172f9d4a,36,NS_WC_Ca_SR_Sn_WF,NoSnow_WinterClothing_Camels_SunRising_Snowman_Fire.webp,6,2,NoSnow,WinterClothing,Camels,SunRising,Snowman,Fire,2026-07-27T13:51:30.033Z
5c91fad394f7e600172f9d4a,37,S_SC_Pe_SM_Sa_WF,Snow_SummerClothing_Penguins_SunMid_Sandcastle_Fire.webp,6,2,Snow,SummerClothing,Penguins,SunMid,Sandcastle,Fire,2026-07-27T13:51:38.215Z
5c91fad394f7e600172f9d4a,38,S_SC_Ca_SR_Sn_WF,Snow_SummerClothing_Camels_SunRising_Snowman_Fire.webp,6,2,Snow,SummerClothing,Camels,SunRising,Snowman,Fire,2026-07-27T13:51:45.823Z
5c91fad394f7e600172f9d4a,39,NS_SC_Ca_SR_Sa_NF,NoSnow_SummerClothing_Camels_SunRising_Sandcastle_NoFire.webp,6,3,NoSnow,SummerClothing,Camels,SunRising,Sandcastle,NoFire,2026-07-27T13:51:55.051Z
5c91fad394f7e600172f9d4a,40,S_WC_Pe_SM_Sa_WF,Snow_WinterClothing_Penguins_SunMid_Sandcastle_Fire.webp,6,2,Snow,WinterClothing,Penguins,SunMid,Sandcastle,Fire,2026-07-27T13:52:05.729Z
5c91fad394f7e600172f9d4a,41,NS_SC_Ca_SM_Sa_NF,NoSnow_SummerClothing_Camels_SunMid_Sandcastle_NoFire.webp,6,3,NoSnow,SummerClothing,Camels,SunMid,Sandcastle,NoFire,2026-07-27T13:52:12.912Z
5c91fad394f7e600172f9d4a,42,NS_WC_Pe_SR_Sa_NF,NoSnow_WinterClothing_Penguins_SunRising_Sandcastle_NoFire.webp,6,2,NoSnow,WinterClothing,Penguins,SunRising,Sandcastle,NoFire,2026-07-27T13:52:18.941Z
5c91fad394f7e600172f9d4a,43,NS_SC_Pe_SR_Sn_NF,NoSnow_SummerClothing_Penguins_SunRising_Snowman_NoFire.webp,6,2,NoSnow,SummerClothing,Penguins,SunRising,Snowman,NoFire,2026-07-27T13:52:25.081Z
5c91fad394f7e600172f9d4a,44,S_SC_Pe_SR_Sa_NF,Snow_SummerClothing_Penguins_SunRising_Sandcastle_NoFire.webp,6,2,Snow,SummerClothing,Penguins,SunRising,Sandcastle,NoFire,2026-07-27T13:52:31.284Z
5c91fad394f7e600172f9d4a,45,S_SC_Ca_SM_Sn_WF,Snow_SummerClothing_Camels_SunMid_Snowman_Fire.webp,6,2,Snow,SummerClothing,Camels,SunMid,Snowman,Fire,2026-07-27T13:52:39.825Z
5c91fad394f7e600172f9d4a,46,S_WC_Ca_SM_Sa_NF,Snow_WinterClothing_Camels_SunMid_Sandcastle_NoFire.webp,6,3,Snow,WinterClothing,Camels,SunMid,Sandcastle,NoFire,2026-07-27T13:52:48.925Z
5c91fad394f7e600172f9d4a,47,NS_WC_Ca_SR_Sn_NF,NoSnow_WinterClothing_Camels_SunRising_Snowman_NoFire.webp,6,2,NoSnow,WinterClothing,Camels,SunRising,Snowman,NoFire,2026-07-27T13:52:56.745Z
5c91fad394f7e600172f9d4a,48,NS_SC_Pe_SM_Sn_NF,NoSnow_SummerClothing_Penguins_SunMid_Snowman_NoFire.webp,6,2,NoSnow,SummerClothing,Penguins,SunMid,Snowman,NoFire,2026-07-27T13:53:12.009Z
5c91fad394f7e600172f9d4a,49,S_WC_Pe_SM_Sn_WF,Snow_WinterClothing_Penguins_SunMid_Snowman_Fire.webp,6,2,Snow,WinterClothing,Penguins,SunMid,Snowman,Fire,2026-07-27T13:53:17.972Z
5c91fad394f7e600172f9d4a,50,S_SC_Pe_SM_Sa_NF,Snow_SummerClothing_Penguins_SunMid_Sandcastle_NoFire.webp,6,2,Snow,SummerClothing,Penguins,SunMid,Sandcastle,NoFire,2026-07-27T13:53:26.158Z
5c91fad394f7e600172f9d4a,51,NS_SC_Ca_SR_Sn_NF,NoSnow_SummerClothing_Camels_SunRising_Snowman_NoFire.webp,6,2,NoSnow,SummerClothing,Camels,SunRising,Snowman,NoFire,2026-07-27T13:53:38.030Z
5c91fad394f7e600172f9d4a,52,S_WC_Pe_SM_Sa_NF,Snow_WinterClothing_Penguins_SunMid_Sandcastle_NoFire.webp,6,2,Snow,WinterClothing,Penguins,SunMid,Sandcastle,NoFire,2026-07-27T13:53:44.999Z
5c91fad394f7e600172f9d4a,53,NS_SC_Ca_SR_Sa_WF,NoSnow_SummerClothing_Camels_SunRising_Sandcastle_Fire.webp,6,2,NoSnow,SummerClothing,Camels,SunRising,Sandcastle,Fire,2026-07-27T13:53:52.331Z
5c91fad394f7e600172f9d4a,54,NS_WC_Pe_SR_Sn_WF,NoSnow_WinterClothing_Penguins_SunRising_Snowman_Fire.webp,6,2,NoSnow,WinterClothing,Penguins,SunRising,Snowman,Fire,2026-07-27T13:54:00.475Z
5c91fad394f7e600172f9d4a,55,S_SC_Ca_SM_Sa_WF,Snow_SummerClothing_Camels_SunMid_Sandcastle_Fire.webp,6,3,Snow,SummerClothing,Camels,SunMid,Sandcastle,Fire,2026-07-27T13:54:06.969Z
5c91fad394f7e600172f9d4a,56,S_SC_Ca_SM_Sa_NF,Snow_SummerClothing_Camels_SunMid_Sandcastle_NoFire.webp,6,3,Snow,SummerClothing,Camels,SunMid,Sandcastle,NoFire,2026-07-27T13:54:14.808Z
5c91fad394f7e600172f9d4a,57,NS_WC_Pe_SR_Sn_NF,NoSnow_WinterClothing_Penguins_SunRising_Snowman_NoFire.webp,6,2,NoSnow,WinterClothing,Penguins,SunRising,Snowman,NoFire,2026-07-27T13:54:23.739Z
5c91fad394f7e600172f9d4a,58,S_WC_Ca_SM_Sn_NF,Snow_WinterClothing_Camels_SunMid_Snowman_NoFire.webp,6,2,Snow,WinterClothing,Camels,SunMid,Snowman,NoFire,2026-07-27T13:54:30.212Z
5c91fad394f7e600172f9d4a,59,S_WC_Ca_SR_Sn_WF,Snow_WinterClothing_Camels_SunRising_Snowman_Fire.webp,6,2,Snow,WinterClothing,Camels,SunRising,Snowman,Fire,2026-07-27T13:54:38.005Z
5c91fad394f7e600172f9d4a,60,S_WC_Ca_SR_Sa_WF,Snow_WinterClothing_Camels_SunRising_Sandcastle_Fire.webp,6,3,Snow,WinterClothing,Camels,SunRising,Sandcastle,Fire,2026-07-27T13:54:47.902Z
5c91fad394f7e600172f9d4a,61,S_WC_Ca_SR_Sa_NF,Snow_WinterClothing_Camels_SunRising_Sandcastle_NoFire.webp,6,3,Snow,WinterClothing,Camels,SunRising,Sandcastle,NoFire,2026-07-27T13:54:54.905Z
5c91fad394f7e600172f9d4a,62,NS_SC_Pe_SM_Sn_WF,NoSnow_SummerClothing_Penguins_SunMid_Snowman_Fire.webp,6,2,NoSnow,SummerClothing,Penguins,SunMid,Snowman,Fire,2026-07-27T13:55:01.954Z
5c91fad394f7e600172f9d4a,63,S_SC_Ca_SR_Sa_WF,Snow_SummerClothing_Camels_SunRising_Sandcastle_Fire.webp,6,3,Snow,SummerClothing,Camels,SunRising,Sandcastle,Fire,2026-07-27T13:55:09.554Z
6a01daab2b02408aef749ccb,0,S_SC_Pe_SR_Sn_NF,Snow_SummerClothing_Penguins_SunRising_Snowman_NoFire.webp,4,2,Snow,SummerClothing,Penguins,SunRising,Snowman,NoFire,2026-07-27T13:44:41.506Z
6a01daab2b02408aef749ccb,1,S_SC_Ca_SM_Sa_WF,Snow_SummerClothing_Camels_SunMid_Sandcastle_Fire.webp,6,6,Snow,SummerClothing,Camels,SunMid,Sandcastle,Fire,2026-07-27T13:44:58.416Z
6a01daab2b02408aef749ccb,2,NS_WC_Pe_SM_Sn_NF,NoSnow_WinterClothing_Penguins_SunMid_Snowman_NoFire.webp,3,5,NoSnow,WinterClothing,Penguins,SunMid,Snowman,NoFire,2026-07-27T13:45:12.996Z
6a01daab2b02408aef749ccb,3,S_SC_Ca_SM_Sn_WF,Snow_SummerClothing_Camels_SunMid_Snowman_Fire.webp,6,3,Snow,SummerClothing,Camels,SunMid,Snowman,Fire,2026-07-27T13:45:30.081Z
6a01daab2b02408aef749ccb,4,S_WC_Ca_SR_Sn_NF,Snow_WinterClothing_Camels_SunRising_Snowman_NoFire.webp,4,3,Snow,WinterClothing,Camels,SunRising,Snowman,NoFire,2026-07-27T13:46:30.542Z
6a01daab2b02408aef749ccb,5,S_WC_Ca_SR_Sa_WF,Snow_WinterClothing_Camels_SunRising_Sandcastle_Fire.webp,5,6,Snow,WinterClothing,Camels,SunRising,Sandcastle,Fire,2026-07-27T13:46:51.867Z
6a01daab2b02408aef749ccb,6,NS_SC_Pe_SM_Sa_WF,NoSnow_SummerClothing_Penguins_SunMid_Sandcastle_Fire.webp,6,3,NoSnow,SummerClothing,Penguins,SunMid,Sandcastle,Fire,2026-07-27T13:47:05.846Z
6a01daab2b02408aef749ccb,7,NS_SC_Ca_SR_Sn_NF,NoSnow_SummerClothing_Camels_SunRising_Snowman_NoFire.webp,6,3,NoSnow,SummerClothing,Camels,SunRising,Snowman,NoFire,2026-07-27T13:47:27.246Z
6a01daab2b02408aef749ccb,8,NS_SC_Ca_SR_Sn_WF,NoSnow_SummerClothing_Camels_SunRising_Snowman_Fire.webp,6,3,NoSnow,SummerClothing,Camels,SunRising,Snowman,Fire,2026-07-27T13:47:58.533Z
6a01daab2b02408aef749ccb,9,S_SC_Pe_SM_Sa_WF,Snow_SummerClothing_Penguins_SunMid_Sandcastle_Fire.webp,5,3,Snow,SummerClothing,Penguins,SunMid,Sandcastle,Fire,2026-07-27T13:48:21.564Z
6a01daab2b02408aef749ccb,10,NS_WC_Ca_SR_Sn_WF,NoSnow_WinterClothing_Camels_SunRising_Snowman_Fire.webp,5,2,NoSnow,WinterClothing,Camels,SunRising,Snowman,Fire,2026-07-27T13:49:13.896Z
6a01daab2b02408aef749ccb,11,S_SC_Pe_SR_Sa_NF,Snow_SummerClothing_Penguins_SunRising_Sandcastle_NoFire.webp,4,5,Snow,SummerClothing,Penguins,SunRising,Sandcastle,NoFire,2026-07-27T13:49:50.710Z
6a01daab2b02408aef749ccb,12,NS_SC_Pe_SR_Sa_WF,NoSnow_SummerClothing_Penguins_SunRising_Sandcastle_Fire.webp,5,3,NoSnow,SummerClothing,Penguins,SunRising,Sandcastle,Fire,2026-07-27T13:52:05.731Z
6a01daab2b02408aef749ccb,13,S_SC_Pe_SM_Sa_NF,Snow_SummerClothing_Penguins_SunMid_Sandcastle_NoFire.webp,4,6,Snow,SummerClothing,Penguins,SunMid,Sandcastle,NoFire,2026-07-27T13:52:17.995Z
6a01daab2b02408aef749ccb,14,NS_SC_Pe_SM_Sn_NF,NoSnow_SummerClothing_Penguins_SunMid_Snowman_NoFire.webp,5,3,NoSnow,SummerClothing,Penguins,SunMid,Snowman,NoFire,2026-07-27T13:52:29.427Z
6a01daab2b02408aef749ccb,15,NS_WC_Ca_SR_Sn_NF,NoSnow_WinterClothing_Camels_SunRising_Snowman_NoFire.webp,6,3,NoSnow,WinterClothing,Camels,SunRising,Snowman,NoFire,2026-07-27T13:52:39.461Z
6a01daab2b02408aef749ccb,16,NS_WC_Pe_SR_Sn_WF,NoSnow_WinterClothing_Penguins_SunRising_Snowman_Fire.webp,6,2,NoSnow,WinterClothing,Penguins,SunRising,Snowman,Fire,2026-07-27T13:52:54.015Z
6a01daab2b02408aef749ccb,17,S_SC_Pe_SM_Sn_WF,Snow_SummerClothing_Penguins_SunMid_Snowman_Fire.webp,4,2,Snow,SummerClothing,Penguins,SunMid,Snowman,Fire,2026-07-27T13:53:11.026Z
6a01daab2b02408aef749ccb,18,S_SC_Ca_SM_Sa_NF,Snow_SummerClothing_Camels_SunMid_Sandcastle_NoFire.webp,4,3,Snow,SummerClothing,Camels,SunMid,Sandcastle,NoFire,2026-07-27T13:53:24.685Z
6a01daab2b02408aef749ccb,19,S_WC_Pe_SR_Sn_NF,Snow_WinterClothing_Penguins_SunRising_Snowman_NoFire.webp,3,5,Snow,WinterClothing,Penguins,SunRising,Snowman,NoFire,2026-07-27T13:53:38.204Z
6a01daab2b02408aef749ccb,20,NS_SC_Ca_SM_Sa_NF,NoSnow_SummerClothing_Camels_SunMid_Sandcastle_NoFire.webp,5,6,NoSnow,SummerClothing,Camels,SunMid,Sandcastle,NoFire,2026-07-27T13:53:47.307Z
6a01daab2b02408aef749ccb,21,NS_WC_Pe_SM_Sn_WF,NoSnow_WinterClothing_Penguins_SunMid_Snowman_Fire.webp,4,2,NoSnow,WinterClothing,Penguins,SunMid,Snowman,Fire,2026-07-27T13:54:01.961Z
6a01daab2b02408aef749ccb,22,NS_SC_Pe_SR_Sa_NF,NoSnow_SummerClothing_Penguins_SunRising_Sandcastle_NoFire.webp,5,3,NoSnow,SummerClothing,Penguins,SunRising,Sandcastle,NoFire,2026-07-27T13:54:11.089Z
6a01daab2b02408aef749ccb,23,NS_SC_Pe_SR_Sn_NF,NoSnow_SummerClothing_Penguins_SunRising_Snowman_NoFire.webp,4,3,NoSnow,SummerClothing,Penguins,SunRising,Snowman,NoFire,2026-07-27T13:54:20.679Z
6a01daab2b02408aef749ccb,24,S_WC_Pe_SM_Sa_WF,Snow_WinterClothing_Penguins_SunMid_Sandcastle_Fire.webp,5,3,Snow,WinterClothing,Penguins,SunMid,Sandcastle,Fire,2026-07-27T13:54:29.942Z
6a01daab2b02408aef749ccb,25,S_WC_Ca_SM_Sn_NF,Snow_WinterClothing_Camels_SunMid_Snowman_NoFire.webp,4,3,Snow,WinterClothing,Camels,SunMid,Snowman,NoFire,2026-07-27T13:54:38.087Z
6a01daab2b02408aef749ccb,26,S_SC_Ca_SR_Sn_NF,Snow_SummerClothing_Camels_SunRising_Snowman_NoFire.webp,4,3,Snow,SummerClothing,Camels,SunRising,Snowman,NoFire,2026-07-27T13:54:46.549Z
6a01daab2b02408aef749ccb,27,S_WC_Ca_SM_Sn_WF,Snow_WinterClothing_Camels_SunMid_Snowman_Fire.webp,3,3,Snow,WinterClothing,Camels,SunMid,Snowman,Fire,2026-07-27T13:54:59.042Z
6a01daab2b02408aef749ccb,28,NS_WC_Ca_SM_Sa_NF,NoSnow_WinterClothing_Camels_SunMid_Sandcastle_NoFire.webp,4,6,NoSnow,WinterClothing,Camels,SunMid,Sandcastle,NoFire,2026-07-27T13:55:06.589Z
6a01daab2b02408aef749ccb,29,NS_WC_Ca_SM_Sa_WF,NoSnow_WinterClothing_Camels_SunMid_Sandcastle_Fire.webp,5,5,NoSnow,WinterClothing,Camels,SunMid,Sandcastle,Fire,2026-07-27T13:55:20.560Z
6a01daab2b02408aef749ccb,30,S_WC_Pe_SM_Sn_WF,Snow_WinterClothing_Penguins_SunMid_Snowman_Fire.webp,4,2,Snow,WinterClothing,Penguins,SunMid,Snowman,Fire,2026-07-27T13:55:32.852Z
6a01daab2b02408aef749ccb,31,S_WC_Pe_SR_Sa_WF,Snow_WinterClothing_Penguins_SunRising_Sandcastle_Fire.webp,4,3,Snow,WinterClothing,Penguins,SunRising,Sandcastle,Fire,2026-07-27T13:55:44.430Z
6a01daab2b02408aef749ccb,32,S_SC_Pe_SR_Sa_WF,Snow_SummerClothing_Penguins_SunRising_Sandcastle_Fire.webp,5,3,Snow,SummerClothing,Penguins,SunRising,Sandcastle,Fire,2026-07-27T13:55:57.189Z
6a01daab2b02408aef749ccb,33,NS_WC_Pe_SR_Sa_NF,NoSnow_WinterClothing_Penguins_SunRising_Sandcastle_NoFire.webp,4,3,NoSnow,WinterClothing,Penguins,SunRising,Sandcastle,NoFire,2026-07-27T13:56:07.881Z
6a01daab2b02408aef749ccb,34,S_SC_Pe_SR_Sn_WF,Snow_SummerClothing_Penguins_SunRising_Snowman_Fire.webp,6,2,Snow,SummerClothing,Penguins,SunRising,Snowman,Fire,2026-07-27T13:56:19.019Z
6a01daab2b02408aef749ccb,35,S_SC_Ca_SR_Sa_NF,Snow_SummerClothing_Camels_SunRising_Sandcastle_NoFire.webp,5,6,Snow,SummerClothing,Camels,SunRising,Sandcastle,NoFire,2026-07-27T13:56:26.915Z
6a01daab2b02408aef749ccb,36,NS_SC_Ca_SM_Sn_WF,NoSnow_SummerClothing_Camels_SunMid_Snowman_Fire.webp,6,2,NoSnow,SummerClothing,Camels,SunMid,Snowman,Fire,2026-07-27T13:56:37.867Z
6a01daab2b02408aef749ccb,37,NS_SC_Pe_SM_Sn_WF,NoSnow_SummerClothing_Penguins_SunMid_Snowman_Fire.webp,6,2,NoSnow,SummerClothing,Penguins,SunMid,Snowman,Fire,2026-07-27T13:56:44.561Z
6a01daab2b02408aef749ccb,38,NS_WC_Pe_SM_Sa_NF,NoSnow_WinterClothing_Penguins_SunMid_Sandcastle_NoFire.webp,4,5,NoSnow,WinterClothing,Penguins,SunMid,Sandcastle,NoFire,2026-07-27T13:56:53.131Z
6a01daab2b02408aef749ccb,39,NS_WC_Pe_SM_Sa_WF,NoSnow_WinterClothing_Penguins_SunMid_Sandcastle_Fire.webp,6,2,NoSnow,WinterClothing,Penguins,SunMid,Sandcastle,Fire,2026-07-27T13:57:03.135Z
6a01daab2b02408aef749ccb,40,NS_SC_Ca_SM_Sn_NF,NoSnow_SummerClothing_Camels_SunMid_Snowman_NoFire.webp,6,3,NoSnow,SummerClothing,Camels,SunMid,Snowman,NoFire,2026-07-27T13:57:16.802Z
6a01daab2b02408aef749ccb,41,S_SC_Ca_SR_Sa_WF,Snow_SummerClothing_Camels_SunRising_Sandcastle_Fire.webp,6,6,Snow,SummerClothing,Camels,SunRising,Sandcastle,Fire,2026-07-27T13:57:41.874Z
6a01daab2b02408aef749ccb,42,S_SC_Ca_SM_Sn_NF,Snow_SummerClothing_Camels_SunMid_Snowman_NoFire.webp,4,3,Snow,SummerClothing,Camels,SunMid,Snowman,NoFire,2026-07-27T13:57:53.597Z
6a01daab2b02408aef749ccb,43,NS_SC_Pe_SM_Sa_NF,NoSnow_SummerClothing_Penguins_SunMid_Sandcastle_NoFire.webp,5,3,NoSnow,SummerClothing,Penguins,SunMid,Sandcastle,NoFire,2026-07-27T13:58:01.315Z
6a01daab2b02408aef749ccb,44,S_WC_Pe_SR_Sn_WF,Snow_WinterClothing_Penguins_SunRising_Snowman_Fire.webp,5,2,Snow,WinterClothing,Penguins,SunRising,Snowman,Fire,2026-07-27T13:58:08.831Z
6a01daab2b02408aef749ccb,45,NS_WC_Ca_SR_Sa_WF,NoSnow_WinterClothing_Camels_SunRising_Sandcastle_Fire.webp,6,5,NoSnow,WinterClothing,Camels,SunRising,Sandcastle,Fire,2026-07-27T13:58:24.527Z
6a01daab2b02408aef749ccb,46,S_WC_Ca_SM_Sa_WF,Snow_WinterClothing_Camels_SunMid_Sandcastle_Fire.webp,3,3,Snow,WinterClothing,Camels,SunMid,Sandcastle,Fire,2026-07-27T13:58:49.681Z
6a01daab2b02408aef749ccb,47,NS_SC_Ca_SR_Sa_WF,NoSnow_SummerClothing_Camels_SunRising_Sandcastle_Fire.webp,6,6,NoSnow,SummerClothing,Camels,SunRising,Sandcastle,Fire,2026-07-27T13:59:00.414Z
6a01daab2b02408aef749ccb,48,S_WC_Ca_SM_Sa_NF,Snow_WinterClothing_Camels_SunMid_Sandcastle_NoFire.webp,4,3,Snow,WinterClothing,Camels,SunMid,Sandcastle,NoFire,2026-07-27T13:59:13.689Z
6a01daab2b02408aef749ccb,49,S_WC_Ca_SR_Sa_NF,Snow_WinterClothing_Camels_SunRising_Sandcastle_NoFire.webp,4,3,Snow,WinterClothing,Camels,SunRising,Sandcastle,NoFire,2026-07-27T13:59:28.579Z
6a01daab2b02408aef749ccb,50,NS_WC_Pe_SR_Sn_NF,NoSnow_WinterClothing_Penguins_SunRising_Snowman_NoFire.webp,4,3,NoSnow,WinterClothing,Penguins,SunRising,Snowman,NoFire,2026-07-27T13:59:39.381Z
6a01daab2b02408aef749ccb,51,NS_SC_Ca_SM_Sa_WF,NoSnow_SummerClothing_Camels_SunMid_Sandcastle_Fire.webp,6,6,NoSnow,SummerClothing,Camels,SunMid,Sandcastle,Fire,2026-07-27T13:59:46.764Z
6a01daab2b02408aef749ccb,52,S_SC_Ca_SR_Sn_WF,Snow_SummerClothing_Camels_SunRising_Snowman_Fire.webp,2,2,Snow,SummerClothing,Camels,SunRising,Snowman,Fire,2026-07-27T14:00:01.191Z
6a01daab2b02408aef749ccb,53,NS_WC_Ca_SM_Sn_NF,NoSnow_WinterClothing_Camels_SunMid_Snowman_NoFire.webp,4,3,NoSnow,WinterClothing,Camels,SunMid,Snowman,NoFire,2026-07-27T14:00:09.425Z
6a01daab2b02408aef749ccb,54,NS_WC_Ca_SR_Sa_NF,NoSnow_WinterClothing_Camels_SunRising_Sandcastle_NoFire.webp,5,6,NoSnow,WinterClothing,Camels,SunRising,Sandcastle,NoFire,2026-07-27T14:00:21.034Z
6a01daab2b02408aef749ccb,55,S_WC_Ca_SR_Sn_WF,Snow_WinterClothing_Camels_SunRising_Snowman_Fire.webp,4,2,Snow,WinterClothing,Camels,SunRising,Snowman,Fire,2026-07-27T14:00:33.797Z
6a01daab2b02408aef749ccb,56,S_WC_Pe_SM_Sn_NF,Snow_WinterClothing_Penguins_SunMid_Snowman_NoFire.webp,3,6,Snow,WinterClothing,Penguins,SunMid,Snowman,NoFire,2026-07-27T14:00:45.783Z
6a01daab2b02408aef749ccb,57,NS_WC_Ca_SM_Sn_WF,NoSnow_WinterClothing_Camels_SunMid_Snowman_Fire.webp,6,3,NoSnow,WinterClothing,Camels,SunMid,Snowman,Fire,2026-07-27T14:00:53.620Z
6a01daab2b02408aef749ccb,58,NS_SC_Ca_SR_Sa_NF,NoSnow_SummerClothing_Camels_SunRising_Sandcastle_NoFire.webp,5,6,NoSnow,SummerClothing,Camels,SunRising,Sandcastle,NoFire,2026-07-27T14:01:01.231Z
6a01daab2b02408aef749ccb,59,S_WC_Pe_SM_Sa_NF,Snow_WinterClothing_Penguins_SunMid_Sandcastle_NoFire.webp,3,2,Snow,WinterClothing,Penguins,SunMid,Sandcastle,NoFire,2026-07-27T14:01:08.457Z
6a01daab2b02408aef749ccb,60,S_WC_Pe_SR_Sa_NF,Snow_WinterClothing_Penguins_SunRising_Sandcastle_NoFire.webp,4,5,Snow,WinterClothing,Penguins,SunRising,Sandcastle,NoFire,2026-07-27T14:01:16.646Z
6a01daab2b02408aef749ccb,61,NS_WC_Pe_SR_Sa_WF,NoSnow_WinterClothing_Penguins_SunRising_Sandcastle_Fire.webp,6,2,NoSnow,WinterClothing,Penguins,SunRising,Sandcastle,Fire,2026-07-27T14:01:24.564Z
6a01daab2b02408aef749ccb,62,S_SC_Pe_SM_Sn_NF,Snow_SummerClothing_Penguins_SunMid_Snowman_NoFire.webp,2,6,Snow,SummerClothing,Penguins,SunMid,Snowman,NoFire,2026-07-27T14:01:36.370Z
6a01daab2b02408aef749ccb,63,NS_SC_Pe_SR_Sn_WF,NoSnow_SummerClothing_Penguins_SunRising_Snowman_Fire.webp,6,2,NoSnow,SummerClothing,Penguins,SunRising,Snowman,Fire,2026-07-27T14:01:44.320Z
6a25865d2d6177946644c54c,0,S_WC_Ca_SR_Sa_WF,Snow_WinterClothing_Camels_SunRising_Sandcastle_Fire.webp,3,2,Snow,WinterClothing,Camels,SunRising,Sandcastle,Fire,2026-07-27T13:44:40.747Z
6a25865d2d6177946644c54c,1,NS_SC_Pe_SM_Sa_NF,NoSnow_SummerClothing_Penguins_SunMid_Sandcastle_NoFire.webp,4,2,NoSnow,SummerClothing,Penguins,SunMid,Sandcastle,NoFire,2026-07-27T13:45:10.043Z
6a25865d2d6177946644c54c,2,S_WC_Pe_SR_Sn_WF,Snow_WinterClothing_Penguins_SunRising_Snowman_Fire.webp,3,2,Snow,WinterClothing,Penguins,SunRising,Snowman,Fire,2026-07-27T13:45:58.978Z
6a25865d2d6177946644c54c,3,S_SC_Ca_SM_Sn_NF,Snow_SummerClothing_Camels_SunMid_Snowman_NoFire.webp,2,1,Snow,SummerClothing,Camels,SunMid,Snowman,NoFire,2026-07-27T13:46:23.030Z
6a25865d2d6177946644c54c,4,S_SC_Pe_SM_Sa_WF,Snow_SummerClothing_Penguins_SunMid_Sandcastle_Fire.webp,4,2,Snow,SummerClothing,Penguins,SunMid,Sandcastle,Fire,2026-07-27T13:46:56.501Z
6a25865d2d6177946644c54c,5,NS_WC_Ca_SR_Sa_WF,NoSnow_WinterClothing_Camels_SunRising_Sandcastle_Fire.webp,6,3,NoSnow,WinterClothing,Camels,SunRising,Sandcastle,Fire,2026-07-27T13:47:36.560Z
6a25865d2d6177946644c54c,6,NS_SC_Ca_SM_Sn_WF,NoSnow_SummerClothing_Camels_SunMid_Snowman_Fire.webp,5,1,NoSnow,SummerClothing,Camels,SunMid,Snowman,Fire,2026-07-27T13:47:59.534Z
6a25865d2d6177946644c54c,7,S_WC_Pe_SM_Sn_WF,Snow_WinterClothing_Penguins_SunMid_Snowman_Fire.webp,2,2,Snow,WinterClothing,Penguins,SunMid,Snowman,Fire,2026-07-27T13:48:34.709Z
6a25865d2d6177946644c54c,8,NS_SC_Ca_SR_Sn_NF,NoSnow_SummerClothing_Camels_SunRising_Snowman_NoFire.webp,5,1,NoSnow,SummerClothing,Camels,SunRising,Snowman,NoFire,2026-07-27T13:48:58.381Z
6a25865d2d6177946644c54c,9,NS_SC_Pe_SR_Sa_WF,NoSnow_SummerClothing_Penguins_SunRising_Sandcastle_Fire.webp,4,4,NoSnow,SummerClothing,Penguins,SunRising,Sandcastle,Fire,2026-07-27T13:49:14.925Z
6a25865d2d6177946644c54c,10,S_SC_Ca_SR_Sa_WF,Snow_SummerClothing_Camels_SunRising_Sandcastle_Fire.webp,2,1,Snow,SummerClothing,Camels,SunRising,Sandcastle,Fire,2026-07-27T13:50:05.117Z
6a25865d2d6177946644c54c,11,NS_SC_Pe_SR_Sn_WF,NoSnow_SummerClothing_Penguins_SunRising_Snowman_Fire.webp,4,1,NoSnow,SummerClothing,Penguins,SunRising,Snowman,Fire,2026-07-27T13:50:31.878Z
6a25865d2d6177946644c54c,12,NS_SC_Pe_SM_Sa_WF,NoSnow_SummerClothing_Penguins_SunMid_Sandcastle_Fire.webp,4,5,NoSnow,SummerClothing,Penguins,SunMid,Sandcastle,Fire,2026-07-27T13:51:29.509Z
6a25865d2d6177946644c54c,13,S_SC_Ca_SM_Sa_NF,Snow_SummerClothing_Camels_SunMid_Sandcastle_NoFire.webp,2,1,Snow,SummerClothing,Camels,SunMid,Sandcastle,NoFire,2026-07-27T13:52:16.402Z
6a25865d2d6177946644c54c,14,S_WC_Pe_SR_Sa_NF,Snow_WinterClothing_Penguins_SunRising_Sandcastle_NoFire.webp,3,1,Snow,WinterClothing,Penguins,SunRising,Sandcastle,NoFire,2026-07-27T13:52:30.841Z
6a25865d2d6177946644c54c,15,S_SC_Pe_SR_Sa_WF,Snow_SummerClothing_Penguins_SunRising_Sandcastle_Fire.webp,2,2,Snow,SummerClothing,Penguins,SunRising,Sandcastle,Fire,2026-07-27T13:53:05.561Z
6a25865d2d6177946644c54c,16,NS_WC_Ca_SM_Sa_WF,NoSnow_WinterClothing_Camels_SunMid_Sandcastle_Fire.webp,6,4,NoSnow,WinterClothing,Camels,SunMid,Sandcastle,Fire,2026-07-27T13:53:25.892Z
6a25865d2d6177946644c54c,17,NS_WC_Pe_SR_Sa_WF,NoSnow_WinterClothing_Penguins_SunRising_Sandcastle_Fire.webp,4,4,NoSnow,WinterClothing,Penguins,SunRising,Sandcastle,Fire,2026-07-27T13:53:43.105Z
6a25865d2d6177946644c54c,18,NS_WC_Pe_SM_Sn_NF,NoSnow_WinterClothing_Penguins_SunMid_Snowman_NoFire.webp,4,2,NoSnow,WinterClothing,Penguins,SunMid,Snowman,NoFire,2026-07-27T13:54:01.540Z
6a25865d2d6177946644c54c,19,S_WC_Ca_SR_Sa_NF,Snow_WinterClothing_Camels_SunRising_Sandcastle_NoFire.webp,2,1,Snow,WinterClothing,Camels,SunRising,Sandcastle,NoFire,2026-07-27T13:54:28.572Z
6a25865d2d6177946644c54c,20,NS_WC_Pe_SR_Sn_WF,NoSnow_WinterClothing_Penguins_SunRising_Snowman_Fire.webp,6,1,NoSnow,WinterClothing,Penguins,SunRising,Snowman,Fire,2026-07-27T13:54:52.269Z
6a25865d2d6177946644c54c,21,NS_WC_Ca_SR_Sn_WF,NoSnow_WinterClothing_Camels_SunRising_Snowman_Fire.webp,4,2,NoSnow,WinterClothing,Camels,SunRising,Snowman,Fire,2026-07-27T13:55:15.226Z
6a25865d2d6177946644c54c,22,NS_WC_Ca_SM_Sn_WF,NoSnow_WinterClothing_Camels_SunMid_Snowman_Fire.webp,6,1,NoSnow,WinterClothing,Camels,SunMid,Snowman,Fire,2026-07-27T13:55:40.396Z
6a25865d2d6177946644c54c,23,S_WC_Ca_SM_Sa_NF,Snow_WinterClothing_Camels_SunMid_Sandcastle_NoFire.webp,2,1,Snow,WinterClothing,Camels,SunMid,Sandcastle,NoFire,2026-07-27T13:55:55.710Z
6a25865d2d6177946644c54c,24,S_WC_Pe_SR_Sa_WF,Snow_WinterClothing_Penguins_SunRising_Sandcastle_Fire.webp,3,1,Snow,WinterClothing,Penguins,SunRising,Sandcastle,Fire,2026-07-27T13:56:11.677Z
6a25865d2d6177946644c54c,25,NS_SC_Ca_SR_Sa_WF,NoSnow_SummerClothing_Camels_SunRising_Sandcastle_Fire.webp,5,6,NoSnow,SummerClothing,Camels,SunRising,Sandcastle,Fire,2026-07-27T13:56:33.516Z
6a25865d2d6177946644c54c,26,S_WC_Ca_SM_Sa_WF,Snow_WinterClothing_Camels_SunMid_Sandcastle_Fire.webp,3,1,Snow,WinterClothing,Camels,SunMid,Sandcastle,Fire,2026-07-27T13:56:53.275Z
6a25865d2d6177946644c54c,27,NS_SC_Ca_SR_Sn_WF,NoSnow_SummerClothing_Camels_SunRising_Snowman_Fire.webp,5,1,NoSnow,SummerClothing,Camels,SunRising,Snowman,Fire,2026-07-27T13:57:15.310Z
6a25865d2d6177946644c54c,28,S_SC_Pe_SR_Sa_NF,Snow_SummerClothing_Penguins_SunRising_Sandcastle_NoFire.webp,1,1,Snow,SummerClothing,Penguins,SunRising,Sandcastle,NoFire,2026-07-27T13:57:27.849Z
6a25865d2d6177946644c54c,29,S_SC_Pe_SM_Sa_NF,Snow_SummerClothing_Penguins_SunMid_Sandcastle_NoFire.webp,1,1,Snow,SummerClothing,Penguins,SunMid,Sandcastle,NoFire,2026-07-27T13:57:40.831Z
6a25865d2d6177946644c54c,30,NS_WC_Pe_SR_Sn_NF,NoSnow_WinterClothing_Penguins_SunRising_Snowman_NoFire.webp,4,1,NoSnow,WinterClothing,Penguins,SunRising,Snowman,NoFire,2026-07-27T13:57:57.293Z
6a25865d2d6177946644c54c,31,NS_WC_Pe_SR_Sa_NF,NoSnow_WinterClothing_Penguins_SunRising_Sandcastle_NoFire.webp,4,5,NoSnow,WinterClothing,Penguins,SunRising,Sandcastle,NoFire,2026-07-27T13:58:23.911Z
6a25865d2d6177946644c54c,32,NS_WC_Pe_SM_Sn_WF,NoSnow_WinterClothing_Penguins_SunMid_Snowman_Fire.webp,4,1,NoSnow,WinterClothing,Penguins,SunMid,Snowman,Fire,2026-07-27T13:58:37.039Z
6a25865d2d6177946644c54c,33,NS_SC_Pe_SM_Sn_NF,NoSnow_SummerClothing_Penguins_SunMid_Snowman_NoFire.webp,5,1,NoSnow,SummerClothing,Penguins,SunMid,Snowman,NoFire,2026-07-27T13:58:52.109Z
6a25865d2d6177946644c54c,34,S_WC_Ca_SM_Sn_WF,Snow_WinterClothing_Camels_SunMid_Snowman_Fire.webp,3,5,Snow,WinterClothing,Camels,SunMid,Snowman,Fire,2026-07-27T13:59:20.281Z
6a25865d2d6177946644c54c,35,S_SC_Pe_SR_Sn_NF,Snow_SummerClothing_Penguins_SunRising_Snowman_NoFire.webp,1,1,Snow,SummerClothing,Penguins,SunRising,Snowman,NoFire,2026-07-27T13:59:36.823Z
6a25865d2d6177946644c54c,36,NS_SC_Pe_SR_Sn_NF,NoSnow_SummerClothing_Penguins_SunRising_Snowman_NoFire.webp,4,1,NoSnow,SummerClothing,Penguins,SunRising,Snowman,NoFire,2026-07-27T13:59:55.922Z
6a25865d2d6177946644c54c,37,NS_WC_Pe_SM_Sa_WF,NoSnow_WinterClothing_Penguins_SunMid_Sandcastle_Fire.webp,5,6,NoSnow,WinterClothing,Penguins,SunMid,Sandcastle,Fire,2026-07-27T14:00:12.362Z
6a25865d2d6177946644c54c,38,NS_SC_Pe_SM_Sn_WF,NoSnow_SummerClothing_Penguins_SunMid_Snowman_Fire.webp,5,1,NoSnow,SummerClothing,Penguins,SunMid,Snowman,Fire,2026-07-27T14:00:34.368Z
6a25865d2d6177946644c54c,39,NS_SC_Ca_SM_Sa_NF,NoSnow_SummerClothing_Camels_SunMid_Sandcastle_NoFire.webp,5,6,NoSnow,SummerClothing,Camels,SunMid,Sandcastle,NoFire,2026-07-27T14:00:54.281Z
6a25865d2d6177946644c54c,40,S_WC_Pe_SM_Sa_NF,Snow_WinterClothing_Penguins_SunMid_Sandcastle_NoFire.webp,3,1,Snow,WinterClothing,Penguins,SunMid,Sandcastle,NoFire,2026-07-27T14:01:13.934Z
6a25865d2d6177946644c54c,41,NS_SC_Ca_SM_Sn_NF,NoSnow_SummerClothing_Camels_SunMid_Snowman_NoFire.webp,5,1,NoSnow,SummerClothing,Camels,SunMid,Snowman,NoFire,2026-07-27T14:01:28.376Z
6a25865d2d6177946644c54c,42,S_WC_Ca_SR_Sn_WF,Snow_WinterClothing_Camels_SunRising_Snowman_Fire.webp,2,3,Snow,WinterClothing,Camels,SunRising,Snowman,Fire,2026-07-27T14:02:11.993Z
6a25865d2d6177946644c54c,43,S_WC_Ca_SM_Sn_NF,Snow_WinterClothing_Camels_SunMid_Snowman_NoFire.webp,3,3,Snow,WinterClothing,Camels,SunMid,Snowman,NoFire,2026-07-27T14:02:47.249Z
6a25865d2d6177946644c54c,44,S_SC_Pe_SM_Sn_WF,Snow_SummerClothing_Penguins_SunMid_Snowman_Fire.webp,1,1,Snow,SummerClothing,Penguins,SunMid,Snowman,Fire,2026-07-27T14:03:01.348Z
6a25865d2d6177946644c54c,45,NS_SC_Pe_SR_Sa_NF,NoSnow_SummerClothing_Penguins_SunRising_Sandcastle_NoFire.webp,5,6,NoSnow,SummerClothing,Penguins,SunRising,Sandcastle,NoFire,2026-07-27T14:03:15.315Z
6a25865d2d6177946644c54c,46,S_SC_Pe_SM_Sn_NF,Snow_SummerClothing_Penguins_SunMid_Snowman_NoFire.webp,1,1,Snow,SummerClothing,Penguins,SunMid,Snowman,NoFire,2026-07-27T14:03:26.272Z
6a25865d2d6177946644c54c,47,S_SC_Ca_SM_Sa_WF,Snow_SummerClothing_Camels_SunMid_Sandcastle_Fire.webp,1,1,Snow,SummerClothing,Camels,SunMid,Sandcastle,Fire,2026-07-27T14:03:36.970Z
6a25865d2d6177946644c54c,48,S_SC_Ca_SR_Sa_NF,Snow_SummerClothing_Camels_SunRising_Sandcastle_NoFire.webp,1,1,Snow,SummerClothing,Camels,SunRising,Sandcastle,NoFire,2026-07-27T14:03:46.061Z
6a25865d2d6177946644c54c,49,NS_SC_Ca_SR_Sa_NF,NoSnow_SummerClothing_Camels_SunRising_Sandcastle_NoFire.webp,5,6,NoSnow,SummerClothing,Camels,SunRising,Sandcastle,NoFire,2026-07-27T14:04:02.232Z
6a25865d2d6177946644c54c,50,S_SC_Ca_SR_Sn_NF,Snow_SummerClothing_Camels_SunRising_Snowman_NoFire.webp,1,1,Snow,SummerClothing,Camels,SunRising,Snowman,NoFire,2026-07-27T14:04:12.624Z
6a25865d2d6177946644c54c,51,S_WC_Pe_SM_Sn_NF,Snow_WinterClothing_Penguins_SunMid_Snowman_NoFire.webp,3,3,Snow,WinterClothing,Penguins,SunMid,Snowman,NoFire,2026-07-27T14:04:37.901Z
6a25865d2d6177946644c54c,52,NS_WC_Pe_SM_Sa_NF,NoSnow_WinterClothing_Penguins_SunMid_Sandcastle_NoFire.webp,6,5,NoSnow,WinterClothing,Penguins,SunMid,Sandcastle,NoFire,2026-07-27T14:05:14.856Z
6a25865d2d6177946644c54c,53,S_WC_Pe_SR_Sn_NF,Snow_WinterClothing_Penguins_SunRising_Snowman_NoFire.webp,2,3,Snow,WinterClothing,Penguins,SunRising,Snowman,NoFire,2026-07-27T14:05:33.841Z
6a25865d2d6177946644c54c,54,S_WC_Ca_SR_Sn_NF,Snow_WinterClothing_Camels_SunRising_Snowman_NoFire.webp,2,3,Snow,WinterClothing,Camels,SunRising,Snowman,NoFire,2026-07-27T14:05:57.349Z
6a25865d2d6177946644c54c,55,NS_WC_Ca_SM_Sn_NF,NoSnow_WinterClothing_Camels_SunMid_Snowman_NoFire.webp,6,1,NoSnow,WinterClothing,Camels,SunMid,Snowman,NoFire,2026-07-27T14:06:15.465Z
6a25865d2d6177946644c54c,56,S_SC_Ca_SM_Sn_WF,Snow_SummerClothing_Camels_SunMid_Snowman_Fire.webp,1,1,Snow,SummerClothing,Camels,SunMid,Snowman,Fire,2026-07-27T14:06:25.370Z
6a25865d2d6177946644c54c,57,S_SC_Pe_SR_Sn_WF,Snow_SummerClothing_Penguins_SunRising_Snowman_Fire.webp,1,1,Snow,SummerClothing,Penguins,SunRising,Snowman,Fire,2026-07-27T14:06:34.651Z
6a25865d2d6177946644c54c,58,NS_WC_Ca_SR_Sn_NF,NoSnow_WinterClothing_Camels_SunRising_Snowman_NoFire.webp,4,1,NoSnow,WinterClothing,Camels,SunRising,Snowman,NoFire,2026-07-27T14:06:47.307Z
6a25865d2d6177946644c54c,59,NS_WC_Ca_SM_Sa_NF,NoSnow_WinterClothing_Camels_SunMid_Sandcastle_NoFire.webp,5,5,NoSnow,WinterClothing,Camels,SunMid,Sandcastle,NoFire,2026-07-27T14:07:11.027Z
6a25865d2d6177946644c54c,60,S_SC_Ca_SR_Sn_WF,Snow_SummerClothing_Camels_SunRising_Snowman_Fire.webp,1,1,Snow,SummerClothing,Camels,SunRising,Snowman,Fire,2026-07-27T14:07:23.410Z
6a25865d2d6177946644c54c,61,S_WC_Pe_SM_Sa_WF,Snow_WinterClothing_Penguins_SunMid_Sandcastle_Fire.webp,3,1,Snow,WinterClothing,Penguins,SunMid,Sandcastle,Fire,2026-07-27T14:07:38.977Z
6a25865d2d6177946644c54c,62,NS_SC_Ca_SM_Sa_WF,NoSnow_SummerClothing_Camels_SunMid_Sandcastle_Fire.webp,5,6,NoSnow,SummerClothing,Camels,SunMid,Sandcastle,Fire,2026-07-27T14:07:51.981Z
6a25865d2d6177946644c54c,63,NS_WC_Ca_SR_Sa_NF,NoSnow_WinterClothing_Camels_SunRising_Sandcastle_NoFire.webp,4,6,NoSnow,WinterClothing,Camels,SunRising,Sandcastle,NoFire,2026-07-27T14:08:07.743Z
64a9858be9b52e570ffb3c1e,0,NS_SC_Ca_SM_Sa_WF,NoSnow_SummerClothing_Camels_SunMid_Sandcastle_Fire.webp,6,3,NoSnow,SummerClothing,Camels,SunMid,Sandcastle,Fire,2026-07-27T13:42:06.615Z
64a9858be9b52e570ffb3c1e,1,NS_SC_Ca_SR_Sn_WF,NoSnow_SummerClothing_Camels_SunRising_Snowman_Fire.webp,5,2,NoSnow,SummerClothing,Camels,SunRising,Snowman,Fire,2026-07-27T13:42:16.247Z
64a9858be9b52e570ffb3c1e,2,S_WC_Ca_SR_Sa_WF,Snow_WinterClothing_Camels_SunRising_Sandcastle_Fire.webp,6,5,Snow,WinterClothing,Camels,SunRising,Sandcastle,Fire,2026-07-27T13:42:30.666Z
64a9858be9b52e570ffb3c1e,3,NS_WC_Pe_SM_Sa_WF,NoSnow_WinterClothing_Penguins_SunMid_Sandcastle_Fire.webp,4,1,NoSnow,WinterClothing,Penguins,SunMid,Sandcastle,Fire,2026-07-27T13:42:37.666Z
64a9858be9b52e570ffb3c1e,4,NS_WC_Ca_SM_Sn_WF,NoSnow_WinterClothing_Camels_SunMid_Snowman_Fire.webp,3,2,NoSnow,WinterClothing,Camels,SunMid,Snowman,Fire,2026-07-27T13:42:48.957Z
64a9858be9b52e570ffb3c1e,5,S_SC_Pe_SR_Sa_WF,Snow_SummerClothing_Penguins_SunRising_Sandcastle_Fire.webp,4,1,Snow,SummerClothing,Penguins,SunRising,Sandcastle,Fire,2026-07-27T13:42:58.430Z
64a9858be9b52e570ffb3c1e,6,NS_SC_Pe_SR_Sa_WF,NoSnow_SummerClothing_Penguins_SunRising_Sandcastle_Fire.webp,5,1,NoSnow,SummerClothing,Penguins,SunRising,Sandcastle,Fire,2026-07-27T13:43:14.026Z
64a9858be9b52e570ffb3c1e,7,S_WC_Ca_SM_Sa_WF,Snow_WinterClothing_Camels_SunMid_Sandcastle_Fire.webp,7,6,Snow,WinterClothing,Camels,SunMid,Sandcastle,Fire,2026-07-27T13:43:20.462Z
64a9858be9b52e570ffb3c1e,8,S_WC_Pe_SM_Sn_WF,Snow_WinterClothing_Penguins_SunMid_Snowman_Fire.webp,3,1,Snow,WinterClothing,Penguins,SunMid,Snowman,Fire,2026-07-27T13:43:28.503Z
64a9858be9b52e570ffb3c1e,9,S_WC_Pe_SR_Sn_WF,Snow_WinterClothing_Penguins_SunRising_Snowman_Fire.webp,3,1,Snow,WinterClothing,Penguins,SunRising,Snowman,Fire,2026-07-27T13:43:35.058Z
64a9858be9b52e570ffb3c1e,10,S_SC_Pe_SM_Sa_WF,Snow_SummerClothing_Penguins_SunMid_Sandcastle_Fire.webp,4,2,Snow,SummerClothing,Penguins,SunMid,Sandcastle,Fire,2026-07-27T13:43:45.320Z
64a9858be9b52e570ffb3c1e,11,NS_SC_Pe_SM_Sa_WF,NoSnow_SummerClothing_Penguins_SunMid_Sandcastle_Fire.webp,4,2,NoSnow,SummerClothing,Penguins,SunMid,Sandcastle,Fire,2026-07-27T13:43:53.188Z
64a9858be9b52e570ffb3c1e,12,S_SC_Ca_SM_Sa_WF,Snow_SummerClothing_Camels_SunMid_Sandcastle_Fire.webp,6,5,Snow,SummerClothing,Camels,SunMid,Sandcastle,Fire,2026-07-27T13:44:14.994Z
64a9858be9b52e570ffb3c1e,13,NS_SC_Pe_SR_Sn_WF,NoSnow_SummerClothing_Penguins_SunRising_Snowman_Fire.webp,3,1,NoSnow,SummerClothing,Penguins,SunRising,Snowman,Fire,2026-07-27T13:44:26.911Z
64a9858be9b52e570ffb3c1e,14,NS_WC_Ca_SM_Sa_NF,NoSnow_WinterClothing_Camels_SunMid_Sandcastle_NoFire.webp,6,6,NoSnow,WinterClothing,Camels,SunMid,Sandcastle,NoFire,2026-07-27T13:45:10.613Z
64a9858be9b52e570ffb3c1e,15,NS_WC_Pe_SM_Sn_WF,NoSnow_WinterClothing_Penguins_SunMid_Snowman_Fire.webp,2,1,NoSnow,WinterClothing,Penguins,SunMid,Snowman,Fire,2026-07-27T13:45:18.315Z
64a9858be9b52e570ffb3c1e,16,S_SC_Ca_SR_Sa_NF,Snow_SummerClothing_Camels_SunRising_Sandcastle_NoFire.webp,6,6,Snow,SummerClothing,Camels,SunRising,Sandcastle,NoFire,2026-07-27T13:45:26.116Z
64a9858be9b52e570ffb3c1e,17,NS_WC_Ca_SM_Sa_WF,NoSnow_WinterClothing_Camels_SunMid_Sandcastle_Fire.webp,6,6,NoSnow,WinterClothing,Camels,SunMid,Sandcastle,Fire,2026-07-27T13:48:07.301Z
64a9858be9b52e570ffb3c1e,18,S_SC_Pe_SM_Sn_WF,Snow_SummerClothing_Penguins_SunMid_Snowman_Fire.webp,2,1,Snow,SummerClothing,Penguins,SunMid,Snowman,Fire,2026-07-27T13:48:14.910Z
64a9858be9b52e570ffb3c1e,19,NS_WC_Pe_SM_Sa_NF,NoSnow_WinterClothing_Penguins_SunMid_Sandcastle_NoFire.webp,4,2,NoSnow,WinterClothing,Penguins,SunMid,Sandcastle,NoFire,2026-07-27T13:51:04.857Z
64a9858be9b52e570ffb3c1e,20,S_SC_Ca_SM_Sa_NF,Snow_SummerClothing_Camels_SunMid_Sandcastle_NoFire.webp,6,6,Snow,SummerClothing,Camels,SunMid,Sandcastle,NoFire,2026-07-27T13:51:13.568Z
64a9858be9b52e570ffb3c1e,21,S_WC_Ca_SR_Sa_NF,Snow_WinterClothing_Camels_SunRising_Sandcastle_NoFire.webp,6,6,Snow,WinterClothing,Camels,SunRising,Sandcastle,NoFire,2026-07-27T13:51:35.785Z
64a9858be9b52e570ffb3c1e,22,NS_WC_Pe_SR_Sn_WF,NoSnow_WinterClothing_Penguins_SunRising_Snowman_Fire.webp,1,2,NoSnow,WinterClothing,Penguins,SunRising,Snowman,Fire,2026-07-27T13:51:50.124Z
64a9858be9b52e570ffb3c1e,23,NS_SC_Ca_SR_Sa_WF,NoSnow_SummerClothing_Camels_SunRising_Sandcastle_Fire.webp,4,5,NoSnow,SummerClothing,Camels,SunRising,Sandcastle,Fire,2026-07-27T13:52:11.649Z
64a9858be9b52e570ffb3c1e,24,NS_SC_Pe_SR_Sa_NF,NoSnow_SummerClothing_Penguins_SunRising_Sandcastle_NoFire.webp,4,4,NoSnow,SummerClothing,Penguins,SunRising,Sandcastle,NoFire,2026-07-27T13:52:20.171Z
64a9858be9b52e570ffb3c1e,25,S_SC_Ca_SR_Sn_NF,Snow_SummerClothing_Camels_SunRising_Snowman_NoFire.webp,5,2,Snow,SummerClothing,Camels,SunRising,Snowman,NoFire,2026-07-27T13:52:33.234Z
64a9858be9b52e570ffb3c1e,26,S_WC_Pe_SR_Sn_NF,Snow_WinterClothing_Penguins_SunRising_Snowman_NoFire.webp,2,2,Snow,WinterClothing,Penguins,SunRising,Snowman,NoFire,2026-07-27T13:52:47.214Z
64a9858be9b52e570ffb3c1e,27,S_SC_Ca_SM_Sn_NF,Snow_SummerClothing_Camels_SunMid_Snowman_NoFire.webp,4,3,Snow,SummerClothing,Camels,SunMid,Snowman,NoFire,2026-07-27T13:53:07.423Z
64a9858be9b52e570ffb3c1e,28,NS_SC_Ca_SR_Sn_NF,NoSnow_SummerClothing_Camels_SunRising_Snowman_NoFire.webp,5,3,NoSnow,SummerClothing,Camels,SunRising,Snowman,NoFire,2026-07-27T13:53:17.417Z
64a9858be9b52e570ffb3c1e,29,S_SC_Pe_SM_Sa_NF,Snow_SummerClothing_Penguins_SunMid_Sandcastle_NoFire.webp,4,3,Snow,SummerClothing,Penguins,SunMid,Sandcastle,NoFire,2026-07-27T13:53:42.132Z
64a9858be9b52e570ffb3c1e,30,NS_SC_Pe_SM_Sn_NF,NoSnow_SummerClothing_Penguins_SunMid_Snowman_NoFire.webp,2,2,NoSnow,SummerClothing,Penguins,SunMid,Snowman,NoFire,2026-07-27T13:53:53.919Z
64a9858be9b52e570ffb3c1e,31,S_WC_Ca_SM_Sa_NF,Snow_WinterClothing_Camels_SunMid_Sandcastle_NoFire.webp,5,5,Snow,WinterClothing,Camels,SunMid,Sandcastle,NoFire,2026-07-27T13:54:02.029Z
64a9858be9b52e570ffb3c1e,32,NS_WC_Ca_SR_Sn_WF,NoSnow_WinterClothing_Camels_SunRising_Snowman_Fire.webp,5,2,NoSnow,WinterClothing,Camels,SunRising,Snowman,Fire,2026-07-27T13:54:21.390Z
64a9858be9b52e570ffb3c1e,33,S_WC_Ca_SM_Sn_WF,Snow_WinterClothing_Camels_SunMid_Snowman_Fire.webp,5,4,Snow,WinterClothing,Camels,SunMid,Snowman,Fire,2026-07-27T13:54:39.065Z
64a9858be9b52e570ffb3c1e,34,NS_WC_Ca_SR_Sn_NF,NoSnow_WinterClothing_Camels_SunRising_Snowman_NoFire.webp,4,3,NoSnow,WinterClothing,Camels,SunRising,Snowman,NoFire,2026-07-27T13:54:46.092Z
64a9858be9b52e570ffb3c1e,35,S_WC_Ca_SM_Sn_NF,Snow_WinterClothing_Camels_SunMid_Snowman_NoFire.webp,3,3,Snow,WinterClothing,Camels,SunMid,Snowman,NoFire,2026-07-27T13:56:33.515Z
64a9858be9b52e570ffb3c1e,36,S_SC_Pe_SR_Sn_NF,Snow_SummerClothing_Penguins_SunRising_Snowman_NoFire.webp,2,2,Snow,SummerClothing,Penguins,SunRising,Snowman,NoFire,2026-07-27T13:56:41.610Z
64a9858be9b52e570ffb3c1e,37,S_WC_Pe_SR_Sa_WF,Snow_WinterClothing_Penguins_SunRising_Sandcastle_Fire.webp,5,3,Snow,WinterClothing,Penguins,SunRising,Sandcastle,Fire,2026-07-27T13:56:47.758Z
64a9858be9b52e570ffb3c1e,38,NS_SC_Pe_SM_Sn_WF,NoSnow_SummerClothing_Penguins_SunMid_Snowman_Fire.webp,3,4,NoSnow,SummerClothing,Penguins,SunMid,Snowman,Fire,2026-07-27T13:56:54.038Z
64a9858be9b52e570ffb3c1e,39,S_SC_Pe_SR_Sa_NF,Snow_SummerClothing_Penguins_SunRising_Sandcastle_NoFire.webp,3,3,Snow,SummerClothing,Penguins,SunRising,Sandcastle,NoFire,2026-07-27T13:57:17.477Z
64a9858be9b52e570ffb3c1e,40,S_SC_Ca_SR_Sa_WF,Snow_SummerClothing_Camels_SunRising_Sandcastle_Fire.webp,5,5,Snow,SummerClothing,Camels,SunRising,Sandcastle,Fire,2026-07-27T13:57:29.736Z
64a9858be9b52e570ffb3c1e,41,S_SC_Ca_SR_Sn_WF,Snow_SummerClothing_Camels_SunRising_Snowman_Fire.webp,2,3,Snow,SummerClothing,Camels,SunRising,Snowman,Fire,2026-07-27T13:57:41.591Z
64a9858be9b52e570ffb3c1e,42,S_WC_Pe_SM_Sa_NF,Snow_WinterClothing_Penguins_SunMid_Sandcastle_NoFire.webp,4,3,Snow,WinterClothing,Penguins,SunMid,Sandcastle,NoFire,2026-07-27T13:58:00.951Z
64a9858be9b52e570ffb3c1e,43,NS_WC_Ca_SR_Sa_NF,NoSnow_WinterClothing_Camels_SunRising_Sandcastle_NoFire.webp,4,6,NoSnow,WinterClothing,Camels,SunRising,Sandcastle,NoFire,2026-07-27T13:58:54.559Z
64a9858be9b52e570ffb3c1e,44,S_WC_Pe_SR_Sa_NF,Snow_WinterClothing_Penguins_SunRising_Sandcastle_NoFire.webp,5,5,Snow,WinterClothing,Penguins,SunRising,Sandcastle,NoFire,2026-07-27T13:59:42.435Z
64a9858be9b52e570ffb3c1e,45,S_SC_Pe_SR_Sn_WF,Snow_SummerClothing_Penguins_SunRising_Snowman_Fire.webp,4,5,Snow,SummerClothing,Penguins,SunRising,Snowman,Fire,2026-07-27T14:00:04.719Z
64a9858be9b52e570ffb3c1e,46,NS_WC_Pe_SR_Sn_NF,NoSnow_WinterClothing_Penguins_SunRising_Snowman_NoFire.webp,1,5,NoSnow,WinterClothing,Penguins,SunRising,Snowman,NoFire,2026-07-27T14:00:12.980Z
64a9858be9b52e570ffb3c1e,47,NS_WC_Pe_SM_Sn_NF,NoSnow_WinterClothing_Penguins_SunMid_Snowman_NoFire.webp,1,6,NoSnow,WinterClothing,Penguins,SunMid,Snowman,NoFire,2026-07-27T14:01:28.510Z
64a9858be9b52e570ffb3c1e,48,NS_SC_Pe_SR_Sn_NF,NoSnow_SummerClothing_Penguins_SunRising_Snowman_NoFire.webp,1,6,NoSnow,SummerClothing,Penguins,SunRising,Snowman,NoFire,2026-07-27T14:02:16.756Z
64a9858be9b52e570ffb3c1e,49,NS_SC_Ca_SR_Sa_NF,NoSnow_SummerClothing_Camels_SunRising_Sandcastle_NoFire.webp,5,6,NoSnow,SummerClothing,Camels,SunRising,Sandcastle,NoFire,2026-07-27T14:04:12.892Z
64a9858be9b52e570ffb3c1e,50,NS_WC_Ca_SR_Sa_WF,NoSnow_WinterClothing_Camels_SunRising_Sandcastle_Fire.webp,7,6,NoSnow,WinterClothing,Camels,SunRising,Sandcastle,Fire,2026-07-27T14:05:04.232Z
64a9858be9b52e570ffb3c1e,51,NS_WC_Pe_SR_Sa_WF,NoSnow_WinterClothing_Penguins_SunRising_Sandcastle_Fire.webp,5,3,NoSnow,WinterClothing,Penguins,SunRising,Sandcastle,Fire,2026-07-27T14:05:10.870Z
64a9858be9b52e570ffb3c1e,52,S_WC_Pe_SM_Sa_WF,Snow_WinterClothing_Penguins_SunMid_Sandcastle_Fire.webp,6,3,Snow,WinterClothing,Penguins,SunMid,Sandcastle,Fire,2026-07-27T14:05:19.486Z
64a9858be9b52e570ffb3c1e,53,S_SC_Pe_SM_Sn_NF,Snow_SummerClothing_Penguins_SunMid_Snowman_NoFire.webp,1,4,Snow,SummerClothing,Penguins,SunMid,Snowman,NoFire,2026-07-27T14:05:25.713Z
64a9858be9b52e570ffb3c1e,54,NS_SC_Pe_SM_Sa_NF,NoSnow_SummerClothing_Penguins_SunMid_Sandcastle_NoFire.webp,3,2,NoSnow,SummerClothing,Penguins,SunMid,Sandcastle,NoFire,2026-07-27T14:05:33.786Z
64a9858be9b52e570ffb3c1e,55,S_WC_Ca_SR_Sn_WF,Snow_WinterClothing_Camels_SunRising_Snowman_Fire.webp,6,2,Snow,WinterClothing,Camels,SunRising,Snowman,Fire,2026-07-27T14:05:40.680Z
64a9858be9b52e570ffb3c1e,56,NS_SC_Ca_SM_Sn_NF,NoSnow_SummerClothing_Camels_SunMid_Snowman_NoFire.webp,5,4,NoSnow,SummerClothing,Camels,SunMid,Snowman,NoFire,2026-07-27T14:05:52.206Z
64a9858be9b52e570ffb3c1e,57,S_WC_Ca_SR_Sn_NF,Snow_WinterClothing_Camels_SunRising_Snowman_NoFire.webp,4,4,Snow,WinterClothing,Camels,SunRising,Snowman,NoFire,2026-07-27T14:05:59.645Z
64a9858be9b52e570ffb3c1e,58,NS_SC_Ca_SM_Sa_NF,NoSnow_SummerClothing_Camels_SunMid_Sandcastle_NoFire.webp,6,6,NoSnow,SummerClothing,Camels,SunMid,Sandcastle,NoFire,2026-07-27T14:06:08.787Z
64a9858be9b52e570ffb3c1e,59,NS_SC_Ca_SM_Sn_WF,NoSnow_SummerClothing_Camels_SunMid_Snowman_Fire.webp,7,7,NoSnow,SummerClothing,Camels,SunMid,Snowman,Fire,2026-07-27T14:06:13.497Z
64a9858be9b52e570ffb3c1e,60,S_SC_Ca_SM_Sn_WF,Snow_SummerClothing_Camels_SunMid_Snowman_Fire.webp,7,2,Snow,SummerClothing,Camels,SunMid,Snowman,Fire,2026-07-27T14:06:21.896Z
64a9858be9b52e570ffb3c1e,61,NS_WC_Ca_SM_Sn_NF,NoSnow_WinterClothing_Camels_SunMid_Snowman_NoFire.webp,6,2,NoSnow,WinterClothing,Camels,SunMid,Snowman,NoFire,2026-07-27T14:06:27.902Z
64a9858be9b52e570ffb3c1e,62,NS_WC_Pe_SR_Sa_NF,NoSnow_WinterClothing_Penguins_SunRising_Sandcastle_NoFire.webp,3,4,NoSnow,WinterClothing,Penguins,SunRising,Sandcastle,NoFire,2026-07-27T14:06:35.233Z
64a9858be9b52e570ffb3c1e,63,S_WC_Pe_SM_Sn_NF,Snow_WinterClothing_Penguins_SunMid_Snowman_NoFire.webp,6,2,Snow,WinterClothing,Penguins,SunMid,Snowman,NoFire,2026-07-27T14:06:41.501Z
69e941fec7b56938303e7a3e,0,NS_SC_Pe_SR_Sn_NF,NoSnow_SummerClothing_Penguins_SunRising_Snowman_NoFire.webp,3,1,NoSnow,SummerClothing,Penguins,SunRising,Snowman,NoFire,2026-07-27T13:45:18.423Z
69e941fec7b56938303e7a3e,1,NS_WC_Ca_SR_Sn_WF,NoSnow_WinterClothing_Camels_SunRising_Snowman_Fire.webp,6,1,NoSnow,WinterClothing,Camels,SunRising,Snowman,Fire,2026-07-27T13:45:33.539Z
69e941fec7b56938303e7a3e,2,NS_WC_Ca_SR_Sa_NF,NoSnow_WinterClothing_Camels_SunRising_Sandcastle_NoFire.webp,5,3,NoSnow,WinterClothing,Camels,SunRising,Sandcastle,NoFire,2026-07-27T13:45:47.922Z
69e941fec7b56938303e7a3e,3,NS_SC_Ca_SR_Sa_WF,NoSnow_SummerClothing_Camels_SunRising_Sandcastle_Fire.webp,6,6,NoSnow,SummerClothing,Camels,SunRising,Sandcastle,Fire,2026-07-27T13:46:03.022Z
69e941fec7b56938303e7a3e,4,S_WC_Ca_SR_Sa_WF,Snow_WinterClothing_Camels_SunRising_Sandcastle_Fire.webp,3,2,Snow,WinterClothing,Camels,SunRising,Sandcastle,Fire,2026-07-27T13:46:21.672Z
69e941fec7b56938303e7a3e,5,S_WC_Pe_SM_Sn_WF,Snow_WinterClothing_Penguins_SunMid_Snowman_Fire.webp,3,4,Snow,WinterClothing,Penguins,SunMid,Snowman,Fire,2026-07-27T13:46:45.105Z
69e941fec7b56938303e7a3e,6,NS_SC_Pe_SR_Sa_NF,NoSnow_SummerClothing_Penguins_SunRising_Sandcastle_NoFire.webp,4,3,NoSnow,SummerClothing,Penguins,SunRising,Sandcastle,NoFire,2026-07-27T13:46:57.938Z
69e941fec7b56938303e7a3e,7,NS_SC_Ca_SR_Sn_WF,NoSnow_SummerClothing_Camels_SunRising_Snowman_Fire.webp,4,1,NoSnow,SummerClothing,Camels,SunRising,Snowman,Fire,2026-07-27T13:47:09.655Z
69e941fec7b56938303e7a3e,8,S_SC_Pe_SM_Sn_NF,Snow_SummerClothing_Penguins_SunMid_Snowman_NoFire.webp,3,1,Snow,SummerClothing,Penguins,SunMid,Snowman,NoFire,2026-07-27T13:47:20.472Z
69e941fec7b56938303e7a3e,9,NS_WC_Ca_SM_Sa_WF,NoSnow_WinterClothing_Camels_SunMid_Sandcastle_Fire.webp,7,1,NoSnow,WinterClothing,Camels,SunMid,Sandcastle,Fire,2026-07-27T13:47:38.755Z
69e941fec7b56938303e7a3e,10,S_SC_Ca_SM_Sn_WF,Snow_SummerClothing_Camels_SunMid_Snowman_Fire.webp,5,1,Snow,SummerClothing,Camels,SunMid,Snowman,Fire,2026-07-27T13:47:51.055Z
69e941fec7b56938303e7a3e,11,S_SC_Ca_SM_Sa_WF,Snow_SummerClothing_Camels_SunMid_Sandcastle_Fire.webp,5,4,Snow,SummerClothing,Camels,SunMid,Sandcastle,Fire,2026-07-27T13:47:59.938Z
69e941fec7b56938303e7a3e,12,NS_WC_Pe_SR_Sn_WF,NoSnow_WinterClothing_Penguins_SunRising_Snowman_Fire.webp,4,4,NoSnow,WinterClothing,Penguins,SunRising,Snowman,Fire,2026-07-27T13:48:18.405Z
69e941fec7b56938303e7a3e,13,S_SC_Pe_SR_Sa_WF,Snow_SummerClothing_Penguins_SunRising_Sandcastle_Fire.webp,6,2,Snow,SummerClothing,Penguins,SunRising,Sandcastle,Fire,2026-07-27T13:48:39.838Z
69e941fec7b56938303e7a3e,14,NS_WC_Ca_SR_Sa_WF,NoSnow_WinterClothing_Camels_SunRising_Sandcastle_Fire.webp,6,1,NoSnow,WinterClothing,Camels,SunRising,Sandcastle,Fire,2026-07-27T13:48:51.938Z
69e941fec7b56938303e7a3e,15,S_WC_Pe_SM_Sn_NF,Snow_WinterClothing_Penguins_SunMid_Snowman_NoFire.webp,3,6,Snow,WinterClothing,Penguins,SunMid,Snowman,NoFire,2026-07-27T13:49:03.671Z
69e941fec7b56938303e7a3e,16,S_SC_Pe_SM_Sa_NF,Snow_SummerClothing_Penguins_SunMid_Sandcastle_NoFire.webp,2,1,Snow,SummerClothing,Penguins,SunMid,Sandcastle,NoFire,2026-07-27T13:49:20.454Z
69e941fec7b56938303e7a3e,17,S_SC_Pe_SR_Sa_NF,Snow_SummerClothing_Penguins_SunRising_Sandcastle_NoFire.webp,2,1,Snow,SummerClothing,Penguins,SunRising,Sandcastle,NoFire,2026-07-27T13:49:32.255Z
69e941fec7b56938303e7a3e,18,S_WC_Ca_SR_Sn_WF,Snow_WinterClothing_Camels_SunRising_Snowman_Fire.webp,1,1,Snow,WinterClothing,Camels,SunRising,Snowman,Fire,2026-07-27T13:49:40.271Z
69e941fec7b56938303e7a3e,19,NS_WC_Pe_SM_Sn_WF,NoSnow_WinterClothing_Penguins_SunMid_Snowman_Fire.webp,4,2,NoSnow,WinterClothing,Penguins,SunMid,Snowman,Fire,2026-07-27T13:49:56.954Z
69e941fec7b56938303e7a3e,20,NS_WC_Ca_SR_Sn_NF,NoSnow_WinterClothing_Camels_SunRising_Snowman_NoFire.webp,4,1,NoSnow,WinterClothing,Camels,SunRising,Snowman,NoFire,2026-07-27T13:50:07.554Z
69e941fec7b56938303e7a3e,21,S_WC_Pe_SR_Sa_NF,Snow_WinterClothing_Penguins_SunRising_Sandcastle_NoFire.webp,2,2,Snow,WinterClothing,Penguins,SunRising,Sandcastle,NoFire,2026-07-27T13:50:17.271Z
69e941fec7b56938303e7a3e,22,NS_SC_Pe_SM_Sa_WF,NoSnow_SummerClothing_Penguins_SunMid_Sandcastle_Fire.webp,6,2,NoSnow,SummerClothing,Penguins,SunMid,Sandcastle,Fire,2026-07-27T13:50:28.904Z
69e941fec7b56938303e7a3e,23,S_SC_Ca_SR_Sa_WF,Snow_SummerClothing_Camels_SunRising_Sandcastle_Fire.webp,2,1,Snow,SummerClothing,Camels,SunRising,Sandcastle,Fire,2026-07-27T13:50:36.954Z
69e941fec7b56938303e7a3e,24,NS_SC_Ca_SM_Sa_WF,NoSnow_SummerClothing_Camels_SunMid_Sandcastle_Fire.webp,6,5,NoSnow,SummerClothing,Camels,SunMid,Sandcastle,Fire,2026-07-27T13:50:49.171Z
69e941fec7b56938303e7a3e,25,S_WC_Ca_SM_Sn_WF,Snow_WinterClothing_Camels_SunMid_Snowman_Fire.webp,3,3,Snow,WinterClothing,Camels,SunMid,Snowman,Fire,2026-07-27T13:50:58.420Z
69e941fec7b56938303e7a3e,26,NS_WC_Pe_SR_Sa_WF,NoSnow_WinterClothing_Penguins_SunRising_Sandcastle_Fire.webp,3,1,NoSnow,WinterClothing,Penguins,SunRising,Sandcastle,Fire,2026-07-27T13:51:25.953Z
69e941fec7b56938303e7a3e,27,S_SC_Ca_SM_Sn_NF,Snow_SummerClothing_Camels_SunMid_Snowman_NoFire.webp,2,1,Snow,SummerClothing,Camels,SunMid,Snowman,NoFire,2026-07-27T13:51:34.170Z
69e941fec7b56938303e7a3e,28,NS_WC_Ca_SM_Sn_NF,NoSnow_WinterClothing_Camels_SunMid_Snowman_NoFire.webp,3,3,NoSnow,WinterClothing,Camels,SunMid,Snowman,NoFire,2026-07-27T13:51:42.887Z
69e941fec7b56938303e7a3e,29,S_SC_Pe_SR_Sn_WF,Snow_SummerClothing_Penguins_SunRising_Snowman_Fire.webp,1,1,Snow,SummerClothing,Penguins,SunRising,Snowman,Fire,2026-07-27T13:51:49.437Z
69e941fec7b56938303e7a3e,30,S_WC_Ca_SR_Sn_NF,Snow_WinterClothing_Camels_SunRising_Snowman_NoFire.webp,2,1,Snow,WinterClothing,Camels,SunRising,Snowman,NoFire,2026-07-27T13:51:59.103Z
69e941fec7b56938303e7a3e,31,S_WC_Ca_SM_Sn_NF,Snow_WinterClothing_Camels_SunMid_Snowman_NoFire.webp,3,2,Snow,WinterClothing,Camels,SunMid,Snowman,NoFire,2026-07-27T13:52:12.453Z
69e941fec7b56938303e7a3e,32,NS_WC_Ca_SM_Sn_WF,NoSnow_WinterClothing_Camels_SunMid_Snowman_Fire.webp,4,2,NoSnow,WinterClothing,Camels,SunMid,Snowman,Fire,2026-07-27T13:52:22.836Z
69e941fec7b56938303e7a3e,33,NS_SC_Pe_SM_Sa_NF,NoSnow_SummerClothing_Penguins_SunMid_Sandcastle_NoFire.webp,6,1,NoSnow,SummerClothing,Penguins,SunMid,Sandcastle,NoFire,2026-07-27T13:52:30.970Z
69e941fec7b56938303e7a3e,34,NS_WC_Ca_SM_Sa_NF,NoSnow_WinterClothing_Camels_SunMid_Sandcastle_NoFire.webp,4,2,NoSnow,WinterClothing,Camels,SunMid,Sandcastle,NoFire,2026-07-27T13:52:39.220Z
69e941fec7b56938303e7a3e,35,NS_WC_Pe_SR_Sa_NF,NoSnow_WinterClothing_Penguins_SunRising_Sandcastle_NoFire.webp,4,2,NoSnow,WinterClothing,Penguins,SunRising,Sandcastle,NoFire,2026-07-27T13:52:50.970Z
69e941fec7b56938303e7a3e,36,S_WC_Pe_SR_Sa_WF,Snow_WinterClothing_Penguins_SunRising_Sandcastle_Fire.webp,2,1,Snow,WinterClothing,Penguins,SunRising,Sandcastle,Fire,2026-07-27T13:52:57.719Z
69e941fec7b56938303e7a3e,37,NS_WC_Pe_SR_Sn_NF,NoSnow_WinterClothing_Penguins_SunRising_Snowman_NoFire.webp,3,3,NoSnow,WinterClothing,Penguins,SunRising,Snowman,NoFire,2026-07-27T13:53:08.086Z
69e941fec7b56938303e7a3e,38,NS_SC_Pe_SM_Sn_NF,NoSnow_SummerClothing_Penguins_SunMid_Snowman_NoFire.webp,6,2,NoSnow,SummerClothing,Penguins,SunMid,Snowman,NoFire,2026-07-27T13:53:17.336Z
69e941fec7b56938303e7a3e,39,NS_SC_Pe_SR_Sa_WF,NoSnow_SummerClothing_Penguins_SunRising_Sandcastle_Fire.webp,6,1,NoSnow,SummerClothing,Penguins,SunRising,Sandcastle,Fire,2026-07-27T13:53:26.153Z
69e941fec7b56938303e7a3e,40,NS_WC_Pe_SM_Sn_NF,NoSnow_WinterClothing_Penguins_SunMid_Snowman_NoFire.webp,3,1,NoSnow,WinterClothing,Penguins,SunMid,Snowman,NoFire,2026-07-27T13:53:43.436Z
69e941fec7b56938303e7a3e,41,S_WC_Ca_SM_Sa_WF,Snow_WinterClothing_Camels_SunMid_Sandcastle_Fire.webp,3,1,Snow,WinterClothing,Camels,SunMid,Sandcastle,Fire,2026-07-27T13:53:52.002Z
69e941fec7b56938303e7a3e,42,NS_SC_Ca_SR_Sa_NF,NoSnow_SummerClothing_Camels_SunRising_Sandcastle_NoFire.webp,7,6,NoSnow,SummerClothing,Camels,SunRising,Sandcastle,NoFire,2026-07-27T13:54:00.803Z
69e941fec7b56938303e7a3e,43,NS_SC_Ca_SM_Sn_WF,NoSnow_SummerClothing_Camels_SunMid_Snowman_Fire.webp,7,2,NoSnow,SummerClothing,Camels,SunMid,Snowman,Fire,2026-07-27T13:54:11.069Z
69e941fec7b56938303e7a3e,44,S_WC_Pe_SR_Sn_WF,Snow_WinterClothing_Penguins_SunRising_Snowman_Fire.webp,1,6,Snow,WinterClothing,Penguins,SunRising,Snowman,Fire,2026-07-27T13:54:22.202Z
69e941fec7b56938303e7a3e,45,S_SC_Pe_SR_Sn_NF,Snow_SummerClothing_Penguins_SunRising_Snowman_NoFire.webp,2,1,Snow,SummerClothing,Penguins,SunRising,Snowman,NoFire,2026-07-27T13:54:30.836Z
69e941fec7b56938303e7a3e,46,NS_SC_Ca_SM_Sa_NF,NoSnow_SummerClothing_Camels_SunMid_Sandcastle_NoFire.webp,6,6,NoSnow,SummerClothing,Camels,SunMid,Sandcastle,NoFire,2026-07-27T13:54:38.636Z
69e941fec7b56938303e7a3e,47,S_WC_Ca_SM_Sa_NF,Snow_WinterClothing_Camels_SunMid_Sandcastle_NoFire.webp,3,1,Snow,WinterClothing,Camels,SunMid,Sandcastle,NoFire,2026-07-27T13:54:49.569Z
69e941fec7b56938303e7a3e,48,NS_WC_Pe_SM_Sa_NF,NoSnow_WinterClothing_Penguins_SunMid_Sandcastle_NoFire.webp,5,1,NoSnow,WinterClothing,Penguins,SunMid,Sandcastle,NoFire,2026-07-27T13:55:11.702Z
69e941fec7b56938303e7a3e,49,S_WC_Pe_SR_Sn_NF,Snow_WinterClothing_Penguins_SunRising_Snowman_NoFire.webp,1,7,Snow,WinterClothing,Penguins,SunRising,Snowman,NoFire,2026-07-27T13:55:19.285Z
69e941fec7b56938303e7a3e,50,S_WC_Ca_SR_Sa_NF,Snow_WinterClothing_Camels_SunRising_Sandcastle_NoFire.webp,2,1,Snow,WinterClothing,Camels,SunRising,Sandcastle,NoFire,2026-07-27T13:55:28.068Z
69e941fec7b56938303e7a3e,51,S_SC_Pe_SM_Sn_WF,Snow_SummerClothing_Penguins_SunMid_Snowman_Fire.webp,2,1,Snow,SummerClothing,Penguins,SunMid,Snowman,Fire,2026-07-27T13:55:44.235Z
69e941fec7b56938303e7a3e,52,NS_WC_Pe_SM_Sa_WF,NoSnow_WinterClothing_Penguins_SunMid_Sandcastle_Fire.webp,6,1,NoSnow,WinterClothing,Penguins,SunMid,Sandcastle,Fire,2026-07-27T13:55:53.535Z
69e941fec7b56938303e7a3e,53,S_WC_Pe_SM_Sa_NF,Snow_WinterClothing_Penguins_SunMid_Sandcastle_NoFire.webp,3,3,Snow,WinterClothing,Penguins,SunMid,Sandcastle,NoFire,2026-07-27T13:56:04.218Z
69e941fec7b56938303e7a3e,54,S_SC_Ca_SR_Sa_NF,Snow_SummerClothing_Camels_SunRising_Sandcastle_NoFire.webp,2,1,Snow,SummerClothing,Camels,SunRising,Sandcastle,NoFire,2026-07-27T13:56:12.168Z
69e941fec7b56938303e7a3e,55,S_SC_Ca_SM_Sa_NF,Snow_SummerClothing_Camels_SunMid_Sandcastle_NoFire.webp,2,1,Snow,SummerClothing,Camels,SunMid,Sandcastle,NoFire,2026-07-27T13:56:18.918Z
69e941fec7b56938303e7a3e,56,NS_SC_Pe_SM_Sn_WF,NoSnow_SummerClothing_Penguins_SunMid_Snowman_Fire.webp,6,1,NoSnow,SummerClothing,Penguins,SunMid,Snowman,Fire,2026-07-27T13:56:27.951Z
69e941fec7b56938303e7a3e,57,S_SC_Pe_SM_Sa_WF,Snow_SummerClothing_Penguins_SunMid_Sandcastle_Fire.webp,2,1,Snow,SummerClothing,Penguins,SunMid,Sandcastle,Fire,2026-07-27T13:56:34.585Z
69e941fec7b56938303e7a3e,58,S_WC_Pe_SM_Sa_WF,Snow_WinterClothing_Penguins_SunMid_Sandcastle_Fire.webp,3,1,Snow,WinterClothing,Penguins,SunMid,Sandcastle,Fire,2026-07-27T13:56:44.768Z
69e941fec7b56938303e7a3e,59,S_SC_Ca_SR_Sn_WF,Snow_SummerClothing_Camels_SunRising_Snowman_Fire.webp,2,1,Snow,SummerClothing,Camels,SunRising,Snowman,Fire,2026-07-27T13:56:54.634Z
69e941fec7b56938303e7a3e,60,NS_SC_Ca_SM_Sn_NF,NoSnow_SummerClothing_Camels_SunMid_Snowman_NoFire.webp,6,2,NoSnow,SummerClothing,Camels,SunMid,Snowman,NoFire,2026-07-27T13:57:02.035Z
69e941fec7b56938303e7a3e,61,S_SC_Ca_SR_Sn_NF,Snow_SummerClothing_Camels_SunRising_Snowman_NoFire.webp,3,1,Snow,SummerClothing,Camels,SunRising,Snowman,NoFire,2026-07-27T13:57:13.467Z
69e941fec7b56938303e7a3e,62,NS_SC_Ca_SR_Sn_NF,NoSnow_SummerClothing_Camels_SunRising_Snowman_NoFire.webp,6,2,NoSnow,SummerClothing,Camels,SunRising,Snowman,NoFire,2026-07-27T13:57:20.534Z
69e941fec7b56938303e7a3e,63,NS_SC_Pe_SR_Sn_WF,NoSnow_SummerClothing_Penguins_SunRising_Snowman_Fire.webp,6,1,NoSnow,SummerClothing,Penguins,SunRising,Snowman,Fire,2026-07-27T13:57:27.735Z
56f699e876348f000c883bba,0,S_SC_Ca_SR_Sn_NF,Snow_SummerClothing_Camels_SunRising_Snowman_NoFire.webp,4,1,Snow,SummerClothing,Camels,SunRising,Snowman,NoFire,2026-07-27T13:42:44.092Z
56f699e876348f000c883bba,1,S_SC_Pe_SM_Sn_NF,Snow_SummerClothing_Penguins_SunMid_Snowman_NoFire.webp,3,2,Snow,SummerClothing,Penguins,SunMid,Snowman,NoFire,2026-07-27T13:43:01.797Z
56f699e876348f000c883bba,2,S_WC_Ca_SM_Sa_NF,Snow_WinterClothing_Camels_SunMid_Sandcastle_NoFire.webp,4,2,Snow,WinterClothing,Camels,SunMid,Sandcastle,NoFire,2026-07-27T13:43:12.692Z
56f699e876348f000c883bba,3,NS_WC_Ca_SM_Sa_NF,NoSnow_WinterClothing_Camels_SunMid_Sandcastle_NoFire.webp,4,2,NoSnow,WinterClothing,Camels,SunMid,Sandcastle,NoFire,2026-07-27T13:43:27.645Z
56f699e876348f000c883bba,4,S_WC_Ca_SM_Sn_WF,Snow_WinterClothing_Camels_SunMid_Snowman_Fire.webp,4,1,Snow,WinterClothing,Camels,SunMid,Snowman,Fire,2026-07-27T13:43:37.453Z
56f699e876348f000c883bba,5,S_WC_Pe_SM_Sa_NF,Snow_WinterClothing_Penguins_SunMid_Sandcastle_NoFire.webp,3,3,Snow,WinterClothing,Penguins,SunMid,Sandcastle,NoFire,2026-07-27T13:43:48.476Z
56f699e876348f000c883bba,6,NS_WC_Ca_SM_Sn_WF,NoSnow_WinterClothing_Camels_SunMid_Snowman_Fire.webp,4,1,NoSnow,WinterClothing,Camels,SunMid,Snowman,Fire,2026-07-27T13:43:54.884Z
56f699e876348f000c883bba,7,S_SC_Ca_SM_Sa_WF,Snow_SummerClothing_Camels_SunMid_Sandcastle_Fire.webp,6,6,Snow,SummerClothing,Camels,SunMid,Sandcastle,Fire,2026-07-27T13:44:08.804Z
56f699e876348f000c883bba,8,S_SC_Ca_SR_Sa_WF,Snow_SummerClothing_Camels_SunRising_Sandcastle_Fire.webp,6,6,Snow,SummerClothing,Camels,SunRising,Sandcastle,Fire,2026-07-27T13:44:15.004Z
56f699e876348f000c883bba,9,NS_SC_Pe_SR_Sn_WF,NoSnow_SummerClothing_Penguins_SunRising_Snowman_Fire.webp,4,2,NoSnow,SummerClothing,Penguins,SunRising,Snowman,Fire,2026-07-27T13:44:20.733Z
56f699e876348f000c883bba,10,NS_SC_Ca_SM_Sn_NF,NoSnow_SummerClothing_Camels_SunMid_Snowman_NoFire.webp,4,1,NoSnow,SummerClothing,Camels,SunMid,Snowman,NoFire,2026-07-27T13:44:41.253Z
56f699e876348f000c883bba,11,S_SC_Ca_SM_Sa_NF,Snow_SummerClothing_Camels_SunMid_Sandcastle_NoFire.webp,6,6,Snow,SummerClothing,Camels,SunMid,Sandcastle,NoFire,2026-07-27T13:44:47.333Z
56f699e876348f000c883bba,12,NS_WC_Ca_SR_Sn_NF,NoSnow_WinterClothing_Camels_SunRising_Snowman_NoFire.webp,4,2,NoSnow,WinterClothing,Camels,SunRising,Snowman,NoFire,2026-07-27T13:44:53.060Z
56f699e876348f000c883bba,13,NS_WC_Pe_SR_Sn_NF,NoSnow_WinterClothing_Penguins_SunRising_Snowman_NoFire.webp,3,4,NoSnow,WinterClothing,Penguins,SunRising,Snowman,NoFire,2026-07-27T13:45:04.516Z
56f699e876348f000c883bba,14,NS_SC_Ca_SR_Sn_NF,NoSnow_SummerClothing_Camels_SunRising_Snowman_NoFire.webp,4,2,NoSnow,SummerClothing,Camels,SunRising,Snowman,NoFire,2026-07-27T13:45:09.972Z
56f699e876348f000c883bba,15,S_WC_Pe_SM_Sa_WF,Snow_WinterClothing_Penguins_SunMid_Sandcastle_Fire.webp,4,2,Snow,WinterClothing,Penguins,SunMid,Sandcastle,Fire,2026-07-27T13:45:15.157Z
56f699e876348f000c883bba,16,NS_WC_Ca_SM_Sa_WF,NoSnow_WinterClothing_Camels_SunMid_Sandcastle_Fire.webp,4,2,NoSnow,WinterClothing,Camels,SunMid,Sandcastle,Fire,2026-07-27T13:45:20.333Z
56f699e876348f000c883bba,17,NS_SC_Ca_SM_Sa_NF,NoSnow_SummerClothing_Camels_SunMid_Sandcastle_NoFire.webp,6,6,NoSnow,SummerClothing,Camels,SunMid,Sandcastle,NoFire,2026-07-27T13:45:25.557Z
56f699e876348f000c883bba,18,NS_WC_Pe_SR_Sn_WF,NoSnow_WinterClothing_Penguins_SunRising_Snowman_Fire.webp,4,1,NoSnow,WinterClothing,Penguins,SunRising,Snowman,Fire,2026-07-27T13:45:34.597Z
56f699e876348f000c883bba,19,NS_WC_Ca_SM_Sn_NF,NoSnow_WinterClothing_Camels_SunMid_Snowman_NoFire.webp,4,2,NoSnow,WinterClothing,Camels,SunMid,Snowman,NoFire,2026-07-27T13:45:39.572Z
56f699e876348f000c883bba,20,S_SC_Pe_SR_Sa_NF,Snow_SummerClothing_Penguins_SunRising_Sandcastle_NoFire.webp,5,6,Snow,SummerClothing,Penguins,SunRising,Sandcastle,NoFire,2026-07-27T13:45:47.940Z
56f699e876348f000c883bba,21,S_WC_Pe_SR_Sa_NF,Snow_WinterClothing_Penguins_SunRising_Sandcastle_NoFire.webp,4,5,Snow,WinterClothing,Penguins,SunRising,Sandcastle,NoFire,2026-07-27T13:45:57.853Z
56f699e876348f000c883bba,22,NS_SC_Pe_SR_Sa_WF,NoSnow_SummerClothing_Penguins_SunRising_Sandcastle_Fire.webp,4,3,NoSnow,SummerClothing,Penguins,SunRising,Sandcastle,Fire,2026-07-27T13:46:05.541Z
56f699e876348f000c883bba,23,S_SC_Ca_SM_Sn_WF,Snow_SummerClothing_Camels_SunMid_Snowman_Fire.webp,4,1,Snow,SummerClothing,Camels,SunMid,Snowman,Fire,2026-07-27T13:46:12.188Z
56f699e876348f000c883bba,24,S_SC_Pe_SM_Sa_NF,Snow_SummerClothing_Penguins_SunMid_Sandcastle_NoFire.webp,6,5,Snow,SummerClothing,Penguins,SunMid,Sandcastle,NoFire,2026-07-27T13:46:19.012Z
56f699e876348f000c883bba,25,S_WC_Ca_SR_Sa_NF,Snow_WinterClothing_Camels_SunRising_Sandcastle_NoFire.webp,4,3,Snow,WinterClothing,Camels,SunRising,Sandcastle,NoFire,2026-07-27T13:46:25.421Z
56f699e876348f000c883bba,26,S_SC_Ca_SM_Sn_NF,Snow_SummerClothing_Camels_SunMid_Snowman_NoFire.webp,4,2,Snow,SummerClothing,Camels,SunMid,Snowman,NoFire,2026-07-27T13:46:34.269Z
56f699e876348f000c883bba,27,S_SC_Ca_SR_Sa_NF,Snow_SummerClothing_Camels_SunRising_Sandcastle_NoFire.webp,4,6,Snow,SummerClothing,Camels,SunRising,Sandcastle,NoFire,2026-07-27T13:46:41.557Z
56f699e876348f000c883bba,28,S_WC_Ca_SR_Sn_NF,Snow_WinterClothing_Camels_SunRising_Snowman_NoFire.webp,4,5,Snow,WinterClothing,Camels,SunRising,Snowman,NoFire,2026-07-27T13:46:50.237Z
56f699e876348f000c883bba,29,S_WC_Ca_SR_Sn_WF,Snow_WinterClothing_Camels_SunRising_Snowman_Fire.webp,4,1,Snow,WinterClothing,Camels,SunRising,Snowman,Fire,2026-07-27T13:46:56.245Z
56f699e876348f000c883bba,30,S_SC_Pe_SR_Sa_WF,Snow_SummerClothing_Penguins_SunRising_Sandcastle_Fire.webp,6,3,Snow,SummerClothing,Penguins,SunRising,Sandcastle,Fire,2026-07-27T13:47:06.548Z
56f699e876348f000c883bba,31,NS_WC_Pe_SM_Sn_NF,NoSnow_WinterClothing_Penguins_SunMid_Snowman_NoFire.webp,3,6,NoSnow,WinterClothing,Penguins,SunMid,Snowman,NoFire,2026-07-27T13:47:17.141Z
56f699e876348f000c883bba,32,NS_WC_Pe_SM_Sa_NF,NoSnow_WinterClothing_Penguins_SunMid_Sandcastle_NoFire.webp,3,6,NoSnow,WinterClothing,Penguins,SunMid,Sandcastle,NoFire,2026-07-27T13:47:23.421Z
56f699e876348f000c883bba,33,S_WC_Pe_SM_Sn_NF,Snow_WinterClothing_Penguins_SunMid_Snowman_NoFire.webp,4,4,Snow,WinterClothing,Penguins,SunMid,Snowman,NoFire,2026-07-27T13:47:29.789Z
56f699e876348f000c883bba,34,NS_SC_Pe_SR_Sn_NF,NoSnow_SummerClothing_Penguins_SunRising_Snowman_NoFire.webp,5,2,NoSnow,SummerClothing,Penguins,SunRising,Snowman,NoFire,2026-07-27T13:47:37.189Z
56f699e876348f000c883bba,35,S_WC_Pe_SR_Sa_WF,Snow_WinterClothing_Penguins_SunRising_Sandcastle_Fire.webp,3,6,Snow,WinterClothing,Penguins,SunRising,Sandcastle,Fire,2026-07-27T13:47:45.453Z
56f699e876348f000c883bba,36,NS_SC_Ca_SR_Sn_WF,NoSnow_SummerClothing_Camels_SunRising_Snowman_Fire.webp,4,1,NoSnow,SummerClothing,Camels,SunRising,Snowman,Fire,2026-07-27T13:47:53.741Z
56f699e876348f000c883bba,37,NS_WC_Pe_SM_Sn_WF,NoSnow_WinterClothing_Penguins_SunMid_Snowman_Fire.webp,4,1,NoSnow,WinterClothing,Penguins,SunMid,Snowman,Fire,2026-07-27T13:47:59.517Z
56f699e876348f000c883bba,38,NS_WC_Pe_SM_Sa_WF,NoSnow_WinterClothing_Penguins_SunMid_Sandcastle_Fire.webp,4,3,NoSnow,WinterClothing,Penguins,SunMid,Sandcastle,Fire,2026-07-27T13:48:08.765Z
56f699e876348f000c883bba,39,S_WC_Ca_SM_Sn_NF,Snow_WinterClothing_Camels_SunMid_Snowman_NoFire.webp,4,3,Snow,WinterClothing,Camels,SunMid,Snowman,NoFire,2026-07-27T13:48:16.933Z
56f699e876348f000c883bba,40,S_SC_Pe_SR_Sn_WF,Snow_SummerClothing_Penguins_SunRising_Snowman_Fire.webp,4,1,Snow,SummerClothing,Penguins,SunRising,Snowman,Fire,2026-07-27T13:48:22.317Z
56f699e876348f000c883bba,41,NS_WC_Ca_SR_Sn_WF,NoSnow_WinterClothing_Camels_SunRising_Snowman_Fire.webp,4,1,NoSnow,WinterClothing,Camels,SunRising,Snowman,Fire,2026-07-27T13:48:28.821Z
56f699e876348f000c883bba,42,NS_SC_Ca_SR_Sa_WF,NoSnow_SummerClothing_Camels_SunRising_Sandcastle_Fire.webp,6,7,NoSnow,SummerClothing,Camels,SunRising,Sandcastle,Fire,2026-07-27T13:48:35.781Z
56f699e876348f000c883bba,43,S_WC_Pe_SM_Sn_WF,Snow_WinterClothing_Penguins_SunMid_Snowman_Fire.webp,4,1,Snow,WinterClothing,Penguins,SunMid,Snowman,Fire,2026-07-27T13:48:41.021Z
56f699e876348f000c883bba,44,S_WC_Ca_SM_Sa_WF,Snow_WinterClothing_Camels_SunMid_Sandcastle_Fire.webp,6,3,Snow,WinterClothing,Camels,SunMid,Sandcastle,Fire,2026-07-27T13:48:48.796Z
56f699e876348f000c883bba,45,NS_SC_Pe_SM_Sa_NF,NoSnow_SummerClothing_Penguins_SunMid_Sandcastle_NoFire.webp,5,3,NoSnow,SummerClothing,Penguins,SunMid,Sandcastle,NoFire,2026-07-27T13:48:58.029Z
56f699e876348f000c883bba,46,S_SC_Pe_SM_Sa_WF,Snow_SummerClothing_Penguins_SunMid_Sandcastle_Fire.webp,6,2,Snow,SummerClothing,Penguins,SunMid,Sandcastle,Fire,2026-07-27T13:49:04.517Z
56f699e876348f000c883bba,47,S_WC_Pe_SR_Sn_WF,Snow_WinterClothing_Penguins_SunRising_Snowman_Fire.webp,4,1,Snow,WinterClothing,Penguins,SunRising,Snowman,Fire,2026-07-27T13:49:10.229Z
56f699e876348f000c883bba,48,NS_SC_Ca_SM_Sa_WF,NoSnow_SummerClothing_Camels_SunMid_Sandcastle_Fire.webp,6,3,NoSnow,SummerClothing,Camels,SunMid,Sandcastle,Fire,2026-07-27T13:49:17.285Z
56f699e876348f000c883bba,49,NS_SC_Pe_SM_Sn_NF,NoSnow_SummerClothing_Penguins_SunMid_Snowman_NoFire.webp,4,2,NoSnow,SummerClothing,Penguins,SunMid,Snowman,NoFire,2026-07-27T13:49:23.805Z
56f699e876348f000c883bba,50,NS_SC_Ca_SM_Sn_WF,NoSnow_SummerClothing_Camels_SunMid_Snowman_Fire.webp,4,1,NoSnow,SummerClothing,Camels,SunMid,Snowman,Fire,2026-07-27T13:49:29.861Z
56f699e876348f000c883bba,51,S_WC_Pe_SR_Sn_NF,Snow_WinterClothing_Penguins_SunRising_Snowman_NoFire.webp,3,7,Snow,WinterClothing,Penguins,SunRising,Snowman,NoFire,2026-07-27T13:49:36.261Z
56f699e876348f000c883bba,52,S_SC_Pe_SM_Sn_WF,Snow_SummerClothing_Penguins_SunMid_Snowman_Fire.webp,4,1,Snow,SummerClothing,Penguins,SunMid,Snowman,Fire,2026-07-27T13:49:41.788Z
56f699e876348f000c883bba,53,NS_WC_Pe_SR_Sa_NF,NoSnow_WinterClothing_Penguins_SunRising_Sandcastle_NoFire.webp,3,6,NoSnow,WinterClothing,Penguins,SunRising,Sandcastle,NoFire,2026-07-27T13:49:50.117Z
56f699e876348f000c883bba,54,S_SC_Pe_SR_Sn_NF,Snow_SummerClothing_Penguins_SunRising_Snowman_NoFire.webp,4,2,Snow,SummerClothing,Penguins,SunRising,Snowman,NoFire,2026-07-27T13:49:55.844Z
56f699e876348f000c883bba,55,NS_WC_Pe_SR_Sa_WF,NoSnow_WinterClothing_Penguins_SunRising_Sandcastle_Fire.webp,4,2,NoSnow,WinterClothing,Penguins,SunRising,Sandcastle,Fire,2026-07-27T13:50:02.157Z
56f699e876348f000c883bba,56,NS_SC_Pe_SM_Sa_WF,NoSnow_SummerClothing_Penguins_SunMid_Sandcastle_Fire.webp,4,2,NoSnow,SummerClothing,Penguins,SunMid,Sandcastle,Fire,2026-07-27T13:50:07.349Z
56f699e876348f000c883bba,57,NS_SC_Ca_SR_Sa_NF,NoSnow_SummerClothing_Camels_SunRising_Sandcastle_NoFire.webp,5,7,NoSnow,SummerClothing,Camels,SunRising,Sandcastle,NoFire,2026-07-27T13:50:14.885Z
56f699e876348f000c883bba,58,NS_WC_Ca_SR_Sa_NF,NoSnow_WinterClothing_Camels_SunRising_Sandcastle_NoFire.webp,4,3,NoSnow,WinterClothing,Camels,SunRising,Sandcastle,NoFire,2026-07-27T13:50:20.893Z
56f699e876348f000c883bba,59,S_SC_Ca_SR_Sn_WF,Snow_SummerClothing_Camels_SunRising_Snowman_Fire.webp,4,1,Snow,SummerClothing,Camels,SunRising,Snowman,Fire,2026-07-27T13:50:26.508Z
56f699e876348f000c883bba,60,NS_SC_Pe_SR_Sa_NF,NoSnow_SummerClothing_Penguins_SunRising_Sandcastle_NoFire.webp,5,2,NoSnow,SummerClothing,Penguins,SunRising,Sandcastle,NoFire,2026-07-27T13:50:32.572Z
56f699e876348f000c883bba,61,S_WC_Ca_SR_Sa_WF,Snow_WinterClothing_Camels_SunRising_Sandcastle_Fire.webp,4,4,Snow,WinterClothing,Camels,SunRising,Sandcastle,Fire,2026-07-27T13:50:39.845Z
56f699e876348f000c883bba,62,NS_SC_Pe_SM_Sn_WF,NoSnow_SummerClothing_Penguins_SunMid_Snowman_Fire.webp,4,1,NoSnow,SummerClothing,Penguins,SunMid,Snowman,Fire,2026-07-27T13:50:44.949Z
56f699e876348f000c883bba,63,NS_WC_Ca_SR_Sa_WF,NoSnow_WinterClothing_Camels_SunRising_Sandcastle_Fire.webp,5,2,NoSnow,WinterClothing,Camels,SunRising,Sandcastle,Fire,2026-07-27T13:50:51.805Z
6a1a2f1d18ecb182934305df,0,NS_SC_Ca_SR_Sa_WF,NoSnow_SummerClothing_Camels_SunRising_Sandcastle_Fire.webp,7,1,NoSnow,SummerClothing,Camels,SunRising,Sandcastle,Fire,2026-07-27T13:42:29.172Z
6a1a2f1d18ecb182934305df,1,S_SC_Ca_SM_Sa_NF,Snow_SummerClothing_Camels_SunMid_Sandcastle_NoFire.webp,6,1,Snow,SummerClothing,Camels,SunMid,Sandcastle,NoFire,2026-07-27T13:42:46.074Z
6a1a2f1d18ecb182934305df,2,S_SC_Ca_SM_Sa_WF,Snow_SummerClothing_Camels_SunMid_Sandcastle_Fire.webp,7,1,Snow,SummerClothing,Camels,SunMid,Sandcastle,Fire,2026-07-27T13:42:59.245Z
6a1a2f1d18ecb182934305df,3,S_WC_Pe_SM_Sa_NF,Snow_WinterClothing_Penguins_SunMid_Sandcastle_NoFire.webp,1,1,Snow,WinterClothing,Penguins,SunMid,Sandcastle,NoFire,2026-07-27T13:43:19.437Z
6a1a2f1d18ecb182934305df,4,NS_WC_Pe_SM_Sn_WF,NoSnow_WinterClothing_Penguins_SunMid_Snowman_Fire.webp,1,1,NoSnow,WinterClothing,Penguins,SunMid,Snowman,Fire,2026-07-27T13:43:32.085Z
6a1a2f1d18ecb182934305df,5,NS_WC_Pe_SR_Sn_NF,NoSnow_WinterClothing_Penguins_SunRising_Snowman_NoFire.webp,1,1,NoSnow,WinterClothing,Penguins,SunRising,Snowman,NoFire,2026-07-27T13:43:43.059Z
6a1a2f1d18ecb182934305df,6,S_SC_Ca_SR_Sn_WF,Snow_SummerClothing_Camels_SunRising_Snowman_Fire.webp,2,1,Snow,SummerClothing,Camels,SunRising,Snowman,Fire,2026-07-27T13:43:54.660Z
6a1a2f1d18ecb182934305df,7,S_SC_Pe_SR_Sa_WF,Snow_SummerClothing_Penguins_SunRising_Sandcastle_Fire.webp,4,1,Snow,SummerClothing,Penguins,SunRising,Sandcastle,Fire,2026-07-27T13:44:13.690Z
6a1a2f1d18ecb182934305df,8,S_WC_Pe_SR_Sn_WF,Snow_WinterClothing_Penguins_SunRising_Snowman_Fire.webp,2,1,Snow,WinterClothing,Penguins,SunRising,Snowman,Fire,2026-07-27T13:44:21.793Z
6a1a2f1d18ecb182934305df,9,S_SC_Ca_SR_Sa_NF,Snow_SummerClothing_Camels_SunRising_Sandcastle_NoFire.webp,6,1,Snow,SummerClothing,Camels,SunRising,Sandcastle,NoFire,2026-07-27T13:44:39.318Z
6a1a2f1d18ecb182934305df,10,NS_SC_Pe_SM_Sa_NF,NoSnow_SummerClothing_Penguins_SunMid_Sandcastle_NoFire.webp,2,1,NoSnow,SummerClothing,Penguins,SunMid,Sandcastle,NoFire,2026-07-27T13:45:07.970Z
6a1a2f1d18ecb182934305df,11,S_WC_Pe_SM_Sa_WF,Snow_WinterClothing_Penguins_SunMid_Sandcastle_Fire.webp,2,1,Snow,WinterClothing,Penguins,SunMid,Sandcastle,Fire,2026-07-27T13:45:17.860Z
6a1a2f1d18ecb182934305df,12,S_SC_Ca_SM_Sn_WF,Snow_SummerClothing_Camels_SunMid_Snowman_Fire.webp,2,1,Snow,SummerClothing,Camels,SunMid,Snowman,Fire,2026-07-27T13:45:29.608Z
6a1a2f1d18ecb182934305df,13,NS_WC_Pe_SR_Sn_WF,NoSnow_WinterClothing_Penguins_SunRising_Snowman_Fire.webp,1,1,NoSnow,WinterClothing,Penguins,SunRising,Snowman,Fire,2026-07-27T13:45:36.927Z
6a1a2f1d18ecb182934305df,14,NS_WC_Ca_SR_Sn_WF,NoSnow_WinterClothing_Camels_SunRising_Snowman_Fire.webp,2,1,NoSnow,WinterClothing,Camels,SunRising,Snowman,Fire,2026-07-27T13:45:50.400Z
6a1a2f1d18ecb182934305df,15,S_WC_Pe_SR_Sa_NF,Snow_WinterClothing_Penguins_SunRising_Sandcastle_NoFire.webp,2,1,Snow,WinterClothing,Penguins,SunRising,Sandcastle,NoFire,2026-07-27T13:46:02.790Z
6a1a2f1d18ecb182934305df,16,S_WC_Ca_SM_Sa_WF,Snow_WinterClothing_Camels_SunMid_Sandcastle_Fire.webp,2,1,Snow,WinterClothing,Camels,SunMid,Sandcastle,Fire,2026-07-27T13:46:13.114Z
6a1a2f1d18ecb182934305df,17,NS_SC_Pe_SR_Sa_WF,NoSnow_SummerClothing_Penguins_SunRising_Sandcastle_Fire.webp,4,1,NoSnow,SummerClothing,Penguins,SunRising,Sandcastle,Fire,2026-07-27T13:46:29.365Z
6a1a2f1d18ecb182934305df,18,S_SC_Ca_SR_Sn_NF,Snow_SummerClothing_Camels_SunRising_Snowman_NoFire.webp,2,1,Snow,SummerClothing,Camels,SunRising,Snowman,NoFire,2026-07-27T13:46:36.441Z
6a1a2f1d18ecb182934305df,19,S_WC_Ca_SR_Sn_WF,Snow_WinterClothing_Camels_SunRising_Snowman_Fire.webp,2,1,Snow,WinterClothing,Camels,SunRising,Snowman,Fire,2026-07-27T13:46:46.147Z
6a1a2f1d18ecb182934305df,20,NS_WC_Ca_SM_Sa_WF,NoSnow_WinterClothing_Camels_SunMid_Sandcastle_Fire.webp,3,1,NoSnow,WinterClothing,Camels,SunMid,Sandcastle,Fire,2026-07-27T13:46:55.296Z
6a1a2f1d18ecb182934305df,21,S_SC_Ca_SR_Sa_WF,Snow_SummerClothing_Camels_SunRising_Sandcastle_Fire.webp,5,1,Snow,SummerClothing,Camels,SunRising,Sandcastle,Fire,2026-07-27T13:47:17.383Z
6a1a2f1d18ecb182934305df,22,S_WC_Ca_SM_Sa_NF,Snow_WinterClothing_Camels_SunMid_Sandcastle_NoFire.webp,2,1,Snow,WinterClothing,Camels,SunMid,Sandcastle,NoFire,2026-07-27T13:47:31.772Z
6a1a2f1d18ecb182934305df,23,S_WC_Pe_SR_Sn_NF,Snow_WinterClothing_Penguins_SunRising_Snowman_NoFire.webp,2,1,Snow,WinterClothing,Penguins,SunRising,Snowman,NoFire,2026-07-27T13:47:42.452Z
6a1a2f1d18ecb182934305df,24,NS_SC_Ca_SM_Sn_WF,NoSnow_SummerClothing_Camels_SunMid_Snowman_Fire.webp,3,1,NoSnow,SummerClothing,Camels,SunMid,Snowman,Fire,2026-07-27T13:47:56.766Z
6a1a2f1d18ecb182934305df,25,NS_WC_Pe_SM_Sa_WF,NoSnow_WinterClothing_Penguins_SunMid_Sandcastle_Fire.webp,3,1,NoSnow,WinterClothing,Penguins,SunMid,Sandcastle,Fire,2026-07-27T13:48:08.731Z
6a1a2f1d18ecb182934305df,26,S_SC_Pe_SM_Sn_WF,Snow_SummerClothing_Penguins_SunMid_Snowman_Fire.webp,3,1,Snow,SummerClothing,Penguins,SunMid,Snowman,Fire,2026-07-27T13:48:23.593Z
6a1a2f1d18ecb182934305df,27,S_SC_Ca_SM_Sn_NF,Snow_SummerClothing_Camels_SunMid_Snowman_NoFire.webp,5,1,Snow,SummerClothing,Camels,SunMid,Snowman,NoFire,2026-07-27T13:48:37.363Z
6a1a2f1d18ecb182934305df,28,NS_SC_Ca_SM_Sa_WF,NoSnow_SummerClothing_Camels_SunMid_Sandcastle_Fire.webp,6,1,NoSnow,SummerClothing,Camels,SunMid,Sandcastle,Fire,2026-07-27T13:48:46.650Z
6a1a2f1d18ecb182934305df,29,S_WC_Pe_SM_Sn_NF,Snow_WinterClothing_Penguins_SunMid_Snowman_NoFire.webp,3,1,Snow,WinterClothing,Penguins,SunMid,Snowman,NoFire,2026-07-27T13:48:59.076Z
6a1a2f1d18ecb182934305df,30,S_WC_Ca_SR_Sn_NF,Snow_WinterClothing_Camels_SunRising_Snowman_NoFire.webp,2,1,Snow,WinterClothing,Camels,SunRising,Snowman,NoFire,2026-07-27T13:49:15.386Z
6a1a2f1d18ecb182934305df,31,NS_SC_Pe_SR_Sn_NF,NoSnow_SummerClothing_Penguins_SunRising_Snowman_NoFire.webp,3,1,NoSnow,SummerClothing,Penguins,SunRising,Snowman,NoFire,2026-07-27T13:49:27.639Z
6a1a2f1d18ecb182934305df,32,NS_WC_Ca_SM_Sa_NF,NoSnow_WinterClothing_Camels_SunMid_Sandcastle_NoFire.webp,3,1,NoSnow,WinterClothing,Camels,SunMid,Sandcastle,NoFire,2026-07-27T13:49:41.120Z
6a1a2f1d18ecb182934305df,33,NS_WC_Pe_SR_Sa_NF,NoSnow_WinterClothing_Penguins_SunRising_Sandcastle_NoFire.webp,3,1,NoSnow,WinterClothing,Penguins,SunRising,Sandcastle,NoFire,2026-07-27T13:49:53.189Z
6a1a2f1d18ecb182934305df,34,S_SC_Pe_SM_Sa_WF,Snow_SummerClothing_Penguins_SunMid_Sandcastle_Fire.webp,5,1,Snow,SummerClothing,Penguins,SunMid,Sandcastle,Fire,2026-07-27T13:50:07.110Z
6a1a2f1d18ecb182934305df,35,NS_SC_Pe_SM_Sa_WF,NoSnow_SummerClothing_Penguins_SunMid_Sandcastle_Fire.webp,5,1,NoSnow,SummerClothing,Penguins,SunMid,Sandcastle,Fire,2026-07-27T13:50:14.624Z
6a1a2f1d18ecb182934305df,36,S_WC_Ca_SR_Sa_NF,Snow_WinterClothing_Camels_SunRising_Sandcastle_NoFire.webp,3,1,Snow,WinterClothing,Camels,SunRising,Sandcastle,NoFire,2026-07-27T13:50:23.130Z
6a1a2f1d18ecb182934305df,37,NS_SC_Ca_SM_Sa_NF,NoSnow_SummerClothing_Camels_SunMid_Sandcastle_NoFire.webp,4,1,NoSnow,SummerClothing,Camels,SunMid,Sandcastle,NoFire,2026-07-27T13:50:37.152Z
6a1a2f1d18ecb182934305df,38,S_WC_Ca_SR_Sa_WF,Snow_WinterClothing_Camels_SunRising_Sandcastle_Fire.webp,3,1,Snow,WinterClothing,Camels,SunRising,Sandcastle,Fire,2026-07-27T13:50:56.792Z
6a1a2f1d18ecb182934305df,39,NS_WC_Ca_SR_Sa_WF,NoSnow_WinterClothing_Camels_SunRising_Sandcastle_Fire.webp,3,1,NoSnow,WinterClothing,Camels,SunRising,Sandcastle,Fire,2026-07-27T13:51:09.591Z
6a1a2f1d18ecb182934305df,40,NS_WC_Ca_SM_Sn_NF,NoSnow_WinterClothing_Camels_SunMid_Snowman_NoFire.webp,3,1,NoSnow,WinterClothing,Camels,SunMid,Snowman,NoFire,2026-07-27T13:51:17.773Z
6a1a2f1d18ecb182934305df,41,NS_SC_Pe_SR_Sa_NF,NoSnow_SummerClothing_Penguins_SunRising_Sandcastle_NoFire.webp,5,1,NoSnow,SummerClothing,Penguins,SunRising,Sandcastle,NoFire,2026-07-27T13:51:30.978Z
6a1a2f1d18ecb182934305df,42,NS_SC_Pe_SM_Sn_WF,NoSnow_SummerClothing_Penguins_SunMid_Snowman_Fire.webp,6,1,NoSnow,SummerClothing,Penguins,SunMid,Snowman,Fire,2026-07-27T13:51:40.138Z
6a1a2f1d18ecb182934305df,43,S_WC_Pe_SM_Sn_WF,Snow_WinterClothing_Penguins_SunMid_Snowman_Fire.webp,2,1,Snow,WinterClothing,Penguins,SunMid,Snowman,Fire,2026-07-27T13:51:53.945Z
6a1a2f1d18ecb182934305df,44,NS_SC_Pe_SM_Sn_NF,NoSnow_SummerClothing_Penguins_SunMid_Snowman_NoFire.webp,4,1,NoSnow,SummerClothing,Penguins,SunMid,Snowman,NoFire,2026-07-27T13:52:05.105Z
6a1a2f1d18ecb182934305df,45,NS_WC_Ca_SR_Sn_NF,NoSnow_WinterClothing_Camels_SunRising_Snowman_NoFire.webp,3,1,NoSnow,WinterClothing,Camels,SunRising,Snowman,NoFire,2026-07-27T13:52:18.505Z
6a1a2f1d18ecb182934305df,46,S_SC_Pe_SR_Sa_NF,Snow_SummerClothing_Penguins_SunRising_Sandcastle_NoFire.webp,4,1,Snow,SummerClothing,Penguins,SunRising,Sandcastle,NoFire,2026-07-27T13:52:31.671Z
6a1a2f1d18ecb182934305df,47,NS_WC_Ca_SR_Sa_NF,NoSnow_WinterClothing_Camels_SunRising_Sandcastle_NoFire.webp,2,1,NoSnow,WinterClothing,Camels,SunRising,Sandcastle,NoFire,2026-07-27T13:52:42.513Z
6a1a2f1d18ecb182934305df,48,S_SC_Pe_SR_Sn_WF,Snow_SummerClothing_Penguins_SunRising_Snowman_Fire.webp,4,1,Snow,SummerClothing,Penguins,SunRising,Snowman,Fire,2026-07-27T13:52:52.320Z
6a1a2f1d18ecb182934305df,49,NS_SC_Ca_SR_Sn_NF,NoSnow_SummerClothing_Camels_SunRising_Snowman_NoFire.webp,4,1,NoSnow,SummerClothing,Camels,SunRising,Snowman,NoFire,2026-07-27T13:53:05.128Z
6a1a2f1d18ecb182934305df,50,S_SC_Pe_SM_Sn_NF,Snow_SummerClothing_Penguins_SunMid_Snowman_NoFire.webp,5,1,Snow,SummerClothing,Penguins,SunMid,Snowman,NoFire,2026-07-27T13:53:16.894Z
6a1a2f1d18ecb182934305df,51,NS_WC_Ca_SM_Sn_WF,NoSnow_WinterClothing_Camels_SunMid_Snowman_Fire.webp,2,1,NoSnow,WinterClothing,Camels,SunMid,Snowman,Fire,2026-07-27T13:53:28.495Z
6a1a2f1d18ecb182934305df,52,S_WC_Pe_SR_Sa_WF,Snow_WinterClothing_Penguins_SunRising_Sandcastle_Fire.webp,2,1,Snow,WinterClothing,Penguins,SunRising,Sandcastle,Fire,2026-07-27T13:53:36.597Z
6a1a2f1d18ecb182934305df,53,NS_SC_Ca_SR_Sn_WF,NoSnow_SummerClothing_Camels_SunRising_Snowman_Fire.webp,3,1,NoSnow,SummerClothing,Camels,SunRising,Snowman,Fire,2026-07-27T13:53:51.593Z
6a1a2f1d18ecb182934305df,54,NS_WC_Pe_SR_Sa_WF,NoSnow_WinterClothing_Penguins_SunRising_Sandcastle_Fire.webp,3,1,NoSnow,WinterClothing,Penguins,SunRising,Sandcastle,Fire,2026-07-27T13:54:07.528Z
6a1a2f1d18ecb182934305df,55,S_WC_Ca_SM_Sn_NF,Snow_WinterClothing_Camels_SunMid_Snowman_NoFire.webp,3,1,Snow,WinterClothing,Camels,SunMid,Snowman,NoFire,2026-07-27T13:54:28.488Z
6a1a2f1d18ecb182934305df,56,NS_WC_Pe_SM_Sn_NF,NoSnow_WinterClothing_Penguins_SunMid_Snowman_NoFire.webp,3,1,NoSnow,WinterClothing,Penguins,SunMid,Snowman,NoFire,2026-07-27T13:54:37.924Z
6a1a2f1d18ecb182934305df,57,S_SC_Pe_SM_Sa_NF,Snow_SummerClothing_Penguins_SunMid_Sandcastle_NoFire.webp,5,1,Snow,SummerClothing,Penguins,SunMid,Sandcastle,NoFire,2026-07-27T13:54:59.824Z
6a1a2f1d18ecb182934305df,58,S_SC_Pe_SR_Sn_NF,Snow_SummerClothing_Penguins_SunRising_Snowman_NoFire.webp,3,1,Snow,SummerClothing,Penguins,SunRising,Snowman,NoFire,2026-07-27T13:55:12.476Z
6a1a2f1d18ecb182934305df,59,NS_SC_Pe_SR_Sn_WF,NoSnow_SummerClothing_Penguins_SunRising_Snowman_Fire.webp,5,1,NoSnow,SummerClothing,Penguins,SunRising,Snowman,Fire,2026-07-27T13:55:21.451Z
6a1a2f1d18ecb182934305df,60,NS_SC_Ca_SR_Sa_NF,NoSnow_SummerClothing_Camels_SunRising_Sandcastle_NoFire.webp,4,1,NoSnow,SummerClothing,Camels,SunRising,Sandcastle,NoFire,2026-07-27T13:55:31.517Z
6a1a2f1d18ecb182934305df,61,S_WC_Ca_SM_Sn_WF,Snow_WinterClothing_Camels_SunMid_Snowman_Fire.webp,2,1,Snow,WinterClothing,Camels,SunMid,Snowman,Fire,2026-07-27T13:55:42.033Z
6a1a2f1d18ecb182934305df,62,NS_WC_Pe_SM_Sa_NF,NoSnow_WinterClothing_Penguins_SunMid_Sandcastle_NoFire.webp,3,1,NoSnow,WinterClothing,Penguins,SunMid,Sandcastle,NoFire,2026-07-27T13:55:51.222Z
6a1a2f1d18ecb182934305df,63,NS_SC_Ca_SM_Sn_NF,NoSnow_SummerClothing_Camels_SunMid_Snowman_NoFire.webp,5,1,NoSnow,SummerClothing,Camels,SunMid,Snowman,NoFire,2026-07-27T13:56:00.137Z
6a0614623461a6164ee8555a,0,NS_SC_Pe_SR_Sn_NF,NoSnow_SummerClothing_Penguins_SunRising_Snowman_NoFire.webp,4,1,NoSnow,SummerClothing,Penguins,SunRising,Snowman,NoFire,2026-07-27T13:42:33.273Z
6a0614623461a6164ee8555a,1,S_SC_Pe_SR_Sa_WF,Snow_SummerClothing_Penguins_SunRising_Sandcastle_Fire.webp,6,5,Snow,SummerClothing,Penguins,SunRising,Sandcastle,Fire,2026-07-27T13:43:29.086Z
6a0614623461a6164ee8555a,2,S_SC_Ca_SR_Sn_WF,Snow_SummerClothing_Camels_SunRising_Snowman_Fire.webp,6,2,Snow,SummerClothing,Camels,SunRising,Snowman,Fire,2026-07-27T13:43:41.176Z
6a0614623461a6164ee8555a,3,NS_SC_Pe_SM_Sn_NF,NoSnow_SummerClothing_Penguins_SunMid_Snowman_NoFire.webp,4,3,NoSnow,SummerClothing,Penguins,SunMid,Snowman,NoFire,2026-07-27T13:43:50.106Z
6a0614623461a6164ee8555a,4,NS_SC_Ca_SM_Sa_NF,NoSnow_SummerClothing_Camels_SunMid_Sandcastle_NoFire.webp,6,6,NoSnow,SummerClothing,Camels,SunMid,Sandcastle,NoFire,2026-07-27T13:43:57.145Z
6a0614623461a6164ee8555a,5,S_SC_Ca_SM_Sa_WF,Snow_SummerClothing_Camels_SunMid_Sandcastle_Fire.webp,6,5,Snow,SummerClothing,Camels,SunMid,Sandcastle,Fire,2026-07-27T13:44:08.181Z
6a0614623461a6164ee8555a,6,NS_SC_Ca_SR_Sa_WF,NoSnow_SummerClothing_Camels_SunRising_Sandcastle_Fire.webp,6,4,NoSnow,SummerClothing,Camels,SunRising,Sandcastle,Fire,2026-07-27T13:44:30.382Z
6a0614623461a6164ee8555a,7,S_WC_Pe_SM_Sa_NF,Snow_WinterClothing_Penguins_SunMid_Sandcastle_NoFire.webp,3,5,Snow,WinterClothing,Penguins,SunMid,Sandcastle,NoFire,2026-07-27T13:44:41.040Z
6a0614623461a6164ee8555a,8,NS_SC_Pe_SR_Sa_WF,NoSnow_SummerClothing_Penguins_SunRising_Sandcastle_Fire.webp,6,4,NoSnow,SummerClothing,Penguins,SunRising,Sandcastle,Fire,2026-07-27T13:44:49.211Z
6a0614623461a6164ee8555a,9,S_SC_Ca_SR_Sa_NF,Snow_SummerClothing_Camels_SunRising_Sandcastle_NoFire.webp,5,5,Snow,SummerClothing,Camels,SunRising,Sandcastle,NoFire,2026-07-27T13:44:59.915Z
6a0614623461a6164ee8555a,10,NS_WC_Pe_SR_Sn_NF,NoSnow_WinterClothing_Penguins_SunRising_Snowman_NoFire.webp,3,4,NoSnow,WinterClothing,Penguins,SunRising,Snowman,NoFire,2026-07-27T13:45:11.867Z
6a0614623461a6164ee8555a,11,NS_WC_Pe_SM_Sa_NF,NoSnow_WinterClothing_Penguins_SunMid_Sandcastle_NoFire.webp,3,5,NoSnow,WinterClothing,Penguins,SunMid,Sandcastle,NoFire,2026-07-27T13:45:21.581Z
6a0614623461a6164ee8555a,12,S_SC_Ca_SM_Sa_NF,Snow_SummerClothing_Camels_SunMid_Sandcastle_NoFire.webp,6,5,Snow,SummerClothing,Camels,SunMid,Sandcastle,NoFire,2026-07-27T13:45:31.460Z
6a0614623461a6164ee8555a,13,S_WC_Pe_SR_Sn_WF,Snow_WinterClothing_Penguins_SunRising_Snowman_Fire.webp,4,2,Snow,WinterClothing,Penguins,SunRising,Snowman,Fire,2026-07-27T13:45:45.915Z
6a0614623461a6164ee8555a,14,S_WC_Ca_SM_Sa_WF,Snow_WinterClothing_Camels_SunMid_Sandcastle_Fire.webp,4,3,Snow,WinterClothing,Camels,SunMid,Sandcastle,Fire,2026-07-27T13:46:21.392Z
6a0614623461a6164ee8555a,15,NS_WC_Ca_SR_Sn_WF,NoSnow_WinterClothing_Camels_SunRising_Snowman_Fire.webp,6,3,NoSnow,WinterClothing,Camels,SunRising,Snowman,Fire,2026-07-27T13:46:34.057Z
6a0614623461a6164ee8555a,16,S_SC_Pe_SR_Sn_WF,Snow_SummerClothing_Penguins_SunRising_Snowman_Fire.webp,5,2,Snow,SummerClothing,Penguins,SunRising,Snowman,Fire,2026-07-27T13:46:42.323Z
6a0614623461a6164ee8555a,17,S_WC_Pe_SM_Sn_WF,Snow_WinterClothing_Penguins_SunMid_Snowman_Fire.webp,2,2,Snow,WinterClothing,Penguins,SunMid,Snowman,Fire,2026-07-27T13:46:58.991Z
6a0614623461a6164ee8555a,18,NS_WC_Pe_SM_Sn_WF,NoSnow_WinterClothing_Penguins_SunMid_Snowman_Fire.webp,4,3,NoSnow,WinterClothing,Penguins,SunMid,Snowman,Fire,2026-07-27T13:47:04.915Z
6a0614623461a6164ee8555a,19,NS_SC_Pe_SM_Sa_WF,NoSnow_SummerClothing_Penguins_SunMid_Sandcastle_Fire.webp,5,6,NoSnow,SummerClothing,Penguins,SunMid,Sandcastle,Fire,2026-07-27T13:47:17.814Z
6a0614623461a6164ee8555a,20,S_WC_Ca_SM_Sn_WF,Snow_WinterClothing_Camels_SunMid_Snowman_Fire.webp,5,2,Snow,WinterClothing,Camels,SunMid,Snowman,Fire,2026-07-27T13:47:26.135Z
6a0614623461a6164ee8555a,21,S_SC_Pe_SR_Sn_NF,Snow_SummerClothing_Penguins_SunRising_Snowman_NoFire.webp,5,3,Snow,SummerClothing,Penguins,SunRising,Snowman,NoFire,2026-07-27T13:47:33.520Z
6a0614623461a6164ee8555a,22,NS_WC_Pe_SR_Sn_WF,NoSnow_WinterClothing_Penguins_SunRising_Snowman_Fire.webp,6,2,NoSnow,WinterClothing,Penguins,SunRising,Snowman,Fire,2026-07-27T13:47:43.026Z
6a0614623461a6164ee8555a,23,S_SC_Pe_SM_Sa_WF,Snow_SummerClothing_Penguins_SunMid_Sandcastle_Fire.webp,5,4,Snow,SummerClothing,Penguins,SunMid,Sandcastle,Fire,2026-07-27T13:47:59.523Z
6a0614623461a6164ee8555a,24,NS_WC_Ca_SM_Sn_WF,NoSnow_WinterClothing_Camels_SunMid_Snowman_Fire.webp,4,1,NoSnow,WinterClothing,Camels,SunMid,Snowman,Fire,2026-07-27T13:48:12.595Z
6a0614623461a6164ee8555a,25,S_WC_Ca_SR_Sn_NF,Snow_WinterClothing_Camels_SunRising_Snowman_NoFire.webp,2,4,Snow,WinterClothing,Camels,SunRising,Snowman,NoFire,2026-07-27T13:48:24.164Z
6a0614623461a6164ee8555a,26,NS_SC_Ca_SR_Sa_NF,NoSnow_SummerClothing_Camels_SunRising_Sandcastle_NoFire.webp,5,7,NoSnow,SummerClothing,Camels,SunRising,Sandcastle,NoFire,2026-07-27T13:48:36.512Z
6a0614623461a6164ee8555a,27,S_WC_Ca_SR_Sn_WF,Snow_WinterClothing_Camels_SunRising_Snowman_Fire.webp,2,2,Snow,WinterClothing,Camels,SunRising,Snowman,Fire,2026-07-27T13:48:45.828Z
6a0614623461a6164ee8555a,28,NS_SC_Pe_SM_Sa_NF,NoSnow_SummerClothing_Penguins_SunMid_Sandcastle_NoFire.webp,5,6,NoSnow,SummerClothing,Penguins,SunMid,Sandcastle,NoFire,2026-07-27T13:48:57.461Z
6a0614623461a6164ee8555a,29,NS_SC_Pe_SR_Sn_WF,NoSnow_SummerClothing_Penguins_SunRising_Snowman_Fire.webp,2,2,NoSnow,SummerClothing,Penguins,SunRising,Snowman,Fire,2026-07-27T13:49:10.182Z
6a0614623461a6164ee8555a,30,NS_SC_Ca_SM_Sa_WF,NoSnow_SummerClothing_Camels_SunMid_Sandcastle_Fire.webp,6,5,NoSnow,SummerClothing,Camels,SunMid,Sandcastle,Fire,2026-07-27T13:49:21.197Z
6a0614623461a6164ee8555a,31,S_WC_Ca_SM_Sa_NF,Snow_WinterClothing_Camels_SunMid_Sandcastle_NoFire.webp,2,4,Snow,WinterClothing,Camels,SunMid,Sandcastle,NoFire,2026-07-27T13:49:31.794Z
6a0614623461a6164ee8555a,32,NS_WC_Pe_SM_Sa_WF,NoSnow_WinterClothing_Penguins_SunMid_Sandcastle_Fire.webp,5,5,NoSnow,WinterClothing,Penguins,SunMid,Sandcastle,Fire,2026-07-27T13:49:43.405Z
6a0614623461a6164ee8555a,33,S_WC_Pe_SR_Sn_NF,Snow_WinterClothing_Penguins_SunRising_Snowman_NoFire.webp,2,2,Snow,WinterClothing,Penguins,SunRising,Snowman,NoFire,2026-07-27T13:49:49.888Z
6a0614623461a6164ee8555a,34,S_WC_Pe_SM_Sn_NF,Snow_WinterClothing_Penguins_SunMid_Snowman_NoFire.webp,2,4,Snow,WinterClothing,Penguins,SunMid,Snowman,NoFire,2026-07-27T13:50:02.674Z
6a0614623461a6164ee8555a,35,NS_WC_Ca_SR_Sn_NF,NoSnow_WinterClothing_Camels_SunRising_Snowman_NoFire.webp,2,3,NoSnow,WinterClothing,Camels,SunRising,Snowman,NoFire,2026-07-27T13:50:12.555Z
6a0614623461a6164ee8555a,36,NS_WC_Pe_SR_Sa_NF,NoSnow_WinterClothing_Penguins_SunRising_Sandcastle_NoFire.webp,4,5,NoSnow,WinterClothing,Penguins,SunRising,Sandcastle,NoFire,2026-07-27T13:50:22.957Z
6a0614623461a6164ee8555a,37,S_SC_Pe_SM_Sn_NF,Snow_SummerClothing_Penguins_SunMid_Snowman_NoFire.webp,2,3,Snow,SummerClothing,Penguins,SunMid,Snowman,NoFire,2026-07-27T13:50:30.037Z
6a0614623461a6164ee8555a,38,NS_WC_Pe_SM_Sn_NF,NoSnow_WinterClothing_Penguins_SunMid_Snowman_NoFire.webp,4,3,NoSnow,WinterClothing,Penguins,SunMid,Snowman,NoFire,2026-07-27T13:50:36.589Z
6a0614623461a6164ee8555a,39,NS_SC_Pe_SM_Sn_WF,NoSnow_SummerClothing_Penguins_SunMid_Snowman_Fire.webp,6,3,NoSnow,SummerClothing,Penguins,SunMid,Snowman,Fire,2026-07-27T13:50:46.299Z
6a0614623461a6164ee8555a,40,S_SC_Pe_SM_Sa_NF,Snow_SummerClothing_Penguins_SunMid_Sandcastle_NoFire.webp,5,6,Snow,SummerClothing,Penguins,SunMid,Sandcastle,NoFire,2026-07-27T13:50:52.282Z
6a0614623461a6164ee8555a,41,NS_SC_Pe_SR_Sa_NF,NoSnow_SummerClothing_Penguins_SunRising_Sandcastle_NoFire.webp,4,5,NoSnow,SummerClothing,Penguins,SunRising,Sandcastle,NoFire,2026-07-27T13:51:02.804Z
6a0614623461a6164ee8555a,42,S_SC_Pe_SR_Sa_NF,Snow_SummerClothing_Penguins_SunRising_Sandcastle_NoFire.webp,2,5,Snow,SummerClothing,Penguins,SunRising,Sandcastle,NoFire,2026-07-27T13:51:09.976Z
6a0614623461a6164ee8555a,43,S_WC_Ca_SR_Sa_NF,Snow_WinterClothing_Camels_SunRising_Sandcastle_NoFire.webp,5,6,Snow,WinterClothing,Camels,SunRising,Sandcastle,NoFire,2026-07-27T13:51:17.230Z
6a0614623461a6164ee8555a,44,S_WC_Ca_SM_Sn_NF,Snow_WinterClothing_Camels_SunMid_Snowman_NoFire.webp,5,3,Snow,WinterClothing,Camels,SunMid,Snowman,NoFire,2026-07-27T13:51:30.021Z
6a0614623461a6164ee8555a,45,S_WC_Ca_SR_Sa_WF,Snow_WinterClothing_Camels_SunRising_Sandcastle_Fire.webp,5,5,Snow,WinterClothing,Camels,SunRising,Sandcastle,Fire,2026-07-27T13:51:37.977Z
6a0614623461a6164ee8555a,46,NS_SC_Ca_SR_Sn_WF,NoSnow_SummerClothing_Camels_SunRising_Snowman_Fire.webp,5,2,NoSnow,SummerClothing,Camels,SunRising,Snowman,Fire,2026-07-27T13:51:47.691Z
6a0614623461a6164ee8555a,47,S_SC_Ca_SM_Sn_NF,Snow_SummerClothing_Camels_SunMid_Snowman_NoFire.webp,6,2,Snow,SummerClothing,Camels,SunMid,Snowman,NoFire,2026-07-27T13:51:56.943Z
6a0614623461a6164ee8555a,48,NS_WC_Ca_SM_Sn_NF,NoSnow_WinterClothing_Camels_SunMid_Snowman_NoFire.webp,3,2,NoSnow,WinterClothing,Camels,SunMid,Snowman,NoFire,2026-07-27T13:52:04.387Z
6a0614623461a6164ee8555a,49,NS_WC_Ca_SR_Sa_NF,NoSnow_WinterClothing_Camels_SunRising_Sandcastle_NoFire.webp,3,5,NoSnow,WinterClothing,Camels,SunRising,Sandcastle,NoFire,2026-07-27T13:52:13.315Z
6a0614623461a6164ee8555a,50,S_SC_Ca_SR_Sa_WF,Snow_SummerClothing_Camels_SunRising_Sandcastle_Fire.webp,4,3,Snow,SummerClothing,Camels,SunRising,Sandcastle,Fire,2026-07-27T13:52:27.287Z
6a0614623461a6164ee8555a,51,S_SC_Pe_SM_Sn_WF,Snow_SummerClothing_Penguins_SunMid_Snowman_Fire.webp,5,2,Snow,SummerClothing,Penguins,SunMid,Snowman,Fire,2026-07-27T13:52:38.681Z
6a0614623461a6164ee8555a,52,NS_WC_Ca_SR_Sa_WF,NoSnow_WinterClothing_Camels_SunRising_Sandcastle_Fire.webp,5,5,NoSnow,WinterClothing,Camels,SunRising,Sandcastle,Fire,2026-07-27T13:52:46.591Z
6a0614623461a6164ee8555a,53,S_SC_Ca_SM_Sn_WF,Snow_SummerClothing_Camels_SunMid_Snowman_Fire.webp,5,2,Snow,SummerClothing,Camels,SunMid,Snowman,Fire,2026-07-27T13:52:57.127Z
6a0614623461a6164ee8555a,54,S_WC_Pe_SM_Sa_WF,Snow_WinterClothing_Penguins_SunMid_Sandcastle_Fire.webp,4,3,Snow,WinterClothing,Penguins,SunMid,Sandcastle,Fire,2026-07-27T13:53:08.345Z
6a0614623461a6164ee8555a,55,NS_SC_Ca_SM_Sn_WF,NoSnow_SummerClothing_Camels_SunMid_Snowman_Fire.webp,6,1,NoSnow,SummerClothing,Camels,SunMid,Snowman,Fire,2026-07-27T13:53:19.786Z
6a0614623461a6164ee8555a,56,NS_SC_Ca_SM_Sn_NF,NoSnow_SummerClothing_Camels_SunMid_Snowman_NoFire.webp,5,3,NoSnow,SummerClothing,Camels,SunMid,Snowman,NoFire,2026-07-27T13:53:29.024Z
6a0614623461a6164ee8555a,57,S_WC_Pe_SR_Sa_NF,Snow_WinterClothing_Penguins_SunRising_Sandcastle_NoFire.webp,2,6,Snow,WinterClothing,Penguins,SunRising,Sandcastle,NoFire,2026-07-27T13:53:37.960Z
6a0614623461a6164ee8555a,58,NS_SC_Ca_SR_Sn_NF,NoSnow_SummerClothing_Camels_SunRising_Snowman_NoFire.webp,2,2,NoSnow,SummerClothing,Camels,SunRising,Snowman,NoFire,2026-07-27T13:53:45.198Z
6a0614623461a6164ee8555a,59,NS_WC_Pe_SR_Sa_WF,NoSnow_WinterClothing_Penguins_SunRising_Sandcastle_Fire.webp,4,3,NoSnow,WinterClothing,Penguins,SunRising,Sandcastle,Fire,2026-07-27T13:53:52.244Z
6a0614623461a6164ee8555a,60,NS_WC_Ca_SM_Sa_WF,NoSnow_WinterClothing_Camels_SunMid_Sandcastle_Fire.webp,4,3,NoSnow,WinterClothing,Camels,SunMid,Sandcastle,Fire,2026-07-27T13:53:59.363Z
6a0614623461a6164ee8555a,61,NS_WC_Ca_SM_Sa_NF,NoSnow_WinterClothing_Camels_SunMid_Sandcastle_NoFire.webp,6,3,NoSnow,WinterClothing,Camels,SunMid,Sandcastle,NoFire,2026-07-27T13:54:09.564Z
6a0614623461a6164ee8555a,62,S_WC_Pe_SR_Sa_WF,Snow_WinterClothing_Penguins_SunRising_Sandcastle_Fire.webp,5,4,Snow,WinterClothing,Penguins,SunRising,Sandcastle,Fire,2026-07-27T13:54:16.082Z
6a0614623461a6164ee8555a,63,S_SC_Ca_SR_Sn_NF,Snow_SummerClothing_Camels_SunRising_Snowman_NoFire.webp,2,2,Snow,SummerClothing,Camels,SunRising,Snowman,NoFire,2026-07-27T13:54:23.879Z
65c242831388550b0a42bd25,0,NS_SC_Ca_SR_Sn_NF,NoSnow_SummerClothing_Camels_SunRising_Snowman_NoFire.webp,4,1,NoSnow,SummerClothing,Camels,SunRising,Snowman,NoFire,2026-07-27T13:42:58.247Z
65c242831388550b0a42bd25,1,NS_WC_Ca_SM_Sn_NF,NoSnow_WinterClothing_Camels_SunMid_Snowman_NoFire.webp,3,1,NoSnow,WinterClothing,Camels,SunMid,Snowman,NoFire,2026-07-27T13:44:17.078Z
65c242831388550b0a42bd25,2,S_SC_Ca_SM_Sn_NF,Snow_SummerClothing_Camels_SunMid_Snowman_NoFire.webp,4,1,Snow,SummerClothing,Camels,SunMid,Snowman,NoFire,2026-07-27T13:44:34.925Z
65c242831388550b0a42bd25,3,NS_WC_Ca_SM_Sa_NF,NoSnow_WinterClothing_Camels_SunMid_Sandcastle_NoFire.webp,3,1,NoSnow,WinterClothing,Camels,SunMid,Sandcastle,NoFire,2026-07-27T13:44:52.439Z
65c242831388550b0a42bd25,4,S_SC_Pe_SR_Sn_NF,Snow_SummerClothing_Penguins_SunRising_Snowman_NoFire.webp,4,1,Snow,SummerClothing,Penguins,SunRising,Snowman,NoFire,2026-07-27T13:45:03.688Z
65c242831388550b0a42bd25,5,NS_SC_Pe_SR_Sa_WF,NoSnow_SummerClothing_Penguins_SunRising_Sandcastle_Fire.webp,4,1,NoSnow,SummerClothing,Penguins,SunRising,Sandcastle,Fire,2026-07-27T13:45:20.774Z
65c242831388550b0a42bd25,6,NS_SC_Pe_SR_Sn_WF,NoSnow_SummerClothing_Penguins_SunRising_Snowman_Fire.webp,4,1,NoSnow,SummerClothing,Penguins,SunRising,Snowman,Fire,2026-07-27T13:45:30.757Z
65c242831388550b0a42bd25,7,NS_SC_Ca_SM_Sn_WF,NoSnow_SummerClothing_Camels_SunMid_Snowman_Fire.webp,4,1,NoSnow,SummerClothing,Camels,SunMid,Snowman,Fire,2026-07-27T13:45:43.103Z
65c242831388550b0a42bd25,8,NS_SC_Ca_SM_Sa_NF,NoSnow_SummerClothing_Camels_SunMid_Sandcastle_NoFire.webp,5,1,NoSnow,SummerClothing,Camels,SunMid,Sandcastle,NoFire,2026-07-27T13:45:54.501Z
65c242831388550b0a42bd25,9,S_WC_Pe_SR_Sn_NF,Snow_WinterClothing_Penguins_SunRising_Snowman_NoFire.webp,3,1,Snow,WinterClothing,Penguins,SunRising,Snowman,NoFire,2026-07-27T13:46:16.320Z
65c242831388550b0a42bd25,10,NS_WC_Pe_SR_Sa_WF,NoSnow_WinterClothing_Penguins_SunRising_Sandcastle_Fire.webp,4,1,NoSnow,WinterClothing,Penguins,SunRising,Sandcastle,Fire,2026-07-27T13:46:30.218Z
65c242831388550b0a42bd25,11,NS_WC_Pe_SM_Sn_NF,NoSnow_WinterClothing_Penguins_SunMid_Snowman_NoFire.webp,3,1,NoSnow,WinterClothing,Penguins,SunMid,Snowman,NoFire,2026-07-27T13:46:52.465Z
65c242831388550b0a42bd25,12,S_SC_Pe_SM_Sa_NF,Snow_SummerClothing_Penguins_SunMid_Sandcastle_NoFire.webp,4,1,Snow,SummerClothing,Penguins,SunMid,Sandcastle,NoFire,2026-07-27T13:47:09.796Z
65c242831388550b0a42bd25,13,S_WC_Ca_SM_Sn_NF,Snow_WinterClothing_Camels_SunMid_Snowman_NoFire.webp,3,1,Snow,WinterClothing,Camels,SunMid,Snowman,NoFire,2026-07-27T13:47:20.415Z
65c242831388550b0a42bd25,14,NS_WC_Ca_SR_Sn_NF,NoSnow_WinterClothing_Camels_SunRising_Snowman_NoFire.webp,3,1,NoSnow,WinterClothing,Camels,SunRising,Snowman,NoFire,2026-07-27T13:47:30.680Z
65c242831388550b0a42bd25,15,S_WC_Ca_SR_Sn_WF,Snow_WinterClothing_Camels_SunRising_Snowman_Fire.webp,4,1,Snow,WinterClothing,Camels,SunRising,Snowman,Fire,2026-07-27T13:47:41.663Z
65c242831388550b0a42bd25,16,S_SC_Pe_SR_Sn_WF,Snow_SummerClothing_Penguins_SunRising_Snowman_Fire.webp,4,1,Snow,SummerClothing,Penguins,SunRising,Snowman,Fire,2026-07-27T13:48:07.508Z
65c242831388550b0a42bd25,17,NS_WC_Ca_SM_Sn_WF,NoSnow_WinterClothing_Camels_SunMid_Snowman_Fire.webp,4,1,NoSnow,WinterClothing,Camels,SunMid,Snowman,Fire,2026-07-27T13:48:18.211Z
65c242831388550b0a42bd25,18,NS_SC_Ca_SR_Sn_WF,NoSnow_SummerClothing_Camels_SunRising_Snowman_Fire.webp,4,1,NoSnow,SummerClothing,Camels,SunRising,Snowman,Fire,2026-07-27T13:48:25.723Z
65c242831388550b0a42bd25,19,S_SC_Pe_SR_Sa_WF,Snow_SummerClothing_Penguins_SunRising_Sandcastle_Fire.webp,4,1,Snow,SummerClothing,Penguins,SunRising,Sandcastle,Fire,2026-07-27T13:48:39.941Z
65c242831388550b0a42bd25,20,S_WC_Pe_SM_Sn_WF,Snow_WinterClothing_Penguins_SunMid_Snowman_Fire.webp,3,1,Snow,WinterClothing,Penguins,SunMid,Snowman,Fire,2026-07-27T13:48:53.404Z
65c242831388550b0a42bd25,21,NS_SC_Pe_SR_Sn_NF,NoSnow_SummerClothing_Penguins_SunRising_Snowman_NoFire.webp,4,1,NoSnow,SummerClothing,Penguins,SunRising,Snowman,NoFire,2026-07-27T13:49:06.619Z
65c242831388550b0a42bd25,22,S_WC_Pe_SM_Sa_NF,Snow_WinterClothing_Penguins_SunMid_Sandcastle_NoFire.webp,3,1,Snow,WinterClothing,Penguins,SunMid,Sandcastle,NoFire,2026-07-27T13:49:23.286Z
65c242831388550b0a42bd25,23,NS_SC_Pe_SM_Sn_WF,NoSnow_SummerClothing_Penguins_SunMid_Snowman_Fire.webp,4,1,NoSnow,SummerClothing,Penguins,SunMid,Snowman,Fire,2026-07-27T13:49:31.836Z
65c242831388550b0a42bd25,24,S_SC_Pe_SR_Sa_NF,Snow_SummerClothing_Penguins_SunRising_Sandcastle_NoFire.webp,4,1,Snow,SummerClothing,Penguins,SunRising,Sandcastle,NoFire,2026-07-27T13:49:43.869Z
65c242831388550b0a42bd25,25,S_WC_Ca_SR_Sa_NF,Snow_WinterClothing_Camels_SunRising_Sandcastle_NoFire.webp,4,1,Snow,WinterClothing,Camels,SunRising,Sandcastle,NoFire,2026-07-27T13:50:09.727Z
65c242831388550b0a42bd25,26,NS_WC_Pe_SR_Sn_WF,NoSnow_WinterClothing_Penguins_SunRising_Snowman_Fire.webp,4,1,NoSnow,WinterClothing,Penguins,SunRising,Snowman,Fire,2026-07-27T13:50:19.145Z
65c242831388550b0a42bd25,27,S_SC_Ca_SM_Sn_WF,Snow_SummerClothing_Camels_SunMid_Snowman_Fire.webp,4,1,Snow,SummerClothing,Camels,SunMid,Snowman,Fire,2026-07-27T13:50:28.147Z
65c242831388550b0a42bd25,28,S_WC_Pe_SR_Sa_WF,Snow_WinterClothing_Penguins_SunRising_Sandcastle_Fire.webp,4,1,Snow,WinterClothing,Penguins,SunRising,Sandcastle,Fire,2026-07-27T13:50:36.729Z
65c242831388550b0a42bd25,29,NS_SC_Pe_SM_Sa_WF,NoSnow_SummerClothing_Penguins_SunMid_Sandcastle_Fire.webp,5,1,NoSnow,SummerClothing,Penguins,SunMid,Sandcastle,Fire,2026-07-27T13:50:49.476Z
65c242831388550b0a42bd25,30,NS_SC_Pe_SM_Sn_NF,NoSnow_SummerClothing_Penguins_SunMid_Snowman_NoFire.webp,4,1,NoSnow,SummerClothing,Penguins,SunMid,Snowman,NoFire,2026-07-27T13:50:57.826Z
65c242831388550b0a42bd25,31,NS_WC_Pe_SM_Sn_WF,NoSnow_WinterClothing_Penguins_SunMid_Snowman_Fire.webp,4,1,NoSnow,WinterClothing,Penguins,SunMid,Snowman,Fire,2026-07-27T13:51:06.160Z
65c242831388550b0a42bd25,32,NS_WC_Pe_SR_Sn_NF,NoSnow_WinterClothing_Penguins_SunRising_Snowman_NoFire.webp,4,1,NoSnow,WinterClothing,Penguins,SunRising,Snowman,NoFire,2026-07-27T13:51:14.873Z
65c242831388550b0a42bd25,33,NS_SC_Pe_SR_Sa_NF,NoSnow_SummerClothing_Penguins_SunRising_Sandcastle_NoFire.webp,4,1,NoSnow,SummerClothing,Penguins,SunRising,Sandcastle,NoFire,2026-07-27T13:51:24.608Z
65c242831388550b0a42bd25,34,S_WC_Ca_SR_Sn_NF,Snow_WinterClothing_Camels_SunRising_Snowman_NoFire.webp,4,1,Snow,WinterClothing,Camels,SunRising,Snowman,NoFire,2026-07-27T13:51:35.142Z
65c242831388550b0a42bd25,35,S_WC_Ca_SM_Sa_WF,Snow_WinterClothing_Camels_SunMid_Sandcastle_Fire.webp,4,1,Snow,WinterClothing,Camels,SunMid,Sandcastle,Fire,2026-07-27T13:51:49.424Z
65c242831388550b0a42bd25,36,NS_SC_Ca_SR_Sa_NF,NoSnow_SummerClothing_Camels_SunRising_Sandcastle_NoFire.webp,5,1,NoSnow,SummerClothing,Camels,SunRising,Sandcastle,NoFire,2026-07-27T13:52:00.221Z
65c242831388550b0a42bd25,37,S_SC_Ca_SM_Sa_NF,Snow_SummerClothing_Camels_SunMid_Sandcastle_NoFire.webp,4,1,Snow,SummerClothing,Camels,SunMid,Sandcastle,NoFire,2026-07-27T13:52:17.168Z
65c242831388550b0a42bd25,38,NS_WC_Pe_SM_Sa_WF,NoSnow_WinterClothing_Penguins_SunMid_Sandcastle_Fire.webp,4,1,NoSnow,WinterClothing,Penguins,SunMid,Sandcastle,Fire,2026-07-27T13:52:27.704Z
65c242831388550b0a42bd25,39,S_SC_Ca_SR_Sa_NF,Snow_SummerClothing_Camels_SunRising_Sandcastle_NoFire.webp,4,1,Snow,SummerClothing,Camels,SunRising,Sandcastle,NoFire,2026-07-27T13:52:38.969Z
65c242831388550b0a42bd25,40,S_SC_Pe_SM_Sa_WF,Snow_SummerClothing_Penguins_SunMid_Sandcastle_Fire.webp,5,1,Snow,SummerClothing,Penguins,SunMid,Sandcastle,Fire,2026-07-27T13:52:57.616Z
65c242831388550b0a42bd25,41,NS_SC_Ca_SR_Sa_WF,NoSnow_SummerClothing_Camels_SunRising_Sandcastle_Fire.webp,4,1,NoSnow,SummerClothing,Camels,SunRising,Sandcastle,Fire,2026-07-27T13:53:05.596Z
65c242831388550b0a42bd25,42,S_WC_Pe_SR_Sa_NF,Snow_WinterClothing_Penguins_SunRising_Sandcastle_NoFire.webp,4,1,Snow,WinterClothing,Penguins,SunRising,Sandcastle,NoFire,2026-07-27T13:53:13.728Z
65c242831388550b0a42bd25,43,NS_WC_Ca_SR_Sa_WF,NoSnow_WinterClothing_Camels_SunRising_Sandcastle_Fire.webp,5,1,NoSnow,WinterClothing,Camels,SunRising,Sandcastle,Fire,2026-07-27T13:53:26.566Z
65c242831388550b0a42bd25,44,S_WC_Pe_SR_Sn_WF,Snow_WinterClothing_Penguins_SunRising_Snowman_Fire.webp,4,1,Snow,WinterClothing,Penguins,SunRising,Snowman,Fire,2026-07-27T13:53:37.711Z
65c242831388550b0a42bd25,45,NS_WC_Pe_SM_Sa_NF,NoSnow_WinterClothing_Penguins_SunMid_Sandcastle_NoFire.webp,5,1,NoSnow,WinterClothing,Penguins,SunMid,Sandcastle,NoFire,2026-07-27T13:53:51.179Z
65c242831388550b0a42bd25,46,NS_WC_Ca_SR_Sa_NF,NoSnow_WinterClothing_Camels_SunRising_Sandcastle_NoFire.webp,5,1,NoSnow,WinterClothing,Camels,SunRising,Sandcastle,NoFire,2026-07-27T13:54:01.926Z
65c242831388550b0a42bd25,47,S_WC_Ca_SM_Sa_NF,Snow_WinterClothing_Camels_SunMid_Sandcastle_NoFire.webp,4,1,Snow,WinterClothing,Camels,SunMid,Sandcastle,NoFire,2026-07-27T13:54:09.726Z
65c242831388550b0a42bd25,48,NS_WC_Pe_SR_Sa_NF,NoSnow_WinterClothing_Penguins_SunRising_Sandcastle_NoFire.webp,4,1,NoSnow,WinterClothing,Penguins,SunRising,Sandcastle,NoFire,2026-07-27T13:54:21.943Z
65c242831388550b0a42bd25,49,NS_SC_Pe_SM_Sa_NF,NoSnow_SummerClothing_Penguins_SunMid_Sandcastle_NoFire.webp,5,1,NoSnow,SummerClothing,Penguins,SunMid,Sandcastle,NoFire,2026-07-27T13:54:31.460Z
65c242831388550b0a42bd25,50,S_WC_Pe_SM_Sa_WF,Snow_WinterClothing_Penguins_SunMid_Sandcastle_Fire.webp,4,1,Snow,WinterClothing,Penguins,SunMid,Sandcastle,Fire,2026-07-27T13:54:38.908Z
65c242831388550b0a42bd25,51,S_WC_Pe_SM_Sn_NF,Snow_WinterClothing_Penguins_SunMid_Snowman_NoFire.webp,4,1,Snow,WinterClothing,Penguins,SunMid,Snowman,NoFire,2026-07-27T13:54:53.938Z
65c242831388550b0a42bd25,52,NS_SC_Ca_SM_Sa_WF,NoSnow_SummerClothing_Camels_SunMid_Sandcastle_Fire.webp,5,1,NoSnow,SummerClothing,Camels,SunMid,Sandcastle,Fire,2026-07-27T13:55:03.086Z
65c242831388550b0a42bd25,53,S_SC_Pe_SM_Sn_NF,Snow_SummerClothing_Penguins_SunMid_Snowman_NoFire.webp,3,1,Snow,SummerClothing,Penguins,SunMid,Snowman,NoFire,2026-07-27T13:55:10.736Z
65c242831388550b0a42bd25,54,NS_SC_Ca_SM_Sn_NF,NoSnow_SummerClothing_Camels_SunMid_Snowman_NoFire.webp,4,1,NoSnow,SummerClothing,Camels,SunMid,Snowman,NoFire,2026-07-27T13:55:19.401Z
65c242831388550b0a42bd25,55,S_SC_Pe_SM_Sn_WF,Snow_SummerClothing_Penguins_SunMid_Snowman_Fire.webp,3,1,Snow,SummerClothing,Penguins,SunMid,Snowman,Fire,2026-07-27T13:55:32.171Z
65c242831388550b0a42bd25,56,S_SC_Ca_SR_Sn_NF,Snow_SummerClothing_Camels_SunRising_Snowman_NoFire.webp,4,1,Snow,SummerClothing,Camels,SunRising,Snowman,NoFire,2026-07-27T13:55:40.551Z
65c242831388550b0a42bd25,57,S_WC_Ca_SR_Sa_WF,Snow_WinterClothing_Camels_SunRising_Sandcastle_Fire.webp,4,1,Snow,WinterClothing,Camels,SunRising,Sandcastle,Fire,2026-07-27T13:55:48.567Z
65c242831388550b0a42bd25,58,S_SC_Ca_SR_Sn_WF,Snow_SummerClothing_Camels_SunRising_Snowman_Fire.webp,4,1,Snow,SummerClothing,Camels,SunRising,Snowman,Fire,2026-07-27T13:55:57.351Z
65c242831388550b0a42bd25,59,S_WC_Ca_SM_Sn_WF,Snow_WinterClothing_Camels_SunMid_Snowman_Fire.webp,4,1,Snow,WinterClothing,Camels,SunMid,Snowman,Fire,2026-07-27T13:56:08.215Z
65c242831388550b0a42bd25,60,S_SC_Ca_SM_Sa_WF,Snow_SummerClothing_Camels_SunMid_Sandcastle_Fire.webp,4,1,Snow,SummerClothing,Camels,SunMid,Sandcastle,Fire,2026-07-27T13:56:16.847Z
65c242831388550b0a42bd25,61,NS_WC_Ca_SM_Sa_WF,NoSnow_WinterClothing_Camels_SunMid_Sandcastle_Fire.webp,5,1,NoSnow,WinterClothing,Camels,SunMid,Sandcastle,Fire,2026-07-27T13:56:31.897Z
65c242831388550b0a42bd25,62,S_SC_Ca_SR_Sa_WF,Snow_SummerClothing_Camels_SunRising_Sandcastle_Fire.webp,4,1,Snow,SummerClothing,Camels,SunRising,Sandcastle,Fire,2026-07-27T13:56:41.329Z
65c242831388550b0a42bd25,63,NS_WC_Ca_SR_Sn_WF,NoSnow_WinterClothing_Camels_SunRising_Snowman_Fire.webp,5,1,NoSnow,WinterClothing,Camels,SunRising,Snowman,Fire,2026-07-27T13:56:59.577Z
69f1da7e4a5cf222df2d5ac7,0,S_WC_Pe_SM_Sa_NF,Snow_WinterClothing_Penguins_SunMid_Sandcastle_NoFire.webp,2,1,Snow,WinterClothing,Penguins,SunMid,Sandcastle,NoFire,2026-07-27T13:43:21.428Z
69f1da7e4a5cf222df2d5ac7,1,S_SC_Ca_SM_Sa_WF,Snow_SummerClothing_Camels_SunMid_Sandcastle_Fire.webp,5,5,Snow,SummerClothing,Camels,SunMid,Sandcastle,Fire,2026-07-27T13:43:32.700Z
69f1da7e4a5cf222df2d5ac7,2,NS_WC_Pe_SM_Sa_WF,NoSnow_WinterClothing_Penguins_SunMid_Sandcastle_Fire.webp,2,3,NoSnow,WinterClothing,Penguins,SunMid,Sandcastle,Fire,2026-07-27T13:43:40.007Z
69f1da7e4a5cf222df2d5ac7,3,NS_WC_Ca_SR_Sa_WF,NoSnow_WinterClothing_Camels_SunRising_Sandcastle_Fire.webp,6,3,NoSnow,WinterClothing,Camels,SunRising,Sandcastle,Fire,2026-07-27T13:43:46.518Z
69f1da7e4a5cf222df2d5ac7,4,NS_WC_Ca_SR_Sn_WF,NoSnow_WinterClothing_Camels_SunRising_Snowman_Fire.webp,2,1,NoSnow,WinterClothing,Camels,SunRising,Snowman,Fire,2026-07-27T13:43:58.650Z
69f1da7e4a5cf222df2d5ac7,5,S_WC_Pe_SR_Sn_WF,Snow_WinterClothing_Penguins_SunRising_Snowman_Fire.webp,3,4,Snow,WinterClothing,Penguins,SunRising,Snowman,Fire,2026-07-27T13:44:10.814Z
69f1da7e4a5cf222df2d5ac7,6,NS_WC_Pe_SR_Sn_NF,NoSnow_WinterClothing_Penguins_SunRising_Snowman_NoFire.webp,3,2,NoSnow,WinterClothing,Penguins,SunRising,Snowman,NoFire,2026-07-27T13:44:20.909Z
69f1da7e4a5cf222df2d5ac7,7,S_SC_Ca_SM_Sn_WF,Snow_SummerClothing_Camels_SunMid_Snowman_Fire.webp,5,3,Snow,SummerClothing,Camels,SunMid,Snowman,Fire,2026-07-27T13:44:28.692Z
69f1da7e4a5cf222df2d5ac7,8,S_SC_Ca_SR_Sa_NF,Snow_SummerClothing_Camels_SunRising_Sandcastle_NoFire.webp,5,6,Snow,SummerClothing,Camels,SunRising,Sandcastle,NoFire,2026-07-27T13:44:35.662Z
69f1da7e4a5cf222df2d5ac7,9,S_WC_Pe_SR_Sa_WF,Snow_WinterClothing_Penguins_SunRising_Sandcastle_Fire.webp,5,3,Snow,WinterClothing,Penguins,SunRising,Sandcastle,Fire,2026-07-27T13:44:46.850Z
69f1da7e4a5cf222df2d5ac7,10,NS_SC_Ca_SM_Sa_WF,NoSnow_SummerClothing_Camels_SunMid_Sandcastle_Fire.webp,6,5,NoSnow,SummerClothing,Camels,SunMid,Sandcastle,Fire,2026-07-27T13:44:53.354Z
69f1da7e4a5cf222df2d5ac7,11,S_WC_Ca_SR_Sn_WF,Snow_WinterClothing_Camels_SunRising_Snowman_Fire.webp,4,2,Snow,WinterClothing,Camels,SunRising,Snowman,Fire,2026-07-27T13:44:59.864Z
69f1da7e4a5cf222df2d5ac7,12,NS_SC_Pe_SR_Sn_WF,NoSnow_SummerClothing_Penguins_SunRising_Snowman_Fire.webp,4,3,NoSnow,SummerClothing,Penguins,SunRising,Snowman,Fire,2026-07-27T13:45:21.270Z
69f1da7e4a5cf222df2d5ac7,13,S_SC_Pe_SR_Sn_WF,Snow_SummerClothing_Penguins_SunRising_Snowman_Fire.webp,4,2,Snow,SummerClothing,Penguins,SunRising,Snowman,Fire,2026-07-27T13:45:28.384Z
69f1da7e4a5cf222df2d5ac7,14,S_WC_Ca_SM_Sa_WF,Snow_WinterClothing_Camels_SunMid_Sandcastle_Fire.webp,5,3,Snow,WinterClothing,Camels,SunMid,Sandcastle,Fire,2026-07-27T13:45:35.821Z
69f1da7e4a5cf222df2d5ac7,15,NS_SC_Pe_SM_Sn_WF,NoSnow_SummerClothing_Penguins_SunMid_Snowman_Fire.webp,4,2,NoSnow,SummerClothing,Penguins,SunMid,Snowman,Fire,2026-07-27T13:46:52.679Z
69f1da7e4a5cf222df2d5ac7,16,S_SC_Pe_SM_Sn_WF,Snow_SummerClothing_Penguins_SunMid_Snowman_Fire.webp,4,2,Snow,SummerClothing,Penguins,SunMid,Snowman,Fire,2026-07-27T13:47:03.170Z
69f1da7e4a5cf222df2d5ac7,17,NS_WC_Ca_SM_Sa_NF,NoSnow_WinterClothing_Camels_SunMid_Sandcastle_NoFire.webp,4,2,NoSnow,WinterClothing,Camels,SunMid,Sandcastle,NoFire,2026-07-27T13:47:10.257Z
69f1da7e4a5cf222df2d5ac7,18,S_WC_Pe_SR_Sa_NF,Snow_WinterClothing_Penguins_SunRising_Sandcastle_NoFire.webp,2,4,Snow,WinterClothing,Penguins,SunRising,Sandcastle,NoFire,2026-07-27T13:47:49.138Z
69f1da7e4a5cf222df2d5ac7,19,NS_SC_Pe_SM_Sa_NF,NoSnow_SummerClothing_Penguins_SunMid_Sandcastle_NoFire.webp,3,2,NoSnow,SummerClothing,Penguins,SunMid,Sandcastle,NoFire,2026-07-27T13:47:58.337Z
69f1da7e4a5cf222df2d5ac7,20,S_SC_Pe_SR_Sa_NF,Snow_SummerClothing_Penguins_SunRising_Sandcastle_NoFire.webp,4,3,Snow,SummerClothing,Penguins,SunRising,Sandcastle,NoFire,2026-07-27T13:48:08.682Z
69f1da7e4a5cf222df2d5ac7,21,S_SC_Pe_SR_Sn_NF,Snow_SummerClothing_Penguins_SunRising_Snowman_NoFire.webp,5,3,Snow,SummerClothing,Penguins,SunRising,Snowman,NoFire,2026-07-27T13:50:10.207Z
69f1da7e4a5cf222df2d5ac7,22,NS_SC_Ca_SM_Sn_WF,NoSnow_SummerClothing_Camels_SunMid_Snowman_Fire.webp,4,2,NoSnow,SummerClothing,Camels,SunMid,Snowman,Fire,2026-07-27T13:50:36.053Z
69f1da7e4a5cf222df2d5ac7,23,S_SC_Ca_SR_Sa_WF,Snow_SummerClothing_Camels_SunRising_Sandcastle_Fire.webp,4,2,Snow,SummerClothing,Camels,SunRising,Sandcastle,Fire,2026-07-27T13:50:44.869Z
69f1da7e4a5cf222df2d5ac7,24,NS_WC_Pe_SR_Sa_WF,NoSnow_WinterClothing_Penguins_SunRising_Sandcastle_Fire.webp,5,3,NoSnow,WinterClothing,Penguins,SunRising,Sandcastle,Fire,2026-07-27T13:50:52.935Z
69f1da7e4a5cf222df2d5ac7,25,S_SC_Pe_SM_Sn_NF,Snow_SummerClothing_Penguins_SunMid_Snowman_NoFire.webp,4,1,Snow,SummerClothing,Penguins,SunMid,Snowman,NoFire,2026-07-27T13:50:58.985Z
69f1da7e4a5cf222df2d5ac7,26,S_SC_Ca_SR_Sn_NF,Snow_SummerClothing_Camels_SunRising_Snowman_NoFire.webp,5,3,Snow,SummerClothing,Camels,SunRising,Snowman,NoFire,2026-07-27T13:51:07.385Z
69f1da7e4a5cf222df2d5ac7,27,S_WC_Ca_SR_Sn_NF,Snow_WinterClothing_Camels_SunRising_Snowman_NoFire.webp,4,2,Snow,WinterClothing,Camels,SunRising,Snowman,NoFire,2026-07-27T13:51:15.525Z
69f1da7e4a5cf222df2d5ac7,28,NS_SC_Ca_SR_Sn_NF,NoSnow_SummerClothing_Camels_SunRising_Snowman_NoFire.webp,5,3,NoSnow,SummerClothing,Camels,SunRising,Snowman,NoFire,2026-07-27T13:51:27.901Z
69f1da7e4a5cf222df2d5ac7,29,NS_WC_Ca_SM_Sa_WF,NoSnow_WinterClothing_Camels_SunMid_Sandcastle_Fire.webp,4,2,NoSnow,WinterClothing,Camels,SunMid,Sandcastle,Fire,2026-07-27T13:52:08.431Z
69f1da7e4a5cf222df2d5ac7,30,NS_WC_Pe_SM_Sa_NF,NoSnow_WinterClothing_Penguins_SunMid_Sandcastle_NoFire.webp,4,2,NoSnow,WinterClothing,Penguins,SunMid,Sandcastle,NoFire,2026-07-27T13:52:14.513Z
69f1da7e4a5cf222df2d5ac7,31,S_SC_Pe_SR_Sa_WF,Snow_SummerClothing_Penguins_SunRising_Sandcastle_Fire.webp,5,2,Snow,SummerClothing,Penguins,SunRising,Sandcastle,Fire,2026-07-27T13:52:20.064Z
69f1da7e4a5cf222df2d5ac7,32,NS_SC_Ca_SR_Sa_NF,NoSnow_SummerClothing_Camels_SunRising_Sandcastle_NoFire.webp,5,5,NoSnow,SummerClothing,Camels,SunRising,Sandcastle,NoFire,2026-07-27T13:52:28.550Z
69f1da7e4a5cf222df2d5ac7,33,NS_SC_Ca_SM_Sa_NF,NoSnow_SummerClothing_Camels_SunMid_Sandcastle_NoFire.webp,5,6,NoSnow,SummerClothing,Camels,SunMid,Sandcastle,NoFire,2026-07-27T13:52:33.729Z
69f1da7e4a5cf222df2d5ac7,34,S_WC_Ca_SM_Sn_WF,Snow_WinterClothing_Camels_SunMid_Snowman_Fire.webp,4,2,Snow,WinterClothing,Camels,SunMid,Snowman,Fire,2026-07-27T13:52:45.723Z
69f1da7e4a5cf222df2d5ac7,35,NS_SC_Pe_SR_Sa_WF,NoSnow_SummerClothing_Penguins_SunRising_Sandcastle_Fire.webp,4,2,NoSnow,SummerClothing,Penguins,SunRising,Sandcastle,Fire,2026-07-27T13:52:55.818Z
69f1da7e4a5cf222df2d5ac7,36,S_WC_Pe_SM_Sa_WF,Snow_WinterClothing_Penguins_SunMid_Sandcastle_Fire.webp,4,2,Snow,WinterClothing,Penguins,SunMid,Sandcastle,Fire,2026-07-27T13:53:03.567Z
69f1da7e4a5cf222df2d5ac7,37,NS_WC_Pe_SR_Sa_NF,NoSnow_WinterClothing_Penguins_SunRising_Sandcastle_NoFire.webp,4,2,NoSnow,WinterClothing,Penguins,SunRising,Sandcastle,NoFire,2026-07-27T13:53:11.160Z
69f1da7e4a5cf222df2d5ac7,38,S_WC_Pe_SM_Sn_WF,Snow_WinterClothing_Penguins_SunMid_Snowman_Fire.webp,4,3,Snow,WinterClothing,Penguins,SunMid,Snowman,Fire,2026-07-27T13:53:16.887Z
69f1da7e4a5cf222df2d5ac7,39,S_WC_Ca_SR_Sa_WF,Snow_WinterClothing_Camels_SunRising_Sandcastle_Fire.webp,4,2,Snow,WinterClothing,Camels,SunRising,Sandcastle,Fire,2026-07-27T13:55:16.383Z
69f1da7e4a5cf222df2d5ac7,40,NS_WC_Pe_SM_Sn_WF,NoSnow_WinterClothing_Penguins_SunMid_Snowman_Fire.webp,2,3,NoSnow,WinterClothing,Penguins,SunMid,Snowman,Fire,2026-07-27T13:55:28.977Z
69f1da7e4a5cf222df2d5ac7,41,NS_WC_Pe_SR_Sn_WF,NoSnow_WinterClothing_Penguins_SunRising_Snowman_Fire.webp,2,4,NoSnow,WinterClothing,Penguins,SunRising,Snowman,Fire,2026-07-27T13:55:53.303Z
69f1da7e4a5cf222df2d5ac7,42,NS_SC_Pe_SM_Sa_WF,NoSnow_SummerClothing_Penguins_SunMid_Sandcastle_Fire.webp,4,3,NoSnow,SummerClothing,Penguins,SunMid,Sandcastle,Fire,2026-07-27T13:55:58.930Z
69f1da7e4a5cf222df2d5ac7,43,NS_SC_Pe_SR_Sa_NF,NoSnow_SummerClothing_Penguins_SunRising_Sandcastle_NoFire.webp,4,3,NoSnow,SummerClothing,Penguins,SunRising,Sandcastle,NoFire,2026-07-27T13:56:05.202Z
69f1da7e4a5cf222df2d5ac7,44,S_SC_Ca_SM_Sn_NF,Snow_SummerClothing_Camels_SunMid_Snowman_NoFire.webp,5,2,Snow,SummerClothing,Camels,SunMid,Snowman,NoFire,2026-07-27T13:56:10.964Z
69f1da7e4a5cf222df2d5ac7,45,S_SC_Pe_SM_Sa_NF,Snow_SummerClothing_Penguins_SunMid_Sandcastle_NoFire.webp,4,3,Snow,SummerClothing,Penguins,SunMid,Sandcastle,NoFire,2026-07-27T13:56:17.221Z
69f1da7e4a5cf222df2d5ac7,46,S_SC_Ca_SM_Sa_NF,Snow_SummerClothing_Camels_SunMid_Sandcastle_NoFire.webp,5,6,Snow,SummerClothing,Camels,SunMid,Sandcastle,NoFire,2026-07-27T13:56:22.716Z
69f1da7e4a5cf222df2d5ac7,47,S_WC_Ca_SM_Sn_NF,Snow_WinterClothing_Camels_SunMid_Snowman_NoFire.webp,4,3,Snow,WinterClothing,Camels,SunMid,Snowman,NoFire,2026-07-27T13:56:33.683Z
69f1da7e4a5cf222df2d5ac7,48,NS_SC_Pe_SR_Sn_NF,NoSnow_SummerClothing_Penguins_SunRising_Snowman_NoFire.webp,4,2,NoSnow,SummerClothing,Penguins,SunRising,Snowman,NoFire,2026-07-27T13:57:18.016Z
69f1da7e4a5cf222df2d5ac7,49,NS_WC_Ca_SR_Sa_NF,NoSnow_WinterClothing_Camels_SunRising_Sandcastle_NoFire.webp,4,2,NoSnow,WinterClothing,Camels,SunRising,Sandcastle,NoFire,2026-07-27T13:57:26.309Z
69f1da7e4a5cf222df2d5ac7,50,NS_SC_Ca_SR_Sn_WF,NoSnow_SummerClothing_Camels_SunRising_Snowman_Fire.webp,4,3,NoSnow,SummerClothing,Camels,SunRising,Snowman,Fire,2026-07-27T13:57:35.839Z
69f1da7e4a5cf222df2d5ac7,51,S_WC_Pe_SR_Sn_NF,Snow_WinterClothing_Penguins_SunRising_Snowman_NoFire.webp,2,5,Snow,WinterClothing,Penguins,SunRising,Snowman,NoFire,2026-07-27T13:57:42.383Z
69f1da7e4a5cf222df2d5ac7,52,NS_WC_Ca_SM_Sn_NF,NoSnow_WinterClothing_Camels_SunMid_Snowman_NoFire.webp,4,3,NoSnow,WinterClothing,Camels,SunMid,Snowman,NoFire,2026-07-27T13:57:48.807Z
69f1da7e4a5cf222df2d5ac7,53,S_WC_Pe_SM_Sn_NF,Snow_WinterClothing_Penguins_SunMid_Snowman_NoFire.webp,2,5,Snow,WinterClothing,Penguins,SunMid,Snowman,NoFire,2026-07-27T13:57:57.620Z
69f1da7e4a5cf222df2d5ac7,54,NS_WC_Ca_SR_Sn_NF,NoSnow_WinterClothing_Camels_SunRising_Snowman_NoFire.webp,2,3,NoSnow,WinterClothing,Camels,SunRising,Snowman,NoFire,2026-07-27T13:58:13.113Z
69f1da7e4a5cf222df2d5ac7,55,S_WC_Ca_SM_Sa_NF,Snow_WinterClothing_Camels_SunMid_Sandcastle_NoFire.webp,4,5,Snow,WinterClothing,Camels,SunMid,Sandcastle,NoFire,2026-07-27T13:58:19.430Z
69f1da7e4a5cf222df2d5ac7,56,S_SC_Pe_SM_Sa_WF,Snow_SummerClothing_Penguins_SunMid_Sandcastle_Fire.webp,4,3,Snow,SummerClothing,Penguins,SunMid,Sandcastle,Fire,2026-07-27T13:58:25.019Z
69f1da7e4a5cf222df2d5ac7,57,NS_SC_Ca_SM_Sn_NF,NoSnow_SummerClothing_Camels_SunMid_Snowman_NoFire.webp,4,2,NoSnow,SummerClothing,Camels,SunMid,Snowman,NoFire,2026-07-27T13:58:30.858Z
69f1da7e4a5cf222df2d5ac7,58,NS_WC_Pe_SM_Sn_NF,NoSnow_WinterClothing_Penguins_SunMid_Snowman_NoFire.webp,3,5,NoSnow,WinterClothing,Penguins,SunMid,Snowman,NoFire,2026-07-27T13:58:38.614Z
69f1da7e4a5cf222df2d5ac7,59,NS_WC_Ca_SM_Sn_WF,NoSnow_WinterClothing_Camels_SunMid_Snowman_Fire.webp,4,2,NoSnow,WinterClothing,Camels,SunMid,Snowman,Fire,2026-07-27T13:58:48.820Z
69f1da7e4a5cf222df2d5ac7,60,S_WC_Ca_SR_Sa_NF,Snow_WinterClothing_Camels_SunRising_Sandcastle_NoFire.webp,4,2,Snow,WinterClothing,Camels,SunRising,Sandcastle,NoFire,2026-07-27T13:58:59.475Z
69f1da7e4a5cf222df2d5ac7,61,S_SC_Ca_SR_Sn_WF,Snow_SummerClothing_Camels_SunRising_Snowman_Fire.webp,4,2,Snow,SummerClothing,Camels,SunRising,Snowman,Fire,2026-07-27T13:59:15.519Z
69f1da7e4a5cf222df2d5ac7,62,NS_SC_Pe_SM_Sn_NF,NoSnow_SummerClothing_Penguins_SunMid_Snowman_NoFire.webp,4,2,NoSnow,SummerClothing,Penguins,SunMid,Snowman,NoFire,2026-07-27T13:59:22.430Z
69f1da7e4a5cf222df2d5ac7,63,NS_SC_Ca_SR_Sa_WF,NoSnow_SummerClothing_Camels_SunRising_Sandcastle_Fire.webp,6,6,NoSnow,SummerClothing,Camels,SunRising,Sandcastle,Fire,2026-07-27T13:59:28.785Z
66c7ab8ceeb9918cef4c58c2,0,S_SC_Pe_SR_Sa_WF,Snow_SummerClothing_Penguins_SunRising_Sandcastle_Fire.webp,2,2,Snow,SummerClothing,Penguins,SunRising,Sandcastle,Fire,2026-07-27T13:42:51.402Z
66c7ab8ceeb9918cef4c58c2,1,NS_SC_Ca_SM_Sa_WF,NoSnow_SummerClothing_Camels_SunMid_Sandcastle_Fire.webp,6,2,NoSnow,SummerClothing,Camels,SunMid,Sandcastle,Fire,2026-07-27T13:43:02.734Z
66c7ab8ceeb9918cef4c58c2,2,NS_WC_Pe_SR_Sn_NF,NoSnow_WinterClothing_Penguins_SunRising_Snowman_NoFire.webp,2,2,NoSnow,WinterClothing,Penguins,SunRising,Snowman,NoFire,2026-07-27T13:43:12.904Z
66c7ab8ceeb9918cef4c58c2,3,S_SC_Pe_SR_Sn_WF,Snow_SummerClothing_Penguins_SunRising_Snowman_Fire.webp,2,2,Snow,SummerClothing,Penguins,SunRising,Snowman,Fire,2026-07-27T13:43:27.312Z
66c7ab8ceeb9918cef4c58c2,4,S_SC_Pe_SM_Sn_NF,Snow_SummerClothing_Penguins_SunMid_Snowman_NoFire.webp,5,3,Snow,SummerClothing,Penguins,SunMid,Snowman,NoFire,2026-07-27T13:43:38.081Z
66c7ab8ceeb9918cef4c58c2,5,NS_SC_Ca_SR_Sn_NF,NoSnow_SummerClothing_Camels_SunRising_Snowman_NoFire.webp,5,4,NoSnow,SummerClothing,Camels,SunRising,Snowman,NoFire,2026-07-27T13:43:45.972Z
66c7ab8ceeb9918cef4c58c2,6,NS_SC_Pe_SM_Sa_WF,NoSnow_SummerClothing_Penguins_SunMid_Sandcastle_Fire.webp,4,3,NoSnow,SummerClothing,Penguins,SunMid,Sandcastle,Fire,2026-07-27T13:43:53.764Z
66c7ab8ceeb9918cef4c58c2,7,NS_WC_Ca_SR_Sa_WF,NoSnow_WinterClothing_Camels_SunRising_Sandcastle_Fire.webp,4,4,NoSnow,WinterClothing,Camels,SunRising,Sandcastle,Fire,2026-07-27T13:44:03.666Z
66c7ab8ceeb9918cef4c58c2,8,NS_SC_Ca_SM_Sn_WF,NoSnow_SummerClothing_Camels_SunMid_Snowman_Fire.webp,4,2,NoSnow,SummerClothing,Camels,SunMid,Snowman,Fire,2026-07-27T13:44:16.527Z
66c7ab8ceeb9918cef4c58c2,9,S_WC_Ca_SR_Sa_NF,Snow_WinterClothing_Camels_SunRising_Sandcastle_NoFire.webp,3,2,Snow,WinterClothing,Camels,SunRising,Sandcastle,NoFire,2026-07-27T13:44:26.202Z
66c7ab8ceeb9918cef4c58c2,10,S_SC_Ca_SM_Sn_NF,Snow_SummerClothing_Camels_SunMid_Snowman_NoFire.webp,5,3,Snow,SummerClothing,Camels,SunMid,Snowman,NoFire,2026-07-27T13:44:36.612Z
66c7ab8ceeb9918cef4c58c2,11,S_WC_Ca_SM_Sa_WF,Snow_WinterClothing_Camels_SunMid_Sandcastle_Fire.webp,3,3,Snow,WinterClothing,Camels,SunMid,Sandcastle,Fire,2026-07-27T13:44:43.346Z
66c7ab8ceeb9918cef4c58c2,12,NS_WC_Pe_SR_Sn_WF,NoSnow_WinterClothing_Penguins_SunRising_Snowman_Fire.webp,3,3,NoSnow,WinterClothing,Penguins,SunRising,Snowman,Fire,2026-07-27T13:44:50.390Z
66c7ab8ceeb9918cef4c58c2,13,NS_SC_Pe_SM_Sn_NF,NoSnow_SummerClothing_Penguins_SunMid_Snowman_NoFire.webp,5,2,NoSnow,SummerClothing,Penguins,SunMid,Snowman,NoFire,2026-07-27T13:44:58.940Z
66c7ab8ceeb9918cef4c58c2,14,S_WC_Pe_SR_Sa_WF,Snow_WinterClothing_Penguins_SunRising_Sandcastle_Fire.webp,3,3,Snow,WinterClothing,Penguins,SunRising,Sandcastle,Fire,2026-07-27T13:45:09.208Z
66c7ab8ceeb9918cef4c58c2,15,S_SC_Pe_SR_Sa_NF,Snow_SummerClothing_Penguins_SunRising_Sandcastle_NoFire.webp,5,5,Snow,SummerClothing,Penguins,SunRising,Sandcastle,NoFire,2026-07-27T13:45:16.355Z
66c7ab8ceeb9918cef4c58c2,16,NS_SC_Ca_SM_Sa_NF,NoSnow_SummerClothing_Camels_SunMid_Sandcastle_NoFire.webp,5,5,NoSnow,SummerClothing,Camels,SunMid,Sandcastle,NoFire,2026-07-27T13:45:22.955Z
66c7ab8ceeb9918cef4c58c2,17,S_WC_Ca_SM_Sn_NF,Snow_WinterClothing_Camels_SunMid_Snowman_NoFire.webp,3,2,Snow,WinterClothing,Camels,SunMid,Snowman,NoFire,2026-07-27T13:45:31.970Z
66c7ab8ceeb9918cef4c58c2,18,NS_SC_Pe_SR_Sn_NF,NoSnow_SummerClothing_Penguins_SunRising_Snowman_NoFire.webp,5,2,NoSnow,SummerClothing,Penguins,SunRising,Snowman,NoFire,2026-07-27T13:45:39.889Z
66c7ab8ceeb9918cef4c58c2,19,NS_WC_Ca_SR_Sa_NF,NoSnow_WinterClothing_Camels_SunRising_Sandcastle_NoFire.webp,3,2,NoSnow,WinterClothing,Camels,SunRising,Sandcastle,NoFire,2026-07-27T13:45:48.725Z
66c7ab8ceeb9918cef4c58c2,20,NS_SC_Ca_SM_Sn_NF,NoSnow_SummerClothing_Camels_SunMid_Snowman_NoFire.webp,5,2,NoSnow,SummerClothing,Camels,SunMid,Snowman,NoFire,2026-07-27T13:46:00.980Z
66c7ab8ceeb9918cef4c58c2,21,NS_SC_Ca_SR_Sa_WF,NoSnow_SummerClothing_Camels_SunRising_Sandcastle_Fire.webp,5,3,NoSnow,SummerClothing,Camels,SunRising,Sandcastle,Fire,2026-07-27T13:46:08.345Z
66c7ab8ceeb9918cef4c58c2,22,NS_WC_Ca_SR_Sn_NF,NoSnow_WinterClothing_Camels_SunRising_Snowman_NoFire.webp,3,4,NoSnow,WinterClothing,Camels,SunRising,Snowman,NoFire,2026-07-27T13:46:16.199Z
66c7ab8ceeb9918cef4c58c2,23,S_SC_Ca_SR_Sn_NF,Snow_SummerClothing_Camels_SunRising_Snowman_NoFire.webp,5,2,Snow,SummerClothing,Camels,SunRising,Snowman,NoFire,2026-07-27T13:46:23.839Z
66c7ab8ceeb9918cef4c58c2,24,NS_WC_Ca_SM_Sa_WF,NoSnow_WinterClothing_Camels_SunMid_Sandcastle_Fire.webp,3,3,NoSnow,WinterClothing,Camels,SunMid,Sandcastle,Fire,2026-07-27T13:46:32.270Z
66c7ab8ceeb9918cef4c58c2,25,NS_WC_Pe_SM_Sn_NF,NoSnow_WinterClothing_Penguins_SunMid_Snowman_NoFire.webp,3,2,NoSnow,WinterClothing,Penguins,SunMid,Snowman,NoFire,2026-07-27T13:46:40.370Z
66c7ab8ceeb9918cef4c58c2,26,S_SC_Pe_SM_Sa_WF,Snow_SummerClothing_Penguins_SunMid_Sandcastle_Fire.webp,5,4,Snow,SummerClothing,Penguins,SunMid,Sandcastle,Fire,2026-07-27T13:46:50.263Z
66c7ab8ceeb9918cef4c58c2,27,S_WC_Pe_SM_Sn_NF,Snow_WinterClothing_Penguins_SunMid_Snowman_NoFire.webp,3,3,Snow,WinterClothing,Penguins,SunMid,Snowman,NoFire,2026-07-27T13:46:57.741Z
66c7ab8ceeb9918cef4c58c2,28,S_WC_Ca_SR_Sn_NF,Snow_WinterClothing_Camels_SunRising_Snowman_NoFire.webp,3,3,Snow,WinterClothing,Camels,SunRising,Snowman,NoFire,2026-07-27T13:47:05.975Z
66c7ab8ceeb9918cef4c58c2,29,NS_SC_Ca_SR_Sn_WF,NoSnow_SummerClothing_Camels_SunRising_Snowman_Fire.webp,5,3,NoSnow,SummerClothing,Camels,SunRising,Snowman,Fire,2026-07-27T13:47:12.838Z
66c7ab8ceeb9918cef4c58c2,30,NS_WC_Ca_SR_Sn_WF,NoSnow_WinterClothing_Camels_SunRising_Snowman_Fire.webp,3,3,NoSnow,WinterClothing,Camels,SunRising,Snowman,Fire,2026-07-27T13:47:20.750Z
66c7ab8ceeb9918cef4c58c2,31,S_SC_Ca_SR_Sa_WF,Snow_SummerClothing_Camels_SunRising_Sandcastle_Fire.webp,5,4,Snow,SummerClothing,Camels,SunRising,Sandcastle,Fire,2026-07-27T13:47:30.591Z
66c7ab8ceeb9918cef4c58c2,32,NS_WC_Pe_SR_Sa_WF,NoSnow_WinterClothing_Penguins_SunRising_Sandcastle_Fire.webp,3,4,NoSnow,WinterClothing,Penguins,SunRising,Sandcastle,Fire,2026-07-27T13:47:37.633Z
66c7ab8ceeb9918cef4c58c2,33,S_SC_Ca_SR_Sn_WF,Snow_SummerClothing_Camels_SunRising_Snowman_Fire.webp,5,3,Snow,SummerClothing,Camels,SunRising,Snowman,Fire,2026-07-27T13:47:45.575Z
66c7ab8ceeb9918cef4c58c2,34,NS_WC_Pe_SR_Sa_NF,NoSnow_WinterClothing_Penguins_SunRising_Sandcastle_NoFire.webp,3,4,NoSnow,WinterClothing,Penguins,SunRising,Sandcastle,NoFire,2026-07-27T13:47:54.996Z
66c7ab8ceeb9918cef4c58c2,35,NS_WC_Ca_SM_Sn_WF,NoSnow_WinterClothing_Camels_SunMid_Snowman_Fire.webp,3,2,NoSnow,WinterClothing,Camels,SunMid,Snowman,Fire,2026-07-27T13:48:02.406Z
66c7ab8ceeb9918cef4c58c2,36,S_WC_Ca_SR_Sn_WF,Snow_WinterClothing_Camels_SunRising_Snowman_Fire.webp,3,3,Snow,WinterClothing,Camels,SunRising,Snowman,Fire,2026-07-27T13:48:10.424Z
66c7ab8ceeb9918cef4c58c2,37,NS_SC_Ca_SR_Sa_NF,NoSnow_SummerClothing_Camels_SunRising_Sandcastle_NoFire.webp,5,6,NoSnow,SummerClothing,Camels,SunRising,Sandcastle,NoFire,2026-07-27T13:48:18.502Z
66c7ab8ceeb9918cef4c58c2,38,NS_SC_Pe_SM_Sa_NF,NoSnow_SummerClothing_Penguins_SunMid_Sandcastle_NoFire.webp,6,6,NoSnow,SummerClothing,Penguins,SunMid,Sandcastle,NoFire,2026-07-27T13:48:25.550Z
66c7ab8ceeb9918cef4c58c2,39,NS_WC_Pe_SM_Sa_WF,NoSnow_WinterClothing_Penguins_SunMid_Sandcastle_Fire.webp,3,4,NoSnow,WinterClothing,Penguins,SunMid,Sandcastle,Fire,2026-07-27T13:48:36.142Z
66c7ab8ceeb9918cef4c58c2,40,NS_SC_Pe_SR_Sa_NF,NoSnow_SummerClothing_Penguins_SunRising_Sandcastle_NoFire.webp,6,6,NoSnow,SummerClothing,Penguins,SunRising,Sandcastle,NoFire,2026-07-27T13:48:41.879Z
66c7ab8ceeb9918cef4c58c2,41,NS_SC_Pe_SR_Sn_WF,NoSnow_SummerClothing_Penguins_SunRising_Snowman_Fire.webp,4,3,NoSnow,SummerClothing,Penguins,SunRising,Snowman,Fire,2026-07-27T13:48:53.835Z
66c7ab8ceeb9918cef4c58c2,42,NS_WC_Ca_SM_Sn_NF,NoSnow_WinterClothing_Camels_SunMid_Snowman_NoFire.webp,3,4,NoSnow,WinterClothing,Camels,SunMid,Snowman,NoFire,2026-07-27T13:49:02.557Z
66c7ab8ceeb9918cef4c58c2,43,S_WC_Pe_SM_Sa_NF,Snow_WinterClothing_Penguins_SunMid_Sandcastle_NoFire.webp,3,4,Snow,WinterClothing,Penguins,SunMid,Sandcastle,NoFire,2026-07-27T13:49:12.186Z
66c7ab8ceeb9918cef4c58c2,44,S_WC_Ca_SM_Sa_NF,Snow_WinterClothing_Camels_SunMid_Sandcastle_NoFire.webp,3,5,Snow,WinterClothing,Camels,SunMid,Sandcastle,NoFire,2026-07-27T13:49:20.047Z
66c7ab8ceeb9918cef4c58c2,45,S_SC_Ca_SR_Sa_NF,Snow_SummerClothing_Camels_SunRising_Sandcastle_NoFire.webp,5,5,Snow,SummerClothing,Camels,SunRising,Sandcastle,NoFire,2026-07-27T13:49:28.259Z
66c7ab8ceeb9918cef4c58c2,46,S_WC_Pe_SM_Sn_WF,Snow_WinterClothing_Penguins_SunMid_Snowman_Fire.webp,2,6,Snow,WinterClothing,Penguins,SunMid,Snowman,Fire,2026-07-27T13:49:37.881Z
66c7ab8ceeb9918cef4c58c2,47,S_SC_Pe_SR_Sn_NF,Snow_SummerClothing_Penguins_SunRising_Snowman_NoFire.webp,4,3,Snow,SummerClothing,Penguins,SunRising,Snowman,NoFire,2026-07-27T13:49:45.532Z
66c7ab8ceeb9918cef4c58c2,48,S_SC_Ca_SM_Sn_WF,Snow_SummerClothing_Camels_SunMid_Snowman_Fire.webp,4,3,Snow,SummerClothing,Camels,SunMid,Snowman,Fire,2026-07-27T13:49:52.155Z
66c7ab8ceeb9918cef4c58c2,49,S_SC_Pe_SM_Sa_NF,Snow_SummerClothing_Penguins_SunMid_Sandcastle_NoFire.webp,6,6,Snow,SummerClothing,Penguins,SunMid,Sandcastle,NoFire,2026-07-27T13:49:59.714Z
66c7ab8ceeb9918cef4c58c2,50,S_WC_Ca_SR_Sa_WF,Snow_WinterClothing_Camels_SunRising_Sandcastle_Fire.webp,2,3,Snow,WinterClothing,Camels,SunRising,Sandcastle,Fire,2026-07-27T13:50:33.959Z
66c7ab8ceeb9918cef4c58c2,51,NS_WC_Pe_SM_Sn_WF,NoSnow_WinterClothing_Penguins_SunMid_Snowman_Fire.webp,3,5,NoSnow,WinterClothing,Penguins,SunMid,Snowman,Fire,2026-07-27T13:50:43.739Z
66c7ab8ceeb9918cef4c58c2,52,S_WC_Pe_SR_Sn_WF,Snow_WinterClothing_Penguins_SunRising_Snowman_Fire.webp,2,5,Snow,WinterClothing,Penguins,SunRising,Snowman,Fire,2026-07-27T13:50:51.141Z
66c7ab8ceeb9918cef4c58c2,53,S_WC_Ca_SM_Sn_WF,Snow_WinterClothing_Camels_SunMid_Snowman_Fire.webp,2,5,Snow,WinterClothing,Camels,SunMid,Snowman,Fire,2026-07-27T13:50:59.041Z
66c7ab8ceeb9918cef4c58c2,54,NS_SC_Pe_SR_Sa_WF,NoSnow_SummerClothing_Penguins_SunRising_Sandcastle_Fire.webp,4,2,NoSnow,SummerClothing,Penguins,SunRising,Sandcastle,Fire,2026-07-27T13:51:06.532Z
66c7ab8ceeb9918cef4c58c2,55,NS_WC_Ca_SM_Sa_NF,NoSnow_WinterClothing_Camels_SunMid_Sandcastle_NoFire.webp,4,6,NoSnow,WinterClothing,Camels,SunMid,Sandcastle,NoFire,2026-07-27T13:51:13.575Z
66c7ab8ceeb9918cef4c58c2,56,NS_WC_Pe_SM_Sa_NF,NoSnow_WinterClothing_Penguins_SunMid_Sandcastle_NoFire.webp,4,6,NoSnow,WinterClothing,Penguins,SunMid,Sandcastle,NoFire,2026-07-27T13:51:19.605Z
66c7ab8ceeb9918cef4c58c2,57,S_SC_Pe_SM_Sn_WF,Snow_SummerClothing_Penguins_SunMid_Snowman_Fire.webp,4,5,Snow,SummerClothing,Penguins,SunMid,Snowman,Fire,2026-07-27T13:51:37.995Z
66c7ab8ceeb9918cef4c58c2,58,S_SC_Ca_SM_Sa_NF,Snow_SummerClothing_Camels_SunMid_Sandcastle_NoFire.webp,5,6,Snow,SummerClothing,Camels,SunMid,Sandcastle,NoFire,2026-07-27T13:52:57.817Z
66c7ab8ceeb9918cef4c58c2,59,S_WC_Pe_SR_Sn_NF,Snow_WinterClothing_Penguins_SunRising_Snowman_NoFire.webp,3,5,Snow,WinterClothing,Penguins,SunRising,Snowman,NoFire,2026-07-27T13:53:13.440Z
66c7ab8ceeb9918cef4c58c2,60,S_WC_Pe_SM_Sa_WF,Snow_WinterClothing_Penguins_SunMid_Sandcastle_Fire.webp,2,5,Snow,WinterClothing,Penguins,SunMid,Sandcastle,Fire,2026-07-27T13:53:35.445Z
66c7ab8ceeb9918cef4c58c2,61,S_WC_Pe_SR_Sa_NF,Snow_WinterClothing_Penguins_SunRising_Sandcastle_NoFire.webp,4,6,Snow,WinterClothing,Penguins,SunRising,Sandcastle,NoFire,2026-07-27T13:53:50.664Z
66c7ab8ceeb9918cef4c58c2,62,S_SC_Ca_SM_Sa_WF,Snow_SummerClothing_Camels_SunMid_Sandcastle_Fire.webp,4,5,Snow,SummerClothing,Camels,SunMid,Sandcastle,Fire,2026-07-27T13:53:57.466Z
66c7ab8ceeb9918cef4c58c2,63,NS_SC_Pe_SM_Sn_WF,NoSnow_SummerClothing_Penguins_SunMid_Snowman_Fire.webp,4,4,NoSnow,SummerClothing,Penguins,SunMid,Snowman,Fire,2026-07-27T13:57:08.005Z
69fa33971bfe821769fb03d0,0,NS_WC_Ca_SR_Sn_WF,NoSnow_WinterClothing_Camels_SunRising_Snowman_Fire.webp,2,1,NoSnow,WinterClothing,Camels,SunRising,Snowman,Fire,2026-07-27T13:42:46.381Z
69fa33971bfe821769fb03d0,1,S_WC_Pe_SM_Sn_NF,Snow_WinterClothing_Penguins_SunMid_Snowman_NoFire.webp,1,5,Snow,WinterClothing,Penguins,SunMid,Snowman,NoFire,2026-07-27T13:43:14.067Z
69fa33971bfe821769fb03d0,2,NS_SC_Ca_SR_Sa_WF,NoSnow_SummerClothing_Camels_SunRising_Sandcastle_Fire.webp,5,5,NoSnow,SummerClothing,Camels,SunRising,Sandcastle,Fire,2026-07-27T13:43:25.044Z
69fa33971bfe821769fb03d0,3,S_SC_Pe_SR_Sn_NF,Snow_SummerClothing_Penguins_SunRising_Snowman_NoFire.webp,2,2,Snow,SummerClothing,Penguins,SunRising,Snowman,NoFire,2026-07-27T13:43:38.732Z
69fa33971bfe821769fb03d0,4,NS_WC_Pe_SR_Sa_WF,NoSnow_WinterClothing_Penguins_SunRising_Sandcastle_Fire.webp,6,1,NoSnow,WinterClothing,Penguins,SunRising,Sandcastle,Fire,2026-07-27T13:43:50.187Z
69fa33971bfe821769fb03d0,5,NS_WC_Pe_SM_Sa_NF,NoSnow_WinterClothing_Penguins_SunMid_Sandcastle_NoFire.webp,4,2,NoSnow,WinterClothing,Penguins,SunMid,Sandcastle,NoFire,2026-07-27T13:44:06.747Z
69fa33971bfe821769fb03d0,6,S_WC_Pe_SM_Sa_NF,Snow_WinterClothing_Penguins_SunMid_Sandcastle_NoFire.webp,3,2,Snow,WinterClothing,Penguins,SunMid,Sandcastle,NoFire,2026-07-27T13:44:19.003Z
69fa33971bfe821769fb03d0,7,S_WC_Ca_SM_Sn_NF,Snow_WinterClothing_Camels_SunMid_Snowman_NoFire.webp,1,1,Snow,WinterClothing,Camels,SunMid,Snowman,NoFire,2026-07-27T13:44:29.963Z
69fa33971bfe821769fb03d0,8,S_SC_Ca_SR_Sn_WF,Snow_SummerClothing_Camels_SunRising_Snowman_Fire.webp,1,1,Snow,SummerClothing,Camels,SunRising,Snowman,Fire,2026-07-27T13:44:40.971Z
69fa33971bfe821769fb03d0,9,NS_SC_Pe_SM_Sn_WF,NoSnow_SummerClothing_Penguins_SunMid_Snowman_Fire.webp,5,2,NoSnow,SummerClothing,Penguins,SunMid,Snowman,Fire,2026-07-27T13:44:51.707Z
69fa33971bfe821769fb03d0,10,S_WC_Ca_SM_Sa_NF,Snow_WinterClothing_Camels_SunMid_Sandcastle_NoFire.webp,2,1,Snow,WinterClothing,Camels,SunMid,Sandcastle,NoFire,2026-07-27T13:45:03.380Z
69fa33971bfe821769fb03d0,11,NS_WC_Pe_SR_Sn_NF,NoSnow_WinterClothing_Penguins_SunRising_Snowman_NoFire.webp,5,2,NoSnow,WinterClothing,Penguins,SunRising,Snowman,NoFire,2026-07-27T13:45:24.676Z
69fa33971bfe821769fb03d0,12,S_SC_Pe_SM_Sn_NF,Snow_SummerClothing_Penguins_SunMid_Snowman_NoFire.webp,1,5,Snow,SummerClothing,Penguins,SunMid,Snowman,NoFire,2026-07-27T13:45:37.523Z
69fa33971bfe821769fb03d0,13,S_SC_Pe_SM_Sn_WF,Snow_SummerClothing_Penguins_SunMid_Snowman_Fire.webp,1,5,Snow,SummerClothing,Penguins,SunMid,Snowman,Fire,2026-07-27T13:45:51.331Z
69fa33971bfe821769fb03d0,14,S_WC_Ca_SM_Sn_WF,Snow_WinterClothing_Camels_SunMid_Snowman_Fire.webp,3,1,Snow,WinterClothing,Camels,SunMid,Snowman,Fire,2026-07-27T13:46:00.397Z
69fa33971bfe821769fb03d0,15,S_SC_Ca_SM_Sn_WF,Snow_SummerClothing_Camels_SunMid_Snowman_Fire.webp,1,1,Snow,SummerClothing,Camels,SunMid,Snowman,Fire,2026-07-27T13:46:10.260Z
69fa33971bfe821769fb03d0,16,NS_SC_Pe_SM_Sa_WF,NoSnow_SummerClothing_Penguins_SunMid_Sandcastle_Fire.webp,5,1,NoSnow,SummerClothing,Penguins,SunMid,Sandcastle,Fire,2026-07-27T13:46:44.068Z
69fa33971bfe821769fb03d0,17,NS_SC_Ca_SM_Sa_WF,NoSnow_SummerClothing_Camels_SunMid_Sandcastle_Fire.webp,5,6,NoSnow,SummerClothing,Camels,SunMid,Sandcastle,Fire,2026-07-27T13:46:57.996Z
69fa33971bfe821769fb03d0,18,NS_SC_Pe_SR_Sn_WF,NoSnow_SummerClothing_Penguins_SunRising_Snowman_Fire.webp,5,1,NoSnow,SummerClothing,Penguins,SunRising,Snowman,Fire,2026-07-27T13:47:07.988Z
69fa33971bfe821769fb03d0,19,NS_WC_Ca_SR_Sa_NF,NoSnow_WinterClothing_Camels_SunRising_Sandcastle_NoFire.webp,7,5,NoSnow,WinterClothing,Camels,SunRising,Sandcastle,NoFire,2026-07-27T13:47:19.469Z
69fa33971bfe821769fb03d0,20,NS_SC_Ca_SM_Sn_NF,NoSnow_SummerClothing_Camels_SunMid_Snowman_NoFire.webp,5,1,NoSnow,SummerClothing,Camels,SunMid,Snowman,NoFire,2026-07-27T13:47:31.275Z
69fa33971bfe821769fb03d0,21,NS_WC_Pe_SM_Sa_WF,NoSnow_WinterClothing_Penguins_SunMid_Sandcastle_Fire.webp,7,1,NoSnow,WinterClothing,Penguins,SunMid,Sandcastle,Fire,2026-07-27T13:47:38.748Z
69fa33971bfe821769fb03d0,22,S_WC_Pe_SR_Sn_NF,Snow_WinterClothing_Penguins_SunRising_Snowman_NoFire.webp,3,7,Snow,WinterClothing,Penguins,SunRising,Snowman,NoFire,2026-07-27T13:47:45.989Z
69fa33971bfe821769fb03d0,23,NS_SC_Ca_SR_Sn_WF,NoSnow_SummerClothing_Camels_SunRising_Snowman_Fire.webp,5,1,NoSnow,SummerClothing,Camels,SunRising,Snowman,Fire,2026-07-27T13:47:56.477Z
69fa33971bfe821769fb03d0,24,S_WC_Ca_SR_Sa_NF,Snow_WinterClothing_Camels_SunRising_Sandcastle_NoFire.webp,3,1,Snow,WinterClothing,Camels,SunRising,Sandcastle,NoFire,2026-07-27T13:48:07.589Z
69fa33971bfe821769fb03d0,25,NS_SC_Ca_SM_Sn_WF,NoSnow_SummerClothing_Camels_SunMid_Snowman_Fire.webp,5,2,NoSnow,SummerClothing,Camels,SunMid,Snowman,Fire,2026-07-27T13:50:04.460Z
69fa33971bfe821769fb03d0,26,NS_WC_Pe_SM_Sn_WF,NoSnow_WinterClothing_Penguins_SunMid_Snowman_Fire.webp,7,1,NoSnow,WinterClothing,Penguins,SunMid,Snowman,Fire,2026-07-27T13:50:18.381Z
69fa33971bfe821769fb03d0,27,S_SC_Ca_SR_Sa_WF,Snow_SummerClothing_Camels_SunRising_Sandcastle_Fire.webp,1,2,Snow,SummerClothing,Camels,SunRising,Sandcastle,Fire,2026-07-27T13:51:08.573Z
69fa33971bfe821769fb03d0,28,S_WC_Pe_SM_Sa_WF,Snow_WinterClothing_Penguins_SunMid_Sandcastle_Fire.webp,5,3,Snow,WinterClothing,Penguins,SunMid,Sandcastle,Fire,2026-07-27T13:51:53.029Z
69fa33971bfe821769fb03d0,29,NS_SC_Pe_SM_Sn_NF,NoSnow_SummerClothing_Penguins_SunMid_Snowman_NoFire.webp,6,1,NoSnow,SummerClothing,Penguins,SunMid,Snowman,NoFire,2026-07-27T13:52:01.141Z
69fa33971bfe821769fb03d0,30,S_WC_Ca_SR_Sn_NF,Snow_WinterClothing_Camels_SunRising_Snowman_NoFire.webp,3,1,Snow,WinterClothing,Camels,SunRising,Snowman,NoFire,2026-07-27T13:52:09.965Z
69fa33971bfe821769fb03d0,31,S_SC_Pe_SM_Sa_NF,Snow_SummerClothing_Penguins_SunMid_Sandcastle_NoFire.webp,1,2,Snow,SummerClothing,Penguins,SunMid,Sandcastle,NoFire,2026-07-27T13:52:24.637Z
69fa33971bfe821769fb03d0,32,NS_WC_Ca_SM_Sa_NF,NoSnow_WinterClothing_Camels_SunMid_Sandcastle_NoFire.webp,6,2,NoSnow,WinterClothing,Camels,SunMid,Sandcastle,NoFire,2026-07-27T13:53:35.685Z
69fa33971bfe821769fb03d0,33,S_WC_Ca_SR_Sn_WF,Snow_WinterClothing_Camels_SunRising_Snowman_Fire.webp,5,1,Snow,WinterClothing,Camels,SunRising,Snowman,Fire,2026-07-27T13:54:00.477Z
69fa33971bfe821769fb03d0,34,S_WC_Pe_SR_Sn_WF,Snow_WinterClothing_Penguins_SunRising_Snowman_Fire.webp,5,2,Snow,WinterClothing,Penguins,SunRising,Snowman,Fire,2026-07-27T13:54:18.685Z
69fa33971bfe821769fb03d0,35,S_SC_Ca_SM_Sn_NF,Snow_SummerClothing_Camels_SunMid_Snowman_NoFire.webp,7,2,Snow,SummerClothing,Camels,SunMid,Snowman,NoFire,2026-07-27T13:54:35.678Z
69fa33971bfe821769fb03d0,36,NS_WC_Pe_SR_Sa_NF,NoSnow_WinterClothing_Penguins_SunRising_Sandcastle_NoFire.webp,6,3,NoSnow,WinterClothing,Penguins,SunRising,Sandcastle,NoFire,2026-07-27T13:54:52.557Z
69fa33971bfe821769fb03d0,37,NS_SC_Ca_SM_Sa_NF,NoSnow_SummerClothing_Camels_SunMid_Sandcastle_NoFire.webp,5,3,NoSnow,SummerClothing,Camels,SunMid,Sandcastle,NoFire,2026-07-27T13:55:00.461Z
69fa33971bfe821769fb03d0,38,NS_WC_Ca_SM_Sa_WF,NoSnow_WinterClothing_Camels_SunMid_Sandcastle_Fire.webp,3,5,NoSnow,WinterClothing,Camels,SunMid,Sandcastle,Fire,2026-07-27T13:55:08.445Z
69fa33971bfe821769fb03d0,39,NS_SC_Pe_SR_Sa_WF,NoSnow_SummerClothing_Penguins_SunRising_Sandcastle_Fire.webp,7,3,NoSnow,SummerClothing,Penguins,SunRising,Sandcastle,Fire,2026-07-27T13:55:41.150Z
69fa33971bfe821769fb03d0,40,NS_WC_Pe_SR_Sn_WF,NoSnow_WinterClothing_Penguins_SunRising_Snowman_Fire.webp,6,3,NoSnow,WinterClothing,Penguins,SunRising,Snowman,Fire,2026-07-27T13:55:52.557Z
69fa33971bfe821769fb03d0,41,S_SC_Ca_SR_Sa_NF,Snow_SummerClothing_Camels_SunRising_Sandcastle_NoFire.webp,1,2,Snow,SummerClothing,Camels,SunRising,Sandcastle,NoFire,2026-07-27T13:56:05.118Z
69fa33971bfe821769fb03d0,42,S_SC_Pe_SR_Sn_WF,Snow_SummerClothing_Penguins_SunRising_Snowman_Fire.webp,2,3,Snow,SummerClothing,Penguins,SunRising,Snowman,Fire,2026-07-27T13:57:11.502Z
69fa33971bfe821769fb03d0,43,NS_SC_Pe_SR_Sa_NF,NoSnow_SummerClothing_Penguins_SunRising_Sandcastle_NoFire.webp,5,1,NoSnow,SummerClothing,Penguins,SunRising,Sandcastle,NoFire,2026-07-27T13:58:18.934Z
69fa33971bfe821769fb03d0,44,NS_SC_Pe_SM_Sa_NF,NoSnow_SummerClothing_Penguins_SunMid_Sandcastle_NoFire.webp,5,1,NoSnow,SummerClothing,Penguins,SunMid,Sandcastle,NoFire,2026-07-27T13:58:35.926Z
69fa33971bfe821769fb03d0,45,NS_SC_Ca_SR_Sa_NF,NoSnow_SummerClothing_Camels_SunRising_Sandcastle_NoFire.webp,5,6,NoSnow,SummerClothing,Camels,SunRising,Sandcastle,NoFire,2026-07-27T13:59:15.799Z
69fa33971bfe821769fb03d0,46,NS_SC_Pe_SR_Sn_NF,NoSnow_SummerClothing_Penguins_SunRising_Snowman_NoFire.webp,5,1,NoSnow,SummerClothing,Penguins,SunRising,Snowman,NoFire,2026-07-27T13:59:26.190Z
69fa33971bfe821769fb03d0,47,NS_WC_Ca_SM_Sn_NF,NoSnow_WinterClothing_Camels_SunMid_Snowman_NoFire.webp,6,2,NoSnow,WinterClothing,Camels,SunMid,Snowman,NoFire,2026-07-27T13:59:37.438Z
69fa33971bfe821769fb03d0,48,S_WC_Ca_SR_Sa_WF,Snow_WinterClothing_Camels_SunRising_Sandcastle_Fire.webp,1,2,Snow,WinterClothing,Camels,SunRising,Sandcastle,Fire,2026-07-27T13:59:47.814Z
69fa33971bfe821769fb03d0,49,S_WC_Pe_SR_Sa_NF,Snow_WinterClothing_Penguins_SunRising_Sandcastle_NoFire.webp,2,3,Snow,WinterClothing,Penguins,SunRising,Sandcastle,NoFire,2026-07-27T14:00:28.950Z
69fa33971bfe821769fb03d0,50,NS_WC_Ca_SR_Sa_WF,NoSnow_WinterClothing_Camels_SunRising_Sandcastle_Fire.webp,7,2,NoSnow,WinterClothing,Camels,SunRising,Sandcastle,Fire,2026-07-27T14:00:58.775Z
69fa33971bfe821769fb03d0,51,S_SC_Ca_SM_Sa_NF,Snow_SummerClothing_Camels_SunMid_Sandcastle_NoFire.webp,1,1,Snow,SummerClothing,Camels,SunMid,Sandcastle,NoFire,2026-07-27T14:01:24.278Z
69fa33971bfe821769fb03d0,52,S_WC_Pe_SR_Sa_WF,Snow_WinterClothing_Penguins_SunRising_Sandcastle_Fire.webp,3,4,Snow,WinterClothing,Penguins,SunRising,Sandcastle,Fire,2026-07-27T14:09:46.975Z
69fa33971bfe821769fb03d0,53,S_WC_Ca_SM_Sa_WF,Snow_WinterClothing_Camels_SunMid_Sandcastle_Fire.webp,2,1,Snow,WinterClothing,Camels,SunMid,Sandcastle,Fire,2026-07-27T14:09:56.255Z
69fa33971bfe821769fb03d0,54,S_SC_Ca_SM_Sa_WF,Snow_SummerClothing_Camels_SunMid_Sandcastle_Fire.webp,1,1,Snow,SummerClothing,Camels,SunMid,Sandcastle,Fire,2026-07-27T14:10:12.799Z
69fa33971bfe821769fb03d0,55,S_SC_Pe_SR_Sa_NF,Snow_SummerClothing_Penguins_SunRising_Sandcastle_NoFire.webp,1,3,Snow,SummerClothing,Penguins,SunRising,Sandcastle,NoFire,2026-07-27T14:10:20.719Z
69fa33971bfe821769fb03d0,56,NS_SC_Ca_SR_Sn_NF,NoSnow_SummerClothing_Camels_SunRising_Snowman_NoFire.webp,5,2,NoSnow,SummerClothing,Camels,SunRising,Snowman,NoFire,2026-07-27T14:10:33.043Z
69fa33971bfe821769fb03d0,57,S_WC_Pe_SM_Sn_WF,Snow_WinterClothing_Penguins_SunMid_Snowman_Fire.webp,4,6,Snow,WinterClothing,Penguins,SunMid,Snowman,Fire,2026-07-27T14:10:54.383Z
69fa33971bfe821769fb03d0,58,S_SC_Pe_SR_Sa_WF,Snow_SummerClothing_Penguins_SunRising_Sandcastle_Fire.webp,2,5,Snow,SummerClothing,Penguins,SunRising,Sandcastle,Fire,2026-07-27T14:15:44.696Z
69fa33971bfe821769fb03d0,59,NS_WC_Pe_SM_Sn_NF,NoSnow_WinterClothing_Penguins_SunMid_Snowman_NoFire.webp,5,2,NoSnow,WinterClothing,Penguins,SunMid,Snowman,NoFire,2026-07-27T14:15:53.719Z
69fa33971bfe821769fb03d0,60,NS_WC_Ca_SR_Sn_NF,NoSnow_WinterClothing_Camels_SunRising_Snowman_NoFire.webp,2,3,NoSnow,WinterClothing,Camels,SunRising,Snowman,NoFire,2026-07-27T14:16:03.871Z
69fa33971bfe821769fb03d0,61,S_SC_Pe_SM_Sa_WF,Snow_SummerClothing_Penguins_SunMid_Sandcastle_Fire.webp,3,2,Snow,SummerClothing,Penguins,SunMid,Sandcastle,Fire,2026-07-27T14:16:12.200Z
69fa33971bfe821769fb03d0,62,NS_WC_Ca_SM_Sn_WF,NoSnow_WinterClothing_Camels_SunMid_Snowman_Fire.webp,5,3,NoSnow,WinterClothing,Camels,SunMid,Snowman,Fire,2026-07-27T14:16:29.144Z
69fa33971bfe821769fb03d0,63,S_SC_Ca_SR_Sn_NF,Snow_SummerClothing_Camels_SunRising_Snowman_NoFire.webp,5,3,Snow,SummerClothing,Camels,SunRising,Snowman,NoFire,2026-07-27T14:16:38.672Z
673f6ffebce20832346325de,0,S_SC_Pe_SR_Sa_NF,Snow_SummerClothing_Penguins_SunRising_Sandcastle_NoFire.webp,4,2,Snow,SummerClothing,Penguins,SunRising,Sandcastle,NoFire,2026-07-27T13:43:13.180Z
673f6ffebce20832346325de,1,S_SC_Pe_SR_Sn_NF,Snow_SummerClothing_Penguins_SunRising_Snowman_NoFire.webp,4,1,Snow,SummerClothing,Penguins,SunRising,Snowman,NoFire,2026-07-27T13:43:21.579Z
673f6ffebce20832346325de,2,S_WC_Pe_SM_Sa_NF,Snow_WinterClothing_Penguins_SunMid_Sandcastle_NoFire.webp,4,1,Snow,WinterClothing,Penguins,SunMid,Sandcastle,NoFire,2026-07-27T13:43:30.596Z
673f6ffebce20832346325de,3,NS_WC_Ca_SR_Sa_WF,NoSnow_WinterClothing_Camels_SunRising_Sandcastle_Fire.webp,6,1,NoSnow,WinterClothing,Camels,SunRising,Sandcastle,Fire,2026-07-27T13:43:38.629Z
673f6ffebce20832346325de,4,NS_SC_Ca_SR_Sn_NF,NoSnow_SummerClothing_Camels_SunRising_Snowman_NoFire.webp,4,2,NoSnow,SummerClothing,Camels,SunRising,Snowman,NoFire,2026-07-27T13:43:48.162Z
673f6ffebce20832346325de,5,NS_WC_Pe_SM_Sn_WF,NoSnow_WinterClothing_Penguins_SunMid_Snowman_Fire.webp,5,1,NoSnow,WinterClothing,Penguins,SunMid,Snowman,Fire,2026-07-27T13:43:58.046Z
673f6ffebce20832346325de,6,S_WC_Pe_SM_Sn_NF,Snow_WinterClothing_Penguins_SunMid_Snowman_NoFire.webp,2,7,Snow,WinterClothing,Penguins,SunMid,Snowman,NoFire,2026-07-27T13:44:07.062Z
673f6ffebce20832346325de,7,S_WC_Pe_SR_Sn_WF,Snow_WinterClothing_Penguins_SunRising_Snowman_Fire.webp,2,6,Snow,WinterClothing,Penguins,SunRising,Snowman,Fire,2026-07-27T13:44:14.796Z
673f6ffebce20832346325de,8,NS_WC_Pe_SM_Sa_NF,NoSnow_WinterClothing_Penguins_SunMid_Sandcastle_NoFire.webp,5,3,NoSnow,WinterClothing,Penguins,SunMid,Sandcastle,NoFire,2026-07-27T13:44:25.046Z
673f6ffebce20832346325de,9,S_WC_Ca_SM_Sn_NF,Snow_WinterClothing_Camels_SunMid_Snowman_NoFire.webp,4,2,Snow,WinterClothing,Camels,SunMid,Snowman,NoFire,2026-07-27T13:44:31.695Z
673f6ffebce20832346325de,10,NS_WC_Ca_SM_Sa_WF,NoSnow_WinterClothing_Camels_SunMid_Sandcastle_Fire.webp,4,2,NoSnow,WinterClothing,Camels,SunMid,Sandcastle,Fire,2026-07-27T13:44:39.045Z
673f6ffebce20832346325de,11,NS_WC_Pe_SR_Sa_NF,NoSnow_WinterClothing_Penguins_SunRising_Sandcastle_NoFire.webp,4,2,NoSnow,WinterClothing,Penguins,SunRising,Sandcastle,NoFire,2026-07-27T13:44:51.228Z
673f6ffebce20832346325de,12,S_WC_Pe_SR_Sa_WF,Snow_WinterClothing_Penguins_SunRising_Sandcastle_Fire.webp,2,2,Snow,WinterClothing,Penguins,SunRising,Sandcastle,Fire,2026-07-27T13:45:02.545Z
673f6ffebce20832346325de,13,S_SC_Ca_SR_Sn_WF,Snow_SummerClothing_Camels_SunRising_Snowman_Fire.webp,2,2,Snow,SummerClothing,Camels,SunRising,Snowman,Fire,2026-07-27T13:45:09.462Z
673f6ffebce20832346325de,14,S_SC_Ca_SM_Sn_WF,Snow_SummerClothing_Camels_SunMid_Snowman_Fire.webp,5,2,Snow,SummerClothing,Camels,SunMid,Snowman,Fire,2026-07-27T13:45:19.828Z
673f6ffebce20832346325de,15,NS_SC_Ca_SR_Sa_WF,NoSnow_SummerClothing_Camels_SunRising_Sandcastle_Fire.webp,6,6,NoSnow,SummerClothing,Camels,SunRising,Sandcastle,Fire,2026-07-27T13:45:27.878Z
673f6ffebce20832346325de,16,S_SC_Pe_SM_Sn_NF,Snow_SummerClothing_Penguins_SunMid_Snowman_NoFire.webp,1,7,Snow,SummerClothing,Penguins,SunMid,Snowman,NoFire,2026-07-27T13:45:35.112Z
673f6ffebce20832346325de,17,S_WC_Pe_SM_Sn_WF,Snow_WinterClothing_Penguins_SunMid_Snowman_Fire.webp,3,5,Snow,WinterClothing,Penguins,SunMid,Snowman,Fire,2026-07-27T13:45:42.528Z
673f6ffebce20832346325de,18,NS_SC_Ca_SM_Sn_WF,NoSnow_SummerClothing_Camels_SunMid_Snowman_Fire.webp,5,2,NoSnow,SummerClothing,Camels,SunMid,Snowman,Fire,2026-07-27T13:45:49.395Z
673f6ffebce20832346325de,19,NS_SC_Pe_SR_Sa_WF,NoSnow_SummerClothing_Penguins_SunRising_Sandcastle_Fire.webp,4,3,NoSnow,SummerClothing,Penguins,SunRising,Sandcastle,Fire,2026-07-27T13:45:58.761Z
673f6ffebce20832346325de,20,S_WC_Ca_SR_Sn_NF,Snow_WinterClothing_Camels_SunRising_Snowman_NoFire.webp,2,1,Snow,WinterClothing,Camels,SunRising,Snowman,NoFire,2026-07-27T13:46:05.795Z
673f6ffebce20832346325de,21,NS_SC_Ca_SM_Sa_NF,NoSnow_SummerClothing_Camels_SunMid_Sandcastle_NoFire.webp,5,6,NoSnow,SummerClothing,Camels,SunMid,Sandcastle,NoFire,2026-07-27T13:46:12.762Z
673f6ffebce20832346325de,22,NS_SC_Ca_SR_Sn_WF,NoSnow_SummerClothing_Camels_SunRising_Snowman_Fire.webp,4,2,NoSnow,SummerClothing,Camels,SunRising,Snowman,Fire,2026-07-27T13:46:19.245Z
673f6ffebce20832346325de,23,NS_WC_Ca_SR_Sn_WF,NoSnow_WinterClothing_Camels_SunRising_Snowman_Fire.webp,4,2,NoSnow,WinterClothing,Camels,SunRising,Snowman,Fire,2026-07-27T13:46:25.345Z
673f6ffebce20832346325de,24,NS_WC_Pe_SM_Sn_NF,NoSnow_WinterClothing_Penguins_SunMid_Snowman_NoFire.webp,4,2,NoSnow,WinterClothing,Penguins,SunMid,Snowman,NoFire,2026-07-27T13:46:32.861Z
673f6ffebce20832346325de,25,S_WC_Pe_SR_Sa_NF,Snow_WinterClothing_Penguins_SunRising_Sandcastle_NoFire.webp,2,2,Snow,WinterClothing,Penguins,SunRising,Sandcastle,NoFire,2026-07-27T13:46:40.878Z
673f6ffebce20832346325de,26,NS_WC_Ca_SM_Sn_NF,NoSnow_WinterClothing_Camels_SunMid_Snowman_NoFire.webp,5,3,NoSnow,WinterClothing,Camels,SunMid,Snowman,NoFire,2026-07-27T13:46:47.578Z
673f6ffebce20832346325de,27,S_WC_Pe_SM_Sa_WF,Snow_WinterClothing_Penguins_SunMid_Sandcastle_Fire.webp,2,2,Snow,WinterClothing,Penguins,SunMid,Sandcastle,Fire,2026-07-27T13:46:54.528Z
673f6ffebce20832346325de,28,NS_WC_Ca_SM_Sa_NF,NoSnow_WinterClothing_Camels_SunMid_Sandcastle_NoFire.webp,6,6,NoSnow,WinterClothing,Camels,SunMid,Sandcastle,NoFire,2026-07-27T13:47:01.228Z
673f6ffebce20832346325de,29,S_SC_Pe_SR_Sa_WF,Snow_SummerClothing_Penguins_SunRising_Sandcastle_Fire.webp,1,3,Snow,SummerClothing,Penguins,SunRising,Sandcastle,Fire,2026-07-27T13:47:11.044Z
673f6ffebce20832346325de,30,S_SC_Ca_SM_Sn_NF,Snow_SummerClothing_Camels_SunMid_Snowman_NoFire.webp,1,1,Snow,SummerClothing,Camels,SunMid,Snowman,NoFire,2026-07-27T13:47:18.211Z
673f6ffebce20832346325de,31,S_WC_Ca_SM_Sn_WF,Snow_WinterClothing_Camels_SunMid_Snowman_Fire.webp,5,3,Snow,WinterClothing,Camels,SunMid,Snowman,Fire,2026-07-27T13:47:24.511Z
673f6ffebce20832346325de,32,S_WC_Ca_SR_Sn_WF,Snow_WinterClothing_Camels_SunRising_Snowman_Fire.webp,4,3,Snow,WinterClothing,Camels,SunRising,Snowman,Fire,2026-07-27T13:47:31.594Z
673f6ffebce20832346325de,33,S_SC_Ca_SR_Sa_NF,Snow_SummerClothing_Camels_SunRising_Sandcastle_NoFire.webp,5,6,Snow,SummerClothing,Camels,SunRising,Sandcastle,NoFire,2026-07-27T13:47:39.161Z
673f6ffebce20832346325de,34,S_SC_Pe_SM_Sa_WF,Snow_SummerClothing_Penguins_SunMid_Sandcastle_Fire.webp,2,2,Snow,SummerClothing,Penguins,SunMid,Sandcastle,Fire,2026-07-27T13:47:47.960Z
673f6ffebce20832346325de,35,NS_WC_Pe_SR_Sa_WF,NoSnow_WinterClothing_Penguins_SunRising_Sandcastle_Fire.webp,6,3,NoSnow,WinterClothing,Penguins,SunRising,Sandcastle,Fire,2026-07-27T13:47:54.511Z
673f6ffebce20832346325de,36,NS_SC_Pe_SR_Sa_NF,NoSnow_SummerClothing_Penguins_SunRising_Sandcastle_NoFire.webp,5,2,NoSnow,SummerClothing,Penguins,SunRising,Sandcastle,NoFire,2026-07-27T13:48:01.311Z
673f6ffebce20832346325de,37,NS_SC_Ca_SM_Sn_NF,NoSnow_SummerClothing_Camels_SunMid_Snowman_NoFire.webp,5,5,NoSnow,SummerClothing,Camels,SunMid,Snowman,NoFire,2026-07-27T13:48:07.878Z
673f6ffebce20832346325de,38,NS_SC_Pe_SM_Sn_WF,NoSnow_SummerClothing_Penguins_SunMid_Snowman_Fire.webp,5,4,NoSnow,SummerClothing,Penguins,SunMid,Snowman,Fire,2026-07-27T13:48:14.927Z
673f6ffebce20832346325de,39,NS_WC_Ca_SM_Sn_WF,NoSnow_WinterClothing_Camels_SunMid_Snowman_Fire.webp,6,4,NoSnow,WinterClothing,Camels,SunMid,Snowman,Fire,2026-07-27T13:48:22.311Z
673f6ffebce20832346325de,40,S_WC_Ca_SM_Sa_WF,Snow_WinterClothing_Camels_SunMid_Sandcastle_Fire.webp,3,3,Snow,WinterClothing,Camels,SunMid,Sandcastle,Fire,2026-07-27T13:48:29.244Z
673f6ffebce20832346325de,41,NS_SC_Ca_SM_Sa_WF,NoSnow_SummerClothing_Camels_SunMid_Sandcastle_Fire.webp,6,6,NoSnow,SummerClothing,Camels,SunMid,Sandcastle,Fire,2026-07-27T13:48:35.660Z
673f6ffebce20832346325de,42,NS_SC_Pe_SR_Sn_NF,NoSnow_SummerClothing_Penguins_SunRising_Snowman_NoFire.webp,5,5,NoSnow,SummerClothing,Penguins,SunRising,Snowman,NoFire,2026-07-27T13:48:41.794Z
673f6ffebce20832346325de,43,S_WC_Ca_SM_Sa_NF,Snow_WinterClothing_Camels_SunMid_Sandcastle_NoFire.webp,2,3,Snow,WinterClothing,Camels,SunMid,Sandcastle,NoFire,2026-07-27T13:48:48.427Z
673f6ffebce20832346325de,44,S_SC_Pe_SM_Sa_NF,Snow_SummerClothing_Penguins_SunMid_Sandcastle_NoFire.webp,1,2,Snow,SummerClothing,Penguins,SunMid,Sandcastle,NoFire,2026-07-27T13:48:55.261Z
673f6ffebce20832346325de,45,S_SC_Ca_SR_Sa_WF,Snow_SummerClothing_Camels_SunRising_Sandcastle_Fire.webp,2,2,Snow,SummerClothing,Camels,SunRising,Sandcastle,Fire,2026-07-27T13:49:01.610Z
673f6ffebce20832346325de,46,NS_WC_Ca_SR_Sa_NF,NoSnow_WinterClothing_Camels_SunRising_Sandcastle_NoFire.webp,7,3,NoSnow,WinterClothing,Camels,SunRising,Sandcastle,NoFire,2026-07-27T13:49:08.460Z
673f6ffebce20832346325de,47,NS_SC_Pe_SM_Sn_NF,NoSnow_SummerClothing_Penguins_SunMid_Snowman_NoFire.webp,5,3,NoSnow,SummerClothing,Penguins,SunMid,Snowman,NoFire,2026-07-27T13:49:15.777Z
673f6ffebce20832346325de,48,S_WC_Pe_SR_Sn_NF,Snow_WinterClothing_Penguins_SunRising_Snowman_NoFire.webp,3,7,Snow,WinterClothing,Penguins,SunRising,Snowman,NoFire,2026-07-27T13:49:23.693Z
673f6ffebce20832346325de,49,NS_WC_Ca_SR_Sn_NF,NoSnow_WinterClothing_Camels_SunRising_Snowman_NoFire.webp,6,4,NoSnow,WinterClothing,Camels,SunRising,Snowman,NoFire,2026-07-27T13:49:30.143Z
673f6ffebce20832346325de,50,S_SC_Ca_SM_Sa_WF,Snow_SummerClothing_Camels_SunMid_Sandcastle_Fire.webp,2,2,Snow,SummerClothing,Camels,SunMid,Sandcastle,Fire,2026-07-27T13:49:36.593Z
673f6ffebce20832346325de,51,NS_SC_Pe_SM_Sa_WF,NoSnow_SummerClothing_Penguins_SunMid_Sandcastle_Fire.webp,6,5,NoSnow,SummerClothing,Penguins,SunMid,Sandcastle,Fire,2026-07-27T13:49:42.643Z
673f6ffebce20832346325de,52,NS_SC_Pe_SR_Sn_WF,NoSnow_SummerClothing_Penguins_SunRising_Snowman_Fire.webp,6,5,NoSnow,SummerClothing,Penguins,SunRising,Snowman,Fire,2026-07-27T13:49:48.743Z
673f6ffebce20832346325de,53,NS_WC_Pe_SR_Sn_NF,NoSnow_WinterClothing_Penguins_SunRising_Snowman_NoFire.webp,7,4,NoSnow,WinterClothing,Penguins,SunRising,Snowman,NoFire,2026-07-27T13:49:55.260Z
673f6ffebce20832346325de,54,S_WC_Ca_SR_Sa_WF,Snow_WinterClothing_Camels_SunRising_Sandcastle_Fire.webp,3,3,Snow,WinterClothing,Camels,SunRising,Sandcastle,Fire,2026-07-27T13:50:02.627Z
673f6ffebce20832346325de,55,S_WC_Ca_SR_Sa_NF,Snow_WinterClothing_Camels_SunRising_Sandcastle_NoFire.webp,3,3,Snow,WinterClothing,Camels,SunRising,Sandcastle,NoFire,2026-07-27T13:50:08.860Z
673f6ffebce20832346325de,56,S_SC_Ca_SR_Sn_NF,Snow_SummerClothing_Camels_SunRising_Snowman_NoFire.webp,2,2,Snow,SummerClothing,Camels,SunRising,Snowman,NoFire,2026-07-27T13:50:15.593Z
673f6ffebce20832346325de,57,S_SC_Pe_SM_Sn_WF,Snow_SummerClothing_Penguins_SunMid_Snowman_Fire.webp,2,2,Snow,SummerClothing,Penguins,SunMid,Snowman,Fire,2026-07-27T13:50:21.710Z
673f6ffebce20832346325de,58,S_SC_Ca_SM_Sa_NF,Snow_SummerClothing_Camels_SunMid_Sandcastle_NoFire.webp,2,2,Snow,SummerClothing,Camels,SunMid,Sandcastle,NoFire,2026-07-27T13:50:28.610Z
673f6ffebce20832346325de,59,NS_WC_Pe_SR_Sn_WF,NoSnow_WinterClothing_Penguins_SunRising_Snowman_Fire.webp,6,4,NoSnow,WinterClothing,Penguins,SunRising,Snowman,Fire,2026-07-27T13:50:35.226Z
673f6ffebce20832346325de,60,NS_SC_Pe_SM_Sa_NF,NoSnow_SummerClothing_Penguins_SunMid_Sandcastle_NoFire.webp,5,5,NoSnow,SummerClothing,Penguins,SunMid,Sandcastle,NoFire,2026-07-27T13:50:42.193Z
673f6ffebce20832346325de,61,NS_SC_Ca_SR_Sa_NF,NoSnow_SummerClothing_Camels_SunRising_Sandcastle_NoFire.webp,5,7,NoSnow,SummerClothing,Camels,SunRising,Sandcastle,NoFire,2026-07-27T13:50:52.877Z
673f6ffebce20832346325de,62,NS_WC_Pe_SM_Sa_WF,NoSnow_WinterClothing_Penguins_SunMid_Sandcastle_Fire.webp,6,3,NoSnow,WinterClothing,Penguins,SunMid,Sandcastle,Fire,2026-07-27T13:51:01.560Z
673f6ffebce20832346325de,63,S_SC_Pe_SR_Sn_WF,Snow_SummerClothing_Penguins_SunRising_Snowman_Fire.webp,1,5,Snow,SummerClothing,Penguins,SunRising,Snowman,Fire,2026-07-27T13:51:10.794Z
69e8b296cf58f745dc89bacd,0,NS_SC_Ca_SM_Sn_WF,NoSnow_SummerClothing_Camels_SunMid_Snowman_Fire.webp,7,1,NoSnow,SummerClothing,Camels,SunMid,Snowman,Fire,2026-07-27T13:42:28.345Z
69e8b296cf58f745dc89bacd,1,S_SC_Ca_SM_Sn_WF,Snow_SummerClothing_Camels_SunMid_Snowman_Fire.webp,4,1,Snow,SummerClothing,Camels,SunMid,Snowman,Fire,2026-07-27T13:42:50.700Z
69e8b296cf58f745dc89bacd,2,S_WC_Pe_SM_Sn_NF,Snow_WinterClothing_Penguins_SunMid_Snowman_NoFire.webp,1,7,Snow,WinterClothing,Penguins,SunMid,Snowman,NoFire,2026-07-27T13:43:04.090Z
69e8b296cf58f745dc89bacd,3,NS_WC_Pe_SR_Sa_NF,NoSnow_WinterClothing_Penguins_SunRising_Sandcastle_NoFire.webp,3,1,NoSnow,WinterClothing,Penguins,SunRising,Sandcastle,NoFire,2026-07-27T13:43:17.901Z
69e8b296cf58f745dc89bacd,4,S_SC_Pe_SR_Sa_WF,Snow_SummerClothing_Penguins_SunRising_Sandcastle_Fire.webp,5,1,Snow,SummerClothing,Penguins,SunRising,Sandcastle,Fire,2026-07-27T13:43:30.095Z
69e8b296cf58f745dc89bacd,5,S_WC_Pe_SR_Sa_NF,Snow_WinterClothing_Penguins_SunRising_Sandcastle_NoFire.webp,5,1,Snow,WinterClothing,Penguins,SunRising,Sandcastle,NoFire,2026-07-27T13:43:42.836Z
69e8b296cf58f745dc89bacd,6,NS_SC_Pe_SM_Sn_WF,NoSnow_SummerClothing_Penguins_SunMid_Snowman_Fire.webp,5,1,NoSnow,SummerClothing,Penguins,SunMid,Snowman,Fire,2026-07-27T13:43:54.756Z
69e8b296cf58f745dc89bacd,7,NS_SC_Ca_SR_Sa_WF,NoSnow_SummerClothing_Camels_SunRising_Sandcastle_Fire.webp,7,7,NoSnow,SummerClothing,Camels,SunRising,Sandcastle,Fire,2026-07-27T13:44:04.963Z
69e8b296cf58f745dc89bacd,8,NS_SC_Ca_SR_Sa_NF,NoSnow_SummerClothing_Camels_SunRising_Sandcastle_NoFire.webp,7,7,NoSnow,SummerClothing,Camels,SunRising,Sandcastle,NoFire,2026-07-27T13:44:15.256Z
69e8b296cf58f745dc89bacd,9,NS_SC_Pe_SR_Sa_NF,NoSnow_SummerClothing_Penguins_SunRising_Sandcastle_NoFire.webp,5,1,NoSnow,SummerClothing,Penguins,SunRising,Sandcastle,NoFire,2026-07-27T13:44:24.878Z
69e8b296cf58f745dc89bacd,10,NS_WC_Pe_SM_Sa_NF,NoSnow_WinterClothing_Penguins_SunMid_Sandcastle_NoFire.webp,4,6,NoSnow,WinterClothing,Penguins,SunMid,Sandcastle,NoFire,2026-07-27T13:44:50.161Z
69e8b296cf58f745dc89bacd,11,NS_SC_Pe_SR_Sn_WF,NoSnow_SummerClothing_Penguins_SunRising_Snowman_Fire.webp,5,5,NoSnow,SummerClothing,Penguins,SunRising,Snowman,Fire,2026-07-27T13:45:06.002Z
69e8b296cf58f745dc89bacd,12,S_WC_Pe_SM_Sa_WF,Snow_WinterClothing_Penguins_SunMid_Sandcastle_Fire.webp,5,1,Snow,WinterClothing,Penguins,SunMid,Sandcastle,Fire,2026-07-27T13:46:52.859Z
69e8b296cf58f745dc89bacd,13,NS_SC_Pe_SM_Sa_NF,NoSnow_SummerClothing_Penguins_SunMid_Sandcastle_NoFire.webp,5,1,NoSnow,SummerClothing,Penguins,SunMid,Sandcastle,NoFire,2026-07-27T13:47:03.018Z
69e8b296cf58f745dc89bacd,14,NS_SC_Pe_SR_Sa_WF,NoSnow_SummerClothing_Penguins_SunRising_Sandcastle_Fire.webp,6,1,NoSnow,SummerClothing,Penguins,SunRising,Sandcastle,Fire,2026-07-27T13:47:10.203Z
69e8b296cf58f745dc89bacd,15,NS_WC_Ca_SM_Sn_WF,NoSnow_WinterClothing_Camels_SunMid_Snowman_Fire.webp,3,1,NoSnow,WinterClothing,Camels,SunMid,Snowman,Fire,2026-07-27T13:47:21.600Z
69e8b296cf58f745dc89bacd,16,S_SC_Pe_SR_Sn_WF,Snow_SummerClothing_Penguins_SunRising_Snowman_Fire.webp,2,2,Snow,SummerClothing,Penguins,SunRising,Snowman,Fire,2026-07-27T13:47:36.125Z
69e8b296cf58f745dc89bacd,17,NS_SC_Ca_SR_Sn_NF,NoSnow_SummerClothing_Camels_SunRising_Snowman_NoFire.webp,5,1,NoSnow,SummerClothing,Camels,SunRising,Snowman,NoFire,2026-07-27T13:47:43.481Z
69e8b296cf58f745dc89bacd,18,NS_SC_Ca_SM_Sa_NF,NoSnow_SummerClothing_Camels_SunMid_Sandcastle_NoFire.webp,4,7,NoSnow,SummerClothing,Camels,SunMid,Sandcastle,NoFire,2026-07-27T13:47:54.402Z
69e8b296cf58f745dc89bacd,19,S_SC_Ca_SR_Sn_NF,Snow_SummerClothing_Camels_SunRising_Snowman_NoFire.webp,2,1,Snow,SummerClothing,Camels,SunRising,Snowman,NoFire,2026-07-27T13:48:02.326Z
69e8b296cf58f745dc89bacd,20,S_WC_Ca_SR_Sn_WF,Snow_WinterClothing_Camels_SunRising_Snowman_Fire.webp,4,1,Snow,WinterClothing,Camels,SunRising,Snowman,Fire,2026-07-27T13:48:13.267Z
69e8b296cf58f745dc89bacd,21,NS_WC_Ca_SR_Sn_WF,NoSnow_WinterClothing_Camels_SunRising_Snowman_Fire.webp,4,1,NoSnow,WinterClothing,Camels,SunRising,Snowman,Fire,2026-07-27T13:48:23.182Z
69e8b296cf58f745dc89bacd,22,S_WC_Ca_SM_Sn_WF,Snow_WinterClothing_Camels_SunMid_Snowman_Fire.webp,3,1,Snow,WinterClothing,Camels,SunMid,Snowman,Fire,2026-07-27T13:48:31.956Z
69e8b296cf58f745dc89bacd,23,S_WC_Pe_SR_Sa_WF,Snow_WinterClothing_Penguins_SunRising_Sandcastle_Fire.webp,3,1,Snow,WinterClothing,Penguins,SunRising,Sandcastle,Fire,2026-07-27T13:48:40.154Z
69e8b296cf58f745dc89bacd,24,NS_WC_Pe_SM_Sn_NF,NoSnow_WinterClothing_Penguins_SunMid_Snowman_NoFire.webp,4,2,NoSnow,WinterClothing,Penguins,SunMid,Snowman,NoFire,2026-07-27T13:48:49.735Z
69e8b296cf58f745dc89bacd,25,NS_SC_Ca_SM_Sn_NF,NoSnow_SummerClothing_Camels_SunMid_Snowman_NoFire.webp,5,1,NoSnow,SummerClothing,Camels,SunMid,Snowman,NoFire,2026-07-27T13:48:56.924Z
69e8b296cf58f745dc89bacd,26,NS_SC_Pe_SM_Sn_NF,NoSnow_SummerClothing_Penguins_SunMid_Snowman_NoFire.webp,5,2,NoSnow,SummerClothing,Penguins,SunMid,Snowman,NoFire,2026-07-27T13:49:04.044Z
69e8b296cf58f745dc89bacd,27,NS_SC_Pe_SR_Sn_NF,NoSnow_SummerClothing_Penguins_SunRising_Snowman_NoFire.webp,4,2,NoSnow,SummerClothing,Penguins,SunRising,Snowman,NoFire,2026-07-27T13:49:13.107Z
69e8b296cf58f745dc89bacd,28,S_SC_Ca_SM_Sa_NF,Snow_SummerClothing_Camels_SunMid_Sandcastle_NoFire.webp,2,1,Snow,SummerClothing,Camels,SunMid,Sandcastle,NoFire,2026-07-27T13:49:21.464Z
69e8b296cf58f745dc89bacd,29,NS_WC_Ca_SR_Sa_WF,NoSnow_WinterClothing_Camels_SunRising_Sandcastle_Fire.webp,5,2,NoSnow,WinterClothing,Camels,SunRising,Sandcastle,Fire,2026-07-27T13:49:32.961Z
69e8b296cf58f745dc89bacd,30,S_SC_Ca_SM_Sn_NF,Snow_SummerClothing_Camels_SunMid_Snowman_NoFire.webp,2,1,Snow,SummerClothing,Camels,SunMid,Snowman,NoFire,2026-07-27T13:49:43.611Z
69e8b296cf58f745dc89bacd,31,S_WC_Ca_SR_Sa_NF,Snow_WinterClothing_Camels_SunRising_Sandcastle_NoFire.webp,2,1,Snow,WinterClothing,Camels,SunRising,Sandcastle,NoFire,2026-07-27T13:49:57.042Z
69e8b296cf58f745dc89bacd,32,S_SC_Pe_SR_Sa_NF,Snow_SummerClothing_Penguins_SunRising_Sandcastle_NoFire.webp,1,1,Snow,SummerClothing,Penguins,SunRising,Sandcastle,NoFire,2026-07-27T13:50:06.311Z
69e8b296cf58f745dc89bacd,33,S_SC_Ca_SR_Sa_NF,Snow_SummerClothing_Camels_SunRising_Sandcastle_NoFire.webp,1,1,Snow,SummerClothing,Camels,SunRising,Sandcastle,NoFire,2026-07-27T13:50:14.135Z
69e8b296cf58f745dc89bacd,34,NS_WC_Ca_SR_Sa_NF,NoSnow_WinterClothing_Camels_SunRising_Sandcastle_NoFire.webp,4,2,NoSnow,WinterClothing,Camels,SunRising,Sandcastle,NoFire,2026-07-27T13:50:21.417Z
69e8b296cf58f745dc89bacd,35,S_WC_Pe_SR_Sn_NF,Snow_WinterClothing_Penguins_SunRising_Snowman_NoFire.webp,1,7,Snow,WinterClothing,Penguins,SunRising,Snowman,NoFire,2026-07-27T13:50:30.538Z
69e8b296cf58f745dc89bacd,36,S_SC_Ca_SM_Sa_WF,Snow_SummerClothing_Camels_SunMid_Sandcastle_Fire.webp,2,1,Snow,SummerClothing,Camels,SunMid,Sandcastle,Fire,2026-07-27T13:50:43.514Z
69e8b296cf58f745dc89bacd,37,S_SC_Ca_SR_Sa_WF,Snow_SummerClothing_Camels_SunRising_Sandcastle_Fire.webp,2,1,Snow,SummerClothing,Camels,SunRising,Sandcastle,Fire,2026-07-27T13:51:15.531Z
69e8b296cf58f745dc89bacd,38,S_SC_Pe_SM_Sn_WF,Snow_SummerClothing_Penguins_SunMid_Snowman_Fire.webp,2,6,Snow,SummerClothing,Penguins,SunMid,Snowman,Fire,2026-07-27T13:51:26.551Z
69e8b296cf58f745dc89bacd,39,S_WC_Pe_SR_Sn_WF,Snow_WinterClothing_Penguins_SunRising_Snowman_Fire.webp,1,7,Snow,WinterClothing,Penguins,SunRising,Snowman,Fire,2026-07-27T13:51:33.873Z
69e8b296cf58f745dc89bacd,40,S_WC_Ca_SM_Sa_NF,Snow_WinterClothing_Camels_SunMid_Sandcastle_NoFire.webp,2,1,Snow,WinterClothing,Camels,SunMid,Sandcastle,NoFire,2026-07-27T13:51:41.055Z
69e8b296cf58f745dc89bacd,41,S_SC_Pe_SM_Sa_NF,Snow_SummerClothing_Penguins_SunMid_Sandcastle_NoFire.webp,2,1,Snow,SummerClothing,Penguins,SunMid,Sandcastle,NoFire,2026-07-27T13:51:48.813Z
69e8b296cf58f745dc89bacd,42,NS_WC_Pe_SR_Sa_WF,NoSnow_WinterClothing_Penguins_SunRising_Sandcastle_Fire.webp,2,1,NoSnow,WinterClothing,Penguins,SunRising,Sandcastle,Fire,2026-07-27T13:51:58.149Z
69e8b296cf58f745dc89bacd,43,S_WC_Pe_SM_Sa_NF,Snow_WinterClothing_Penguins_SunMid_Sandcastle_NoFire.webp,2,1,Snow,WinterClothing,Penguins,SunMid,Sandcastle,NoFire,2026-07-27T13:52:08.043Z
69e8b296cf58f745dc89bacd,44,NS_WC_Ca_SR_Sn_NF,NoSnow_WinterClothing_Camels_SunRising_Snowman_NoFire.webp,4,2,NoSnow,WinterClothing,Camels,SunRising,Snowman,NoFire,2026-07-27T13:52:16.802Z
69e8b296cf58f745dc89bacd,45,S_SC_Pe_SM_Sn_NF,Snow_SummerClothing_Penguins_SunMid_Snowman_NoFire.webp,2,2,Snow,SummerClothing,Penguins,SunMid,Snowman,NoFire,2026-07-27T13:52:26.684Z
69e8b296cf58f745dc89bacd,46,S_WC_Ca_SM_Sn_NF,Snow_WinterClothing_Camels_SunMid_Snowman_NoFire.webp,4,1,Snow,WinterClothing,Camels,SunMid,Snowman,NoFire,2026-07-27T13:52:35.097Z
69e8b296cf58f745dc89bacd,47,NS_SC_Pe_SM_Sa_WF,NoSnow_SummerClothing_Penguins_SunMid_Sandcastle_Fire.webp,6,1,NoSnow,SummerClothing,Penguins,SunMid,Sandcastle,Fire,2026-07-27T13:52:41.977Z
69e8b296cf58f745dc89bacd,48,NS_SC_Ca_SR_Sn_WF,NoSnow_SummerClothing_Camels_SunRising_Snowman_Fire.webp,3,1,NoSnow,SummerClothing,Camels,SunRising,Snowman,Fire,2026-07-27T13:52:48.954Z
69e8b296cf58f745dc89bacd,49,NS_SC_Ca_SM_Sa_WF,NoSnow_SummerClothing_Camels_SunMid_Sandcastle_Fire.webp,7,7,NoSnow,SummerClothing,Camels,SunMid,Sandcastle,Fire,2026-07-27T13:52:57.719Z
69e8b296cf58f745dc89bacd,50,NS_WC_Pe_SM_Sn_WF,NoSnow_WinterClothing_Penguins_SunMid_Snowman_Fire.webp,7,1,NoSnow,WinterClothing,Penguins,SunMid,Snowman,Fire,2026-07-27T13:53:05.235Z
69e8b296cf58f745dc89bacd,51,NS_WC_Ca_SM_Sn_NF,NoSnow_WinterClothing_Camels_SunMid_Snowman_NoFire.webp,6,1,NoSnow,WinterClothing,Camels,SunMid,Snowman,NoFire,2026-07-27T13:53:55.312Z
69e8b296cf58f745dc89bacd,52,S_SC_Pe_SR_Sn_NF,Snow_SummerClothing_Penguins_SunRising_Snowman_NoFire.webp,2,2,Snow,SummerClothing,Penguins,SunRising,Snowman,NoFire,2026-07-27T13:54:02.580Z
69e8b296cf58f745dc89bacd,53,S_WC_Ca_SM_Sa_WF,Snow_WinterClothing_Camels_SunMid_Sandcastle_Fire.webp,3,1,Snow,WinterClothing,Camels,SunMid,Sandcastle,Fire,2026-07-27T13:54:11.928Z
69e8b296cf58f745dc89bacd,54,S_WC_Ca_SR_Sn_NF,Snow_WinterClothing_Camels_SunRising_Snowman_NoFire.webp,2,1,Snow,WinterClothing,Camels,SunRising,Snowman,NoFire,2026-07-27T13:54:21.094Z
69e8b296cf58f745dc89bacd,55,S_SC_Pe_SM_Sa_WF,Snow_SummerClothing_Penguins_SunMid_Sandcastle_Fire.webp,2,2,Snow,SummerClothing,Penguins,SunMid,Sandcastle,Fire,2026-07-27T13:54:30.030Z
69e8b296cf58f745dc89bacd,56,S_WC_Pe_SM_Sn_WF,Snow_WinterClothing_Penguins_SunMid_Snowman_Fire.webp,3,7,Snow,WinterClothing,Penguins,SunMid,Snowman,Fire,2026-07-27T13:54:43.030Z
69e8b296cf58f745dc89bacd,57,NS_WC_Ca_SM_Sa_WF,NoSnow_WinterClothing_Camels_SunMid_Sandcastle_Fire.webp,7,7,NoSnow,WinterClothing,Camels,SunMid,Sandcastle,Fire,2026-07-27T13:54:48.916Z
69e8b296cf58f745dc89bacd,58,NS_WC_Pe_SR_Sn_NF,NoSnow_WinterClothing_Penguins_SunRising_Snowman_NoFire.webp,5,2,NoSnow,WinterClothing,Penguins,SunRising,Snowman,NoFire,2026-07-27T13:54:55.642Z
69e8b296cf58f745dc89bacd,59,S_SC_Ca_SR_Sn_WF,Snow_SummerClothing_Camels_SunRising_Snowman_Fire.webp,2,1,Snow,SummerClothing,Camels,SunRising,Snowman,Fire,2026-07-27T13:55:02.946Z
69e8b296cf58f745dc89bacd,60,NS_WC_Pe_SR_Sn_WF,NoSnow_WinterClothing_Penguins_SunRising_Snowman_Fire.webp,5,2,NoSnow,WinterClothing,Penguins,SunRising,Snowman,Fire,2026-07-27T13:55:10.548Z
69e8b296cf58f745dc89bacd,61,NS_WC_Pe_SM_Sa_WF,NoSnow_WinterClothing_Penguins_SunMid_Sandcastle_Fire.webp,5,2,NoSnow,WinterClothing,Penguins,SunMid,Sandcastle,Fire,2026-07-27T13:55:17.087Z
69e8b296cf58f745dc89bacd,62,S_WC_Ca_SR_Sa_WF,Snow_WinterClothing_Camels_SunRising_Sandcastle_Fire.webp,3,1,Snow,WinterClothing,Camels,SunRising,Sandcastle,Fire,2026-07-27T13:55:25.712Z
69e8b296cf58f745dc89bacd,63,NS_WC_Ca_SM_Sa_NF,NoSnow_WinterClothing_Camels_SunMid_Sandcastle_NoFire.webp,6,6,NoSnow,WinterClothing,Camels,SunMid,Sandcastle,NoFire,2026-07-27T13:55:40.847Z
6a0252dc959d360ed8448c2f,0,NS_SC_Ca_SR_Sn_NF,NoSnow_SummerClothing_Camels_SunRising_Snowman_NoFire.webp,3,1,NoSnow,SummerClothing,Camels,SunRising,Snowman,NoFire,2026-07-27T13:43:19.956Z
6a0252dc959d360ed8448c2f,1,NS_WC_Ca_SM_Sa_WF,NoSnow_WinterClothing_Camels_SunMid_Sandcastle_Fire.webp,5,3,NoSnow,WinterClothing,Camels,SunMid,Sandcastle,Fire,2026-07-27T13:43:32.258Z
6a0252dc959d360ed8448c2f,2,NS_SC_Ca_SM_Sn_NF,NoSnow_SummerClothing_Camels_SunMid_Snowman_NoFire.webp,6,2,NoSnow,SummerClothing,Camels,SunMid,Snowman,NoFire,2026-07-27T13:43:39.985Z
6a0252dc959d360ed8448c2f,3,NS_WC_Ca_SR_Sa_WF,NoSnow_WinterClothing_Camels_SunRising_Sandcastle_Fire.webp,5,3,NoSnow,WinterClothing,Camels,SunRising,Sandcastle,Fire,2026-07-27T13:43:46.883Z
6a0252dc959d360ed8448c2f,4,S_WC_Pe_SM_Sn_NF,Snow_WinterClothing_Penguins_SunMid_Snowman_NoFire.webp,2,5,Snow,WinterClothing,Penguins,SunMid,Snowman,NoFire,2026-07-27T13:43:57.161Z
6a0252dc959d360ed8448c2f,5,NS_WC_Pe_SR_Sn_WF,NoSnow_WinterClothing_Penguins_SunRising_Snowman_Fire.webp,5,2,NoSnow,WinterClothing,Penguins,SunRising,Snowman,Fire,2026-07-27T13:44:04.864Z
6a0252dc959d360ed8448c2f,6,S_SC_Pe_SM_Sa_NF,Snow_SummerClothing_Penguins_SunMid_Sandcastle_NoFire.webp,3,2,Snow,SummerClothing,Penguins,SunMid,Sandcastle,NoFire,2026-07-27T13:44:10.504Z
6a0252dc959d360ed8448c2f,7,S_WC_Ca_SM_Sa_WF,Snow_WinterClothing_Camels_SunMid_Sandcastle_Fire.webp,6,2,Snow,WinterClothing,Camels,SunMid,Sandcastle,Fire,2026-07-27T13:44:16.488Z
6a0252dc959d360ed8448c2f,8,NS_SC_Ca_SR_Sa_WF,NoSnow_SummerClothing_Camels_SunRising_Sandcastle_Fire.webp,5,3,NoSnow,SummerClothing,Camels,SunRising,Sandcastle,Fire,2026-07-27T13:44:23.054Z
6a0252dc959d360ed8448c2f,9,S_WC_Ca_SR_Sa_WF,Snow_WinterClothing_Camels_SunRising_Sandcastle_Fire.webp,5,3,Snow,WinterClothing,Camels,SunRising,Sandcastle,Fire,2026-07-27T13:44:33.291Z
6a0252dc959d360ed8448c2f,10,NS_WC_Pe_SM_Sa_WF,NoSnow_WinterClothing_Penguins_SunMid_Sandcastle_Fire.webp,6,3,NoSnow,WinterClothing,Penguins,SunMid,Sandcastle,Fire,2026-07-27T13:44:39.312Z
6a0252dc959d360ed8448c2f,11,NS_SC_Pe_SM_Sa_NF,NoSnow_SummerClothing_Penguins_SunMid_Sandcastle_NoFire.webp,2,2,NoSnow,SummerClothing,Penguins,SunMid,Sandcastle,NoFire,2026-07-27T13:44:44.622Z
6a0252dc959d360ed8448c2f,12,NS_WC_Ca_SM_Sa_NF,NoSnow_WinterClothing_Camels_SunMid_Sandcastle_NoFire.webp,5,5,NoSnow,WinterClothing,Camels,SunMid,Sandcastle,NoFire,2026-07-27T13:44:49.537Z
6a0252dc959d360ed8448c2f,13,S_SC_Ca_SM_Sn_NF,Snow_SummerClothing_Camels_SunMid_Snowman_NoFire.webp,4,2,Snow,SummerClothing,Camels,SunMid,Snowman,NoFire,2026-07-27T13:44:58.838Z
6a0252dc959d360ed8448c2f,14,S_WC_Ca_SM_Sn_NF,Snow_WinterClothing_Camels_SunMid_Snowman_NoFire.webp,4,1,Snow,WinterClothing,Camels,SunMid,Snowman,NoFire,2026-07-27T13:45:07.580Z
6a0252dc959d360ed8448c2f,15,S_SC_Ca_SM_Sn_WF,Snow_SummerClothing_Camels_SunMid_Snowman_Fire.webp,4,1,Snow,SummerClothing,Camels,SunMid,Snowman,Fire,2026-07-27T13:45:12.263Z
6a0252dc959d360ed8448c2f,16,S_WC_Ca_SM_Sn_WF,Snow_WinterClothing_Camels_SunMid_Snowman_Fire.webp,4,1,Snow,WinterClothing,Camels,SunMid,Snowman,Fire,2026-07-27T13:45:17.215Z
6a0252dc959d360ed8448c2f,17,NS_WC_Pe_SR_Sn_NF,NoSnow_WinterClothing_Penguins_SunRising_Snowman_NoFire.webp,2,5,NoSnow,WinterClothing,Penguins,SunRising,Snowman,NoFire,2026-07-27T13:45:23.325Z
6a0252dc959d360ed8448c2f,18,S_WC_Pe_SM_Sn_WF,Snow_WinterClothing_Penguins_SunMid_Snowman_Fire.webp,3,3,Snow,WinterClothing,Penguins,SunMid,Snowman,Fire,2026-07-27T13:45:28.875Z
6a0252dc959d360ed8448c2f,19,S_WC_Pe_SM_Sa_NF,Snow_WinterClothing_Penguins_SunMid_Sandcastle_NoFire.webp,3,3,Snow,WinterClothing,Penguins,SunMid,Sandcastle,NoFire,2026-07-27T13:45:35.430Z
6a0252dc959d360ed8448c2f,20,S_SC_Ca_SR_Sa_NF,Snow_SummerClothing_Camels_SunRising_Sandcastle_NoFire.webp,5,5,Snow,SummerClothing,Camels,SunRising,Sandcastle,NoFire,2026-07-27T13:45:40.161Z
6a0252dc959d360ed8448c2f,21,S_WC_Ca_SR_Sa_NF,Snow_WinterClothing_Camels_SunRising_Sandcastle_NoFire.webp,5,5,Snow,WinterClothing,Camels,SunRising,Sandcastle,NoFire,2026-07-27T13:45:44.796Z
6a0252dc959d360ed8448c2f,22,S_SC_Ca_SR_Sn_WF,Snow_SummerClothing_Camels_SunRising_Snowman_Fire.webp,3,3,Snow,SummerClothing,Camels,SunRising,Snowman,Fire,2026-07-27T13:45:49.279Z
6a0252dc959d360ed8448c2f,23,NS_SC_Ca_SM_Sa_NF,NoSnow_SummerClothing_Camels_SunMid_Sandcastle_NoFire.webp,3,3,NoSnow,SummerClothing,Camels,SunMid,Sandcastle,NoFire,2026-07-27T13:45:53.681Z
6a0252dc959d360ed8448c2f,24,S_WC_Pe_SR_Sa_WF,Snow_WinterClothing_Penguins_SunRising_Sandcastle_Fire.webp,3,2,Snow,WinterClothing,Penguins,SunRising,Sandcastle,Fire,2026-07-27T13:45:58.390Z
6a0252dc959d360ed8448c2f,25,NS_WC_Ca_SR_Sa_NF,NoSnow_WinterClothing_Camels_SunRising_Sandcastle_NoFire.webp,5,2,NoSnow,WinterClothing,Camels,SunRising,Sandcastle,NoFire,2026-07-27T13:46:04.104Z
6a0252dc959d360ed8448c2f,26,S_WC_Ca_SR_Sn_WF,Snow_WinterClothing_Camels_SunRising_Snowman_Fire.webp,6,3,Snow,WinterClothing,Camels,SunRising,Snowman,Fire,2026-07-27T13:46:09.293Z
6a0252dc959d360ed8448c2f,27,S_WC_Pe_SR_Sa_NF,Snow_WinterClothing_Penguins_SunRising_Sandcastle_NoFire.webp,3,3,Snow,WinterClothing,Penguins,SunRising,Sandcastle,NoFire,2026-07-27T13:46:14.831Z
6a0252dc959d360ed8448c2f,28,NS_SC_Pe_SM_Sa_WF,NoSnow_SummerClothing_Penguins_SunMid_Sandcastle_Fire.webp,4,3,NoSnow,SummerClothing,Penguins,SunMid,Sandcastle,Fire,2026-07-27T13:46:19.880Z
6a0252dc959d360ed8448c2f,29,S_SC_Pe_SM_Sa_WF,Snow_SummerClothing_Penguins_SunMid_Sandcastle_Fire.webp,4,3,Snow,SummerClothing,Penguins,SunMid,Sandcastle,Fire,2026-07-27T13:46:24.840Z
6a0252dc959d360ed8448c2f,30,S_SC_Pe_SM_Sn_WF,Snow_SummerClothing_Penguins_SunMid_Snowman_Fire.webp,2,2,Snow,SummerClothing,Penguins,SunMid,Snowman,Fire,2026-07-27T13:46:29.536Z
6a0252dc959d360ed8448c2f,31,S_SC_Pe_SR_Sn_NF,Snow_SummerClothing_Penguins_SunRising_Snowman_NoFire.webp,2,4,Snow,SummerClothing,Penguins,SunRising,Snowman,NoFire,2026-07-27T13:46:35.326Z
6a0252dc959d360ed8448c2f,32,NS_WC_Pe_SM_Sa_NF,NoSnow_WinterClothing_Penguins_SunMid_Sandcastle_NoFire.webp,3,3,NoSnow,WinterClothing,Penguins,SunMid,Sandcastle,NoFire,2026-07-27T13:46:40.276Z
6a0252dc959d360ed8448c2f,33,NS_SC_Pe_SR_Sa_WF,NoSnow_SummerClothing_Penguins_SunRising_Sandcastle_Fire.webp,3,3,NoSnow,SummerClothing,Penguins,SunRising,Sandcastle,Fire,2026-07-27T13:46:44.826Z
6a0252dc959d360ed8448c2f,34,NS_WC_Pe_SR_Sa_WF,NoSnow_WinterClothing_Penguins_SunRising_Sandcastle_Fire.webp,4,3,NoSnow,WinterClothing,Penguins,SunRising,Sandcastle,Fire,2026-07-27T13:46:49.850Z
6a0252dc959d360ed8448c2f,35,NS_SC_Ca_SM_Sa_WF,NoSnow_SummerClothing_Camels_SunMid_Sandcastle_Fire.webp,5,5,NoSnow,SummerClothing,Camels,SunMid,Sandcastle,Fire,2026-07-27T13:46:54.263Z
6a0252dc959d360ed8448c2f,36,NS_SC_Pe_SM_Sn_NF,NoSnow_SummerClothing_Penguins_SunMid_Snowman_NoFire.webp,5,5,NoSnow,SummerClothing,Penguins,SunMid,Snowman,NoFire,2026-07-27T13:46:58.634Z
6a0252dc959d360ed8448c2f,37,NS_SC_Ca_SM_Sn_WF,NoSnow_SummerClothing_Camels_SunMid_Snowman_Fire.webp,4,2,NoSnow,SummerClothing,Camels,SunMid,Snowman,Fire,2026-07-27T13:47:03.420Z
6a0252dc959d360ed8448c2f,38,NS_WC_Ca_SM_Sn_WF,NoSnow_WinterClothing_Camels_SunMid_Snowman_Fire.webp,4,1,NoSnow,WinterClothing,Camels,SunMid,Snowman,Fire,2026-07-27T13:47:08.596Z
6a0252dc959d360ed8448c2f,39,NS_WC_Pe_SM_Sn_NF,NoSnow_WinterClothing_Penguins_SunMid_Snowman_NoFire.webp,3,5,NoSnow,WinterClothing,Penguins,SunMid,Snowman,NoFire,2026-07-27T13:47:14.048Z
6a0252dc959d360ed8448c2f,40,S_SC_Pe_SR_Sa_WF,Snow_SummerClothing_Penguins_SunRising_Sandcastle_Fire.webp,5,5,Snow,SummerClothing,Penguins,SunRising,Sandcastle,Fire,2026-07-27T13:47:20.123Z
6a0252dc959d360ed8448c2f,41,NS_WC_Ca_SR_Sn_NF,NoSnow_WinterClothing_Camels_SunRising_Snowman_NoFire.webp,2,2,NoSnow,WinterClothing,Camels,SunRising,Snowman,NoFire,2026-07-27T13:47:25.067Z
6a0252dc959d360ed8448c2f,42,NS_SC_Ca_SR_Sn_WF,NoSnow_SummerClothing_Camels_SunRising_Snowman_Fire.webp,2,2,NoSnow,SummerClothing,Camels,SunRising,Snowman,Fire,2026-07-27T13:47:29.515Z
6a0252dc959d360ed8448c2f,43,S_SC_Pe_SM_Sn_NF,Snow_SummerClothing_Penguins_SunMid_Snowman_NoFire.webp,2,6,Snow,SummerClothing,Penguins,SunMid,Snowman,NoFire,2026-07-27T13:47:35.279Z
6a0252dc959d360ed8448c2f,44,NS_SC_Ca_SR_Sa_NF,NoSnow_SummerClothing_Camels_SunRising_Sandcastle_NoFire.webp,2,6,NoSnow,SummerClothing,Camels,SunRising,Sandcastle,NoFire,2026-07-27T13:47:40.391Z
6a0252dc959d360ed8448c2f,45,S_SC_Ca_SM_Sa_NF,Snow_SummerClothing_Camels_SunMid_Sandcastle_NoFire.webp,3,4,Snow,SummerClothing,Camels,SunMid,Sandcastle,NoFire,2026-07-27T13:47:47.401Z
6a0252dc959d360ed8448c2f,46,S_SC_Pe_SR_Sa_NF,Snow_SummerClothing_Penguins_SunRising_Sandcastle_NoFire.webp,3,3,Snow,SummerClothing,Penguins,SunRising,Sandcastle,NoFire,2026-07-27T13:47:53.335Z
6a0252dc959d360ed8448c2f,47,S_WC_Pe_SR_Sn_WF,Snow_WinterClothing_Penguins_SunRising_Snowman_Fire.webp,3,3,Snow,WinterClothing,Penguins,SunRising,Snowman,Fire,2026-07-27T13:47:58.729Z
6a0252dc959d360ed8448c2f,48,S_WC_Pe_SM_Sa_WF,Snow_WinterClothing_Penguins_SunMid_Sandcastle_Fire.webp,3,3,Snow,WinterClothing,Penguins,SunMid,Sandcastle,Fire,2026-07-27T13:48:03.279Z
6a0252dc959d360ed8448c2f,49,S_SC_Pe_SR_Sn_WF,Snow_SummerClothing_Penguins_SunRising_Snowman_Fire.webp,2,2,Snow,SummerClothing,Penguins,SunRising,Snowman,Fire,2026-07-27T13:48:08.482Z
6a0252dc959d360ed8448c2f,50,S_WC_Ca_SM_Sa_NF,Snow_WinterClothing_Camels_SunMid_Sandcastle_NoFire.webp,3,2,Snow,WinterClothing,Camels,SunMid,Sandcastle,NoFire,2026-07-27T13:48:14.088Z
6a0252dc959d360ed8448c2f,51,NS_SC_Pe_SR_Sa_NF,NoSnow_SummerClothing_Penguins_SunRising_Sandcastle_NoFire.webp,4,3,NoSnow,SummerClothing,Penguins,SunRising,Sandcastle,NoFire,2026-07-27T13:48:20.121Z
6a0252dc959d360ed8448c2f,52,NS_WC_Pe_SR_Sa_NF,NoSnow_WinterClothing_Penguins_SunRising_Sandcastle_NoFire.webp,4,3,NoSnow,WinterClothing,Penguins,SunRising,Sandcastle,NoFire,2026-07-27T13:48:25.773Z
6a0252dc959d360ed8448c2f,53,NS_WC_Ca_SM_Sn_NF,NoSnow_WinterClothing_Camels_SunMid_Snowman_NoFire.webp,4,3,NoSnow,WinterClothing,Camels,SunMid,Snowman,NoFire,2026-07-27T13:48:31.043Z
6a0252dc959d360ed8448c2f,54,NS_WC_Ca_SR_Sn_WF,NoSnow_WinterClothing_Camels_SunRising_Snowman_Fire.webp,4,1,NoSnow,WinterClothing,Camels,SunRising,Snowman,Fire,2026-07-27T13:48:36.334Z
6a0252dc959d360ed8448c2f,55,S_WC_Pe_SR_Sn_NF,Snow_WinterClothing_Penguins_SunRising_Snowman_NoFire.webp,2,5,Snow,WinterClothing,Penguins,SunRising,Snowman,NoFire,2026-07-27T13:48:41.773Z
6a0252dc959d360ed8448c2f,56,NS_SC_Pe_SR_Sn_NF,NoSnow_SummerClothing_Penguins_SunRising_Snowman_NoFire.webp,2,5,NoSnow,SummerClothing,Penguins,SunRising,Snowman,NoFire,2026-07-27T13:48:48.708Z
6a0252dc959d360ed8448c2f,57,S_WC_Ca_SR_Sn_NF,Snow_WinterClothing_Camels_SunRising_Snowman_NoFire.webp,3,2,Snow,WinterClothing,Camels,SunRising,Snowman,NoFire,2026-07-27T13:48:53.404Z
6a0252dc959d360ed8448c2f,58,NS_WC_Pe_SM_Sn_WF,NoSnow_WinterClothing_Penguins_SunMid_Snowman_Fire.webp,4,2,NoSnow,WinterClothing,Penguins,SunMid,Snowman,Fire,2026-07-27T13:48:58.292Z
6a0252dc959d360ed8448c2f,59,S_SC_Ca_SR_Sn_NF,Snow_SummerClothing_Camels_SunRising_Snowman_NoFire.webp,2,1,Snow,SummerClothing,Camels,SunRising,Snowman,NoFire,2026-07-27T13:49:03.450Z
6a0252dc959d360ed8448c2f,60,NS_SC_Pe_SR_Sn_WF,NoSnow_SummerClothing_Penguins_SunRising_Snowman_Fire.webp,3,1,NoSnow,SummerClothing,Penguins,SunRising,Snowman,Fire,2026-07-27T13:49:08.169Z
6a0252dc959d360ed8448c2f,61,S_SC_Ca_SM_Sa_WF,Snow_SummerClothing_Camels_SunMid_Sandcastle_Fire.webp,3,1,Snow,SummerClothing,Camels,SunMid,Sandcastle,Fire,2026-07-27T13:49:21.600Z
6a0252dc959d360ed8448c2f,62,S_SC_Ca_SR_Sa_WF,Snow_SummerClothing_Camels_SunRising_Sandcastle_Fire.webp,5,5,Snow,SummerClothing,Camels,SunRising,Sandcastle,Fire,2026-07-27T13:49:31.953Z
6a0252dc959d360ed8448c2f,63,NS_SC_Pe_SM_Sn_WF,NoSnow_SummerClothing_Penguins_SunMid_Snowman_Fire.webp,3,3,NoSnow,SummerClothing,Penguins,SunMid,Snowman,Fire,2026-07-27T14:08:21.317Z
6a0e3b3d4d59d3110d005558,0,S_WC_Pe_SR_Sa_NF,Snow_WinterClothing_Penguins_SunRising_Sandcastle_NoFire.webp,3,1,Snow,WinterClothing,Penguins,SunRising,Sandcastle,NoFire,2026-07-27T13:43:15.312Z
6a0e3b3d4d59d3110d005558,1,NS_WC_Ca_SM_Sa_NF,NoSnow_WinterClothing_Camels_SunMid_Sandcastle_NoFire.webp,5,1,NoSnow,WinterClothing,Camels,SunMid,Sandcastle,NoFire,2026-07-27T13:43:29.006Z
6a0e3b3d4d59d3110d005558,2,NS_SC_Pe_SM_Sa_WF,NoSnow_SummerClothing_Penguins_SunMid_Sandcastle_Fire.webp,5,1,NoSnow,SummerClothing,Penguins,SunMid,Sandcastle,Fire,2026-07-27T13:43:48.361Z
6a0e3b3d4d59d3110d005558,3,S_SC_Pe_SR_Sa_WF,Snow_SummerClothing_Penguins_SunRising_Sandcastle_Fire.webp,5,1,Snow,SummerClothing,Penguins,SunRising,Sandcastle,Fire,2026-07-27T13:44:04.399Z
6a0e3b3d4d59d3110d005558,4,NS_WC_Ca_SR_Sn_WF,NoSnow_WinterClothing_Camels_SunRising_Snowman_Fire.webp,4,1,NoSnow,WinterClothing,Camels,SunRising,Snowman,Fire,2026-07-27T13:44:16.145Z
6a0e3b3d4d59d3110d005558,5,NS_WC_Pe_SR_Sa_WF,NoSnow_WinterClothing_Penguins_SunRising_Sandcastle_Fire.webp,5,1,NoSnow,WinterClothing,Penguins,SunRising,Sandcastle,Fire,2026-07-27T13:44:24.675Z
6a0e3b3d4d59d3110d005558,6,S_WC_Ca_SM_Sa_NF,Snow_WinterClothing_Camels_SunMid_Sandcastle_NoFire.webp,3,1,Snow,WinterClothing,Camels,SunMid,Sandcastle,NoFire,2026-07-27T13:44:36.627Z
6a0e3b3d4d59d3110d005558,7,NS_WC_Pe_SM_Sa_NF,NoSnow_WinterClothing_Penguins_SunMid_Sandcastle_NoFire.webp,3,1,NoSnow,WinterClothing,Penguins,SunMid,Sandcastle,NoFire,2026-07-27T13:44:46.727Z
6a0e3b3d4d59d3110d005558,8,S_WC_Ca_SM_Sn_NF,Snow_WinterClothing_Camels_SunMid_Snowman_NoFire.webp,2,1,Snow,WinterClothing,Camels,SunMid,Snowman,NoFire,2026-07-27T13:44:55.442Z
6a0e3b3d4d59d3110d005558,9,S_WC_Ca_SR_Sa_NF,Snow_WinterClothing_Camels_SunRising_Sandcastle_NoFire.webp,3,1,Snow,WinterClothing,Camels,SunRising,Sandcastle,NoFire,2026-07-27T13:45:06.635Z
6a0e3b3d4d59d3110d005558,10,NS_WC_Pe_SM_Sn_WF,NoSnow_WinterClothing_Penguins_SunMid_Snowman_Fire.webp,4,1,NoSnow,WinterClothing,Penguins,SunMid,Snowman,Fire,2026-07-27T13:45:15.842Z
6a0e3b3d4d59d3110d005558,11,NS_SC_Ca_SR_Sn_WF,NoSnow_SummerClothing_Camels_SunRising_Snowman_Fire.webp,4,1,NoSnow,SummerClothing,Camels,SunRising,Snowman,Fire,2026-07-27T13:45:23.686Z
6a0e3b3d4d59d3110d005558,12,S_WC_Pe_SR_Sa_WF,Snow_WinterClothing_Penguins_SunRising_Sandcastle_Fire.webp,4,1,Snow,WinterClothing,Penguins,SunRising,Sandcastle,Fire,2026-07-27T13:45:32.165Z
6a0e3b3d4d59d3110d005558,13,S_SC_Ca_SM_Sa_NF,Snow_SummerClothing_Camels_SunMid_Sandcastle_NoFire.webp,5,1,Snow,SummerClothing,Camels,SunMid,Sandcastle,NoFire,2026-07-27T13:45:44.147Z
6a0e3b3d4d59d3110d005558,14,NS_SC_Pe_SR_Sa_NF,NoSnow_SummerClothing_Penguins_SunRising_Sandcastle_NoFire.webp,4,1,NoSnow,SummerClothing,Penguins,SunRising,Sandcastle,NoFire,2026-07-27T13:45:53.658Z
6a0e3b3d4d59d3110d005558,15,NS_SC_Pe_SR_Sa_WF,NoSnow_SummerClothing_Penguins_SunRising_Sandcastle_Fire.webp,5,1,NoSnow,SummerClothing,Penguins,SunRising,Sandcastle,Fire,2026-07-27T13:46:04.933Z
6a0e3b3d4d59d3110d005558,16,NS_SC_Ca_SM_Sa_WF,NoSnow_SummerClothing_Camels_SunMid_Sandcastle_Fire.webp,6,1,NoSnow,SummerClothing,Camels,SunMid,Sandcastle,Fire,2026-07-27T13:46:18.885Z
6a0e3b3d4d59d3110d005558,17,S_SC_Pe_SM_Sn_WF,Snow_SummerClothing_Penguins_SunMid_Snowman_Fire.webp,4,1,Snow,SummerClothing,Penguins,SunMid,Snowman,Fire,2026-07-27T13:46:28.762Z
6a0e3b3d4d59d3110d005558,18,NS_SC_Pe_SR_Sn_NF,NoSnow_SummerClothing_Penguins_SunRising_Snowman_NoFire.webp,3,1,NoSnow,SummerClothing,Penguins,SunRising,Snowman,NoFire,2026-07-27T13:46:37.375Z
6a0e3b3d4d59d3110d005558,19,S_SC_Pe_SR_Sa_NF,Snow_SummerClothing_Penguins_SunRising_Sandcastle_NoFire.webp,4,1,Snow,SummerClothing,Penguins,SunRising,Sandcastle,NoFire,2026-07-27T13:46:49.342Z
6a0e3b3d4d59d3110d005558,20,S_WC_Ca_SR_Sn_NF,Snow_WinterClothing_Camels_SunRising_Snowman_NoFire.webp,4,1,Snow,WinterClothing,Camels,SunRising,Snowman,NoFire,2026-07-27T13:47:00.312Z
6a0e3b3d4d59d3110d005558,21,NS_SC_Ca_SR_Sa_NF,NoSnow_SummerClothing_Camels_SunRising_Sandcastle_NoFire.webp,4,1,NoSnow,SummerClothing,Camels,SunRising,Sandcastle,NoFire,2026-07-27T13:47:08.780Z
6a0e3b3d4d59d3110d005558,22,S_WC_Pe_SR_Sn_WF,Snow_WinterClothing_Penguins_SunRising_Snowman_Fire.webp,5,1,Snow,WinterClothing,Penguins,SunRising,Snowman,Fire,2026-07-27T13:47:20.487Z
6a0e3b3d4d59d3110d005558,23,S_WC_Pe_SM_Sn_WF,Snow_WinterClothing_Penguins_SunMid_Snowman_Fire.webp,5,1,Snow,WinterClothing,Penguins,SunMid,Snowman,Fire,2026-07-27T13:47:30.207Z
6a0e3b3d4d59d3110d005558,24,NS_SC_Ca_SM_Sa_NF,NoSnow_SummerClothing_Camels_SunMid_Sandcastle_NoFire.webp,5,1,NoSnow,SummerClothing,Camels,SunMid,Sandcastle,NoFire,2026-07-27T13:47:42.440Z
6a0e3b3d4d59d3110d005558,25,NS_SC_Pe_SM_Sa_NF,NoSnow_SummerClothing_Penguins_SunMid_Sandcastle_NoFire.webp,5,1,NoSnow,SummerClothing,Penguins,SunMid,Sandcastle,NoFire,2026-07-27T13:47:52.948Z
6a0e3b3d4d59d3110d005558,26,S_SC_Pe_SM_Sa_NF,Snow_SummerClothing_Penguins_SunMid_Sandcastle_NoFire.webp,4,1,Snow,SummerClothing,Penguins,SunMid,Sandcastle,NoFire,2026-07-27T13:48:04.307Z
6a0e3b3d4d59d3110d005558,27,S_SC_Ca_SR_Sn_NF,Snow_SummerClothing_Camels_SunRising_Snowman_NoFire.webp,4,1,Snow,SummerClothing,Camels,SunRising,Snowman,NoFire,2026-07-27T13:48:13.745Z
6a0e3b3d4d59d3110d005558,28,NS_SC_Ca_SR_Sn_NF,NoSnow_SummerClothing_Camels_SunRising_Snowman_NoFire.webp,5,1,NoSnow,SummerClothing,Camels,SunRising,Snowman,NoFire,2026-07-27T13:48:21.232Z
6a0e3b3d4d59d3110d005558,29,NS_WC_Ca_SM_Sa_WF,NoSnow_WinterClothing_Camels_SunMid_Sandcastle_Fire.webp,4,1,NoSnow,WinterClothing,Camels,SunMid,Sandcastle,Fire,2026-07-27T13:48:31.569Z
6a0e3b3d4d59d3110d005558,30,NS_WC_Pe_SM_Sn_NF,NoSnow_WinterClothing_Penguins_SunMid_Snowman_NoFire.webp,4,1,NoSnow,WinterClothing,Penguins,SunMid,Snowman,NoFire,2026-07-27T13:48:42.319Z
6a0e3b3d4d59d3110d005558,31,S_WC_Pe_SM_Sa_NF,Snow_WinterClothing_Penguins_SunMid_Sandcastle_NoFire.webp,3,1,Snow,WinterClothing,Penguins,SunMid,Sandcastle,NoFire,2026-07-27T13:48:54.464Z
6a0e3b3d4d59d3110d005558,32,NS_WC_Pe_SR_Sa_NF,NoSnow_WinterClothing_Penguins_SunRising_Sandcastle_NoFire.webp,3,1,NoSnow,WinterClothing,Penguins,SunRising,Sandcastle,NoFire,2026-07-27T13:49:03.068Z
6a0e3b3d4d59d3110d005558,33,NS_WC_Pe_SR_Sn_WF,NoSnow_WinterClothing_Penguins_SunRising_Snowman_Fire.webp,4,1,NoSnow,WinterClothing,Penguins,SunRising,Snowman,Fire,2026-07-27T13:49:13.706Z
6a0e3b3d4d59d3110d005558,34,NS_WC_Ca_SM_Sn_NF,NoSnow_WinterClothing_Camels_SunMid_Snowman_NoFire.webp,4,1,NoSnow,WinterClothing,Camels,SunMid,Snowman,NoFire,2026-07-27T13:49:27.053Z
6a0e3b3d4d59d3110d005558,35,NS_SC_Ca_SR_Sa_WF,NoSnow_SummerClothing_Camels_SunRising_Sandcastle_Fire.webp,5,1,NoSnow,SummerClothing,Camels,SunRising,Sandcastle,Fire,2026-07-27T13:49:39.935Z
6a0e3b3d4d59d3110d005558,36,NS_SC_Ca_SM_Sn_NF,NoSnow_SummerClothing_Camels_SunMid_Snowman_NoFire.webp,4,1,NoSnow,SummerClothing,Camels,SunMid,Snowman,NoFire,2026-07-27T13:49:51.402Z
6a0e3b3d4d59d3110d005558,37,NS_SC_Pe_SM_Sn_WF,NoSnow_SummerClothing_Penguins_SunMid_Snowman_Fire.webp,5,1,NoSnow,SummerClothing,Penguins,SunMid,Snowman,Fire,2026-07-27T13:49:59.223Z
6a0e3b3d4d59d3110d005558,38,S_WC_Pe_SM_Sn_NF,Snow_WinterClothing_Penguins_SunMid_Snowman_NoFire.webp,3,1,Snow,WinterClothing,Penguins,SunMid,Snowman,NoFire,2026-07-27T13:50:07.280Z
6a0e3b3d4d59d3110d005558,39,NS_WC_Ca_SR_Sa_NF,NoSnow_WinterClothing_Camels_SunRising_Sandcastle_NoFire.webp,3,1,NoSnow,WinterClothing,Camels,SunRising,Sandcastle,NoFire,2026-07-27T13:50:18.660Z
6a0e3b3d4d59d3110d005558,40,S_SC_Pe_SM_Sa_WF,Snow_SummerClothing_Penguins_SunMid_Sandcastle_Fire.webp,5,1,Snow,SummerClothing,Penguins,SunMid,Sandcastle,Fire,2026-07-27T13:50:29.296Z
6a0e3b3d4d59d3110d005558,41,NS_WC_Pe_SM_Sa_WF,NoSnow_WinterClothing_Penguins_SunMid_Sandcastle_Fire.webp,4,1,NoSnow,WinterClothing,Penguins,SunMid,Sandcastle,Fire,2026-07-27T13:50:36.635Z
6a0e3b3d4d59d3110d005558,42,S_SC_Ca_SM_Sn_NF,Snow_SummerClothing_Camels_SunMid_Snowman_NoFire.webp,5,1,Snow,SummerClothing,Camels,SunMid,Snowman,NoFire,2026-07-27T13:50:45.047Z
6a0e3b3d4d59d3110d005558,43,S_WC_Ca_SM_Sn_WF,Snow_WinterClothing_Camels_SunMid_Snowman_Fire.webp,5,1,Snow,WinterClothing,Camels,SunMid,Snowman,Fire,2026-07-27T13:50:56.807Z
6a0e3b3d4d59d3110d005558,44,S_SC_Pe_SR_Sn_NF,Snow_SummerClothing_Penguins_SunRising_Snowman_NoFire.webp,4,1,Snow,SummerClothing,Penguins,SunRising,Snowman,NoFire,2026-07-27T13:51:11.132Z
6a0e3b3d4d59d3110d005558,45,NS_SC_Ca_SM_Sn_WF,NoSnow_SummerClothing_Camels_SunMid_Snowman_Fire.webp,5,1,NoSnow,SummerClothing,Camels,SunMid,Snowman,Fire,2026-07-27T13:51:19.082Z
6a0e3b3d4d59d3110d005558,46,S_SC_Ca_SM_Sa_WF,Snow_SummerClothing_Camels_SunMid_Sandcastle_Fire.webp,5,1,Snow,SummerClothing,Camels,SunMid,Sandcastle,Fire,2026-07-27T13:51:28.410Z
6a0e3b3d4d59d3110d005558,47,NS_WC_Pe_SR_Sn_NF,NoSnow_WinterClothing_Penguins_SunRising_Snowman_NoFire.webp,3,1,NoSnow,WinterClothing,Penguins,SunRising,Snowman,NoFire,2026-07-27T13:51:39.102Z
6a0e3b3d4d59d3110d005558,48,S_WC_Ca_SR_Sn_WF,Snow_WinterClothing_Camels_SunRising_Snowman_Fire.webp,4,1,Snow,WinterClothing,Camels,SunRising,Snowman,Fire,2026-07-27T13:51:48.187Z
6a0e3b3d4d59d3110d005558,49,S_SC_Ca_SM_Sn_WF,Snow_SummerClothing_Camels_SunMid_Snowman_Fire.webp,5,1,Snow,SummerClothing,Camels,SunMid,Snowman,Fire,2026-07-27T13:51:56.050Z
6a0e3b3d4d59d3110d005558,50,S_SC_Ca_SR_Sa_WF,Snow_SummerClothing_Camels_SunRising_Sandcastle_Fire.webp,4,1,Snow,SummerClothing,Camels,SunRising,Sandcastle,Fire,2026-07-27T13:52:08.093Z
6a0e3b3d4d59d3110d005558,51,NS_WC_Ca_SM_Sn_WF,NoSnow_WinterClothing_Camels_SunMid_Snowman_Fire.webp,4,1,NoSnow,WinterClothing,Camels,SunMid,Snowman,Fire,2026-07-27T13:52:16.507Z
6a0e3b3d4d59d3110d005558,52,S_WC_Ca_SR_Sa_WF,Snow_WinterClothing_Camels_SunRising_Sandcastle_Fire.webp,3,1,Snow,WinterClothing,Camels,SunRising,Sandcastle,Fire,2026-07-27T13:52:24.456Z
6a0e3b3d4d59d3110d005558,53,NS_WC_Ca_SR_Sn_NF,NoSnow_WinterClothing_Camels_SunRising_Snowman_NoFire.webp,2,1,NoSnow,WinterClothing,Camels,SunRising,Snowman,NoFire,2026-07-27T13:52:37.886Z
6a0e3b3d4d59d3110d005558,54,NS_SC_Pe_SM_Sn_NF,NoSnow_SummerClothing_Penguins_SunMid_Snowman_NoFire.webp,4,1,NoSnow,SummerClothing,Penguins,SunMid,Snowman,NoFire,2026-07-27T13:52:45.640Z
6a0e3b3d4d59d3110d005558,55,S_SC_Pe_SM_Sn_NF,Snow_SummerClothing_Penguins_SunMid_Snowman_NoFire.webp,5,1,Snow,SummerClothing,Penguins,SunMid,Snowman,NoFire,2026-07-27T13:52:55.677Z
6a0e3b3d4d59d3110d005558,56,S_WC_Ca_SM_Sa_WF,Snow_WinterClothing_Camels_SunMid_Sandcastle_Fire.webp,3,1,Snow,WinterClothing,Camels,SunMid,Sandcastle,Fire,2026-07-27T13:53:04.468Z
6a0e3b3d4d59d3110d005558,57,NS_SC_Pe_SR_Sn_WF,NoSnow_SummerClothing_Penguins_SunRising_Snowman_Fire.webp,4,1,NoSnow,SummerClothing,Penguins,SunRising,Snowman,Fire,2026-07-27T13:53:12.490Z
6a0e3b3d4d59d3110d005558,58,S_SC_Ca_SR_Sn_WF,Snow_SummerClothing_Camels_SunRising_Snowman_Fire.webp,4,1,Snow,SummerClothing,Camels,SunRising,Snowman,Fire,2026-07-27T13:53:20.652Z
6a0e3b3d4d59d3110d005558,59,S_SC_Ca_SR_Sa_NF,Snow_SummerClothing_Camels_SunRising_Sandcastle_NoFire.webp,3,1,Snow,SummerClothing,Camels,SunRising,Sandcastle,NoFire,2026-07-27T13:53:33.547Z
6a0e3b3d4d59d3110d005558,60,NS_WC_Ca_SR_Sa_WF,NoSnow_WinterClothing_Camels_SunRising_Sandcastle_Fire.webp,4,1,NoSnow,WinterClothing,Camels,SunRising,Sandcastle,Fire,2026-07-27T13:53:43.082Z
6a0e3b3d4d59d3110d005558,61,S_WC_Pe_SM_Sa_WF,Snow_WinterClothing_Penguins_SunMid_Sandcastle_Fire.webp,3,1,Snow,WinterClothing,Penguins,SunMid,Sandcastle,Fire,2026-07-27T13:54:02.363Z
6a0e3b3d4d59d3110d005558,62,S_SC_Pe_SR_Sn_WF,Snow_SummerClothing_Penguins_SunRising_Snowman_Fire.webp,4,1,Snow,SummerClothing,Penguins,SunRising,Snowman,Fire,2026-07-27T13:54:15.304Z
6a0e3b3d4d59d3110d005558,63,S_WC_Pe_SR_Sn_NF,Snow_WinterClothing_Penguins_SunRising_Snowman_NoFire.webp,3,1,Snow,WinterClothing,Penguins,SunRising,Snowman,NoFire,2026-07-27T13:54:24.435Z
6a1e6c17cbede57173fc303c,0,NS_SC_Ca_SM_Sa_NF,NoSnow_SummerClothing_Camels_SunMid_Sandcastle_NoFire.webp,6,2,NoSnow,SummerClothing,Camels,SunMid,Sandcastle,NoFire,2026-07-27T13:43:19.899Z
6a1e6c17cbede57173fc303c,1,NS_SC_Pe_SM_Sa_WF,NoSnow_SummerClothing_Penguins_SunMid_Sandcastle_Fire.webp,6,1,NoSnow,SummerClothing,Penguins,SunMid,Sandcastle,Fire,2026-07-27T13:43:33.525Z
6a1e6c17cbede57173fc303c,2,S_SC_Ca_SM_Sn_WF,Snow_SummerClothing_Camels_SunMid_Snowman_Fire.webp,6,2,Snow,SummerClothing,Camels,SunMid,Snowman,Fire,2026-07-27T13:44:26.086Z
6a1e6c17cbede57173fc303c,3,S_WC_Ca_SR_Sa_NF,Snow_WinterClothing_Camels_SunRising_Sandcastle_NoFire.webp,5,1,Snow,WinterClothing,Camels,SunRising,Sandcastle,NoFire,2026-07-27T13:44:51.283Z
6a1e6c17cbede57173fc303c,4,NS_WC_Ca_SR_Sa_NF,NoSnow_WinterClothing_Camels_SunRising_Sandcastle_NoFire.webp,4,2,NoSnow,WinterClothing,Camels,SunRising,Sandcastle,NoFire,2026-07-27T13:45:03.812Z
6a1e6c17cbede57173fc303c,5,S_SC_Pe_SM_Sa_WF,Snow_SummerClothing_Penguins_SunMid_Sandcastle_Fire.webp,6,1,Snow,SummerClothing,Penguins,SunMid,Sandcastle,Fire,2026-07-27T13:45:21.246Z
6a1e6c17cbede57173fc303c,6,NS_WC_Pe_SM_Sa_NF,NoSnow_WinterClothing_Penguins_SunMid_Sandcastle_NoFire.webp,5,2,NoSnow,WinterClothing,Penguins,SunMid,Sandcastle,NoFire,2026-07-27T13:45:50.605Z
6a1e6c17cbede57173fc303c,7,NS_SC_Ca_SR_Sa_NF,NoSnow_SummerClothing_Camels_SunRising_Sandcastle_NoFire.webp,6,2,NoSnow,SummerClothing,Camels,SunRising,Sandcastle,NoFire,2026-07-27T13:46:02.331Z
6a1e6c17cbede57173fc303c,8,NS_SC_Pe_SM_Sn_NF,NoSnow_SummerClothing_Penguins_SunMid_Snowman_NoFire.webp,5,2,NoSnow,SummerClothing,Penguins,SunMid,Snowman,NoFire,2026-07-27T13:46:17.871Z
6a1e6c17cbede57173fc303c,9,S_WC_Ca_SM_Sa_WF,Snow_WinterClothing_Camels_SunMid_Sandcastle_Fire.webp,4,2,Snow,WinterClothing,Camels,SunMid,Sandcastle,Fire,2026-07-27T13:46:31.529Z
6a1e6c17cbede57173fc303c,10,NS_WC_Pe_SR_Sa_WF,NoSnow_WinterClothing_Penguins_SunRising_Sandcastle_Fire.webp,4,2,NoSnow,WinterClothing,Penguins,SunRising,Sandcastle,Fire,2026-07-27T13:46:48.925Z
6a1e6c17cbede57173fc303c,11,NS_WC_Ca_SM_Sa_NF,NoSnow_WinterClothing_Camels_SunMid_Sandcastle_NoFire.webp,5,2,NoSnow,WinterClothing,Camels,SunMid,Sandcastle,NoFire,2026-07-27T13:47:16.986Z
6a1e6c17cbede57173fc303c,12,S_WC_Pe_SR_Sa_NF,Snow_WinterClothing_Penguins_SunRising_Sandcastle_NoFire.webp,4,2,Snow,WinterClothing,Penguins,SunRising,Sandcastle,NoFire,2026-07-27T13:47:28.908Z
6a1e6c17cbede57173fc303c,13,S_WC_Ca_SM_Sn_WF,Snow_WinterClothing_Camels_SunMid_Snowman_Fire.webp,4,2,Snow,WinterClothing,Camels,SunMid,Snowman,Fire,2026-07-27T13:47:48.170Z
6a1e6c17cbede57173fc303c,14,S_SC_Pe_SM_Sn_NF,Snow_SummerClothing_Penguins_SunMid_Snowman_NoFire.webp,5,1,Snow,SummerClothing,Penguins,SunMid,Snowman,NoFire,2026-07-27T13:48:04.565Z
6a1e6c17cbede57173fc303c,15,NS_SC_Ca_SM_Sn_WF,NoSnow_SummerClothing_Camels_SunMid_Snowman_Fire.webp,5,1,NoSnow,SummerClothing,Camels,SunMid,Snowman,Fire,2026-07-27T13:48:23.559Z
6a1e6c17cbede57173fc303c,16,S_SC_Ca_SR_Sa_WF,Snow_SummerClothing_Camels_SunRising_Sandcastle_Fire.webp,5,1,Snow,SummerClothing,Camels,SunRising,Sandcastle,Fire,2026-07-27T13:48:41.738Z
6a1e6c17cbede57173fc303c,17,NS_WC_Pe_SM_Sa_WF,NoSnow_WinterClothing_Penguins_SunMid_Sandcastle_Fire.webp,4,2,NoSnow,WinterClothing,Penguins,SunMid,Sandcastle,Fire,2026-07-27T13:49:03.947Z
6a1e6c17cbede57173fc303c,18,S_WC_Pe_SM_Sa_NF,Snow_WinterClothing_Penguins_SunMid_Sandcastle_NoFire.webp,4,2,Snow,WinterClothing,Penguins,SunMid,Sandcastle,NoFire,2026-07-27T13:49:18.545Z
6a1e6c17cbede57173fc303c,19,NS_SC_Pe_SR_Sn_NF,NoSnow_SummerClothing_Penguins_SunRising_Snowman_NoFire.webp,4,2,NoSnow,SummerClothing,Penguins,SunRising,Snowman,NoFire,2026-07-27T13:49:35.035Z
6a1e6c17cbede57173fc303c,20,S_SC_Ca_SM_Sa_WF,Snow_SummerClothing_Camels_SunMid_Sandcastle_Fire.webp,4,2,Snow,SummerClothing,Camels,SunMid,Sandcastle,Fire,2026-07-27T13:50:15.858Z
6a1e6c17cbede57173fc303c,21,NS_SC_Ca_SR_Sa_WF,NoSnow_SummerClothing_Camels_SunRising_Sandcastle_Fire.webp,6,2,NoSnow,SummerClothing,Camels,SunRising,Sandcastle,Fire,2026-07-27T13:50:25.796Z
6a1e6c17cbede57173fc303c,22,S_SC_Pe_SR_Sa_WF,Snow_SummerClothing_Penguins_SunRising_Sandcastle_Fire.webp,4,2,Snow,SummerClothing,Penguins,SunRising,Sandcastle,Fire,2026-07-27T13:50:48.414Z
6a1e6c17cbede57173fc303c,23,S_SC_Pe_SR_Sn_WF,Snow_SummerClothing_Penguins_SunRising_Snowman_Fire.webp,5,2,Snow,SummerClothing,Penguins,SunRising,Snowman,Fire,2026-07-27T13:51:16.131Z
6a1e6c17cbede57173fc303c,24,NS_SC_Pe_SM_Sa_NF,NoSnow_SummerClothing_Penguins_SunMid_Sandcastle_NoFire.webp,6,2,NoSnow,SummerClothing,Penguins,SunMid,Sandcastle,NoFire,2026-07-27T13:51:34.842Z
6a1e6c17cbede57173fc303c,25,S_WC_Pe_SR_Sa_WF,Snow_WinterClothing_Penguins_SunRising_Sandcastle_Fire.webp,4,2,Snow,WinterClothing,Penguins,SunRising,Sandcastle,Fire,2026-07-27T13:51:57.883Z
6a1e6c17cbede57173fc303c,26,NS_WC_Ca_SM_Sn_NF,NoSnow_WinterClothing_Camels_SunMid_Snowman_NoFire.webp,4,1,NoSnow,WinterClothing,Camels,SunMid,Snowman,NoFire,2026-07-27T13:52:15.523Z
6a1e6c17cbede57173fc303c,27,S_WC_Ca_SR_Sn_WF,Snow_WinterClothing_Camels_SunRising_Snowman_Fire.webp,3,2,Snow,WinterClothing,Camels,SunRising,Snowman,Fire,2026-07-27T13:52:27.926Z
6a1e6c17cbede57173fc303c,28,NS_SC_Pe_SM_Sn_WF,NoSnow_SummerClothing_Penguins_SunMid_Snowman_Fire.webp,6,1,NoSnow,SummerClothing,Penguins,SunMid,Snowman,Fire,2026-07-27T13:52:50.601Z
6a1e6c17cbede57173fc303c,29,NS_SC_Ca_SR_Sn_NF,NoSnow_SummerClothing_Camels_SunRising_Snowman_NoFire.webp,4,2,NoSnow,SummerClothing,Camels,SunRising,Snowman,NoFire,2026-07-27T13:53:10.200Z
6a1e6c17cbede57173fc303c,30,NS_WC_Pe_SR_Sn_NF,NoSnow_WinterClothing_Penguins_SunRising_Snowman_NoFire.webp,4,2,NoSnow,WinterClothing,Penguins,SunRising,Snowman,NoFire,2026-07-27T13:53:50.147Z
6a1e6c17cbede57173fc303c,31,NS_WC_Ca_SM_Sn_WF,NoSnow_WinterClothing_Camels_SunMid_Snowman_Fire.webp,3,1,NoSnow,WinterClothing,Camels,SunMid,Snowman,Fire,2026-07-27T13:54:04.924Z
6a1e6c17cbede57173fc303c,32,S_SC_Pe_SM_Sa_NF,Snow_SummerClothing_Penguins_SunMid_Sandcastle_NoFire.webp,4,2,Snow,SummerClothing,Penguins,SunMid,Sandcastle,NoFire,2026-07-27T13:54:19.831Z
6a1e6c17cbede57173fc303c,33,S_WC_Pe_SM_Sn_WF,Snow_WinterClothing_Penguins_SunMid_Snowman_Fire.webp,4,1,Snow,WinterClothing,Penguins,SunMid,Snowman,Fire,2026-07-27T13:54:47.667Z
6a1e6c17cbede57173fc303c,34,NS_WC_Ca_SM_Sa_WF,NoSnow_WinterClothing_Camels_SunMid_Sandcastle_Fire.webp,3,1,NoSnow,WinterClothing,Camels,SunMid,Sandcastle,Fire,2026-07-27T13:55:05.159Z
6a1e6c17cbede57173fc303c,35,S_SC_Ca_SM_Sn_NF,Snow_SummerClothing_Camels_SunMid_Snowman_NoFire.webp,5,1,Snow,SummerClothing,Camels,SunMid,Snowman,NoFire,2026-07-27T13:55:18.993Z
6a1e6c17cbede57173fc303c,36,S_WC_Ca_SM_Sn_NF,Snow_WinterClothing_Camels_SunMid_Snowman_NoFire.webp,3,1,Snow,WinterClothing,Camels,SunMid,Snowman,NoFire,2026-07-27T13:55:31.403Z
6a1e6c17cbede57173fc303c,37,NS_WC_Ca_SR_Sn_WF,NoSnow_WinterClothing_Camels_SunRising_Snowman_Fire.webp,4,1,NoSnow,WinterClothing,Camels,SunRising,Snowman,Fire,2026-07-27T13:55:44.534Z
6a1e6c17cbede57173fc303c,38,S_SC_Pe_SM_Sn_WF,Snow_SummerClothing_Penguins_SunMid_Snowman_Fire.webp,6,1,Snow,SummerClothing,Penguins,SunMid,Snowman,Fire,2026-07-27T13:56:01.296Z
6a1e6c17cbede57173fc303c,39,S_SC_Pe_SR_Sa_NF,Snow_SummerClothing_Penguins_SunRising_Sandcastle_NoFire.webp,5,1,Snow,SummerClothing,Penguins,SunRising,Sandcastle,NoFire,2026-07-27T13:56:13.007Z
6a1e6c17cbede57173fc303c,40,NS_WC_Pe_SR_Sa_NF,NoSnow_WinterClothing_Penguins_SunRising_Sandcastle_NoFire.webp,4,4,NoSnow,WinterClothing,Penguins,SunRising,Sandcastle,NoFire,2026-07-27T13:56:31.883Z
6a1e6c17cbede57173fc303c,41,S_WC_Ca_SM_Sa_NF,Snow_WinterClothing_Camels_SunMid_Sandcastle_NoFire.webp,3,1,Snow,WinterClothing,Camels,SunMid,Sandcastle,NoFire,2026-07-27T13:56:49.020Z
6a1e6c17cbede57173fc303c,42,NS_WC_Pe_SM_Sn_WF,NoSnow_WinterClothing_Penguins_SunMid_Snowman_Fire.webp,5,1,NoSnow,WinterClothing,Penguins,SunMid,Snowman,Fire,2026-07-27T13:56:58.485Z
6a1e6c17cbede57173fc303c,43,S_WC_Ca_SR_Sn_NF,Snow_WinterClothing_Camels_SunRising_Snowman_NoFire.webp,3,1,Snow,WinterClothing,Camels,SunRising,Snowman,NoFire,2026-07-27T13:57:12.881Z
6a1e6c17cbede57173fc303c,44,NS_SC_Ca_SR_Sn_WF,NoSnow_SummerClothing_Camels_SunRising_Snowman_Fire.webp,6,1,NoSnow,SummerClothing,Camels,SunRising,Snowman,Fire,2026-07-27T13:57:23.125Z
6a1e6c17cbede57173fc303c,45,S_SC_Ca_SM_Sa_NF,Snow_SummerClothing_Camels_SunMid_Sandcastle_NoFire.webp,5,1,Snow,SummerClothing,Camels,SunMid,Sandcastle,NoFire,2026-07-27T13:57:47.052Z
6a1e6c17cbede57173fc303c,46,S_SC_Ca_SR_Sn_WF,Snow_SummerClothing_Camels_SunRising_Snowman_Fire.webp,6,1,Snow,SummerClothing,Camels,SunRising,Snowman,Fire,2026-07-27T13:59:05.552Z
6a1e6c17cbede57173fc303c,47,S_SC_Pe_SR_Sn_NF,Snow_SummerClothing_Penguins_SunRising_Snowman_NoFire.webp,5,1,Snow,SummerClothing,Penguins,SunRising,Snowman,NoFire,2026-07-27T13:59:16.591Z
6a1e6c17cbede57173fc303c,48,NS_SC_Ca_SM_Sa_WF,NoSnow_SummerClothing_Camels_SunMid_Sandcastle_Fire.webp,6,3,NoSnow,SummerClothing,Camels,SunMid,Sandcastle,Fire,2026-07-27T13:59:43.086Z
6a1e6c17cbede57173fc303c,49,S_WC_Pe_SR_Sn_NF,Snow_WinterClothing_Penguins_SunRising_Snowman_NoFire.webp,4,1,Snow,WinterClothing,Penguins,SunRising,Snowman,NoFire,2026-07-27T13:59:55.848Z
6a1e6c17cbede57173fc303c,50,S_WC_Ca_SR_Sa_WF,Snow_WinterClothing_Camels_SunRising_Sandcastle_Fire.webp,5,1,Snow,WinterClothing,Camels,SunRising,Sandcastle,Fire,2026-07-27T14:00:38.858Z
6a1e6c17cbede57173fc303c,51,S_SC_Ca_SR_Sa_NF,Snow_SummerClothing_Camels_SunRising_Sandcastle_NoFire.webp,5,1,Snow,SummerClothing,Camels,SunRising,Sandcastle,NoFire,2026-07-27T14:00:48.170Z
6a1e6c17cbede57173fc303c,52,S_WC_Pe_SM_Sa_WF,Snow_WinterClothing_Penguins_SunMid_Sandcastle_Fire.webp,7,1,Snow,WinterClothing,Penguins,SunMid,Sandcastle,Fire,2026-07-27T14:01:02.470Z
6a1e6c17cbede57173fc303c,53,S_WC_Pe_SR_Sn_WF,Snow_WinterClothing_Penguins_SunRising_Snowman_Fire.webp,5,1,Snow,WinterClothing,Penguins,SunRising,Snowman,Fire,2026-07-27T14:01:45.393Z
6a1e6c17cbede57173fc303c,54,NS_WC_Ca_SR_Sa_WF,NoSnow_WinterClothing_Camels_SunRising_Sandcastle_Fire.webp,6,1,NoSnow,WinterClothing,Camels,SunRising,Sandcastle,Fire,2026-07-27T14:02:47.324Z
6a1e6c17cbede57173fc303c,55,NS_SC_Pe_SR_Sa_NF,NoSnow_SummerClothing_Penguins_SunRising_Sandcastle_NoFire.webp,4,3,NoSnow,SummerClothing,Penguins,SunRising,Sandcastle,NoFire,2026-07-27T14:03:05.926Z
6a1e6c17cbede57173fc303c,56,NS_WC_Pe_SR_Sn_WF,NoSnow_WinterClothing_Penguins_SunRising_Snowman_Fire.webp,6,2,NoSnow,WinterClothing,Penguins,SunRising,Snowman,Fire,2026-07-27T14:03:17.585Z
6a1e6c17cbede57173fc303c,57,NS_SC_Pe_SR_Sa_WF,NoSnow_SummerClothing_Penguins_SunRising_Sandcastle_Fire.webp,5,1,NoSnow,SummerClothing,Penguins,SunRising,Sandcastle,Fire,2026-07-27T14:04:49.457Z
6a1e6c17cbede57173fc303c,58,S_SC_Ca_SR_Sn_NF,Snow_SummerClothing_Camels_SunRising_Snowman_NoFire.webp,5,1,Snow,SummerClothing,Camels,SunRising,Snowman,NoFire,2026-07-27T14:05:26.659Z
6a1e6c17cbede57173fc303c,59,NS_SC_Ca_SM_Sn_NF,NoSnow_SummerClothing_Camels_SunMid_Snowman_NoFire.webp,6,3,NoSnow,SummerClothing,Camels,SunMid,Snowman,NoFire,2026-07-27T14:05:56.309Z
6a1e6c17cbede57173fc303c,60,NS_WC_Pe_SM_Sn_NF,NoSnow_WinterClothing_Penguins_SunMid_Snowman_NoFire.webp,5,1,NoSnow,WinterClothing,Penguins,SunMid,Snowman,NoFire,2026-07-27T14:06:20.259Z
6a1e6c17cbede57173fc303c,61,NS_WC_Ca_SR_Sn_NF,NoSnow_WinterClothing_Camels_SunRising_Snowman_NoFire.webp,4,1,NoSnow,WinterClothing,Camels,SunRising,Snowman,NoFire,2026-07-27T14:06:32.507Z
6a1e6c17cbede57173fc303c,62,NS_SC_Pe_SR_Sn_WF,NoSnow_SummerClothing_Penguins_SunRising_Snowman_Fire.webp,6,1,NoSnow,SummerClothing,Penguins,SunRising,Snowman,Fire,2026-07-27T14:06:43.976Z
6a1e6c17cbede57173fc303c,63,S_WC_Pe_SM_Sn_NF,Snow_WinterClothing_Penguins_SunMid_Snowman_NoFire.webp,5,1,Snow,WinterClothing,Penguins,SunMid,Snowman,NoFire,2026-07-27T14:06:58.010Z
6a15b71865f2dbbd1e04cf0f,0,NS_WC_Ca_SM_Sa_WF,NoSnow_WinterClothing_Camels_SunMid_Sandcastle_Fire.webp,5,3,NoSnow,WinterClothing,Camels,SunMid,Sandcastle,Fire,2026-07-27T13:43:00.136Z
6a15b71865f2dbbd1e04cf0f,1,NS_SC_Ca_SM_Sa_WF,NoSnow_SummerClothing_Camels_SunMid_Sandcastle_Fire.webp,5,4,NoSnow,SummerClothing,Camels,SunMid,Sandcastle,Fire,2026-07-27T13:43:13.779Z
6a15b71865f2dbbd1e04cf0f,2,NS_SC_Ca_SR_Sn_WF,NoSnow_SummerClothing_Camels_SunRising_Snowman_Fire.webp,3,2,NoSnow,SummerClothing,Camels,SunRising,Snowman,Fire,2026-07-27T13:43:33.188Z
6a15b71865f2dbbd1e04cf0f,3,S_WC_Pe_SM_Sa_NF,Snow_WinterClothing_Penguins_SunMid_Sandcastle_NoFire.webp,1,1,Snow,WinterClothing,Penguins,SunMid,Sandcastle,NoFire,2026-07-27T13:43:41.898Z
6a15b71865f2dbbd1e04cf0f,4,NS_SC_Pe_SR_Sa_NF,NoSnow_SummerClothing_Penguins_SunRising_Sandcastle_NoFire.webp,3,1,NoSnow,SummerClothing,Penguins,SunRising,Sandcastle,NoFire,2026-07-27T13:43:57.806Z
6a15b71865f2dbbd1e04cf0f,5,S_SC_Pe_SM_Sa_WF,Snow_SummerClothing_Penguins_SunMid_Sandcastle_Fire.webp,1,1,Snow,SummerClothing,Penguins,SunMid,Sandcastle,Fire,2026-07-27T13:44:04.828Z
6a15b71865f2dbbd1e04cf0f,6,NS_WC_Ca_SM_Sn_WF,NoSnow_WinterClothing_Camels_SunMid_Snowman_Fire.webp,2,2,NoSnow,WinterClothing,Camels,SunMid,Snowman,Fire,2026-07-27T13:44:14.021Z
6a15b71865f2dbbd1e04cf0f,7,S_WC_Ca_SR_Sn_WF,Snow_WinterClothing_Camels_SunRising_Snowman_Fire.webp,1,1,Snow,WinterClothing,Camels,SunRising,Snowman,Fire,2026-07-27T13:44:20.096Z
6a15b71865f2dbbd1e04cf0f,8,S_SC_Pe_SM_Sn_NF,Snow_SummerClothing_Penguins_SunMid_Snowman_NoFire.webp,2,1,Snow,SummerClothing,Penguins,SunMid,Snowman,NoFire,2026-07-27T13:44:32.961Z
6a15b71865f2dbbd1e04cf0f,9,NS_SC_Ca_SM_Sn_NF,NoSnow_SummerClothing_Camels_SunMid_Snowman_NoFire.webp,3,2,NoSnow,SummerClothing,Camels,SunMid,Snowman,NoFire,2026-07-27T13:44:43.070Z
6a15b71865f2dbbd1e04cf0f,10,NS_WC_Ca_SR_Sn_NF,NoSnow_WinterClothing_Camels_SunRising_Snowman_NoFire.webp,2,2,NoSnow,WinterClothing,Camels,SunRising,Snowman,NoFire,2026-07-27T13:44:51.195Z
6a15b71865f2dbbd1e04cf0f,11,NS_WC_Ca_SR_Sa_NF,NoSnow_WinterClothing_Camels_SunRising_Sandcastle_NoFire.webp,4,4,NoSnow,WinterClothing,Camels,SunRising,Sandcastle,NoFire,2026-07-27T13:45:02.528Z
6a15b71865f2dbbd1e04cf0f,12,S_SC_Ca_SR_Sa_NF,Snow_SummerClothing_Camels_SunRising_Sandcastle_NoFire.webp,1,1,Snow,SummerClothing,Camels,SunRising,Sandcastle,NoFire,2026-07-27T13:45:12.798Z
6a15b71865f2dbbd1e04cf0f,13,S_SC_Pe_SR_Sn_NF,Snow_SummerClothing_Penguins_SunRising_Snowman_NoFire.webp,1,2,Snow,SummerClothing,Penguins,SunRising,Snowman,NoFire,2026-07-27T13:45:19.546Z
6a15b71865f2dbbd1e04cf0f,14,S_WC_Pe_SM_Sn_WF,Snow_WinterClothing_Penguins_SunMid_Snowman_Fire.webp,1,4,Snow,WinterClothing,Penguins,SunMid,Snowman,Fire,2026-07-27T13:45:38.990Z
6a15b71865f2dbbd1e04cf0f,15,S_SC_Ca_SR_Sn_WF,Snow_SummerClothing_Camels_SunRising_Snowman_Fire.webp,1,1,Snow,SummerClothing,Camels,SunRising,Snowman,Fire,2026-07-27T13:46:00.668Z
6a15b71865f2dbbd1e04cf0f,16,NS_WC_Pe_SM_Sa_NF,NoSnow_WinterClothing_Penguins_SunMid_Sandcastle_NoFire.webp,3,3,NoSnow,WinterClothing,Penguins,SunMid,Sandcastle,NoFire,2026-07-27T13:46:10.222Z
6a15b71865f2dbbd1e04cf0f,17,NS_SC_Ca_SM_Sn_WF,NoSnow_SummerClothing_Camels_SunMid_Snowman_Fire.webp,3,2,NoSnow,SummerClothing,Camels,SunMid,Snowman,Fire,2026-07-27T13:46:24.944Z
6a15b71865f2dbbd1e04cf0f,18,S_WC_Pe_SM_Sa_WF,Snow_WinterClothing_Penguins_SunMid_Sandcastle_Fire.webp,1,3,Snow,WinterClothing,Penguins,SunMid,Sandcastle,Fire,2026-07-27T13:46:33.262Z
6a15b71865f2dbbd1e04cf0f,19,S_WC_Ca_SM_Sn_WF,Snow_WinterClothing_Camels_SunMid_Snowman_Fire.webp,2,1,Snow,WinterClothing,Camels,SunMid,Snowman,Fire,2026-07-27T13:46:44.438Z
6a15b71865f2dbbd1e04cf0f,20,NS_WC_Ca_SM_Sn_NF,NoSnow_WinterClothing_Camels_SunMid_Snowman_NoFire.webp,3,3,NoSnow,WinterClothing,Camels,SunMid,Snowman,NoFire,2026-07-27T13:46:52.564Z
6a15b71865f2dbbd1e04cf0f,21,S_WC_Ca_SR_Sa_NF,Snow_WinterClothing_Camels_SunRising_Sandcastle_NoFire.webp,1,1,Snow,WinterClothing,Camels,SunRising,Sandcastle,NoFire,2026-07-27T13:46:59.348Z
6a15b71865f2dbbd1e04cf0f,22,S_WC_Pe_SR_Sn_WF,Snow_WinterClothing_Penguins_SunRising_Snowman_Fire.webp,1,5,Snow,WinterClothing,Penguins,SunRising,Snowman,Fire,2026-07-27T13:47:14.282Z
6a15b71865f2dbbd1e04cf0f,23,NS_SC_Pe_SR_Sn_NF,NoSnow_SummerClothing_Penguins_SunRising_Snowman_NoFire.webp,4,3,NoSnow,SummerClothing,Penguins,SunRising,Snowman,NoFire,2026-07-27T13:47:25.066Z
6a15b71865f2dbbd1e04cf0f,24,S_WC_Ca_SR_Sa_WF,Snow_WinterClothing_Camels_SunRising_Sandcastle_Fire.webp,2,1,Snow,WinterClothing,Camels,SunRising,Sandcastle,Fire,2026-07-27T13:47:35.453Z
6a15b71865f2dbbd1e04cf0f,25,NS_WC_Pe_SR_Sa_WF,NoSnow_WinterClothing_Penguins_SunRising_Sandcastle_Fire.webp,3,3,NoSnow,WinterClothing,Penguins,SunRising,Sandcastle,Fire,2026-07-27T13:47:48.808Z
6a15b71865f2dbbd1e04cf0f,26,S_SC_Ca_SM_Sa_WF,Snow_SummerClothing_Camels_SunMid_Sandcastle_Fire.webp,1,1,Snow,SummerClothing,Camels,SunMid,Sandcastle,Fire,2026-07-27T13:47:59.930Z
6a15b71865f2dbbd1e04cf0f,27,NS_SC_Pe_SM_Sn_NF,NoSnow_SummerClothing_Penguins_SunMid_Snowman_NoFire.webp,4,5,NoSnow,SummerClothing,Penguins,SunMid,Snowman,NoFire,2026-07-27T13:48:08.604Z
6a15b71865f2dbbd1e04cf0f,28,S_WC_Pe_SR_Sa_WF,Snow_WinterClothing_Penguins_SunRising_Sandcastle_Fire.webp,1,2,Snow,WinterClothing,Penguins,SunRising,Sandcastle,Fire,2026-07-27T13:48:16.528Z
6a15b71865f2dbbd1e04cf0f,29,NS_WC_Pe_SR_Sn_NF,NoSnow_WinterClothing_Penguins_SunRising_Snowman_NoFire.webp,3,3,NoSnow,WinterClothing,Penguins,SunRising,Snowman,NoFire,2026-07-27T13:48:30.242Z
6a15b71865f2dbbd1e04cf0f,30,NS_WC_Pe_SR_Sn_WF,NoSnow_WinterClothing_Penguins_SunRising_Snowman_Fire.webp,2,2,NoSnow,WinterClothing,Penguins,SunRising,Snowman,Fire,2026-07-27T13:48:41.146Z
6a15b71865f2dbbd1e04cf0f,31,NS_SC_Ca_SM_Sa_NF,NoSnow_SummerClothing_Camels_SunMid_Sandcastle_NoFire.webp,5,6,NoSnow,SummerClothing,Camels,SunMid,Sandcastle,NoFire,2026-07-27T13:48:59.652Z
6a15b71865f2dbbd1e04cf0f,32,NS_SC_Pe_SR_Sn_WF,NoSnow_SummerClothing_Penguins_SunRising_Snowman_Fire.webp,3,2,NoSnow,SummerClothing,Penguins,SunRising,Snowman,Fire,2026-07-27T13:49:08.912Z
6a15b71865f2dbbd1e04cf0f,33,S_SC_Pe_SM_Sn_WF,Snow_SummerClothing_Penguins_SunMid_Snowman_Fire.webp,1,1,Snow,SummerClothing,Penguins,SunMid,Snowman,Fire,2026-07-27T13:49:14.946Z
6a15b71865f2dbbd1e04cf0f,34,NS_SC_Pe_SR_Sa_WF,NoSnow_SummerClothing_Penguins_SunRising_Sandcastle_Fire.webp,3,3,NoSnow,SummerClothing,Penguins,SunRising,Sandcastle,Fire,2026-07-27T13:49:30.052Z
6a15b71865f2dbbd1e04cf0f,35,NS_WC_Ca_SR_Sn_WF,NoSnow_WinterClothing_Camels_SunRising_Snowman_Fire.webp,3,2,NoSnow,WinterClothing,Camels,SunRising,Snowman,Fire,2026-07-27T13:49:41.744Z
6a15b71865f2dbbd1e04cf0f,36,NS_SC_Pe_SM_Sa_WF,NoSnow_SummerClothing_Penguins_SunMid_Sandcastle_Fire.webp,4,4,NoSnow,SummerClothing,Penguins,SunMid,Sandcastle,Fire,2026-07-27T13:50:00.612Z
6a15b71865f2dbbd1e04cf0f,37,NS_WC_Pe_SM_Sn_NF,NoSnow_WinterClothing_Penguins_SunMid_Snowman_NoFire.webp,3,3,NoSnow,WinterClothing,Penguins,SunMid,Snowman,NoFire,2026-07-27T13:50:11.204Z
6a15b71865f2dbbd1e04cf0f,38,S_SC_Pe_SM_Sa_NF,Snow_SummerClothing_Penguins_SunMid_Sandcastle_NoFire.webp,1,2,Snow,SummerClothing,Penguins,SunMid,Sandcastle,NoFire,2026-07-27T13:50:19.270Z
6a15b71865f2dbbd1e04cf0f,39,S_WC_Ca_SR_Sn_NF,Snow_WinterClothing_Camels_SunRising_Snowman_NoFire.webp,2,1,Snow,WinterClothing,Camels,SunRising,Snowman,NoFire,2026-07-27T13:50:25.080Z
6a15b71865f2dbbd1e04cf0f,40,NS_SC_Ca_SR_Sa_NF,NoSnow_SummerClothing_Camels_SunRising_Sandcastle_NoFire.webp,5,6,NoSnow,SummerClothing,Camels,SunRising,Sandcastle,NoFire,2026-07-27T13:50:34.628Z
6a15b71865f2dbbd1e04cf0f,41,S_SC_Ca_SR_Sa_WF,Snow_SummerClothing_Camels_SunRising_Sandcastle_Fire.webp,1,1,Snow,SummerClothing,Camels,SunRising,Sandcastle,Fire,2026-07-27T13:50:41.800Z
6a15b71865f2dbbd1e04cf0f,42,S_WC_Pe_SR_Sa_NF,Snow_WinterClothing_Penguins_SunRising_Sandcastle_NoFire.webp,1,5,Snow,WinterClothing,Penguins,SunRising,Sandcastle,NoFire,2026-07-27T13:50:48.544Z
6a15b71865f2dbbd1e04cf0f,43,S_WC_Pe_SM_Sn_NF,Snow_WinterClothing_Penguins_SunMid_Snowman_NoFire.webp,1,7,Snow,WinterClothing,Penguins,SunMid,Snowman,NoFire,2026-07-27T13:50:53.926Z
6a15b71865f2dbbd1e04cf0f,44,S_SC_Pe_SR_Sa_WF,Snow_SummerClothing_Penguins_SunRising_Sandcastle_Fire.webp,1,2,Snow,SummerClothing,Penguins,SunRising,Sandcastle,Fire,2026-07-27T13:51:02.453Z
6a15b71865f2dbbd1e04cf0f,45,S_WC_Ca_SM_Sa_WF,Snow_WinterClothing_Camels_SunMid_Sandcastle_Fire.webp,1,1,Snow,WinterClothing,Camels,SunMid,Sandcastle,Fire,2026-07-27T13:51:08.415Z
6a15b71865f2dbbd1e04cf0f,46,S_SC_Pe_SR_Sn_WF,Snow_SummerClothing_Penguins_SunRising_Snowman_Fire.webp,1,3,Snow,SummerClothing,Penguins,SunRising,Snowman,Fire,2026-07-27T13:51:22.256Z
6a15b71865f2dbbd1e04cf0f,47,NS_SC_Pe_SM_Sn_WF,NoSnow_SummerClothing_Penguins_SunMid_Snowman_Fire.webp,3,3,NoSnow,SummerClothing,Penguins,SunMid,Snowman,Fire,2026-07-27T13:51:29.954Z
6a15b71865f2dbbd1e04cf0f,48,NS_WC_Pe_SM_Sa_WF,NoSnow_WinterClothing_Penguins_SunMid_Sandcastle_Fire.webp,6,2,NoSnow,WinterClothing,Penguins,SunMid,Sandcastle,Fire,2026-07-27T13:51:42.216Z
6a15b71865f2dbbd1e04cf0f,49,S_WC_Ca_SM_Sn_NF,Snow_WinterClothing_Camels_SunMid_Snowman_NoFire.webp,2,1,Snow,WinterClothing,Camels,SunMid,Snowman,NoFire,2026-07-27T13:51:50.355Z
6a15b71865f2dbbd1e04cf0f,50,NS_WC_Ca_SR_Sa_WF,NoSnow_WinterClothing_Camels_SunRising_Sandcastle_Fire.webp,7,3,NoSnow,WinterClothing,Camels,SunRising,Sandcastle,Fire,2026-07-27T13:52:03.561Z
6a15b71865f2dbbd1e04cf0f,51,NS_WC_Pe_SM_Sn_WF,NoSnow_WinterClothing_Penguins_SunMid_Snowman_Fire.webp,3,2,NoSnow,WinterClothing,Penguins,SunMid,Snowman,Fire,2026-07-27T13:52:13.236Z
6a15b71865f2dbbd1e04cf0f,52,S_WC_Ca_SM_Sa_NF,Snow_WinterClothing_Camels_SunMid_Sandcastle_NoFire.webp,2,1,Snow,WinterClothing,Camels,SunMid,Sandcastle,NoFire,2026-07-27T13:52:23.360Z
6a15b71865f2dbbd1e04cf0f,53,S_SC_Ca_SR_Sn_NF,Snow_SummerClothing_Camels_SunRising_Snowman_NoFire.webp,1,1,Snow,SummerClothing,Camels,SunRising,Snowman,NoFire,2026-07-27T13:52:34.027Z
6a15b71865f2dbbd1e04cf0f,54,NS_WC_Pe_SR_Sa_NF,NoSnow_WinterClothing_Penguins_SunRising_Sandcastle_NoFire.webp,3,2,NoSnow,WinterClothing,Penguins,SunRising,Sandcastle,NoFire,2026-07-27T13:52:58.519Z
6a15b71865f2dbbd1e04cf0f,55,NS_SC_Pe_SM_Sa_NF,NoSnow_SummerClothing_Penguins_SunMid_Sandcastle_NoFire.webp,4,3,NoSnow,SummerClothing,Penguins,SunMid,Sandcastle,NoFire,2026-07-27T13:53:04.303Z
6a15b71865f2dbbd1e04cf0f,56,NS_SC_Ca_SR_Sa_WF,NoSnow_SummerClothing_Camels_SunRising_Sandcastle_Fire.webp,5,5,NoSnow,SummerClothing,Camels,SunRising,Sandcastle,Fire,2026-07-27T13:53:10.921Z
6a15b71865f2dbbd1e04cf0f,57,S_SC_Ca_SM_Sn_NF,Snow_SummerClothing_Camels_SunMid_Snowman_NoFire.webp,1,1,Snow,SummerClothing,Camels,SunMid,Snowman,NoFire,2026-07-27T13:53:16.289Z
6a15b71865f2dbbd1e04cf0f,58,NS_SC_Ca_SR_Sn_NF,NoSnow_SummerClothing_Camels_SunRising_Snowman_NoFire.webp,4,3,NoSnow,SummerClothing,Camels,SunRising,Snowman,NoFire,2026-07-27T13:53:24.496Z
6a15b71865f2dbbd1e04cf0f,59,S_SC_Ca_SM_Sa_NF,Snow_SummerClothing_Camels_SunMid_Sandcastle_NoFire.webp,1,1,Snow,SummerClothing,Camels,SunMid,Sandcastle,NoFire,2026-07-27T13:53:30.054Z
6a15b71865f2dbbd1e04cf0f,60,S_WC_Pe_SR_Sn_NF,Snow_WinterClothing_Penguins_SunRising_Snowman_NoFire.webp,2,5,Snow,WinterClothing,Penguins,SunRising,Snowman,NoFire,2026-07-27T13:53:36.788Z
6a15b71865f2dbbd1e04cf0f,61,NS_WC_Ca_SM_Sa_NF,NoSnow_WinterClothing_Camels_SunMid_Sandcastle_NoFire.webp,6,4,NoSnow,WinterClothing,Camels,SunMid,Sandcastle,NoFire,2026-07-27T13:53:45.524Z
6a15b71865f2dbbd1e04cf0f,62,S_SC_Ca_SM_Sn_WF,Snow_SummerClothing_Camels_SunMid_Snowman_Fire.webp,1,1,Snow,SummerClothing,Camels,SunMid,Snowman,Fire,2026-07-27T13:53:51.284Z
6a15b71865f2dbbd1e04cf0f,63,S_SC_Pe_SR_Sa_NF,Snow_SummerClothing_Penguins_SunRising_Sandcastle_NoFire.webp,1,2,Snow,SummerClothing,Penguins,SunRising,Sandcastle,NoFire,2026-07-27T13:53:58.118Z
5f47d8f1e974b12169221876,0,NS_SC_Pe_SM_Sa_WF,NoSnow_SummerClothing_Penguins_SunMid_Sandcastle_Fire.webp,6,3,NoSnow,SummerClothing,Penguins,SunMid,Sandcastle,Fire,2026-07-27T13:42:54.825Z
5f47d8f1e974b12169221876,1,S_SC_Pe_SM_Sa_WF,Snow_SummerClothing_Penguins_SunMid_Sandcastle_Fire.webp,6,3,Snow,SummerClothing,Penguins,SunMid,Sandcastle,Fire,2026-07-27T13:43:05.277Z
5f47d8f1e974b12169221876,2,NS_WC_Pe_SR_Sa_WF,NoSnow_WinterClothing_Penguins_SunRising_Sandcastle_Fire.webp,5,3,NoSnow,WinterClothing,Penguins,SunRising,Sandcastle,Fire,2026-07-27T13:43:16.710Z
5f47d8f1e974b12169221876,3,S_SC_Ca_SR_Sa_WF,Snow_SummerClothing_Camels_SunRising_Sandcastle_Fire.webp,6,6,Snow,SummerClothing,Camels,SunRising,Sandcastle,Fire,2026-07-27T13:43:30.789Z
5f47d8f1e974b12169221876,4,S_WC_Pe_SR_Sa_NF,Snow_WinterClothing_Penguins_SunRising_Sandcastle_NoFire.webp,5,3,Snow,WinterClothing,Penguins,SunRising,Sandcastle,NoFire,2026-07-27T13:43:37.873Z
5f47d8f1e974b12169221876,5,NS_SC_Pe_SR_Sn_WF,NoSnow_SummerClothing_Penguins_SunRising_Snowman_Fire.webp,5,2,NoSnow,SummerClothing,Penguins,SunRising,Snowman,Fire,2026-07-27T13:43:47.964Z
5f47d8f1e974b12169221876,6,NS_SC_Ca_SM_Sa_NF,NoSnow_SummerClothing_Camels_SunMid_Sandcastle_NoFire.webp,6,6,NoSnow,SummerClothing,Camels,SunMid,Sandcastle,NoFire,2026-07-27T13:43:57.356Z
5f47d8f1e974b12169221876,7,S_SC_Ca_SM_Sn_WF,Snow_SummerClothing_Camels_SunMid_Snowman_Fire.webp,6,3,Snow,SummerClothing,Camels,SunMid,Snowman,Fire,2026-07-27T13:44:18.840Z
5f47d8f1e974b12169221876,8,S_WC_Ca_SR_Sa_WF,Snow_WinterClothing_Camels_SunRising_Sandcastle_Fire.webp,4,4,Snow,WinterClothing,Camels,SunRising,Sandcastle,Fire,2026-07-27T13:44:33.186Z
5f47d8f1e974b12169221876,9,S_SC_Pe_SM_Sn_NF,Snow_SummerClothing_Penguins_SunMid_Snowman_NoFire.webp,6,3,Snow,SummerClothing,Penguins,SunMid,Snowman,NoFire,2026-07-27T13:45:00.808Z
5f47d8f1e974b12169221876,10,NS_WC_Pe_SR_Sn_WF,NoSnow_WinterClothing_Penguins_SunRising_Snowman_Fire.webp,4,3,NoSnow,WinterClothing,Penguins,SunRising,Snowman,Fire,2026-07-27T13:45:18.994Z
5f47d8f1e974b12169221876,11,NS_SC_Pe_SR_Sa_WF,NoSnow_SummerClothing_Penguins_SunRising_Sandcastle_Fire.webp,6,3,NoSnow,SummerClothing,Penguins,SunRising,Sandcastle,Fire,2026-07-27T13:45:27.791Z
5f47d8f1e974b12169221876,12,S_WC_Pe_SR_Sn_WF,Snow_WinterClothing_Penguins_SunRising_Snowman_Fire.webp,4,3,Snow,WinterClothing,Penguins,SunRising,Snowman,Fire,2026-07-27T13:45:42.847Z
5f47d8f1e974b12169221876,13,S_SC_Pe_SR_Sa_WF,Snow_SummerClothing_Penguins_SunRising_Sandcastle_Fire.webp,6,3,Snow,SummerClothing,Penguins,SunRising,Sandcastle,Fire,2026-07-27T13:45:50.342Z
5f47d8f1e974b12169221876,14,S_SC_Pe_SM_Sa_NF,Snow_SummerClothing_Penguins_SunMid_Sandcastle_NoFire.webp,4,3,Snow,SummerClothing,Penguins,SunMid,Sandcastle,NoFire,2026-07-27T13:46:07.592Z
5f47d8f1e974b12169221876,15,NS_WC_Ca_SM_Sn_WF,NoSnow_WinterClothing_Camels_SunMid_Snowman_Fire.webp,4,3,NoSnow,WinterClothing,Camels,SunMid,Snowman,Fire,2026-07-27T13:46:14.856Z
5f47d8f1e974b12169221876,16,S_WC_Ca_SM_Sa_WF,Snow_WinterClothing_Camels_SunMid_Sandcastle_Fire.webp,4,5,Snow,WinterClothing,Camels,SunMid,Sandcastle,Fire,2026-07-27T13:46:33.870Z
5f47d8f1e974b12169221876,17,S_SC_Ca_SR_Sa_NF,Snow_SummerClothing_Camels_SunRising_Sandcastle_NoFire.webp,5,6,Snow,SummerClothing,Camels,SunRising,Sandcastle,NoFire,2026-07-27T13:46:44.848Z
5f47d8f1e974b12169221876,18,NS_SC_Pe_SR_Sn_NF,NoSnow_SummerClothing_Penguins_SunRising_Snowman_NoFire.webp,5,3,NoSnow,SummerClothing,Penguins,SunRising,Snowman,NoFire,2026-07-27T13:46:53.967Z
5f47d8f1e974b12169221876,19,S_WC_Ca_SM_Sn_NF,Snow_WinterClothing_Camels_SunMid_Snowman_NoFire.webp,4,3,Snow,WinterClothing,Camels,SunMid,Snowman,NoFire,2026-07-27T13:47:00.660Z
5f47d8f1e974b12169221876,20,S_WC_Pe_SR_Sa_WF,Snow_WinterClothing_Penguins_SunRising_Sandcastle_Fire.webp,4,3,Snow,WinterClothing,Penguins,SunRising,Sandcastle,Fire,2026-07-27T13:47:06.575Z
5f47d8f1e974b12169221876,21,S_SC_Ca_SR_Sn_NF,Snow_SummerClothing_Camels_SunRising_Snowman_NoFire.webp,5,6,Snow,SummerClothing,Camels,SunRising,Snowman,NoFire,2026-07-27T13:47:12.572Z
5f47d8f1e974b12169221876,22,S_WC_Ca_SR_Sa_NF,Snow_WinterClothing_Camels_SunRising_Sandcastle_NoFire.webp,4,5,Snow,WinterClothing,Camels,SunRising,Sandcastle,NoFire,2026-07-27T13:47:18.497Z
5f47d8f1e974b12169221876,23,S_WC_Ca_SM_Sn_WF,Snow_WinterClothing_Camels_SunMid_Snowman_Fire.webp,4,3,Snow,WinterClothing,Camels,SunMid,Snowman,Fire,2026-07-27T13:47:24.182Z
5f47d8f1e974b12169221876,24,S_WC_Pe_SM_Sa_WF,Snow_WinterClothing_Penguins_SunMid_Sandcastle_Fire.webp,4,3,Snow,WinterClothing,Penguins,SunMid,Sandcastle,Fire,2026-07-27T13:47:30.826Z
5f47d8f1e974b12169221876,25,S_WC_Pe_SR_Sn_NF,Snow_WinterClothing_Penguins_SunRising_Snowman_NoFire.webp,4,2,Snow,WinterClothing,Penguins,SunRising,Snowman,NoFire,2026-07-27T13:47:36.837Z
5f47d8f1e974b12169221876,26,S_SC_Ca_SM_Sn_NF,Snow_SummerClothing_Camels_SunMid_Snowman_NoFire.webp,5,3,Snow,SummerClothing,Camels,SunMid,Snowman,NoFire,2026-07-27T13:47:43.377Z
5f47d8f1e974b12169221876,27,NS_WC_Pe_SR_Sn_NF,NoSnow_WinterClothing_Penguins_SunRising_Snowman_NoFire.webp,4,2,NoSnow,WinterClothing,Penguins,SunRising,Snowman,NoFire,2026-07-27T13:47:49.589Z
5f47d8f1e974b12169221876,28,S_SC_Pe_SR_Sn_WF,Snow_SummerClothing_Penguins_SunRising_Snowman_Fire.webp,5,2,Snow,SummerClothing,Penguins,SunRising,Snowman,Fire,2026-07-27T13:47:56.255Z
5f47d8f1e974b12169221876,29,NS_SC_Ca_SM_Sn_NF,NoSnow_SummerClothing_Camels_SunMid_Snowman_NoFire.webp,5,3,NoSnow,SummerClothing,Camels,SunMid,Snowman,NoFire,2026-07-27T13:48:02.736Z
5f47d8f1e974b12169221876,30,NS_WC_Ca_SR_Sa_NF,NoSnow_WinterClothing_Camels_SunRising_Sandcastle_NoFire.webp,4,3,NoSnow,WinterClothing,Camels,SunRising,Sandcastle,NoFire,2026-07-27T13:48:08.873Z
5f47d8f1e974b12169221876,31,S_WC_Ca_SM_Sa_NF,Snow_WinterClothing_Camels_SunMid_Sandcastle_NoFire.webp,5,5,Snow,WinterClothing,Camels,SunMid,Sandcastle,NoFire,2026-07-27T13:48:19.684Z
5f47d8f1e974b12169221876,32,NS_SC_Ca_SR_Sn_WF,NoSnow_SummerClothing_Camels_SunRising_Snowman_Fire.webp,4,2,NoSnow,SummerClothing,Camels,SunRising,Snowman,Fire,2026-07-27T13:48:28.021Z
5f47d8f1e974b12169221876,33,S_SC_Pe_SR_Sn_NF,Snow_SummerClothing_Penguins_SunRising_Snowman_NoFire.webp,2,3,Snow,SummerClothing,Penguins,SunRising,Snowman,NoFire,2026-07-27T13:48:37.786Z
5f47d8f1e974b12169221876,34,NS_WC_Ca_SM_Sn_NF,NoSnow_WinterClothing_Camels_SunMid_Snowman_NoFire.webp,5,3,NoSnow,WinterClothing,Camels,SunMid,Snowman,NoFire,2026-07-27T13:48:44.848Z
5f47d8f1e974b12169221876,35,NS_WC_Pe_SM_Sn_NF,NoSnow_WinterClothing_Penguins_SunMid_Snowman_NoFire.webp,6,3,NoSnow,WinterClothing,Penguins,SunMid,Snowman,NoFire,2026-07-27T13:48:52.381Z
5f47d8f1e974b12169221876,36,NS_SC_Pe_SM_Sa_NF,NoSnow_SummerClothing_Penguins_SunMid_Sandcastle_NoFire.webp,6,3,NoSnow,SummerClothing,Penguins,SunMid,Sandcastle,NoFire,2026-07-27T13:49:04.393Z
5f47d8f1e974b12169221876,37,S_SC_Pe_SR_Sa_NF,Snow_SummerClothing_Penguins_SunRising_Sandcastle_NoFire.webp,5,3,Snow,SummerClothing,Penguins,SunRising,Sandcastle,NoFire,2026-07-27T13:49:12.313Z
5f47d8f1e974b12169221876,38,NS_WC_Ca_SR_Sn_WF,NoSnow_WinterClothing_Camels_SunRising_Snowman_Fire.webp,4,3,NoSnow,WinterClothing,Camels,SunRising,Snowman,Fire,2026-07-27T13:49:19.355Z
5f47d8f1e974b12169221876,39,NS_WC_Ca_SR_Sn_NF,NoSnow_WinterClothing_Camels_SunRising_Snowman_NoFire.webp,4,3,NoSnow,WinterClothing,Camels,SunRising,Snowman,NoFire,2026-07-27T13:49:27.649Z
5f47d8f1e974b12169221876,40,NS_WC_Ca_SM_Sa_NF,NoSnow_WinterClothing_Camels_SunMid_Sandcastle_NoFire.webp,6,6,NoSnow,WinterClothing,Camels,SunMid,Sandcastle,NoFire,2026-07-27T13:49:34.498Z
5f47d8f1e974b12169221876,41,NS_SC_Pe_SM_Sn_NF,NoSnow_SummerClothing_Penguins_SunMid_Snowman_NoFire.webp,4,3,NoSnow,SummerClothing,Penguins,SunMid,Snowman,NoFire,2026-07-27T13:49:41.417Z
5f47d8f1e974b12169221876,42,S_SC_Ca_SM_Sa_NF,Snow_SummerClothing_Camels_SunMid_Sandcastle_NoFire.webp,6,6,Snow,SummerClothing,Camels,SunMid,Sandcastle,NoFire,2026-07-27T13:49:48.733Z
5f47d8f1e974b12169221876,43,NS_WC_Ca_SM_Sa_WF,NoSnow_WinterClothing_Camels_SunMid_Sandcastle_Fire.webp,6,5,NoSnow,WinterClothing,Camels,SunMid,Sandcastle,Fire,2026-07-27T13:49:57.007Z
5f47d8f1e974b12169221876,44,S_WC_Ca_SR_Sn_NF,Snow_WinterClothing_Camels_SunRising_Snowman_NoFire.webp,4,3,Snow,WinterClothing,Camels,SunRising,Snowman,NoFire,2026-07-27T13:50:03.623Z
5f47d8f1e974b12169221876,45,S_WC_Pe_SM_Sa_NF,Snow_WinterClothing_Penguins_SunMid_Sandcastle_NoFire.webp,5,3,Snow,WinterClothing,Penguins,SunMid,Sandcastle,NoFire,2026-07-27T13:50:10.599Z
5f47d8f1e974b12169221876,46,NS_WC_Ca_SR_Sa_WF,NoSnow_WinterClothing_Camels_SunRising_Sandcastle_Fire.webp,4,6,NoSnow,WinterClothing,Camels,SunRising,Sandcastle,Fire,2026-07-27T13:50:16.692Z
5f47d8f1e974b12169221876,47,S_SC_Pe_SM_Sn_WF,Snow_SummerClothing_Penguins_SunMid_Snowman_Fire.webp,5,3,Snow,SummerClothing,Penguins,SunMid,Snowman,Fire,2026-07-27T13:50:23.829Z
5f47d8f1e974b12169221876,48,NS_SC_Ca_SR_Sn_NF,NoSnow_SummerClothing_Camels_SunRising_Snowman_NoFire.webp,3,3,NoSnow,SummerClothing,Camels,SunRising,Snowman,NoFire,2026-07-27T13:50:30.410Z
5f47d8f1e974b12169221876,49,NS_WC_Pe_SM_Sn_WF,NoSnow_WinterClothing_Penguins_SunMid_Snowman_Fire.webp,6,2,NoSnow,WinterClothing,Penguins,SunMid,Snowman,Fire,2026-07-27T13:50:37.893Z
5f47d8f1e974b12169221876,50,NS_SC_Ca_SR_Sa_NF,NoSnow_SummerClothing_Camels_SunRising_Sandcastle_NoFire.webp,4,6,NoSnow,SummerClothing,Camels,SunRising,Sandcastle,NoFire,2026-07-27T13:50:43.773Z
5f47d8f1e974b12169221876,51,NS_WC_Pe_SM_Sa_NF,NoSnow_WinterClothing_Penguins_SunMid_Sandcastle_NoFire.webp,5,3,NoSnow,WinterClothing,Penguins,SunMid,Sandcastle,NoFire,2026-07-27T13:50:51.183Z
5f47d8f1e974b12169221876,52,S_WC_Ca_SR_Sn_WF,Snow_WinterClothing_Camels_SunRising_Snowman_Fire.webp,4,3,Snow,WinterClothing,Camels,SunRising,Snowman,Fire,2026-07-27T13:50:58.782Z
5f47d8f1e974b12169221876,53,NS_SC_Pe_SR_Sa_NF,NoSnow_SummerClothing_Penguins_SunRising_Sandcastle_NoFire.webp,3,3,NoSnow,SummerClothing,Penguins,SunRising,Sandcastle,NoFire,2026-07-27T13:51:04.542Z
5f47d8f1e974b12169221876,54,NS_WC_Pe_SM_Sa_WF,NoSnow_WinterClothing_Penguins_SunMid_Sandcastle_Fire.webp,6,3,NoSnow,WinterClothing,Penguins,SunMid,Sandcastle,Fire,2026-07-27T13:51:10.316Z
5f47d8f1e974b12169221876,55,NS_WC_Pe_SR_Sa_NF,NoSnow_WinterClothing_Penguins_SunRising_Sandcastle_NoFire.webp,4,3,NoSnow,WinterClothing,Penguins,SunRising,Sandcastle,NoFire,2026-07-27T13:51:17.956Z
5f47d8f1e974b12169221876,56,NS_SC_Ca_SM_Sa_WF,NoSnow_SummerClothing_Camels_SunMid_Sandcastle_Fire.webp,6,6,NoSnow,SummerClothing,Camels,SunMid,Sandcastle,Fire,2026-07-27T13:51:24.442Z
5f47d8f1e974b12169221876,57,S_WC_Pe_SM_Sn_WF,Snow_WinterClothing_Penguins_SunMid_Snowman_Fire.webp,6,3,Snow,WinterClothing,Penguins,SunMid,Snowman,Fire,2026-07-27T13:51:32.721Z
5f47d8f1e974b12169221876,58,NS_SC_Pe_SM_Sn_WF,NoSnow_SummerClothing_Penguins_SunMid_Snowman_Fire.webp,4,2,NoSnow,SummerClothing,Penguins,SunMid,Snowman,Fire,2026-07-27T13:51:38.731Z
5f47d8f1e974b12169221876,59,S_SC_Ca_SM_Sa_WF,Snow_SummerClothing_Camels_SunMid_Sandcastle_Fire.webp,5,6,Snow,SummerClothing,Camels,SunMid,Sandcastle,Fire,2026-07-27T13:51:44.658Z
5f47d8f1e974b12169221876,60,NS_SC_Ca_SR_Sa_WF,NoSnow_SummerClothing_Camels_SunRising_Sandcastle_Fire.webp,4,5,NoSnow,SummerClothing,Camels,SunRising,Sandcastle,Fire,2026-07-27T13:51:51.386Z
5f47d8f1e974b12169221876,61,S_SC_Ca_SR_Sn_WF,Snow_SummerClothing_Camels_SunRising_Snowman_Fire.webp,3,3,Snow,SummerClothing,Camels,SunRising,Snowman,Fire,2026-07-27T13:51:57.150Z
5f47d8f1e974b12169221876,62,NS_SC_Ca_SM_Sn_WF,NoSnow_SummerClothing_Camels_SunMid_Snowman_Fire.webp,5,3,NoSnow,SummerClothing,Camels,SunMid,Snowman,Fire,2026-07-27T13:52:04.966Z
5f47d8f1e974b12169221876,63,S_WC_Pe_SM_Sn_NF,Snow_WinterClothing_Penguins_SunMid_Snowman_NoFire.webp,4,4,Snow,WinterClothing,Penguins,SunMid,Snowman,NoFire,2026-07-27T13:52:14.406Z
5cedaba627d8ce00018469bb,0,NS_SC_Ca_SM_Sa_NF,NoSnow_SummerClothing_Camels_SunMid_Sandcastle_NoFire.webp,7,2,NoSnow,SummerClothing,Camels,SunMid,Sandcastle,NoFire,2026-07-27T13:44:13.447Z
5cedaba627d8ce00018469bb,1,NS_WC_Pe_SR_Sn_NF,NoSnow_WinterClothing_Penguins_SunRising_Snowman_NoFire.webp,3,2,NoSnow,WinterClothing,Penguins,SunRising,Snowman,NoFire,2026-07-27T13:44:39.957Z
5cedaba627d8ce00018469bb,2,NS_SC_Pe_SM_Sa_WF,NoSnow_SummerClothing_Penguins_SunMid_Sandcastle_Fire.webp,6,3,NoSnow,SummerClothing,Penguins,SunMid,Sandcastle,Fire,2026-07-27T13:45:22.376Z
5cedaba627d8ce00018469bb,3,S_WC_Ca_SR_Sn_NF,Snow_WinterClothing_Camels_SunRising_Snowman_NoFire.webp,6,1,Snow,WinterClothing,Camels,SunRising,Snowman,NoFire,2026-07-27T13:46:04.416Z
5cedaba627d8ce00018469bb,4,NS_SC_Ca_SM_Sa_WF,NoSnow_SummerClothing_Camels_SunMid_Sandcastle_Fire.webp,4,4,NoSnow,SummerClothing,Camels,SunMid,Sandcastle,Fire,2026-07-27T13:46:22.095Z
5cedaba627d8ce00018469bb,5,NS_WC_Pe_SM_Sn_NF,NoSnow_WinterClothing_Penguins_SunMid_Snowman_NoFire.webp,6,2,NoSnow,WinterClothing,Penguins,SunMid,Snowman,NoFire,2026-07-27T13:46:39.639Z
5cedaba627d8ce00018469bb,6,S_WC_Pe_SM_Sn_WF,Snow_WinterClothing_Penguins_SunMid_Snowman_Fire.webp,6,2,Snow,WinterClothing,Penguins,SunMid,Snowman,Fire,2026-07-27T13:46:49.474Z
5cedaba627d8ce00018469bb,7,S_SC_Pe_SR_Sn_WF,Snow_SummerClothing_Penguins_SunRising_Snowman_Fire.webp,6,2,Snow,SummerClothing,Penguins,SunRising,Snowman,Fire,2026-07-27T13:47:11.169Z
5cedaba627d8ce00018469bb,8,NS_WC_Ca_SR_Sn_NF,NoSnow_WinterClothing_Camels_SunRising_Snowman_NoFire.webp,6,2,NoSnow,WinterClothing,Camels,SunRising,Snowman,NoFire,2026-07-27T13:47:22.584Z
5cedaba627d8ce00018469bb,9,S_WC_Pe_SR_Sa_WF,Snow_WinterClothing_Penguins_SunRising_Sandcastle_Fire.webp,6,2,Snow,WinterClothing,Penguins,SunRising,Sandcastle,Fire,2026-07-27T13:47:30.498Z
5cedaba627d8ce00018469bb,10,S_SC_Pe_SM_Sa_WF,Snow_SummerClothing_Penguins_SunMid_Sandcastle_Fire.webp,6,2,Snow,SummerClothing,Penguins,SunMid,Sandcastle,Fire,2026-07-27T13:47:39.607Z
5cedaba627d8ce00018469bb,11,S_WC_Ca_SM_Sa_WF,Snow_WinterClothing_Camels_SunMid_Sandcastle_Fire.webp,6,3,Snow,WinterClothing,Camels,SunMid,Sandcastle,Fire,2026-07-27T13:47:57.186Z
5cedaba627d8ce00018469bb,12,S_SC_Pe_SM_Sn_WF,Snow_SummerClothing_Penguins_SunMid_Snowman_Fire.webp,6,3,Snow,SummerClothing,Penguins,SunMid,Snowman,Fire,2026-07-27T13:48:05.583Z
5cedaba627d8ce00018469bb,13,S_SC_Pe_SM_Sa_NF,Snow_SummerClothing_Penguins_SunMid_Sandcastle_NoFire.webp,6,2,Snow,SummerClothing,Penguins,SunMid,Sandcastle,NoFire,2026-07-27T13:48:23.814Z
5cedaba627d8ce00018469bb,14,S_SC_Pe_SM_Sn_NF,Snow_SummerClothing_Penguins_SunMid_Snowman_NoFire.webp,6,3,Snow,SummerClothing,Penguins,SunMid,Snowman,NoFire,2026-07-27T13:48:34.688Z
5cedaba627d8ce00018469bb,15,S_WC_Pe_SM_Sa_WF,Snow_WinterClothing_Penguins_SunMid_Sandcastle_Fire.webp,6,3,Snow,WinterClothing,Penguins,SunMid,Sandcastle,Fire,2026-07-27T13:48:43.079Z
5cedaba627d8ce00018469bb,16,NS_WC_Pe_SR_Sa_NF,NoSnow_WinterClothing_Penguins_SunRising_Sandcastle_NoFire.webp,4,2,NoSnow,WinterClothing,Penguins,SunRising,Sandcastle,NoFire,2026-07-27T13:49:10.455Z
5cedaba627d8ce00018469bb,17,S_SC_Ca_SR_Sn_NF,Snow_SummerClothing_Camels_SunRising_Snowman_NoFire.webp,5,1,Snow,SummerClothing,Camels,SunRising,Snowman,NoFire,2026-07-27T13:49:46.064Z
5cedaba627d8ce00018469bb,18,S_WC_Pe_SR_Sn_WF,Snow_WinterClothing_Penguins_SunRising_Snowman_Fire.webp,6,2,Snow,WinterClothing,Penguins,SunRising,Snowman,Fire,2026-07-27T13:49:58.286Z
5cedaba627d8ce00018469bb,19,S_WC_Pe_SR_Sa_NF,Snow_WinterClothing_Penguins_SunRising_Sandcastle_NoFire.webp,4,2,Snow,WinterClothing,Penguins,SunRising,Sandcastle,NoFire,2026-07-27T13:50:16.967Z
5cedaba627d8ce00018469bb,20,S_WC_Ca_SM_Sn_WF,Snow_WinterClothing_Camels_SunMid_Snowman_Fire.webp,6,2,Snow,WinterClothing,Camels,SunMid,Snowman,Fire,2026-07-27T13:50:30.733Z
5cedaba627d8ce00018469bb,21,NS_SC_Ca_SR_Sn_NF,NoSnow_SummerClothing_Camels_SunRising_Snowman_NoFire.webp,6,2,NoSnow,SummerClothing,Camels,SunRising,Snowman,NoFire,2026-07-27T13:50:44.614Z
5cedaba627d8ce00018469bb,22,S_SC_Ca_SM_Sa_WF,Snow_SummerClothing_Camels_SunMid_Sandcastle_Fire.webp,6,3,Snow,SummerClothing,Camels,SunMid,Sandcastle,Fire,2026-07-27T13:51:03.172Z
5cedaba627d8ce00018469bb,23,NS_WC_Ca_SR_Sa_NF,NoSnow_WinterClothing_Camels_SunRising_Sandcastle_NoFire.webp,3,4,NoSnow,WinterClothing,Camels,SunRising,Sandcastle,NoFire,2026-07-27T13:51:11.027Z
5cedaba627d8ce00018469bb,24,NS_SC_Pe_SM_Sa_NF,NoSnow_SummerClothing_Penguins_SunMid_Sandcastle_NoFire.webp,4,4,NoSnow,SummerClothing,Penguins,SunMid,Sandcastle,NoFire,2026-07-27T13:51:18.595Z
5cedaba627d8ce00018469bb,25,S_SC_Ca_SR_Sn_WF,Snow_SummerClothing_Camels_SunRising_Snowman_Fire.webp,5,3,Snow,SummerClothing,Camels,SunRising,Snowman,Fire,2026-07-27T13:51:27.470Z
5cedaba627d8ce00018469bb,26,S_SC_Ca_SM_Sn_NF,Snow_SummerClothing_Camels_SunMid_Snowman_NoFire.webp,6,2,Snow,SummerClothing,Camels,SunMid,Snowman,NoFire,2026-07-27T13:51:39.800Z
5cedaba627d8ce00018469bb,27,S_WC_Pe_SM_Sn_NF,Snow_WinterClothing_Penguins_SunMid_Snowman_NoFire.webp,4,4,Snow,WinterClothing,Penguins,SunMid,Snowman,NoFire,2026-07-27T13:51:55.422Z
5cedaba627d8ce00018469bb,28,NS_SC_Pe_SR_Sn_WF,NoSnow_SummerClothing_Penguins_SunRising_Snowman_Fire.webp,6,3,NoSnow,SummerClothing,Penguins,SunRising,Snowman,Fire,2026-07-27T13:52:04.068Z
5cedaba627d8ce00018469bb,29,NS_SC_Pe_SR_Sn_NF,NoSnow_SummerClothing_Penguins_SunRising_Snowman_NoFire.webp,6,2,NoSnow,SummerClothing,Penguins,SunRising,Snowman,NoFire,2026-07-27T13:52:12.359Z
5cedaba627d8ce00018469bb,30,S_WC_Ca_SR_Sa_NF,Snow_WinterClothing_Camels_SunRising_Sandcastle_NoFire.webp,6,3,Snow,WinterClothing,Camels,SunRising,Sandcastle,NoFire,2026-07-27T13:52:23.329Z
5cedaba627d8ce00018469bb,31,NS_SC_Ca_SM_Sn_NF,NoSnow_SummerClothing_Camels_SunMid_Snowman_NoFire.webp,4,3,NoSnow,SummerClothing,Camels,SunMid,Snowman,NoFire,2026-07-27T13:52:39.828Z
5cedaba627d8ce00018469bb,32,S_WC_Pe_SM_Sa_NF,Snow_WinterClothing_Penguins_SunMid_Sandcastle_NoFire.webp,3,3,Snow,WinterClothing,Penguins,SunMid,Sandcastle,NoFire,2026-07-27T13:52:51.789Z
5cedaba627d8ce00018469bb,33,NS_WC_Pe_SM_Sa_WF,NoSnow_WinterClothing_Penguins_SunMid_Sandcastle_Fire.webp,6,3,NoSnow,WinterClothing,Penguins,SunMid,Sandcastle,Fire,2026-07-27T13:53:00.235Z
5cedaba627d8ce00018469bb,34,NS_WC_Pe_SM_Sa_NF,NoSnow_WinterClothing_Penguins_SunMid_Sandcastle_NoFire.webp,4,5,NoSnow,WinterClothing,Penguins,SunMid,Sandcastle,NoFire,2026-07-27T13:53:13.406Z
5cedaba627d8ce00018469bb,35,NS_WC_Ca_SM_Sa_WF,NoSnow_WinterClothing_Camels_SunMid_Sandcastle_Fire.webp,6,3,NoSnow,WinterClothing,Camels,SunMid,Sandcastle,Fire,2026-07-27T13:53:25.430Z
5cedaba627d8ce00018469bb,36,S_SC_Ca_SM_Sn_WF,Snow_SummerClothing_Camels_SunMid_Snowman_Fire.webp,6,3,Snow,SummerClothing,Camels,SunMid,Snowman,Fire,2026-07-27T13:53:35.194Z
5cedaba627d8ce00018469bb,37,S_SC_Pe_SR_Sn_NF,Snow_SummerClothing_Penguins_SunRising_Snowman_NoFire.webp,6,4,Snow,SummerClothing,Penguins,SunRising,Snowman,NoFire,2026-07-27T13:53:45.931Z
5cedaba627d8ce00018469bb,38,NS_WC_Ca_SM_Sa_NF,NoSnow_WinterClothing_Camels_SunMid_Sandcastle_NoFire.webp,3,5,NoSnow,WinterClothing,Camels,SunMid,Sandcastle,NoFire,2026-07-27T13:53:55.751Z
5cedaba627d8ce00018469bb,39,NS_SC_Pe_SR_Sa_NF,NoSnow_SummerClothing_Penguins_SunRising_Sandcastle_NoFire.webp,5,4,NoSnow,SummerClothing,Penguins,SunRising,Sandcastle,NoFire,2026-07-27T13:54:03.424Z
5cedaba627d8ce00018469bb,40,S_WC_Ca_SR_Sa_WF,Snow_WinterClothing_Camels_SunRising_Sandcastle_Fire.webp,5,4,Snow,WinterClothing,Camels,SunRising,Sandcastle,Fire,2026-07-27T13:54:12.740Z
5cedaba627d8ce00018469bb,41,S_WC_Ca_SR_Sn_WF,Snow_WinterClothing_Camels_SunRising_Snowman_Fire.webp,6,3,Snow,WinterClothing,Camels,SunRising,Snowman,Fire,2026-07-27T13:54:21.693Z
5cedaba627d8ce00018469bb,42,NS_SC_Pe_SR_Sa_WF,NoSnow_SummerClothing_Penguins_SunRising_Sandcastle_Fire.webp,5,4,NoSnow,SummerClothing,Penguins,SunRising,Sandcastle,Fire,2026-07-27T13:54:28.825Z
5cedaba627d8ce00018469bb,43,NS_SC_Ca_SR_Sn_WF,NoSnow_SummerClothing_Camels_SunRising_Snowman_Fire.webp,6,3,NoSnow,SummerClothing,Camels,SunRising,Snowman,Fire,2026-07-27T13:54:35.969Z
5cedaba627d8ce00018469bb,44,NS_SC_Ca_SR_Sa_NF,NoSnow_SummerClothing_Camels_SunRising_Sandcastle_NoFire.webp,5,4,NoSnow,SummerClothing,Camels,SunRising,Sandcastle,NoFire,2026-07-27T13:54:45.764Z
5cedaba627d8ce00018469bb,45,NS_WC_Ca_SM_Sn_NF,NoSnow_WinterClothing_Camels_SunMid_Snowman_NoFire.webp,3,3,NoSnow,WinterClothing,Camels,SunMid,Snowman,NoFire,2026-07-27T13:54:54.204Z
5cedaba627d8ce00018469bb,46,NS_SC_Pe_SM_Sn_WF,NoSnow_SummerClothing_Penguins_SunMid_Snowman_Fire.webp,6,3,NoSnow,SummerClothing,Penguins,SunMid,Snowman,Fire,2026-07-27T13:55:02.339Z
5cedaba627d8ce00018469bb,47,S_WC_Pe_SR_Sn_NF,Snow_WinterClothing_Penguins_SunRising_Snowman_NoFire.webp,6,4,Snow,WinterClothing,Penguins,SunRising,Snowman,NoFire,2026-07-27T13:55:10.175Z
5cedaba627d8ce00018469bb,48,S_WC_Ca_SM_Sn_NF,Snow_WinterClothing_Camels_SunMid_Snowman_NoFire.webp,3,4,Snow,WinterClothing,Camels,SunMid,Snowman,NoFire,2026-07-27T13:55:22.975Z
5cedaba627d8ce00018469bb,49,NS_WC_Pe_SR_Sa_WF,NoSnow_WinterClothing_Penguins_SunRising_Sandcastle_Fire.webp,6,3,NoSnow,WinterClothing,Penguins,SunRising,Sandcastle,Fire,2026-07-27T13:55:33.549Z
5cedaba627d8ce00018469bb,50,NS_SC_Ca_SM_Sn_WF,NoSnow_SummerClothing_Camels_SunMid_Snowman_Fire.webp,6,2,NoSnow,SummerClothing,Camels,SunMid,Snowman,Fire,2026-07-27T13:55:40.751Z
5cedaba627d8ce00018469bb,51,NS_WC_Ca_SM_Sn_WF,NoSnow_WinterClothing_Camels_SunMid_Snowman_Fire.webp,6,3,NoSnow,WinterClothing,Camels,SunMid,Snowman,Fire,2026-07-27T13:55:49.113Z
5cedaba627d8ce00018469bb,52,NS_WC_Ca_SR_Sa_WF,NoSnow_WinterClothing_Camels_SunRising_Sandcastle_Fire.webp,6,3,NoSnow,WinterClothing,Camels,SunRising,Sandcastle,Fire,2026-07-27T13:55:56.836Z
5cedaba627d8ce00018469bb,53,NS_WC_Ca_SR_Sn_WF,NoSnow_WinterClothing_Camels_SunRising_Snowman_Fire.webp,6,2,NoSnow,WinterClothing,Camels,SunRising,Snowman,Fire,2026-07-27T13:56:04.664Z
5cedaba627d8ce00018469bb,54,NS_WC_Pe_SR_Sn_WF,NoSnow_WinterClothing_Penguins_SunRising_Snowman_Fire.webp,6,2,NoSnow,WinterClothing,Penguins,SunRising,Snowman,Fire,2026-07-27T13:56:12.828Z
5cedaba627d8ce00018469bb,55,NS_SC_Ca_SR_Sa_WF,NoSnow_SummerClothing_Camels_SunRising_Sandcastle_Fire.webp,6,3,NoSnow,SummerClothing,Camels,SunRising,Sandcastle,Fire,2026-07-27T13:56:21.588Z
5cedaba627d8ce00018469bb,56,S_SC_Ca_SR_Sa_WF,Snow_SummerClothing_Camels_SunRising_Sandcastle_Fire.webp,4,4,Snow,SummerClothing,Camels,SunRising,Sandcastle,Fire,2026-07-27T13:56:29.815Z
5cedaba627d8ce00018469bb,57,NS_SC_Pe_SM_Sn_NF,NoSnow_SummerClothing_Penguins_SunMid_Snowman_NoFire.webp,4,4,NoSnow,SummerClothing,Penguins,SunMid,Snowman,NoFire,2026-07-27T13:56:49.271Z
5cedaba627d8ce00018469bb,58,S_SC_Pe_SR_Sa_WF,Snow_SummerClothing_Penguins_SunRising_Sandcastle_Fire.webp,6,3,Snow,SummerClothing,Penguins,SunRising,Sandcastle,Fire,2026-07-27T13:56:56.069Z
5cedaba627d8ce00018469bb,59,S_SC_Pe_SR_Sa_NF,Snow_SummerClothing_Penguins_SunRising_Sandcastle_NoFire.webp,4,4,Snow,SummerClothing,Penguins,SunRising,Sandcastle,NoFire,2026-07-27T13:57:05.077Z
5cedaba627d8ce00018469bb,60,S_SC_Ca_SR_Sa_NF,Snow_SummerClothing_Camels_SunRising_Sandcastle_NoFire.webp,5,4,Snow,SummerClothing,Camels,SunRising,Sandcastle,NoFire,2026-07-27T13:57:14.229Z
5cedaba627d8ce00018469bb,61,S_WC_Ca_SM_Sa_NF,Snow_WinterClothing_Camels_SunMid_Sandcastle_NoFire.webp,3,4,Snow,WinterClothing,Camels,SunMid,Sandcastle,NoFire,2026-07-27T13:57:24.439Z
5cedaba627d8ce00018469bb,62,NS_WC_Pe_SM_Sn_WF,NoSnow_WinterClothing_Penguins_SunMid_Snowman_Fire.webp,6,2,NoSnow,WinterClothing,Penguins,SunMid,Snowman,Fire,2026-07-27T13:57:32.681Z
5cedaba627d8ce00018469bb,63,S_SC_Ca_SM_Sa_NF,Snow_SummerClothing_Camels_SunMid_Sandcastle_NoFire.webp,5,5,Snow,SummerClothing,Camels,SunMid,Sandcastle,NoFire,2026-07-27T13:57:44.599Z
669c110dc12c812db98dfb0d,0,NS_WC_Ca_SR_Sa_WF,NoSnow_WinterClothing_Camels_SunRising_Sandcastle_Fire.webp,6,1,NoSnow,WinterClothing,Camels,SunRising,Sandcastle,Fire,2026-07-27T13:44:02.615Z
669c110dc12c812db98dfb0d,1,NS_SC_Pe_SM_Sa_WF,NoSnow_SummerClothing_Penguins_SunMid_Sandcastle_Fire.webp,5,1,NoSnow,SummerClothing,Penguins,SunMid,Sandcastle,Fire,2026-07-27T13:44:18.060Z
669c110dc12c812db98dfb0d,2,NS_WC_Ca_SM_Sa_NF,NoSnow_WinterClothing_Camels_SunMid_Sandcastle_NoFire.webp,5,1,NoSnow,WinterClothing,Camels,SunMid,Sandcastle,NoFire,2026-07-27T13:44:35.129Z
669c110dc12c812db98dfb0d,3,NS_WC_Pe_SR_Sn_NF,NoSnow_WinterClothing_Penguins_SunRising_Snowman_NoFire.webp,3,1,NoSnow,WinterClothing,Penguins,SunRising,Snowman,NoFire,2026-07-27T13:45:00.255Z
669c110dc12c812db98dfb0d,4,NS_SC_Pe_SM_Sn_WF,NoSnow_SummerClothing_Penguins_SunMid_Snowman_Fire.webp,4,1,NoSnow,SummerClothing,Penguins,SunMid,Snowman,Fire,2026-07-27T13:45:10.547Z
669c110dc12c812db98dfb0d,5,NS_WC_Ca_SM_Sa_WF,NoSnow_WinterClothing_Camels_SunMid_Sandcastle_Fire.webp,6,2,NoSnow,WinterClothing,Camels,SunMid,Sandcastle,Fire,2026-07-27T13:45:32.921Z
669c110dc12c812db98dfb0d,6,S_SC_Pe_SM_Sa_NF,Snow_SummerClothing_Penguins_SunMid_Sandcastle_NoFire.webp,4,1,Snow,SummerClothing,Penguins,SunMid,Sandcastle,NoFire,2026-07-27T13:45:55.059Z
6764697d9d4afb4e6bfe1c4e,0,NS_SC_Pe_SR_Sn_NF,NoSnow_SummerClothing_Penguins_SunRising_Snowman_NoFire.webp,1,3,NoSnow,SummerClothing,Penguins,SunRising,Snowman,NoFire,2026-07-27T13:43:01.133Z
5a52a04cacc75b000179cd4c,0,S_SC_Pe_SM_Sn_WF,Snow_SummerClothing_Penguins_SunMid_Snowman_Fire.webp,1,1,Snow,SummerClothing,Penguins,SunMid,Snowman,Fire,2026-07-27T13:43:12.087Z
5a52a04cacc75b000179cd4c,1,NS_SC_Pe_SR_Sa_NF,NoSnow_SummerClothing_Penguins_SunRising_Sandcastle_NoFire.webp,4,1,NoSnow,SummerClothing,Penguins,SunRising,Sandcastle,NoFire,2026-07-27T13:43:27.813Z
5a52a04cacc75b000179cd4c,2,S_WC_Pe_SM_Sa_WF,Snow_WinterClothing_Penguins_SunMid_Sandcastle_Fire.webp,4,1,Snow,WinterClothing,Penguins,SunMid,Sandcastle,Fire,2026-07-27T13:43:40.202Z
5a52a04cacc75b000179cd4c,3,S_WC_Pe_SM_Sn_NF,Snow_WinterClothing_Penguins_SunMid_Snowman_NoFire.webp,3,1,Snow,WinterClothing,Penguins,SunMid,Snowman,NoFire,2026-07-27T13:43:52.921Z
5a52a04cacc75b000179cd4c,4,NS_SC_Pe_SR_Sa_WF,NoSnow_SummerClothing_Penguins_SunRising_Sandcastle_Fire.webp,5,1,NoSnow,SummerClothing,Penguins,SunRising,Sandcastle,Fire,2026-07-27T13:44:05.248Z
5a52a04cacc75b000179cd4c,5,NS_WC_Pe_SR_Sa_WF,NoSnow_WinterClothing_Penguins_SunRising_Sandcastle_Fire.webp,4,1,NoSnow,WinterClothing,Penguins,SunRising,Sandcastle,Fire,2026-07-27T13:44:19.699Z
5a52a04cacc75b000179cd4c,6,S_WC_Pe_SR_Sa_NF,Snow_WinterClothing_Penguins_SunRising_Sandcastle_NoFire.webp,3,1,Snow,WinterClothing,Penguins,SunRising,Sandcastle,NoFire,2026-07-27T13:44:34.020Z
5a52a04cacc75b000179cd4c,7,NS_WC_Ca_SR_Sn_WF,NoSnow_WinterClothing_Camels_SunRising_Snowman_Fire.webp,3,1,NoSnow,WinterClothing,Camels,SunRising,Snowman,Fire,2026-07-27T13:44:47.022Z
5a52a04cacc75b000179cd4c,8,S_WC_Ca_SM_Sa_NF,Snow_WinterClothing_Camels_SunMid_Sandcastle_NoFire.webp,4,1,Snow,WinterClothing,Camels,SunMid,Sandcastle,NoFire,2026-07-27T13:45:00.573Z
5a52a04cacc75b000179cd4c,9,NS_SC_Ca_SR_Sa_WF,NoSnow_SummerClothing_Camels_SunRising_Sandcastle_Fire.webp,6,1,NoSnow,SummerClothing,Camels,SunRising,Sandcastle,Fire,2026-07-27T13:45:14.108Z
5a52a04cacc75b000179cd4c,10,NS_WC_Ca_SR_Sa_WF,NoSnow_WinterClothing_Camels_SunRising_Sandcastle_Fire.webp,4,4,NoSnow,WinterClothing,Camels,SunRising,Sandcastle,Fire,2026-07-27T13:45:31.327Z
5a52a04cacc75b000179cd4c,11,S_SC_Ca_SR_Sn_WF,Snow_SummerClothing_Camels_SunRising_Snowman_Fire.webp,5,1,Snow,SummerClothing,Camels,SunRising,Snowman,Fire,2026-07-27T13:45:51.036Z
5a52a04cacc75b000179cd4c,12,S_SC_Pe_SR_Sn_NF,Snow_SummerClothing_Penguins_SunRising_Snowman_NoFire.webp,4,1,Snow,SummerClothing,Penguins,SunRising,Snowman,NoFire,2026-07-27T13:46:05.879Z
5a52a04cacc75b000179cd4c,13,S_SC_Ca_SM_Sn_WF,Snow_SummerClothing_Camels_SunMid_Snowman_Fire.webp,5,1,Snow,SummerClothing,Camels,SunMid,Snowman,Fire,2026-07-27T13:46:22.548Z
5a52a04cacc75b000179cd4c,14,S_WC_Ca_SR_Sn_NF,Snow_WinterClothing_Camels_SunRising_Snowman_NoFire.webp,3,1,Snow,WinterClothing,Camels,SunRising,Snowman,NoFire,2026-07-27T13:46:31.004Z
5a52a04cacc75b000179cd4c,15,S_SC_Pe_SR_Sn_WF,Snow_SummerClothing_Penguins_SunRising_Snowman_Fire.webp,5,1,Snow,SummerClothing,Penguins,SunRising,Snowman,Fire,2026-07-27T13:46:43.580Z
5a52a04cacc75b000179cd4c,16,NS_SC_Ca_SM_Sn_NF,NoSnow_SummerClothing_Camels_SunMid_Snowman_NoFire.webp,7,1,NoSnow,SummerClothing,Camels,SunMid,Snowman,NoFire,2026-07-27T13:46:55.729Z
5a52a04cacc75b000179cd4c,17,S_WC_Ca_SR_Sa_WF,Snow_WinterClothing_Camels_SunRising_Sandcastle_Fire.webp,4,1,Snow,WinterClothing,Camels,SunRising,Sandcastle,Fire,2026-07-27T13:47:05.139Z
5a52a04cacc75b000179cd4c,18,NS_SC_Ca_SM_Sa_NF,NoSnow_SummerClothing_Camels_SunMid_Sandcastle_NoFire.webp,6,1,NoSnow,SummerClothing,Camels,SunMid,Sandcastle,NoFire,2026-07-27T13:47:22.940Z
5a52a04cacc75b000179cd4c,19,S_WC_Pe_SM_Sn_WF,Snow_WinterClothing_Penguins_SunMid_Snowman_Fire.webp,3,1,Snow,WinterClothing,Penguins,SunMid,Snowman,Fire,2026-07-27T13:47:30.883Z
5a52a04cacc75b000179cd4c,20,S_SC_Ca_SR_Sa_NF,Snow_SummerClothing_Camels_SunRising_Sandcastle_NoFire.webp,5,1,Snow,SummerClothing,Camels,SunRising,Sandcastle,NoFire,2026-07-27T13:47:39.209Z
5a52a04cacc75b000179cd4c,21,S_SC_Pe_SR_Sa_WF,Snow_SummerClothing_Penguins_SunRising_Sandcastle_Fire.webp,4,1,Snow,SummerClothing,Penguins,SunRising,Sandcastle,Fire,2026-07-27T13:47:47.865Z
5a52a04cacc75b000179cd4c,22,NS_WC_Ca_SR_Sn_NF,NoSnow_WinterClothing_Camels_SunRising_Snowman_NoFire.webp,4,1,NoSnow,WinterClothing,Camels,SunRising,Snowman,NoFire,2026-07-27T13:48:00.820Z
5a52a04cacc75b000179cd4c,23,NS_SC_Pe_SM_Sn_NF,NoSnow_SummerClothing_Penguins_SunMid_Snowman_NoFire.webp,5,1,NoSnow,SummerClothing,Penguins,SunMid,Snowman,NoFire,2026-07-27T13:48:17.789Z
5a52a04cacc75b000179cd4c,24,NS_WC_Pe_SM_Sn_NF,NoSnow_WinterClothing_Penguins_SunMid_Snowman_NoFire.webp,3,1,NoSnow,WinterClothing,Penguins,SunMid,Snowman,NoFire,2026-07-27T13:48:26.659Z
5a52a04cacc75b000179cd4c,25,NS_SC_Pe_SM_Sa_NF,NoSnow_SummerClothing_Penguins_SunMid_Sandcastle_NoFire.webp,5,1,NoSnow,SummerClothing,Penguins,SunMid,Sandcastle,NoFire,2026-07-27T13:48:37.409Z
5a52a04cacc75b000179cd4c,26,NS_WC_Ca_SM_Sa_NF,NoSnow_WinterClothing_Camels_SunMid_Sandcastle_NoFire.webp,3,1,NoSnow,WinterClothing,Camels,SunMid,Sandcastle,NoFire,2026-07-27T13:48:50.206Z
5a52a04cacc75b000179cd4c,27,NS_WC_Ca_SR_Sa_NF,NoSnow_WinterClothing_Camels_SunRising_Sandcastle_NoFire.webp,4,4,NoSnow,WinterClothing,Camels,SunRising,Sandcastle,NoFire,2026-07-27T13:48:58.816Z
5a52a04cacc75b000179cd4c,28,S_SC_Ca_SM_Sa_WF,Snow_SummerClothing_Camels_SunMid_Sandcastle_Fire.webp,7,5,Snow,SummerClothing,Camels,SunMid,Sandcastle,Fire,2026-07-27T13:49:08.238Z
5a52a04cacc75b000179cd4c,29,S_SC_Pe_SR_Sa_NF,Snow_SummerClothing_Penguins_SunRising_Sandcastle_NoFire.webp,4,2,Snow,SummerClothing,Penguins,SunRising,Sandcastle,NoFire,2026-07-27T13:49:16.803Z
5a52a04cacc75b000179cd4c,30,NS_SC_Ca_SR_Sn_WF,NoSnow_SummerClothing_Camels_SunRising_Snowman_Fire.webp,5,1,NoSnow,SummerClothing,Camels,SunRising,Snowman,Fire,2026-07-27T13:49:32.850Z
5a52a04cacc75b000179cd4c,31,NS_SC_Ca_SM_Sn_WF,NoSnow_SummerClothing_Camels_SunMid_Snowman_Fire.webp,7,1,NoSnow,SummerClothing,Camels,SunMid,Snowman,Fire,2026-07-27T13:49:41.842Z
5a52a04cacc75b000179cd4c,32,S_SC_Pe_SM_Sa_WF,Snow_SummerClothing_Penguins_SunMid_Sandcastle_Fire.webp,5,1,Snow,SummerClothing,Penguins,SunMid,Sandcastle,Fire,2026-07-27T13:49:59.712Z
5a52a04cacc75b000179cd4c,33,NS_SC_Pe_SM_Sn_WF,NoSnow_SummerClothing_Penguins_SunMid_Snowman_Fire.webp,6,1,NoSnow,SummerClothing,Penguins,SunMid,Snowman,Fire,2026-07-27T13:50:10.142Z
5a52a04cacc75b000179cd4c,34,NS_SC_Pe_SM_Sa_WF,NoSnow_SummerClothing_Penguins_SunMid_Sandcastle_Fire.webp,6,1,NoSnow,SummerClothing,Penguins,SunMid,Sandcastle,Fire,2026-07-27T13:50:23.590Z
5a52a04cacc75b000179cd4c,35,NS_WC_Pe_SR_Sa_NF,NoSnow_WinterClothing_Penguins_SunRising_Sandcastle_NoFire.webp,3,5,NoSnow,WinterClothing,Penguins,SunRising,Sandcastle,NoFire,2026-07-27T13:50:32.502Z
5a52a04cacc75b000179cd4c,36,S_SC_Ca_SR_Sn_NF,Snow_SummerClothing_Camels_SunRising_Snowman_NoFire.webp,1,1,Snow,SummerClothing,Camels,SunRising,Snowman,NoFire,2026-07-27T13:50:44.530Z
5a52a04cacc75b000179cd4c,37,NS_WC_Pe_SM_Sa_NF,NoSnow_WinterClothing_Penguins_SunMid_Sandcastle_NoFire.webp,3,1,NoSnow,WinterClothing,Penguins,SunMid,Sandcastle,NoFire,2026-07-27T13:50:54.526Z
5a52a04cacc75b000179cd4c,38,S_WC_Pe_SR_Sn_WF,Snow_WinterClothing_Penguins_SunRising_Snowman_Fire.webp,4,4,Snow,WinterClothing,Penguins,SunRising,Snowman,Fire,2026-07-27T13:51:06.775Z
5a52a04cacc75b000179cd4c,39,S_SC_Ca_SM_Sa_NF,Snow_SummerClothing_Camels_SunMid_Sandcastle_NoFire.webp,6,4,Snow,SummerClothing,Camels,SunMid,Sandcastle,NoFire,2026-07-27T13:51:14.129Z
5a52a04cacc75b000179cd4c,40,NS_SC_Pe_SR_Sn_WF,NoSnow_SummerClothing_Penguins_SunRising_Snowman_Fire.webp,5,1,NoSnow,SummerClothing,Penguins,SunRising,Snowman,Fire,2026-07-27T13:51:31.130Z
5a52a04cacc75b000179cd4c,41,NS_SC_Pe_SR_Sn_NF,NoSnow_SummerClothing_Penguins_SunRising_Snowman_NoFire.webp,3,1,NoSnow,SummerClothing,Penguins,SunRising,Snowman,NoFire,2026-07-27T13:51:45.324Z
5a52a04cacc75b000179cd4c,42,S_SC_Pe_SM_Sa_NF,Snow_SummerClothing_Penguins_SunMid_Sandcastle_NoFire.webp,4,1,Snow,SummerClothing,Penguins,SunMid,Sandcastle,NoFire,2026-07-27T13:51:55.268Z
5a52a04cacc75b000179cd4c,43,NS_WC_Pe_SM_Sa_WF,NoSnow_WinterClothing_Penguins_SunMid_Sandcastle_Fire.webp,3,1,NoSnow,WinterClothing,Penguins,SunMid,Sandcastle,Fire,2026-07-27T13:52:06.621Z
5a52a04cacc75b000179cd4c,44,NS_WC_Pe_SM_Sn_WF,NoSnow_WinterClothing_Penguins_SunMid_Snowman_Fire.webp,3,1,NoSnow,WinterClothing,Penguins,SunMid,Snowman,Fire,2026-07-27T13:52:18.144Z
5a52a04cacc75b000179cd4c,45,S_WC_Ca_SM_Sn_NF,Snow_WinterClothing_Camels_SunMid_Snowman_NoFire.webp,3,1,Snow,WinterClothing,Camels,SunMid,Snowman,NoFire,2026-07-27T13:52:31.568Z
5a52a04cacc75b000179cd4c,46,NS_WC_Ca_SM_Sa_WF,NoSnow_WinterClothing_Camels_SunMid_Sandcastle_Fire.webp,4,5,NoSnow,WinterClothing,Camels,SunMid,Sandcastle,Fire,2026-07-27T13:52:40.149Z
5a52a04cacc75b000179cd4c,47,S_WC_Ca_SM_Sn_WF,Snow_WinterClothing_Camels_SunMid_Snowman_Fire.webp,3,1,Snow,WinterClothing,Camels,SunMid,Snowman,Fire,2026-07-27T13:52:49.214Z
5a52a04cacc75b000179cd4c,48,S_WC_Ca_SR_Sa_NF,Snow_WinterClothing_Camels_SunRising_Sandcastle_NoFire.webp,2,1,Snow,WinterClothing,Camels,SunRising,Sandcastle,NoFire,2026-07-27T13:53:01.512Z
5a52a04cacc75b000179cd4c,49,S_SC_Ca_SR_Sa_WF,Snow_SummerClothing_Camels_SunRising_Sandcastle_Fire.webp,3,1,Snow,SummerClothing,Camels,SunRising,Sandcastle,Fire,2026-07-27T13:53:11.956Z
5a52a04cacc75b000179cd4c,50,NS_WC_Ca_SM_Sn_WF,NoSnow_WinterClothing_Camels_SunMid_Snowman_Fire.webp,3,1,NoSnow,WinterClothing,Camels,SunMid,Snowman,Fire,2026-07-27T13:53:40.664Z
5a52a04cacc75b000179cd4c,51,NS_WC_Pe_SR_Sn_NF,NoSnow_WinterClothing_Penguins_SunRising_Snowman_NoFire.webp,3,1,NoSnow,WinterClothing,Penguins,SunRising,Snowman,NoFire,2026-07-27T13:53:51.646Z
5a52a04cacc75b000179cd4c,52,NS_SC_Ca_SR_Sa_NF,NoSnow_SummerClothing_Camels_SunRising_Sandcastle_NoFire.webp,3,5,NoSnow,SummerClothing,Camels,SunRising,Sandcastle,NoFire,2026-07-27T13:54:03.626Z
5a52a04cacc75b000179cd4c,53,NS_WC_Pe_SR_Sn_WF,NoSnow_WinterClothing_Penguins_SunRising_Snowman_Fire.webp,4,1,NoSnow,WinterClothing,Penguins,SunRising,Snowman,Fire,2026-07-27T13:54:10.900Z
5a52a04cacc75b000179cd4c,54,NS_SC_Ca_SR_Sn_NF,NoSnow_SummerClothing_Camels_SunRising_Snowman_NoFire.webp,2,1,NoSnow,SummerClothing,Camels,SunRising,Snowman,NoFire,2026-07-27T13:54:23.936Z
5a52a04cacc75b000179cd4c,55,NS_WC_Ca_SM_Sn_NF,NoSnow_WinterClothing_Camels_SunMid_Snowman_NoFire.webp,3,1,NoSnow,WinterClothing,Camels,SunMid,Snowman,NoFire,2026-07-27T13:54:31.849Z
5a52a04cacc75b000179cd4c,56,S_WC_Ca_SR_Sn_WF,Snow_WinterClothing_Camels_SunRising_Snowman_Fire.webp,3,1,Snow,WinterClothing,Camels,SunRising,Snowman,Fire,2026-07-27T13:54:41.770Z
5a52a04cacc75b000179cd4c,57,S_WC_Pe_SR_Sa_WF,Snow_WinterClothing_Penguins_SunRising_Sandcastle_Fire.webp,3,1,Snow,WinterClothing,Penguins,SunRising,Sandcastle,Fire,2026-07-27T13:54:50.616Z
5a52a04cacc75b000179cd4c,58,S_SC_Ca_SM_Sn_NF,Snow_SummerClothing_Camels_SunMid_Snowman_NoFire.webp,4,1,Snow,SummerClothing,Camels,SunMid,Snowman,NoFire,2026-07-27T13:55:12.399Z
5a52a04cacc75b000179cd4c,59,S_SC_Pe_SM_Sn_NF,Snow_SummerClothing_Penguins_SunMid_Snowman_NoFire.webp,2,5,Snow,SummerClothing,Penguins,SunMid,Snowman,NoFire,2026-07-27T13:55:23.934Z
5a52a04cacc75b000179cd4c,60,NS_SC_Ca_SM_Sa_WF,NoSnow_SummerClothing_Camels_SunMid_Sandcastle_Fire.webp,7,5,NoSnow,SummerClothing,Camels,SunMid,Sandcastle,Fire,2026-07-27T13:55:32.040Z
5a52a04cacc75b000179cd4c,61,S_WC_Pe_SM_Sa_NF,Snow_WinterClothing_Penguins_SunMid_Sandcastle_NoFire.webp,5,1,Snow,WinterClothing,Penguins,SunMid,Sandcastle,NoFire,2026-07-27T13:55:46.410Z
5a52a04cacc75b000179cd4c,62,S_WC_Ca_SM_Sa_WF,Snow_WinterClothing_Camels_SunMid_Sandcastle_Fire.webp,6,1,Snow,WinterClothing,Camels,SunMid,Sandcastle,Fire,2026-07-27T13:55:54.081Z
5a52a04cacc75b000179cd4c,63,S_WC_Pe_SR_Sn_NF,Snow_WinterClothing_Penguins_SunRising_Snowman_NoFire.webp,2,1,Snow,WinterClothing,Penguins,SunRising,Snowman,NoFire,2026-07-27T13:56:03.392Z
613a37819b27acb95e432628,0,NS_SC_Pe_SM_Sn_WF,NoSnow_SummerClothing_Penguins_SunMid_Snowman_Fire.webp,5,1,NoSnow,SummerClothing,Penguins,SunMid,Snowman,Fire,2026-07-27T13:42:12.404Z
613a37819b27acb95e432628,1,NS_SC_Pe_SR_Sa_WF,NoSnow_SummerClothing_Penguins_SunRising_Sandcastle_Fire.webp,5,4,NoSnow,SummerClothing,Penguins,SunRising,Sandcastle,Fire,2026-07-27T13:42:27.700Z
613a37819b27acb95e432628,2,S_WC_Pe_SM_Sa_WF,Snow_WinterClothing_Penguins_SunMid_Sandcastle_Fire.webp,2,2,Snow,WinterClothing,Penguins,SunMid,Sandcastle,Fire,2026-07-27T13:42:36.898Z
613a37819b27acb95e432628,3,NS_SC_Ca_SM_Sa_WF,NoSnow_SummerClothing_Camels_SunMid_Sandcastle_Fire.webp,7,5,NoSnow,SummerClothing,Camels,SunMid,Sandcastle,Fire,2026-07-27T13:42:47.491Z
613a37819b27acb95e432628,4,S_SC_Pe_SR_Sn_WF,Snow_SummerClothing_Penguins_SunRising_Snowman_Fire.webp,2,3,Snow,SummerClothing,Penguins,SunRising,Snowman,Fire,2026-07-27T13:42:56.003Z
613a37819b27acb95e432628,5,S_WC_Pe_SR_Sn_WF,Snow_WinterClothing_Penguins_SunRising_Snowman_Fire.webp,2,3,Snow,WinterClothing,Penguins,SunRising,Snowman,Fire,2026-07-27T13:43:10.251Z
613a37819b27acb95e432628,6,S_WC_Ca_SM_Sa_WF,Snow_WinterClothing_Camels_SunMid_Sandcastle_Fire.webp,7,3,Snow,WinterClothing,Camels,SunMid,Sandcastle,Fire,2026-07-27T13:43:19.963Z
613a37819b27acb95e432628,7,NS_WC_Pe_SM_Sn_NF,NoSnow_WinterClothing_Penguins_SunMid_Snowman_NoFire.webp,2,4,NoSnow,WinterClothing,Penguins,SunMid,Snowman,NoFire,2026-07-27T13:43:29.332Z
613a37819b27acb95e432628,8,S_WC_Pe_SM_Sa_NF,Snow_WinterClothing_Penguins_SunMid_Sandcastle_NoFire.webp,3,3,Snow,WinterClothing,Penguins,SunMid,Sandcastle,NoFire,2026-07-27T13:43:36.419Z
613a37819b27acb95e432628,9,NS_SC_Ca_SR_Sa_WF,NoSnow_SummerClothing_Camels_SunRising_Sandcastle_Fire.webp,6,3,NoSnow,SummerClothing,Camels,SunRising,Sandcastle,Fire,2026-07-27T13:43:44.570Z
613a37819b27acb95e432628,10,NS_WC_Pe_SR_Sn_WF,NoSnow_WinterClothing_Penguins_SunRising_Snowman_Fire.webp,3,3,NoSnow,WinterClothing,Penguins,SunRising,Snowman,Fire,2026-07-27T13:43:54.515Z
613a37819b27acb95e432628,11,S_WC_Ca_SR_Sn_WF,Snow_WinterClothing_Camels_SunRising_Snowman_Fire.webp,3,3,Snow,WinterClothing,Camels,SunRising,Snowman,Fire,2026-07-27T13:44:02.331Z
613a37819b27acb95e432628,12,NS_WC_Pe_SM_Sa_NF,NoSnow_WinterClothing_Penguins_SunMid_Sandcastle_NoFire.webp,4,5,NoSnow,WinterClothing,Penguins,SunMid,Sandcastle,NoFire,2026-07-27T13:44:08.267Z
613a37819b27acb95e432628,13,S_WC_Pe_SM_Sn_NF,Snow_WinterClothing_Penguins_SunMid_Snowman_NoFire.webp,3,4,Snow,WinterClothing,Penguins,SunMid,Snowman,NoFire,2026-07-27T13:44:15.867Z
613a37819b27acb95e432628,14,NS_WC_Pe_SR_Sa_WF,NoSnow_WinterClothing_Penguins_SunRising_Sandcastle_Fire.webp,5,4,NoSnow,WinterClothing,Penguins,SunRising,Sandcastle,Fire,2026-07-27T13:44:24.579Z
613a37819b27acb95e432628,15,S_SC_Ca_SM_Sa_WF,Snow_SummerClothing_Camels_SunMid_Sandcastle_Fire.webp,6,3,Snow,SummerClothing,Camels,SunMid,Sandcastle,Fire,2026-07-27T13:44:31.482Z
613a37819b27acb95e432628,16,S_WC_Pe_SM_Sn_WF,Snow_WinterClothing_Penguins_SunMid_Snowman_Fire.webp,3,3,Snow,WinterClothing,Penguins,SunMid,Snowman,Fire,2026-07-27T13:44:44.028Z
613a37819b27acb95e432628,17,S_SC_Pe_SR_Sa_WF,Snow_SummerClothing_Penguins_SunRising_Sandcastle_Fire.webp,5,3,Snow,SummerClothing,Penguins,SunRising,Sandcastle,Fire,2026-07-27T13:44:49.667Z
613a37819b27acb95e432628,18,NS_WC_Pe_SM_Sa_WF,NoSnow_WinterClothing_Penguins_SunMid_Sandcastle_Fire.webp,4,3,NoSnow,WinterClothing,Penguins,SunMid,Sandcastle,Fire,2026-07-27T13:44:55.674Z
613a37819b27acb95e432628,19,S_WC_Ca_SM_Sn_NF,Snow_WinterClothing_Camels_SunMid_Snowman_NoFire.webp,2,2,Snow,WinterClothing,Camels,SunMid,Snowman,NoFire,2026-07-27T13:45:02.034Z
613a37819b27acb95e432628,20,S_SC_Ca_SR_Sa_NF,Snow_SummerClothing_Camels_SunRising_Sandcastle_NoFire.webp,4,4,Snow,SummerClothing,Camels,SunRising,Sandcastle,NoFire,2026-07-27T13:45:07.915Z
613a37819b27acb95e432628,21,S_WC_Pe_SR_Sa_WF,Snow_WinterClothing_Penguins_SunRising_Sandcastle_Fire.webp,3,3,Snow,WinterClothing,Penguins,SunRising,Sandcastle,Fire,2026-07-27T13:45:16.267Z
613a37819b27acb95e432628,22,S_SC_Ca_SM_Sa_NF,Snow_SummerClothing_Camels_SunMid_Sandcastle_NoFire.webp,5,4,Snow,SummerClothing,Camels,SunMid,Sandcastle,NoFire,2026-07-27T13:45:22.939Z
613a37819b27acb95e432628,23,NS_WC_Ca_SM_Sa_NF,NoSnow_WinterClothing_Camels_SunMid_Sandcastle_NoFire.webp,5,4,NoSnow,WinterClothing,Camels,SunMid,Sandcastle,NoFire,2026-07-27T13:45:34.235Z
613a37819b27acb95e432628,24,NS_SC_Pe_SM_Sn_NF,NoSnow_SummerClothing_Penguins_SunMid_Snowman_NoFire.webp,5,4,NoSnow,SummerClothing,Penguins,SunMid,Snowman,NoFire,2026-07-27T13:45:39.818Z
613a37819b27acb95e432628,25,NS_WC_Ca_SM_Sn_WF,NoSnow_WinterClothing_Camels_SunMid_Snowman_Fire.webp,3,3,NoSnow,WinterClothing,Camels,SunMid,Snowman,Fire,2026-07-27T13:45:45.362Z
613a37819b27acb95e432628,26,S_SC_Ca_SM_Sn_WF,Snow_SummerClothing_Camels_SunMid_Snowman_Fire.webp,3,3,Snow,SummerClothing,Camels,SunMid,Snowman,Fire,2026-07-27T13:45:50.826Z
613a37819b27acb95e432628,27,S_SC_Ca_SR_Sn_WF,Snow_SummerClothing_Camels_SunRising_Snowman_Fire.webp,5,3,Snow,SummerClothing,Camels,SunRising,Snowman,Fire,2026-07-27T13:46:00.770Z
613a37819b27acb95e432628,28,NS_WC_Ca_SR_Sn_NF,NoSnow_WinterClothing_Camels_SunRising_Snowman_NoFire.webp,3,2,NoSnow,WinterClothing,Camels,SunRising,Snowman,NoFire,2026-07-27T13:46:16.635Z
613a37819b27acb95e432628,29,NS_WC_Ca_SR_Sn_WF,NoSnow_WinterClothing_Camels_SunRising_Snowman_Fire.webp,3,3,NoSnow,WinterClothing,Camels,SunRising,Snowman,Fire,2026-07-27T13:46:22.683Z
613a37819b27acb95e432628,30,NS_SC_Pe_SM_Sa_NF,NoSnow_SummerClothing_Penguins_SunMid_Sandcastle_NoFire.webp,5,4,NoSnow,SummerClothing,Penguins,SunMid,Sandcastle,NoFire,2026-07-27T13:46:28.411Z
613a37819b27acb95e432628,31,S_SC_Pe_SR_Sn_NF,Snow_SummerClothing_Penguins_SunRising_Snowman_NoFire.webp,3,4,Snow,SummerClothing,Penguins,SunRising,Snowman,NoFire,2026-07-27T13:46:34.739Z
613a37819b27acb95e432628,32,S_SC_Ca_SR_Sn_NF,Snow_SummerClothing_Camels_SunRising_Snowman_NoFire.webp,3,4,Snow,SummerClothing,Camels,SunRising,Snowman,NoFire,2026-07-27T13:46:40.259Z
613a37819b27acb95e432628,33,S_WC_Ca_SM_Sa_NF,Snow_WinterClothing_Camels_SunMid_Sandcastle_NoFire.webp,3,3,Snow,WinterClothing,Camels,SunMid,Sandcastle,NoFire,2026-07-27T13:46:49.370Z
613a37819b27acb95e432628,34,NS_SC_Ca_SR_Sn_NF,NoSnow_SummerClothing_Camels_SunRising_Snowman_NoFire.webp,2,1,NoSnow,SummerClothing,Camels,SunRising,Snowman,NoFire,2026-07-27T13:46:55.578Z
613a37819b27acb95e432628,35,NS_SC_Ca_SR_Sn_WF,NoSnow_SummerClothing_Camels_SunRising_Snowman_Fire.webp,2,2,NoSnow,SummerClothing,Camels,SunRising,Snowman,Fire,2026-07-27T13:47:01.372Z
613a37819b27acb95e432628,36,NS_SC_Pe_SM_Sa_WF,NoSnow_SummerClothing_Penguins_SunMid_Sandcastle_Fire.webp,6,4,NoSnow,SummerClothing,Penguins,SunMid,Sandcastle,Fire,2026-07-27T13:47:07.667Z
613a37819b27acb95e432628,37,S_SC_Pe_SM_Sn_NF,Snow_SummerClothing_Penguins_SunMid_Snowman_NoFire.webp,3,3,Snow,SummerClothing,Penguins,SunMid,Snowman,NoFire,2026-07-27T13:47:21.179Z
613a37819b27acb95e432628,38,NS_WC_Ca_SM_Sa_WF,NoSnow_WinterClothing_Camels_SunMid_Sandcastle_Fire.webp,2,3,NoSnow,WinterClothing,Camels,SunMid,Sandcastle,Fire,2026-07-27T13:47:27.978Z
613a37819b27acb95e432628,39,NS_WC_Ca_SM_Sn_NF,NoSnow_WinterClothing_Camels_SunMid_Snowman_NoFire.webp,3,3,NoSnow,WinterClothing,Camels,SunMid,Snowman,NoFire,2026-07-27T13:47:34.074Z
613a37819b27acb95e432628,40,NS_SC_Pe_SR_Sa_NF,NoSnow_SummerClothing_Penguins_SunRising_Sandcastle_NoFire.webp,5,5,NoSnow,SummerClothing,Penguins,SunRising,Sandcastle,NoFire,2026-07-27T13:47:40.523Z
613a37819b27acb95e432628,41,NS_SC_Ca_SM_Sn_WF,NoSnow_SummerClothing_Camels_SunMid_Snowman_Fire.webp,4,3,NoSnow,SummerClothing,Camels,SunMid,Snowman,Fire,2026-07-27T13:47:47.402Z
613a37819b27acb95e432628,42,S_SC_Ca_SR_Sa_WF,Snow_SummerClothing_Camels_SunRising_Sandcastle_Fire.webp,2,1,Snow,SummerClothing,Camels,SunRising,Sandcastle,Fire,2026-07-27T13:47:54.587Z
613a37819b27acb95e432628,43,S_WC_Ca_SM_Sn_WF,Snow_WinterClothing_Camels_SunMid_Snowman_Fire.webp,2,2,Snow,WinterClothing,Camels,SunMid,Snowman,Fire,2026-07-27T13:48:00.490Z
613a37819b27acb95e432628,44,NS_WC_Ca_SR_Sa_NF,NoSnow_WinterClothing_Camels_SunRising_Sandcastle_NoFire.webp,4,3,NoSnow,WinterClothing,Camels,SunRising,Sandcastle,NoFire,2026-07-27T13:48:09.115Z
613a37819b27acb95e432628,45,S_WC_Ca_SR_Sa_WF,Snow_WinterClothing_Camels_SunRising_Sandcastle_Fire.webp,3,3,Snow,WinterClothing,Camels,SunRising,Sandcastle,Fire,2026-07-27T13:48:16.330Z
613a37819b27acb95e432628,46,NS_SC_Ca_SM_Sn_NF,NoSnow_SummerClothing_Camels_SunMid_Snowman_NoFire.webp,5,4,NoSnow,SummerClothing,Camels,SunMid,Snowman,NoFire,2026-07-27T13:48:22.018Z
613a37819b27acb95e432628,47,S_SC_Pe_SM_Sa_NF,Snow_SummerClothing_Penguins_SunMid_Sandcastle_NoFire.webp,3,3,Snow,SummerClothing,Penguins,SunMid,Sandcastle,NoFire,2026-07-27T13:48:27.626Z
613a37819b27acb95e432628,48,S_SC_Pe_SR_Sa_NF,Snow_SummerClothing_Penguins_SunRising_Sandcastle_NoFire.webp,3,3,Snow,SummerClothing,Penguins,SunRising,Sandcastle,NoFire,2026-07-27T13:48:34.827Z
613a37819b27acb95e432628,49,NS_WC_Pe_SR_Sa_NF,NoSnow_WinterClothing_Penguins_SunRising_Sandcastle_NoFire.webp,2,2,NoSnow,WinterClothing,Penguins,SunRising,Sandcastle,NoFire,2026-07-27T13:48:40.234Z
613a37819b27acb95e432628,50,NS_SC_Pe_SR_Sn_WF,NoSnow_SummerClothing_Penguins_SunRising_Snowman_Fire.webp,4,3,NoSnow,SummerClothing,Penguins,SunRising,Snowman,Fire,2026-07-27T13:48:46.755Z
613a37819b27acb95e432628,51,NS_SC_Pe_SR_Sn_NF,NoSnow_SummerClothing_Penguins_SunRising_Snowman_NoFire.webp,3,3,NoSnow,SummerClothing,Penguins,SunRising,Snowman,NoFire,2026-07-27T13:48:53.779Z
613a37819b27acb95e432628,52,S_SC_Pe_SM_Sa_WF,Snow_SummerClothing_Penguins_SunMid_Sandcastle_Fire.webp,3,3,Snow,SummerClothing,Penguins,SunMid,Sandcastle,Fire,2026-07-27T13:48:59.939Z
613a37819b27acb95e432628,53,S_WC_Ca_SR_Sn_NF,Snow_WinterClothing_Camels_SunRising_Snowman_NoFire.webp,2,2,Snow,WinterClothing,Camels,SunRising,Snowman,NoFire,2026-07-27T13:49:06.307Z
613a37819b27acb95e432628,54,S_SC_Pe_SM_Sn_WF,Snow_SummerClothing_Penguins_SunMid_Snowman_Fire.webp,4,4,Snow,SummerClothing,Penguins,SunMid,Snowman,Fire,2026-07-27T13:49:12.651Z
613a37819b27acb95e432628,55,NS_WC_Pe_SM_Sn_WF,NoSnow_WinterClothing_Penguins_SunMid_Snowman_Fire.webp,2,1,NoSnow,WinterClothing,Penguins,SunMid,Snowman,Fire,2026-07-27T13:49:19.955Z
613a37819b27acb95e432628,56,NS_SC_Ca_SR_Sa_NF,NoSnow_SummerClothing_Camels_SunRising_Sandcastle_NoFire.webp,5,6,NoSnow,SummerClothing,Camels,SunRising,Sandcastle,NoFire,2026-07-27T13:49:26.875Z
613a37819b27acb95e432628,57,S_SC_Ca_SM_Sn_NF,Snow_SummerClothing_Camels_SunMid_Snowman_NoFire.webp,3,3,Snow,SummerClothing,Camels,SunMid,Snowman,NoFire,2026-07-27T13:49:35.074Z
613a37819b27acb95e432628,58,NS_WC_Ca_SR_Sa_WF,NoSnow_WinterClothing_Camels_SunRising_Sandcastle_Fire.webp,4,3,NoSnow,WinterClothing,Camels,SunRising,Sandcastle,Fire,2026-07-27T13:49:42.106Z
613a37819b27acb95e432628,59,S_WC_Pe_SR_Sn_NF,Snow_WinterClothing_Penguins_SunRising_Snowman_NoFire.webp,2,5,Snow,WinterClothing,Penguins,SunRising,Snowman,NoFire,2026-07-27T13:49:50.338Z
613a37819b27acb95e432628,60,S_WC_Ca_SR_Sa_NF,Snow_WinterClothing_Camels_SunRising_Sandcastle_NoFire.webp,2,2,Snow,WinterClothing,Camels,SunRising,Sandcastle,NoFire,2026-07-27T13:49:56.009Z
613a37819b27acb95e432628,61,S_WC_Pe_SR_Sa_NF,Snow_WinterClothing_Penguins_SunRising_Sandcastle_NoFire.webp,2,3,Snow,WinterClothing,Penguins,SunRising,Sandcastle,NoFire,2026-07-27T13:50:03.618Z
613a37819b27acb95e432628,62,NS_WC_Pe_SR_Sn_NF,NoSnow_WinterClothing_Penguins_SunRising_Snowman_NoFire.webp,3,2,NoSnow,WinterClothing,Penguins,SunRising,Snowman,NoFire,2026-07-27T13:50:09.138Z
613a37819b27acb95e432628,63,NS_SC_Ca_SM_Sa_NF,NoSnow_SummerClothing_Camels_SunMid_Sandcastle_NoFire.webp,6,5,NoSnow,SummerClothing,Camels,SunMid,Sandcastle,NoFire,2026-07-27T13:50:16.314Z
6658b2c33d4c39023821ce21,0,S_SC_Ca_SM_Sa_NF,Snow_SummerClothing_Camels_SunMid_Sandcastle_NoFire.webp,5,2,Snow,SummerClothing,Camels,SunMid,Sandcastle,NoFire,2026-07-27T13:42:25.941Z
6658b2c33d4c39023821ce21,1,S_WC_Pe_SM_Sa_WF,Snow_WinterClothing_Penguins_SunMid_Sandcastle_Fire.webp,2,2,Snow,WinterClothing,Penguins,SunMid,Sandcastle,Fire,2026-07-27T13:42:39.078Z
6658b2c33d4c39023821ce21,2,S_SC_Pe_SR_Sn_WF,Snow_SummerClothing_Penguins_SunRising_Snowman_Fire.webp,2,1,Snow,SummerClothing,Penguins,SunRising,Snowman,Fire,2026-07-27T13:42:49.467Z
6658b2c33d4c39023821ce21,3,S_WC_Ca_SM_Sn_NF,Snow_WinterClothing_Camels_SunMid_Snowman_NoFire.webp,2,2,Snow,WinterClothing,Camels,SunMid,Snowman,NoFire,2026-07-27T13:43:03.297Z
6658b2c33d4c39023821ce21,4,NS_SC_Pe_SR_Sn_NF,NoSnow_SummerClothing_Penguins_SunRising_Snowman_NoFire.webp,4,2,NoSnow,SummerClothing,Penguins,SunRising,Snowman,NoFire,2026-07-27T13:43:21.148Z
6658b2c33d4c39023821ce21,5,NS_SC_Pe_SM_Sa_NF,NoSnow_SummerClothing_Penguins_SunMid_Sandcastle_NoFire.webp,3,2,NoSnow,SummerClothing,Penguins,SunMid,Sandcastle,NoFire,2026-07-27T13:43:47.189Z
6658b2c33d4c39023821ce21,6,S_WC_Ca_SM_Sa_WF,Snow_WinterClothing_Camels_SunMid_Sandcastle_Fire.webp,3,1,Snow,WinterClothing,Camels,SunMid,Sandcastle,Fire,2026-07-27T13:43:56.642Z
6658b2c33d4c39023821ce21,7,NS_SC_Pe_SR_Sn_WF,NoSnow_SummerClothing_Penguins_SunRising_Snowman_Fire.webp,4,2,NoSnow,SummerClothing,Penguins,SunRising,Snowman,Fire,2026-07-27T13:44:13.200Z
6658b2c33d4c39023821ce21,8,S_SC_Ca_SR_Sa_WF,Snow_SummerClothing_Camels_SunRising_Sandcastle_Fire.webp,6,3,Snow,SummerClothing,Camels,SunRising,Sandcastle,Fire,2026-07-27T13:45:41.683Z
6658b2c33d4c39023821ce21,9,S_SC_Pe_SM_Sa_NF,Snow_SummerClothing_Penguins_SunMid_Sandcastle_NoFire.webp,5,2,Snow,SummerClothing,Penguins,SunMid,Sandcastle,NoFire,2026-07-27T13:46:00.386Z
6658b2c33d4c39023821ce21,10,S_WC_Ca_SM_Sa_NF,Snow_WinterClothing_Camels_SunMid_Sandcastle_NoFire.webp,3,2,Snow,WinterClothing,Camels,SunMid,Sandcastle,NoFire,2026-07-27T13:46:08.769Z
6658b2c33d4c39023821ce21,11,NS_WC_Ca_SR_Sn_WF,NoSnow_WinterClothing_Camels_SunRising_Snowman_Fire.webp,2,1,NoSnow,WinterClothing,Camels,SunRising,Snowman,Fire,2026-07-27T13:46:37.502Z
6658b2c33d4c39023821ce21,12,NS_SC_Pe_SM_Sa_WF,NoSnow_SummerClothing_Penguins_SunMid_Sandcastle_Fire.webp,6,1,NoSnow,SummerClothing,Penguins,SunMid,Sandcastle,Fire,2026-07-27T13:47:23.791Z
6658b2c33d4c39023821ce21,13,NS_WC_Ca_SM_Sn_NF,NoSnow_WinterClothing_Camels_SunMid_Snowman_NoFire.webp,2,2,NoSnow,WinterClothing,Camels,SunMid,Snowman,NoFire,2026-07-27T13:47:29.761Z
6658b2c33d4c39023821ce21,14,NS_WC_Ca_SR_Sa_NF,NoSnow_WinterClothing_Camels_SunRising_Sandcastle_NoFire.webp,6,2,NoSnow,WinterClothing,Camels,SunRising,Sandcastle,NoFire,2026-07-27T13:47:41.138Z
6658b2c33d4c39023821ce21,15,NS_SC_Ca_SM_Sa_NF,NoSnow_SummerClothing_Camels_SunMid_Sandcastle_NoFire.webp,7,6,NoSnow,SummerClothing,Camels,SunMid,Sandcastle,NoFire,2026-07-27T13:48:55.242Z
6658b2c33d4c39023821ce21,16,NS_WC_Ca_SM_Sa_NF,NoSnow_WinterClothing_Camels_SunMid_Sandcastle_NoFire.webp,5,2,NoSnow,WinterClothing,Camels,SunMid,Sandcastle,NoFire,2026-07-27T13:49:01.525Z
6658b2c33d4c39023821ce21,17,S_WC_Pe_SM_Sn_WF,Snow_WinterClothing_Penguins_SunMid_Snowman_Fire.webp,1,7,Snow,WinterClothing,Penguins,SunMid,Snowman,Fire,2026-07-27T13:49:08.922Z
6658b2c33d4c39023821ce21,18,S_SC_Pe_SR_Sa_NF,Snow_SummerClothing_Penguins_SunRising_Sandcastle_NoFire.webp,3,2,Snow,SummerClothing,Penguins,SunRising,Sandcastle,NoFire,2026-07-27T13:49:22.125Z
6658b2c33d4c39023821ce21,19,NS_SC_Pe_SR_Sa_NF,NoSnow_SummerClothing_Penguins_SunRising_Sandcastle_NoFire.webp,5,3,NoSnow,SummerClothing,Penguins,SunRising,Sandcastle,NoFire,2026-07-27T13:50:18.887Z
6658b2c33d4c39023821ce21,20,S_SC_Pe_SR_Sn_NF,Snow_SummerClothing_Penguins_SunRising_Snowman_NoFire.webp,2,2,Snow,SummerClothing,Penguins,SunRising,Snowman,NoFire,2026-07-27T13:50:26.858Z
6658b2c33d4c39023821ce21,21,S_WC_Pe_SR_Sn_NF,Snow_WinterClothing_Penguins_SunRising_Snowman_NoFire.webp,1,6,Snow,WinterClothing,Penguins,SunRising,Snowman,NoFire,2026-07-27T13:50:32.765Z
6658b2c33d4c39023821ce21,22,NS_SC_Ca_SM_Sn_WF,NoSnow_SummerClothing_Camels_SunMid_Snowman_Fire.webp,6,3,NoSnow,SummerClothing,Camels,SunMid,Snowman,Fire,2026-07-27T13:50:43.234Z
6658b2c33d4c39023821ce21,23,S_SC_Ca_SM_Sa_WF,Snow_SummerClothing_Camels_SunMid_Sandcastle_Fire.webp,2,2,Snow,SummerClothing,Camels,SunMid,Sandcastle,Fire,2026-07-27T13:50:50.865Z
6658b2c33d4c39023821ce21,24,NS_SC_Pe_SR_Sa_WF,NoSnow_SummerClothing_Penguins_SunRising_Sandcastle_Fire.webp,6,2,NoSnow,SummerClothing,Penguins,SunRising,Sandcastle,Fire,2026-07-27T13:51:01.266Z
6658b2c33d4c39023821ce21,25,NS_SC_Ca_SM_Sa_WF,NoSnow_SummerClothing_Camels_SunMid_Sandcastle_Fire.webp,7,6,NoSnow,SummerClothing,Camels,SunMid,Sandcastle,Fire,2026-07-27T13:51:28.107Z
6658b2c33d4c39023821ce21,26,NS_SC_Ca_SM_Sn_NF,NoSnow_SummerClothing_Camels_SunMid_Snowman_NoFire.webp,6,1,NoSnow,SummerClothing,Camels,SunMid,Snowman,NoFire,2026-07-27T13:52:07.638Z
6658b2c33d4c39023821ce21,27,S_WC_Ca_SR_Sn_WF,Snow_WinterClothing_Camels_SunRising_Snowman_Fire.webp,2,2,Snow,WinterClothing,Camels,SunRising,Snowman,Fire,2026-07-27T13:52:42.645Z
6658b2c33d4c39023821ce21,28,S_SC_Ca_SR_Sn_WF,Snow_SummerClothing_Camels_SunRising_Snowman_Fire.webp,2,1,Snow,SummerClothing,Camels,SunRising,Snowman,Fire,2026-07-27T13:54:09.512Z
6658b2c33d4c39023821ce21,29,S_WC_Ca_SR_Sa_WF,Snow_WinterClothing_Camels_SunRising_Sandcastle_Fire.webp,3,2,Snow,WinterClothing,Camels,SunRising,Sandcastle,Fire,2026-07-27T13:54:19.722Z
6658b2c33d4c39023821ce21,30,NS_WC_Pe_SM_Sa_NF,NoSnow_WinterClothing_Penguins_SunMid_Sandcastle_NoFire.webp,6,2,NoSnow,WinterClothing,Penguins,SunMid,Sandcastle,NoFire,2026-07-27T13:54:25.967Z
6658b2c33d4c39023821ce21,31,NS_WC_Pe_SR_Sa_NF,NoSnow_WinterClothing_Penguins_SunRising_Sandcastle_NoFire.webp,6,2,NoSnow,WinterClothing,Penguins,SunRising,Sandcastle,NoFire,2026-07-27T13:54:34.122Z
6658b2c33d4c39023821ce21,32,NS_WC_Pe_SM_Sa_WF,NoSnow_WinterClothing_Penguins_SunMid_Sandcastle_Fire.webp,2,1,NoSnow,WinterClothing,Penguins,SunMid,Sandcastle,Fire,2026-07-27T13:55:09.871Z
6658b2c33d4c39023821ce21,33,NS_WC_Pe_SM_Sn_NF,NoSnow_WinterClothing_Penguins_SunMid_Snowman_NoFire.webp,2,3,NoSnow,WinterClothing,Penguins,SunMid,Snowman,NoFire,2026-07-27T13:55:36.598Z
6658b2c33d4c39023821ce21,34,NS_WC_Ca_SM_Sn_WF,NoSnow_WinterClothing_Camels_SunMid_Snowman_Fire.webp,2,2,NoSnow,WinterClothing,Camels,SunMid,Snowman,Fire,2026-07-27T13:56:43.929Z
6658b2c33d4c39023821ce21,35,NS_SC_Pe_SM_Sn_WF,NoSnow_SummerClothing_Penguins_SunMid_Snowman_Fire.webp,6,1,NoSnow,SummerClothing,Penguins,SunMid,Snowman,Fire,2026-07-27T13:56:50.277Z
6658b2c33d4c39023821ce21,36,NS_WC_Pe_SM_Sn_WF,NoSnow_WinterClothing_Penguins_SunMid_Snowman_Fire.webp,3,2,NoSnow,WinterClothing,Penguins,SunMid,Snowman,Fire,2026-07-27T13:57:09.354Z
6658b2c33d4c39023821ce21,37,NS_WC_Ca_SR_Sa_WF,NoSnow_WinterClothing_Camels_SunRising_Sandcastle_Fire.webp,5,2,NoSnow,WinterClothing,Camels,SunRising,Sandcastle,Fire,2026-07-27T13:57:15.126Z
6658b2c33d4c39023821ce21,38,NS_SC_Ca_SR_Sa_NF,NoSnow_SummerClothing_Camels_SunRising_Sandcastle_NoFire.webp,5,6,NoSnow,SummerClothing,Camels,SunRising,Sandcastle,NoFire,2026-07-27T13:57:22.579Z
6658b2c33d4c39023821ce21,39,S_WC_Pe_SR_Sa_NF,Snow_WinterClothing_Penguins_SunRising_Sandcastle_NoFire.webp,2,6,Snow,WinterClothing,Penguins,SunRising,Sandcastle,NoFire,2026-07-27T13:57:30.725Z
6658b2c33d4c39023821ce21,40,NS_SC_Ca_SR_Sn_WF,NoSnow_SummerClothing_Camels_SunRising_Snowman_Fire.webp,4,2,NoSnow,SummerClothing,Camels,SunRising,Snowman,Fire,2026-07-27T13:57:44.713Z
6658b2c33d4c39023821ce21,41,S_SC_Pe_SM_Sn_NF,Snow_SummerClothing_Penguins_SunMid_Snowman_NoFire.webp,3,3,Snow,SummerClothing,Penguins,SunMid,Snowman,NoFire,2026-07-27T13:57:50.866Z
6658b2c33d4c39023821ce21,42,NS_WC_Pe_SR_Sn_WF,NoSnow_WinterClothing_Penguins_SunRising_Snowman_Fire.webp,3,2,NoSnow,WinterClothing,Penguins,SunRising,Snowman,Fire,2026-07-27T13:58:00.342Z
6658b2c33d4c39023821ce21,43,NS_WC_Pe_SR_Sn_NF,NoSnow_WinterClothing_Penguins_SunRising_Snowman_NoFire.webp,2,2,NoSnow,WinterClothing,Penguins,SunRising,Snowman,NoFire,2026-07-27T13:58:10.691Z
6658b2c33d4c39023821ce21,44,S_SC_Ca_SR_Sa_NF,Snow_SummerClothing_Camels_SunRising_Sandcastle_NoFire.webp,1,1,Snow,SummerClothing,Camels,SunRising,Sandcastle,NoFire,2026-07-27T13:58:17.241Z
6658b2c33d4c39023821ce21,45,S_SC_Pe_SM_Sn_WF,Snow_SummerClothing_Penguins_SunMid_Snowman_Fire.webp,3,3,Snow,SummerClothing,Penguins,SunMid,Snowman,Fire,2026-07-27T13:58:26.342Z
6658b2c33d4c39023821ce21,46,NS_SC_Pe_SM_Sn_NF,NoSnow_SummerClothing_Penguins_SunMid_Snowman_NoFire.webp,7,2,NoSnow,SummerClothing,Penguins,SunMid,Snowman,NoFire,2026-07-27T13:58:32.740Z
6658b2c33d4c39023821ce21,47,S_SC_Pe_SM_Sa_WF,Snow_SummerClothing_Penguins_SunMid_Sandcastle_Fire.webp,3,2,Snow,SummerClothing,Penguins,SunMid,Sandcastle,Fire,2026-07-27T13:58:38.144Z
6658b2c33d4c39023821ce21,48,S_SC_Ca_SM_Sn_WF,Snow_SummerClothing_Camels_SunMid_Snowman_Fire.webp,2,2,Snow,SummerClothing,Camels,SunMid,Snowman,Fire,2026-07-27T13:58:45.055Z
6658b2c33d4c39023821ce21,49,NS_WC_Ca_SR_Sn_NF,NoSnow_WinterClothing_Camels_SunRising_Snowman_NoFire.webp,2,2,NoSnow,WinterClothing,Camels,SunRising,Snowman,NoFire,2026-07-27T13:58:53.716Z
6658b2c33d4c39023821ce21,50,S_WC_Ca_SM_Sn_WF,Snow_WinterClothing_Camels_SunMid_Snowman_Fire.webp,4,2,Snow,WinterClothing,Camels,SunMid,Snowman,Fire,2026-07-27T14:00:21.976Z
6658b2c33d4c39023821ce21,51,NS_SC_Ca_SR_Sn_NF,NoSnow_SummerClothing_Camels_SunRising_Snowman_NoFire.webp,4,2,NoSnow,SummerClothing,Camels,SunRising,Snowman,NoFire,2026-07-27T14:01:29.702Z
6658b2c33d4c39023821ce21,52,S_WC_Pe_SR_Sn_WF,Snow_WinterClothing_Penguins_SunRising_Snowman_Fire.webp,2,7,Snow,WinterClothing,Penguins,SunRising,Snowman,Fire,2026-07-27T14:01:37.070Z
6658b2c33d4c39023821ce21,53,S_SC_Pe_SR_Sa_WF,Snow_SummerClothing_Penguins_SunRising_Sandcastle_Fire.webp,4,2,Snow,SummerClothing,Penguins,SunRising,Sandcastle,Fire,2026-07-27T14:01:42.945Z
6658b2c33d4c39023821ce21,54,S_WC_Pe_SM_Sn_NF,Snow_WinterClothing_Penguins_SunMid_Snowman_NoFire.webp,2,6,Snow,WinterClothing,Penguins,SunMid,Snowman,NoFire,2026-07-27T14:01:50.253Z
6658b2c33d4c39023821ce21,55,NS_WC_Pe_SR_Sa_WF,NoSnow_WinterClothing_Penguins_SunRising_Sandcastle_Fire.webp,6,2,NoSnow,WinterClothing,Penguins,SunRising,Sandcastle,Fire,2026-07-27T14:01:55.990Z
6658b2c33d4c39023821ce21,56,S_WC_Pe_SR_Sa_WF,Snow_WinterClothing_Penguins_SunRising_Sandcastle_Fire.webp,4,3,Snow,WinterClothing,Penguins,SunRising,Sandcastle,Fire,2026-07-27T14:02:01.495Z
6658b2c33d4c39023821ce21,57,NS_WC_Ca_SM_Sa_WF,NoSnow_WinterClothing_Camels_SunMid_Sandcastle_Fire.webp,7,1,NoSnow,WinterClothing,Camels,SunMid,Sandcastle,Fire,2026-07-27T14:02:11.315Z
6658b2c33d4c39023821ce21,58,S_WC_Ca_SR_Sa_NF,Snow_WinterClothing_Camels_SunRising_Sandcastle_NoFire.webp,5,2,Snow,WinterClothing,Camels,SunRising,Sandcastle,NoFire,2026-07-27T14:03:02.005Z
6658b2c33d4c39023821ce21,59,NS_SC_Ca_SR_Sa_WF,NoSnow_SummerClothing_Camels_SunRising_Sandcastle_Fire.webp,7,1,NoSnow,SummerClothing,Camels,SunRising,Sandcastle,Fire,2026-07-27T14:03:08.853Z
6658b2c33d4c39023821ce21,60,S_SC_Ca_SR_Sn_NF,Snow_SummerClothing_Camels_SunRising_Snowman_NoFire.webp,2,2,Snow,SummerClothing,Camels,SunRising,Snowman,NoFire,2026-07-27T14:03:14.189Z
6658b2c33d4c39023821ce21,61,S_SC_Ca_SM_Sn_NF,Snow_SummerClothing_Camels_SunMid_Snowman_NoFire.webp,1,2,Snow,SummerClothing,Camels,SunMid,Snowman,NoFire,2026-07-27T14:03:20.160Z
6658b2c33d4c39023821ce21,62,S_WC_Ca_SR_Sn_NF,Snow_WinterClothing_Camels_SunRising_Snowman_NoFire.webp,2,3,Snow,WinterClothing,Camels,SunRising,Snowman,NoFire,2026-07-27T14:03:26.758Z
6658b2c33d4c39023821ce21,63,S_WC_Pe_SM_Sa_NF,Snow_WinterClothing_Penguins_SunMid_Sandcastle_NoFire.webp,1,2,Snow,WinterClothing,Penguins,SunMid,Sandcastle,NoFire,2026-07-27T14:03:32.611Z
5e3ddcf95556b204cb143eab,0,NS_WC_Ca_SR_Sa_NF,NoSnow_WinterClothing_Camels_SunRising_Sandcastle_NoFire.webp,6,5,NoSnow,WinterClothing,Camels,SunRising,Sandcastle,NoFire,2026-07-27T13:43:14.374Z
5e3ddcf95556b204cb143eab,1,NS_WC_Pe_SR_Sa_WF,NoSnow_WinterClothing_Penguins_SunRising_Sandcastle_Fire.webp,4,3,NoSnow,WinterClothing,Penguins,SunRising,Sandcastle,Fire,2026-07-27T13:43:24.550Z
5e3ddcf95556b204cb143eab,2,S_SC_Ca_SR_Sn_NF,Snow_SummerClothing_Camels_SunRising_Snowman_NoFire.webp,6,2,Snow,SummerClothing,Camels,SunRising,Snowman,NoFire,2026-07-27T13:43:32.689Z
5e3ddcf95556b204cb143eab,3,S_SC_Pe_SR_Sa_NF,Snow_SummerClothing_Penguins_SunRising_Sandcastle_NoFire.webp,4,3,Snow,SummerClothing,Penguins,SunRising,Sandcastle,NoFire,2026-07-27T13:43:39.891Z
5e3ddcf95556b204cb143eab,4,S_WC_Ca_SR_Sn_WF,Snow_WinterClothing_Camels_SunRising_Snowman_Fire.webp,4,2,Snow,WinterClothing,Camels,SunRising,Snowman,Fire,2026-07-27T13:44:04.749Z
5e3ddcf95556b204cb143eab,5,NS_WC_Pe_SM_Sn_WF,NoSnow_WinterClothing_Penguins_SunMid_Snowman_Fire.webp,3,6,NoSnow,WinterClothing,Penguins,SunMid,Snowman,Fire,2026-07-27T13:44:15.980Z
5e3ddcf95556b204cb143eab,6,S_SC_Ca_SM_Sa_WF,Snow_SummerClothing_Camels_SunMid_Sandcastle_Fire.webp,6,6,Snow,SummerClothing,Camels,SunMid,Sandcastle,Fire,2026-07-27T13:44:23.832Z
5e3ddcf95556b204cb143eab,7,NS_WC_Pe_SM_Sn_NF,NoSnow_WinterClothing_Penguins_SunMid_Snowman_NoFire.webp,4,6,NoSnow,WinterClothing,Penguins,SunMid,Snowman,NoFire,2026-07-27T13:44:34.559Z
5e3ddcf95556b204cb143eab,8,S_SC_Pe_SR_Sa_WF,Snow_SummerClothing_Penguins_SunRising_Sandcastle_Fire.webp,6,3,Snow,SummerClothing,Penguins,SunRising,Sandcastle,Fire,2026-07-27T13:44:41.249Z
5e3ddcf95556b204cb143eab,9,NS_SC_Pe_SR_Sa_WF,NoSnow_SummerClothing_Penguins_SunRising_Sandcastle_Fire.webp,6,2,NoSnow,SummerClothing,Penguins,SunRising,Sandcastle,Fire,2026-07-27T13:44:49.575Z
5e3ddcf95556b204cb143eab,10,S_WC_Ca_SR_Sa_NF,Snow_WinterClothing_Camels_SunRising_Sandcastle_NoFire.webp,4,4,Snow,WinterClothing,Camels,SunRising,Sandcastle,NoFire,2026-07-27T13:45:01.872Z
5e3ddcf95556b204cb143eab,11,NS_SC_Pe_SR_Sn_WF,NoSnow_SummerClothing_Penguins_SunRising_Snowman_Fire.webp,5,4,NoSnow,SummerClothing,Penguins,SunRising,Snowman,Fire,2026-07-27T13:46:07.908Z
5e3ddcf95556b204cb143eab,12,S_WC_Ca_SM_Sa_WF,Snow_WinterClothing_Camels_SunMid_Sandcastle_Fire.webp,4,3,Snow,WinterClothing,Camels,SunMid,Sandcastle,Fire,2026-07-27T13:46:36.661Z
5e3ddcf95556b204cb143eab,13,S_WC_Pe_SR_Sa_WF,Snow_WinterClothing_Penguins_SunRising_Sandcastle_Fire.webp,3,5,Snow,WinterClothing,Penguins,SunRising,Sandcastle,Fire,2026-07-27T13:46:45.263Z
5e3ddcf95556b204cb143eab,14,S_SC_Pe_SM_Sa_NF,Snow_SummerClothing_Penguins_SunMid_Sandcastle_NoFire.webp,6,2,Snow,SummerClothing,Penguins,SunMid,Sandcastle,NoFire,2026-07-27T13:46:54.499Z
5e3ddcf95556b204cb143eab,15,NS_WC_Ca_SR_Sa_WF,NoSnow_WinterClothing_Camels_SunRising_Sandcastle_Fire.webp,3,4,NoSnow,WinterClothing,Camels,SunRising,Sandcastle,Fire,2026-07-27T13:47:04.715Z
5e3ddcf95556b204cb143eab,16,S_WC_Pe_SR_Sa_NF,Snow_WinterClothing_Penguins_SunRising_Sandcastle_NoFire.webp,3,4,Snow,WinterClothing,Penguins,SunRising,Sandcastle,NoFire,2026-07-27T13:47:37.870Z
5e3ddcf95556b204cb143eab,17,NS_SC_Ca_SM_Sa_WF,NoSnow_SummerClothing_Camels_SunMid_Sandcastle_Fire.webp,6,5,NoSnow,SummerClothing,Camels,SunMid,Sandcastle,Fire,2026-07-27T13:47:59.685Z
5e3ddcf95556b204cb143eab,18,NS_WC_Ca_SR_Sn_NF,NoSnow_WinterClothing_Camels_SunRising_Snowman_NoFire.webp,4,3,NoSnow,WinterClothing,Camels,SunRising,Snowman,NoFire,2026-07-27T13:48:25.397Z
5e3ddcf95556b204cb143eab,19,S_WC_Pe_SM_Sn_NF,Snow_WinterClothing_Penguins_SunMid_Snowman_NoFire.webp,4,6,Snow,WinterClothing,Penguins,SunMid,Snowman,NoFire,2026-07-27T13:48:34.553Z
5e3ddcf95556b204cb143eab,20,NS_WC_Pe_SR_Sn_NF,NoSnow_WinterClothing_Penguins_SunRising_Snowman_NoFire.webp,3,4,NoSnow,WinterClothing,Penguins,SunRising,Snowman,NoFire,2026-07-27T13:48:42.462Z
5e3ddcf95556b204cb143eab,21,NS_SC_Pe_SM_Sa_WF,NoSnow_SummerClothing_Penguins_SunMid_Sandcastle_Fire.webp,6,3,NoSnow,SummerClothing,Penguins,SunMid,Sandcastle,Fire,2026-07-27T13:48:53.694Z
5e3ddcf95556b204cb143eab,22,NS_WC_Pe_SR_Sa_NF,NoSnow_WinterClothing_Penguins_SunRising_Sandcastle_NoFire.webp,4,4,NoSnow,WinterClothing,Penguins,SunRising,Sandcastle,NoFire,2026-07-27T13:49:12.109Z
5e3ddcf95556b204cb143eab,23,S_SC_Ca_SR_Sn_WF,Snow_SummerClothing_Camels_SunRising_Snowman_Fire.webp,2,4,Snow,SummerClothing,Camels,SunRising,Snowman,Fire,2026-07-27T13:49:21.360Z
5e3ddcf95556b204cb143eab,24,NS_WC_Ca_SM_Sn_WF,NoSnow_WinterClothing_Camels_SunMid_Snowman_Fire.webp,5,4,NoSnow,WinterClothing,Camels,SunMid,Snowman,Fire,2026-07-27T13:49:29.432Z
5e3ddcf95556b204cb143eab,25,NS_SC_Ca_SM_Sn_NF,NoSnow_SummerClothing_Camels_SunMid_Snowman_NoFire.webp,6,3,NoSnow,SummerClothing,Camels,SunMid,Snowman,NoFire,2026-07-27T13:50:15.086Z
5e3ddcf95556b204cb143eab,26,NS_SC_Ca_SM_Sa_NF,NoSnow_SummerClothing_Camels_SunMid_Sandcastle_NoFire.webp,6,6,NoSnow,SummerClothing,Camels,SunMid,Sandcastle,NoFire,2026-07-27T13:50:22.569Z
5e3ddcf95556b204cb143eab,27,S_WC_Ca_SM_Sa_NF,Snow_WinterClothing_Camels_SunMid_Sandcastle_NoFire.webp,3,3,Snow,WinterClothing,Camels,SunMid,Sandcastle,NoFire,2026-07-27T13:50:28.447Z
5e3ddcf95556b204cb143eab,28,NS_SC_Pe_SR_Sa_NF,NoSnow_SummerClothing_Penguins_SunRising_Sandcastle_NoFire.webp,3,3,NoSnow,SummerClothing,Penguins,SunRising,Sandcastle,NoFire,2026-07-27T13:50:36.852Z
5e3ddcf95556b204cb143eab,29,NS_SC_Pe_SM_Sn_WF,NoSnow_SummerClothing_Penguins_SunMid_Snowman_Fire.webp,6,5,NoSnow,SummerClothing,Penguins,SunMid,Snowman,Fire,2026-07-27T13:50:54.024Z
5e3ddcf95556b204cb143eab,30,S_WC_Ca_SR_Sa_WF,Snow_WinterClothing_Camels_SunRising_Sandcastle_Fire.webp,2,4,Snow,WinterClothing,Camels,SunRising,Sandcastle,Fire,2026-07-27T13:51:17.576Z
5e3ddcf95556b204cb143eab,31,S_SC_Pe_SR_Sn_NF,Snow_SummerClothing_Penguins_SunRising_Snowman_NoFire.webp,2,5,Snow,SummerClothing,Penguins,SunRising,Snowman,NoFire,2026-07-27T13:51:26.971Z
5e3ddcf95556b204cb143eab,32,S_SC_Ca_SM_Sa_NF,Snow_SummerClothing_Camels_SunMid_Sandcastle_NoFire.webp,3,3,Snow,SummerClothing,Camels,SunMid,Sandcastle,NoFire,2026-07-27T13:51:33.825Z
5e3ddcf95556b204cb143eab,33,S_WC_Pe_SR_Sn_NF,Snow_WinterClothing_Penguins_SunRising_Snowman_NoFire.webp,2,5,Snow,WinterClothing,Penguins,SunRising,Snowman,NoFire,2026-07-27T13:51:56.230Z
5e3ddcf95556b204cb143eab,34,NS_WC_Ca_SM_Sa_NF,NoSnow_WinterClothing_Camels_SunMid_Sandcastle_NoFire.webp,6,5,NoSnow,WinterClothing,Camels,SunMid,Sandcastle,NoFire,2026-07-27T13:52:17.024Z
5e3ddcf95556b204cb143eab,35,S_WC_Pe_SM_Sn_WF,Snow_WinterClothing_Penguins_SunMid_Snowman_Fire.webp,3,6,Snow,WinterClothing,Penguins,SunMid,Snowman,Fire,2026-07-27T13:52:23.760Z
5e3ddcf95556b204cb143eab,36,NS_WC_Ca_SM_Sn_NF,NoSnow_WinterClothing_Camels_SunMid_Snowman_NoFire.webp,6,5,NoSnow,WinterClothing,Camels,SunMid,Snowman,NoFire,2026-07-27T13:52:34.784Z
5e3ddcf95556b204cb143eab,37,S_SC_Ca_SR_Sa_NF,Snow_SummerClothing_Camels_SunRising_Sandcastle_NoFire.webp,2,4,Snow,SummerClothing,Camels,SunRising,Sandcastle,NoFire,2026-07-27T13:52:46.126Z
5e3ddcf95556b204cb143eab,38,S_WC_Pe_SM_Sa_WF,Snow_WinterClothing_Penguins_SunMid_Sandcastle_Fire.webp,5,5,Snow,WinterClothing,Penguins,SunMid,Sandcastle,Fire,2026-07-27T13:52:55.068Z
5e3ddcf95556b204cb143eab,39,S_SC_Pe_SM_Sn_NF,Snow_SummerClothing_Penguins_SunMid_Snowman_NoFire.webp,4,4,Snow,SummerClothing,Penguins,SunMid,Snowman,NoFire,2026-07-27T13:53:21.578Z
5e3ddcf95556b204cb143eab,40,NS_SC_Pe_SM_Sa_NF,NoSnow_SummerClothing_Penguins_SunMid_Sandcastle_NoFire.webp,6,6,NoSnow,SummerClothing,Penguins,SunMid,Sandcastle,NoFire,2026-07-27T13:53:34.418Z
5e3ddcf95556b204cb143eab,41,NS_SC_Pe_SM_Sn_NF,NoSnow_SummerClothing_Penguins_SunMid_Snowman_NoFire.webp,6,5,NoSnow,SummerClothing,Penguins,SunMid,Snowman,NoFire,2026-07-27T13:53:56.758Z
5e3ddcf95556b204cb143eab,42,NS_SC_Ca_SR_Sn_WF,NoSnow_SummerClothing_Camels_SunRising_Snowman_Fire.webp,3,5,NoSnow,SummerClothing,Camels,SunRising,Snowman,Fire,2026-07-27T13:54:03.254Z
5e3ddcf95556b204cb143eab,43,S_SC_Ca_SR_Sa_WF,Snow_SummerClothing_Camels_SunRising_Sandcastle_Fire.webp,2,4,Snow,SummerClothing,Camels,SunRising,Sandcastle,Fire,2026-07-27T13:54:15.089Z
5e3ddcf95556b204cb143eab,44,S_SC_Pe_SM_Sn_WF,Snow_SummerClothing_Penguins_SunMid_Snowman_Fire.webp,2,6,Snow,SummerClothing,Penguins,SunMid,Snowman,Fire,2026-07-27T13:54:25.485Z
5e3ddcf95556b204cb143eab,45,NS_WC_Pe_SR_Sn_WF,NoSnow_WinterClothing_Penguins_SunRising_Snowman_Fire.webp,3,4,NoSnow,WinterClothing,Penguins,SunRising,Snowman,Fire,2026-07-27T13:54:33.363Z
5e3ddcf95556b204cb143eab,46,S_WC_Pe_SR_Sn_WF,Snow_WinterClothing_Penguins_SunRising_Snowman_Fire.webp,2,6,Snow,WinterClothing,Penguins,SunRising,Snowman,Fire,2026-07-27T13:54:39.937Z
5e3ddcf95556b204cb143eab,47,NS_SC_Pe_SR_Sn_NF,NoSnow_SummerClothing_Penguins_SunRising_Snowman_NoFire.webp,3,4,NoSnow,SummerClothing,Penguins,SunRising,Snowman,NoFire,2026-07-27T13:54:47.831Z
5e3ddcf95556b204cb143eab,48,S_SC_Ca_SM_Sn_NF,Snow_SummerClothing_Camels_SunMid_Snowman_NoFire.webp,2,6,Snow,SummerClothing,Camels,SunMid,Snowman,NoFire,2026-07-27T13:55:02.143Z
5e3ddcf95556b204cb143eab,49,S_WC_Ca_SR_Sn_NF,Snow_WinterClothing_Camels_SunRising_Snowman_NoFire.webp,2,6,Snow,WinterClothing,Camels,SunRising,Snowman,NoFire,2026-07-27T13:55:08.206Z
5e3ddcf95556b204cb143eab,50,NS_SC_Ca_SR_Sn_NF,NoSnow_SummerClothing_Camels_SunRising_Snowman_NoFire.webp,3,4,NoSnow,SummerClothing,Camels,SunRising,Snowman,NoFire,2026-07-27T13:55:15.583Z
5e3ddcf95556b204cb143eab,51,S_SC_Ca_SM_Sn_WF,Snow_SummerClothing_Camels_SunMid_Snowman_Fire.webp,3,5,Snow,SummerClothing,Camels,SunMid,Snowman,Fire,2026-07-27T13:55:23.817Z
5e3ddcf95556b204cb143eab,52,NS_WC_Pe_SM_Sa_NF,NoSnow_WinterClothing_Penguins_SunMid_Sandcastle_NoFire.webp,6,5,NoSnow,WinterClothing,Penguins,SunMid,Sandcastle,NoFire,2026-07-27T13:55:30.120Z
5e3ddcf95556b204cb143eab,53,S_WC_Ca_SM_Sn_NF,Snow_WinterClothing_Camels_SunMid_Snowman_NoFire.webp,5,5,Snow,WinterClothing,Camels,SunMid,Snowman,NoFire,2026-07-27T13:55:42.813Z
5e3ddcf95556b204cb143eab,54,NS_WC_Ca_SM_Sa_WF,NoSnow_WinterClothing_Camels_SunMid_Sandcastle_Fire.webp,5,5,NoSnow,WinterClothing,Camels,SunMid,Sandcastle,Fire,2026-07-27T13:55:53.518Z
5e3ddcf95556b204cb143eab,55,S_SC_Pe_SM_Sa_WF,Snow_SummerClothing_Penguins_SunMid_Sandcastle_Fire.webp,4,4,Snow,SummerClothing,Penguins,SunMid,Sandcastle,Fire,2026-07-27T13:56:04.029Z
5e3ddcf95556b204cb143eab,56,NS_WC_Ca_SR_Sn_WF,NoSnow_WinterClothing_Camels_SunRising_Snowman_Fire.webp,3,5,NoSnow,WinterClothing,Camels,SunRising,Snowman,Fire,2026-07-27T13:56:11.016Z
5e3ddcf95556b204cb143eab,57,NS_SC_Ca_SM_Sn_WF,NoSnow_SummerClothing_Camels_SunMid_Snowman_Fire.webp,5,5,NoSnow,SummerClothing,Camels,SunMid,Snowman,Fire,2026-07-27T13:56:25.054Z
5e3ddcf95556b204cb143eab,58,S_WC_Ca_SM_Sn_WF,Snow_WinterClothing_Camels_SunMid_Snowman_Fire.webp,3,6,Snow,WinterClothing,Camels,SunMid,Snowman,Fire,2026-07-27T13:56:39.540Z
5e3ddcf95556b204cb143eab,59,NS_SC_Ca_SR_Sa_NF,NoSnow_SummerClothing_Camels_SunRising_Sandcastle_NoFire.webp,3,6,NoSnow,SummerClothing,Camels,SunRising,Sandcastle,NoFire,2026-07-27T13:56:45.320Z
5e3ddcf95556b204cb143eab,60,NS_WC_Pe_SM_Sa_WF,NoSnow_WinterClothing_Penguins_SunMid_Sandcastle_Fire.webp,5,5,NoSnow,WinterClothing,Penguins,SunMid,Sandcastle,Fire,2026-07-27T13:56:52.984Z
5e3ddcf95556b204cb143eab,61,NS_SC_Ca_SR_Sa_WF,NoSnow_SummerClothing_Camels_SunRising_Sandcastle_Fire.webp,3,6,NoSnow,SummerClothing,Camels,SunRising,Sandcastle,Fire,2026-07-27T13:56:59.579Z
5e3ddcf95556b204cb143eab,62,S_WC_Pe_SM_Sa_NF,Snow_WinterClothing_Penguins_SunMid_Sandcastle_NoFire.webp,3,5,Snow,WinterClothing,Penguins,SunMid,Sandcastle,NoFire,2026-07-27T13:57:07.140Z
5e3ddcf95556b204cb143eab,63,S_SC_Pe_SR_Sn_WF,Snow_SummerClothing_Penguins_SunRising_Snowman_Fire.webp,2,5,Snow,SummerClothing,Penguins,SunRising,Snowman,Fire,2026-07-27T13:57:16.875Z
69f9db944cb3be96655ebfb8,0,S_SC_Pe_SR_Sa_NF,Snow_SummerClothing_Penguins_SunRising_Sandcastle_NoFire.webp,5,4,Snow,SummerClothing,Penguins,SunRising,Sandcastle,NoFire,2026-07-27T13:47:07.136Z
69f9db944cb3be96655ebfb8,1,NS_WC_Pe_SR_Sn_WF,NoSnow_WinterClothing_Penguins_SunRising_Snowman_Fire.webp,2,6,NoSnow,WinterClothing,Penguins,SunRising,Snowman,Fire,2026-07-27T13:47:33.840Z
69f9db944cb3be96655ebfb8,2,NS_SC_Pe_SM_Sn_NF,NoSnow_SummerClothing_Penguins_SunMid_Snowman_NoFire.webp,5,1,NoSnow,SummerClothing,Penguins,SunMid,Snowman,NoFire,2026-07-27T13:47:54.164Z
69f9db944cb3be96655ebfb8,3,S_SC_Pe_SM_Sn_WF,Snow_SummerClothing_Penguins_SunMid_Snowman_Fire.webp,4,4,Snow,SummerClothing,Penguins,SunMid,Snowman,Fire,2026-07-27T13:48:33.323Z
69f9db944cb3be96655ebfb8,4,NS_SC_Pe_SR_Sa_WF,NoSnow_SummerClothing_Penguins_SunRising_Sandcastle_Fire.webp,4,5,NoSnow,SummerClothing,Penguins,SunRising,Sandcastle,Fire,2026-07-27T13:48:52.571Z
69f9db944cb3be96655ebfb8,5,NS_WC_Pe_SR_Sa_WF,NoSnow_WinterClothing_Penguins_SunRising_Sandcastle_Fire.webp,3,6,NoSnow,WinterClothing,Penguins,SunRising,Sandcastle,Fire,2026-07-27T13:49:09.272Z
69f9db944cb3be96655ebfb8,6,NS_SC_Pe_SM_Sn_WF,NoSnow_SummerClothing_Penguins_SunMid_Snowman_Fire.webp,4,1,NoSnow,SummerClothing,Penguins,SunMid,Snowman,Fire,2026-07-27T13:49:25.498Z
69f9db944cb3be96655ebfb8,7,NS_WC_Ca_SR_Sn_NF,NoSnow_WinterClothing_Camels_SunRising_Snowman_NoFire.webp,3,2,NoSnow,WinterClothing,Camels,SunRising,Snowman,NoFire,2026-07-27T13:49:47.251Z
69f9db944cb3be96655ebfb8,8,NS_SC_Pe_SM_Sa_WF,NoSnow_SummerClothing_Penguins_SunMid_Sandcastle_Fire.webp,4,5,NoSnow,SummerClothing,Penguins,SunMid,Sandcastle,Fire,2026-07-27T13:50:04.176Z
69ec62448e0da8c83aa21a9f,0,S_SC_Pe_SR_Sa_WF,Snow_SummerClothing_Penguins_SunRising_Sandcastle_Fire.webp,3,1,Snow,SummerClothing,Penguins,SunRising,Sandcastle,Fire,2026-07-27T13:43:07.827Z
69ec62448e0da8c83aa21a9f,1,S_WC_Ca_SR_Sn_WF,Snow_WinterClothing_Camels_SunRising_Snowman_Fire.webp,2,1,Snow,WinterClothing,Camels,SunRising,Snowman,Fire,2026-07-27T13:43:29.243Z
69ec62448e0da8c83aa21a9f,2,NS_WC_Pe_SR_Sa_NF,NoSnow_WinterClothing_Penguins_SunRising_Sandcastle_NoFire.webp,2,1,NoSnow,WinterClothing,Penguins,SunRising,Sandcastle,NoFire,2026-07-27T13:43:43.459Z
69ec62448e0da8c83aa21a9f,3,NS_SC_Ca_SR_Sn_WF,NoSnow_SummerClothing_Camels_SunRising_Snowman_Fire.webp,5,1,NoSnow,SummerClothing,Camels,SunRising,Snowman,Fire,2026-07-27T13:44:02.509Z
69ec62448e0da8c83aa21a9f,4,NS_SC_Ca_SR_Sa_NF,NoSnow_SummerClothing_Camels_SunRising_Sandcastle_NoFire.webp,6,1,NoSnow,SummerClothing,Camels,SunRising,Sandcastle,NoFire,2026-07-27T13:44:11.909Z
69ec62448e0da8c83aa21a9f,5,NS_WC_Pe_SM_Sa_WF,NoSnow_WinterClothing_Penguins_SunMid_Sandcastle_Fire.webp,3,1,NoSnow,WinterClothing,Penguins,SunMid,Sandcastle,Fire,2026-07-27T13:44:26.426Z
69ec62448e0da8c83aa21a9f,6,NS_WC_Pe_SM_Sn_NF,NoSnow_WinterClothing_Penguins_SunMid_Snowman_NoFire.webp,3,1,NoSnow,WinterClothing,Penguins,SunMid,Snowman,NoFire,2026-07-27T13:44:42.576Z
69ec62448e0da8c83aa21a9f,7,S_WC_Ca_SM_Sn_WF,Snow_WinterClothing_Camels_SunMid_Snowman_Fire.webp,3,1,Snow,WinterClothing,Camels,SunMid,Snowman,Fire,2026-07-27T13:45:03.409Z
69ec62448e0da8c83aa21a9f,8,S_SC_Ca_SR_Sn_WF,Snow_SummerClothing_Camels_SunRising_Snowman_Fire.webp,6,1,Snow,SummerClothing,Camels,SunRising,Snowman,Fire,2026-07-27T13:45:24.309Z
69ec62448e0da8c83aa21a9f,9,S_SC_Pe_SM_Sa_WF,Snow_SummerClothing_Penguins_SunMid_Sandcastle_Fire.webp,6,1,Snow,SummerClothing,Penguins,SunMid,Sandcastle,Fire,2026-07-27T13:45:36.542Z
69ec62448e0da8c83aa21a9f,10,NS_WC_Ca_SM_Sa_WF,NoSnow_WinterClothing_Camels_SunMid_Sandcastle_Fire.webp,5,1,NoSnow,WinterClothing,Camels,SunMid,Sandcastle,Fire,2026-07-27T13:45:53.492Z
69ec62448e0da8c83aa21a9f,11,NS_WC_Ca_SM_Sa_NF,NoSnow_WinterClothing_Camels_SunMid_Sandcastle_NoFire.webp,6,3,NoSnow,WinterClothing,Camels,SunMid,Sandcastle,NoFire,2026-07-27T13:46:24.641Z
69ec62448e0da8c83aa21a9f,12,NS_WC_Pe_SR_Sn_NF,NoSnow_WinterClothing_Penguins_SunRising_Snowman_NoFire.webp,3,2,NoSnow,WinterClothing,Penguins,SunRising,Snowman,NoFire,2026-07-27T13:46:59.492Z
69ec62448e0da8c83aa21a9f,13,NS_SC_Pe_SR_Sa_WF,NoSnow_SummerClothing_Penguins_SunRising_Sandcastle_Fire.webp,6,1,NoSnow,SummerClothing,Penguins,SunRising,Sandcastle,Fire,2026-07-27T13:47:10.791Z
69ec62448e0da8c83aa21a9f,14,S_SC_Ca_SM_Sn_WF,Snow_SummerClothing_Camels_SunMid_Snowman_Fire.webp,5,1,Snow,SummerClothing,Camels,SunMid,Snowman,Fire,2026-07-27T13:47:40.993Z
69ec62448e0da8c83aa21a9f,15,S_WC_Pe_SM_Sa_NF,Snow_WinterClothing_Penguins_SunMid_Sandcastle_NoFire.webp,2,4,Snow,WinterClothing,Penguins,SunMid,Sandcastle,NoFire,2026-07-27T13:48:00.958Z
69ec62448e0da8c83aa21a9f,16,S_SC_Pe_SM_Sa_NF,Snow_SummerClothing_Penguins_SunMid_Sandcastle_NoFire.webp,5,4,Snow,SummerClothing,Penguins,SunMid,Sandcastle,NoFire,2026-07-27T13:48:24.741Z
69ec62448e0da8c83aa21a9f,17,S_SC_Pe_SR_Sa_NF,Snow_SummerClothing_Penguins_SunRising_Sandcastle_NoFire.webp,4,3,Snow,SummerClothing,Penguins,SunRising,Sandcastle,NoFire,2026-07-27T13:48:44.491Z
69ec62448e0da8c83aa21a9f,18,S_WC_Pe_SR_Sn_WF,Snow_WinterClothing_Penguins_SunRising_Snowman_Fire.webp,3,2,Snow,WinterClothing,Penguins,SunRising,Snowman,Fire,2026-07-27T13:49:08.941Z
69ec62448e0da8c83aa21a9f,19,S_SC_Ca_SM_Sa_WF,Snow_SummerClothing_Camels_SunMid_Sandcastle_Fire.webp,7,3,Snow,SummerClothing,Camels,SunMid,Sandcastle,Fire,2026-07-27T13:49:28.641Z
69ec62448e0da8c83aa21a9f,20,S_WC_Pe_SM_Sa_WF,Snow_WinterClothing_Penguins_SunMid_Sandcastle_Fire.webp,5,2,Snow,WinterClothing,Penguins,SunMid,Sandcastle,Fire,2026-07-27T13:49:51.507Z
69ec62448e0da8c83aa21a9f,21,S_SC_Pe_SM_Sn_NF,Snow_SummerClothing_Penguins_SunMid_Snowman_NoFire.webp,5,2,Snow,SummerClothing,Penguins,SunMid,Snowman,NoFire,2026-07-27T13:50:06.107Z
69ec62448e0da8c83aa21a9f,22,NS_WC_Ca_SR_Sn_NF,NoSnow_WinterClothing_Camels_SunRising_Snowman_NoFire.webp,4,2,NoSnow,WinterClothing,Camels,SunRising,Snowman,NoFire,2026-07-27T13:50:22.440Z
69ec62448e0da8c83aa21a9f,23,NS_SC_Ca_SM_Sa_NF,NoSnow_SummerClothing_Camels_SunMid_Sandcastle_NoFire.webp,6,4,NoSnow,SummerClothing,Camels,SunMid,Sandcastle,NoFire,2026-07-27T13:50:35.622Z
69ec62448e0da8c83aa21a9f,24,NS_SC_Ca_SM_Sn_NF,NoSnow_SummerClothing_Camels_SunMid_Snowman_NoFire.webp,6,2,NoSnow,SummerClothing,Camels,SunMid,Snowman,NoFire,2026-07-27T13:50:49.607Z
69ec62448e0da8c83aa21a9f,25,S_SC_Pe_SR_Sn_WF,Snow_SummerClothing_Penguins_SunRising_Snowman_Fire.webp,5,3,Snow,SummerClothing,Penguins,SunRising,Snowman,Fire,2026-07-27T13:51:08.057Z
69ec62448e0da8c83aa21a9f,26,NS_SC_Pe_SM_Sn_NF,NoSnow_SummerClothing_Penguins_SunMid_Snowman_NoFire.webp,6,1,NoSnow,SummerClothing,Penguins,SunMid,Snowman,NoFire,2026-07-27T13:51:27.206Z
69ec62448e0da8c83aa21a9f,27,S_SC_Pe_SR_Sn_NF,Snow_SummerClothing_Penguins_SunRising_Snowman_NoFire.webp,5,2,Snow,SummerClothing,Penguins,SunRising,Snowman,NoFire,2026-07-27T13:51:36.440Z
69ec62448e0da8c83aa21a9f,28,NS_WC_Ca_SR_Sa_WF,NoSnow_WinterClothing_Camels_SunRising_Sandcastle_Fire.webp,7,2,NoSnow,WinterClothing,Camels,SunRising,Sandcastle,Fire,2026-07-27T13:51:53.823Z
69ec62448e0da8c83aa21a9f,29,NS_WC_Pe_SM_Sn_WF,NoSnow_WinterClothing_Penguins_SunMid_Snowman_Fire.webp,6,2,NoSnow,WinterClothing,Penguins,SunMid,Snowman,Fire,2026-07-27T13:52:21.806Z
69ec62448e0da8c83aa21a9f,30,NS_SC_Ca_SR_Sn_NF,NoSnow_SummerClothing_Camels_SunRising_Snowman_NoFire.webp,5,2,NoSnow,SummerClothing,Camels,SunRising,Snowman,NoFire,2026-07-27T13:52:33.373Z
69ec62448e0da8c83aa21a9f,31,NS_SC_Ca_SM_Sa_WF,NoSnow_SummerClothing_Camels_SunMid_Sandcastle_Fire.webp,7,4,NoSnow,SummerClothing,Camels,SunMid,Sandcastle,Fire,2026-07-27T13:52:48.490Z
69ec62448e0da8c83aa21a9f,32,NS_SC_Pe_SR_Sa_NF,NoSnow_SummerClothing_Penguins_SunRising_Sandcastle_NoFire.webp,4,3,NoSnow,SummerClothing,Penguins,SunRising,Sandcastle,NoFire,2026-07-27T13:53:05.589Z
69ec62448e0da8c83aa21a9f,33,S_WC_Ca_SM_Sa_WF,Snow_WinterClothing_Camels_SunMid_Sandcastle_Fire.webp,6,3,Snow,WinterClothing,Camels,SunMid,Sandcastle,Fire,2026-07-27T13:53:25.739Z
69ec62448e0da8c83aa21a9f,34,S_WC_Pe_SR_Sa_WF,Snow_WinterClothing_Penguins_SunRising_Sandcastle_Fire.webp,5,3,Snow,WinterClothing,Penguins,SunRising,Sandcastle,Fire,2026-07-27T13:54:16.989Z
69ec62448e0da8c83aa21a9f,35,NS_WC_Ca_SR_Sa_NF,NoSnow_WinterClothing_Camels_SunRising_Sandcastle_NoFire.webp,6,4,NoSnow,WinterClothing,Camels,SunRising,Sandcastle,NoFire,2026-07-27T13:54:30.389Z
69ec62448e0da8c83aa21a9f,36,S_WC_Ca_SR_Sa_WF,Snow_WinterClothing_Camels_SunRising_Sandcastle_Fire.webp,6,4,Snow,WinterClothing,Camels,SunRising,Sandcastle,Fire,2026-07-27T13:55:04.956Z
69ec62448e0da8c83aa21a9f,37,NS_WC_Pe_SR_Sn_WF,NoSnow_WinterClothing_Penguins_SunRising_Snowman_Fire.webp,2,5,NoSnow,WinterClothing,Penguins,SunRising,Snowman,Fire,2026-07-27T13:55:23.155Z
69ec62448e0da8c83aa21a9f,38,S_SC_Ca_SR_Sn_NF,Snow_SummerClothing_Camels_SunRising_Snowman_NoFire.webp,4,1,Snow,SummerClothing,Camels,SunRising,Snowman,NoFire,2026-07-27T13:55:34.389Z
69ec62448e0da8c83aa21a9f,39,NS_WC_Pe_SR_Sa_WF,NoSnow_WinterClothing_Penguins_SunRising_Sandcastle_Fire.webp,2,2,NoSnow,WinterClothing,Penguins,SunRising,Sandcastle,Fire,2026-07-27T13:57:18.771Z
69ec62448e0da8c83aa21a9f,40,S_SC_Pe_SM_Sn_WF,Snow_SummerClothing_Penguins_SunMid_Snowman_Fire.webp,5,1,Snow,SummerClothing,Penguins,SunMid,Snowman,Fire,2026-07-27T13:57:42.438Z
69ec62448e0da8c83aa21a9f,41,S_WC_Ca_SM_Sn_NF,Snow_WinterClothing_Camels_SunMid_Snowman_NoFire.webp,6,1,Snow,WinterClothing,Camels,SunMid,Snowman,NoFire,2026-07-27T13:58:14.738Z
69ec62448e0da8c83aa21a9f,42,NS_SC_Pe_SR_Sn_WF,NoSnow_SummerClothing_Penguins_SunRising_Snowman_Fire.webp,3,1,NoSnow,SummerClothing,Penguins,SunRising,Snowman,Fire,2026-07-27T13:58:58.371Z
69ec62448e0da8c83aa21a9f,43,NS_SC_Ca_SR_Sa_WF,NoSnow_SummerClothing_Camels_SunRising_Sandcastle_Fire.webp,6,4,NoSnow,SummerClothing,Camels,SunRising,Sandcastle,Fire,2026-07-27T13:59:29.621Z
69ec62448e0da8c83aa21a9f,44,S_WC_Ca_SR_Sn_NF,Snow_WinterClothing_Camels_SunRising_Snowman_NoFire.webp,5,1,Snow,WinterClothing,Camels,SunRising,Snowman,NoFire,2026-07-27T13:59:51.371Z
69ec62448e0da8c83aa21a9f,45,S_SC_Ca_SM_Sn_NF,Snow_SummerClothing_Camels_SunMid_Snowman_NoFire.webp,6,1,Snow,SummerClothing,Camels,SunMid,Snowman,NoFire,2026-07-27T14:00:02.971Z
69ec62448e0da8c83aa21a9f,46,S_WC_Pe_SR_Sa_NF,Snow_WinterClothing_Penguins_SunRising_Sandcastle_NoFire.webp,5,1,Snow,WinterClothing,Penguins,SunRising,Sandcastle,NoFire,2026-07-27T14:00:26.737Z
69ec62448e0da8c83aa21a9f,47,NS_SC_Pe_SM_Sn_WF,NoSnow_SummerClothing_Penguins_SunMid_Snowman_Fire.webp,6,1,NoSnow,SummerClothing,Penguins,SunMid,Snowman,Fire,2026-07-27T14:00:38.337Z
69ec62448e0da8c83aa21a9f,48,NS_SC_Ca_SM_Sn_WF,NoSnow_SummerClothing_Camels_SunMid_Snowman_Fire.webp,6,1,NoSnow,SummerClothing,Camels,SunMid,Snowman,Fire,2026-07-27T14:00:46.403Z
69ec62448e0da8c83aa21a9f,49,S_WC_Ca_SM_Sa_NF,Snow_WinterClothing_Camels_SunMid_Sandcastle_NoFire.webp,6,3,Snow,WinterClothing,Camels,SunMid,Sandcastle,NoFire,2026-07-27T14:01:08.854Z
69ec62448e0da8c83aa21a9f,50,NS_WC_Pe_SM_Sa_NF,NoSnow_WinterClothing_Penguins_SunMid_Sandcastle_NoFire.webp,3,2,NoSnow,WinterClothing,Penguins,SunMid,Sandcastle,NoFire,2026-07-27T14:01:30.169Z
69ec62448e0da8c83aa21a9f,51,NS_WC_Ca_SM_Sn_WF,NoSnow_WinterClothing_Camels_SunMid_Snowman_Fire.webp,6,1,NoSnow,WinterClothing,Camels,SunMid,Snowman,Fire,2026-07-27T14:01:44.153Z
69ec62448e0da8c83aa21a9f,52,NS_SC_Pe_SR_Sn_NF,NoSnow_SummerClothing_Penguins_SunRising_Snowman_NoFire.webp,3,1,NoSnow,SummerClothing,Penguins,SunRising,Snowman,NoFire,2026-07-27T14:01:59.037Z
69ec62448e0da8c83aa21a9f,53,S_WC_Pe_SM_Sn_NF,Snow_WinterClothing_Penguins_SunMid_Snowman_NoFire.webp,2,4,Snow,WinterClothing,Penguins,SunMid,Snowman,NoFire,2026-07-27T14:03:14.703Z
69ec62448e0da8c83aa21a9f,54,NS_SC_Pe_SM_Sa_WF,NoSnow_SummerClothing_Penguins_SunMid_Sandcastle_Fire.webp,6,1,NoSnow,SummerClothing,Penguins,SunMid,Sandcastle,Fire,2026-07-27T14:03:26.186Z
69ec62448e0da8c83aa21a9f,55,NS_WC_Ca_SM_Sn_NF,NoSnow_WinterClothing_Camels_SunMid_Snowman_NoFire.webp,6,1,NoSnow,WinterClothing,Camels,SunMid,Snowman,NoFire,2026-07-27T14:03:48.386Z
69ec62448e0da8c83aa21a9f,56,S_WC_Pe_SM_Sn_WF,Snow_WinterClothing_Penguins_SunMid_Snowman_Fire.webp,3,3,Snow,WinterClothing,Penguins,SunMid,Snowman,Fire,2026-07-27T14:04:04.569Z
69ec62448e0da8c83aa21a9f,57,S_WC_Ca_SR_Sa_NF,Snow_WinterClothing_Camels_SunRising_Sandcastle_NoFire.webp,5,4,Snow,WinterClothing,Camels,SunRising,Sandcastle,NoFire,2026-07-27T14:04:20.769Z
69ec62448e0da8c83aa21a9f,58,NS_WC_Ca_SR_Sn_WF,NoSnow_WinterClothing_Camels_SunRising_Snowman_Fire.webp,4,1,NoSnow,WinterClothing,Camels,SunRising,Snowman,Fire,2026-07-27T14:04:38.369Z
69ec62448e0da8c83aa21a9f,59,S_SC_Ca_SR_Sa_NF,Snow_SummerClothing_Camels_SunRising_Sandcastle_NoFire.webp,5,4,Snow,SummerClothing,Camels,SunRising,Sandcastle,NoFire,2026-07-27T14:04:48.136Z
69ec62448e0da8c83aa21a9f,60,S_WC_Pe_SR_Sn_NF,Snow_WinterClothing_Penguins_SunRising_Snowman_NoFire.webp,2,2,Snow,WinterClothing,Penguins,SunRising,Snowman,NoFire,2026-07-27T14:05:03.669Z
69ec62448e0da8c83aa21a9f,61,S_SC_Ca_SR_Sa_WF,Snow_SummerClothing_Camels_SunRising_Sandcastle_Fire.webp,4,2,Snow,SummerClothing,Camels,SunRising,Sandcastle,Fire,2026-07-27T14:05:27.735Z
69ec62448e0da8c83aa21a9f,62,NS_SC_Pe_SM_Sa_NF,NoSnow_SummerClothing_Penguins_SunMid_Sandcastle_NoFire.webp,6,1,NoSnow,SummerClothing,Penguins,SunMid,Sandcastle,NoFire,2026-07-27T14:05:43.368Z
69ec62448e0da8c83aa21a9f,63,S_SC_Ca_SM_Sa_NF,Snow_SummerClothing_Camels_SunMid_Sandcastle_NoFire.webp,7,4,Snow,SummerClothing,Camels,SunMid,Sandcastle,NoFire,2026-07-27T14:05:58.119Z
571bdaa76b0894001362f780,0,S_SC_Ca_SR_Sn_WF,Snow_SummerClothing_Camels_SunRising_Snowman_Fire.webp,2,1,Snow,SummerClothing,Camels,SunRising,Snowman,Fire,2026-07-27T13:44:38.372Z
571bdaa76b0894001362f780,1,S_SC_Ca_SM_Sa_WF,Snow_SummerClothing_Camels_SunMid_Sandcastle_Fire.webp,6,4,Snow,SummerClothing,Camels,SunMid,Sandcastle,Fire,2026-07-27T13:45:21.388Z
571bdaa76b0894001362f780,2,NS_WC_Pe_SR_Sa_WF,NoSnow_WinterClothing_Penguins_SunRising_Sandcastle_Fire.webp,2,2,NoSnow,WinterClothing,Penguins,SunRising,Sandcastle,Fire,2026-07-27T13:45:51.056Z
571bdaa76b0894001362f780,3,NS_WC_Ca_SM_Sn_NF,NoSnow_WinterClothing_Camels_SunMid_Snowman_NoFire.webp,2,1,NoSnow,WinterClothing,Camels,SunMid,Snowman,NoFire,2026-07-27T13:46:01.398Z
571bdaa76b0894001362f780,4,NS_WC_Pe_SM_Sa_NF,NoSnow_WinterClothing_Penguins_SunMid_Sandcastle_NoFire.webp,2,1,NoSnow,WinterClothing,Penguins,SunMid,Sandcastle,NoFire,2026-07-27T13:46:38.589Z
571bdaa76b0894001362f780,5,NS_SC_Pe_SM_Sa_NF,NoSnow_SummerClothing_Penguins_SunMid_Sandcastle_NoFire.webp,2,1,NoSnow,SummerClothing,Penguins,SunMid,Sandcastle,NoFire,2026-07-27T13:46:57.406Z
571bdaa76b0894001362f780,6,S_SC_Pe_SM_Sa_WF,Snow_SummerClothing_Penguins_SunMid_Sandcastle_Fire.webp,3,1,Snow,SummerClothing,Penguins,SunMid,Sandcastle,Fire,2026-07-27T13:47:06.539Z
571bdaa76b0894001362f780,7,S_WC_Ca_SR_Sn_WF,Snow_WinterClothing_Camels_SunRising_Snowman_Fire.webp,2,1,Snow,WinterClothing,Camels,SunRising,Snowman,Fire,2026-07-27T13:47:38.703Z
571bdaa76b0894001362f780,8,NS_WC_Pe_SM_Sn_WF,NoSnow_WinterClothing_Penguins_SunMid_Snowman_Fire.webp,2,5,NoSnow,WinterClothing,Penguins,SunMid,Snowman,Fire,2026-07-27T13:47:57.395Z
571bdaa76b0894001362f780,9,S_SC_Ca_SR_Sa_NF,Snow_SummerClothing_Camels_SunRising_Sandcastle_NoFire.webp,4,6,Snow,SummerClothing,Camels,SunRising,Sandcastle,NoFire,2026-07-27T13:48:05.250Z
571bdaa76b0894001362f780,10,NS_SC_Ca_SR_Sn_NF,NoSnow_SummerClothing_Camels_SunRising_Snowman_NoFire.webp,4,2,NoSnow,SummerClothing,Camels,SunRising,Snowman,NoFire,2026-07-27T13:48:31.067Z
571bdaa76b0894001362f780,11,S_WC_Ca_SR_Sa_WF,Snow_WinterClothing_Camels_SunRising_Sandcastle_Fire.webp,3,5,Snow,WinterClothing,Camels,SunRising,Sandcastle,Fire,2026-07-27T13:48:45.869Z
571bdaa76b0894001362f780,12,NS_SC_Pe_SR_Sn_NF,NoSnow_SummerClothing_Penguins_SunRising_Snowman_NoFire.webp,2,2,NoSnow,SummerClothing,Penguins,SunRising,Snowman,NoFire,2026-07-27T13:49:45.031Z
571bdaa76b0894001362f780,13,NS_SC_Ca_SR_Sa_NF,NoSnow_SummerClothing_Camels_SunRising_Sandcastle_NoFire.webp,4,7,NoSnow,SummerClothing,Camels,SunRising,Sandcastle,NoFire,2026-07-27T13:49:54.104Z
571bdaa76b0894001362f780,14,NS_SC_Pe_SM_Sn_WF,NoSnow_SummerClothing_Penguins_SunMid_Snowman_Fire.webp,2,2,NoSnow,SummerClothing,Penguins,SunMid,Snowman,Fire,2026-07-27T13:50:56.399Z
571bdaa76b0894001362f780,15,S_SC_Pe_SM_Sa_NF,Snow_SummerClothing_Penguins_SunMid_Sandcastle_NoFire.webp,2,1,Snow,SummerClothing,Penguins,SunMid,Sandcastle,NoFire,2026-07-27T13:51:06.058Z
571bdaa76b0894001362f780,16,NS_SC_Ca_SM_Sn_NF,NoSnow_SummerClothing_Camels_SunMid_Snowman_NoFire.webp,3,1,NoSnow,SummerClothing,Camels,SunMid,Snowman,NoFire,2026-07-27T13:51:24.011Z
571bdaa76b0894001362f780,17,S_WC_Ca_SM_Sa_WF,Snow_WinterClothing_Camels_SunMid_Sandcastle_Fire.webp,4,2,Snow,WinterClothing,Camels,SunMid,Sandcastle,Fire,2026-07-27T13:51:37.194Z
571bdaa76b0894001362f780,18,S_WC_Pe_SR_Sa_NF,Snow_WinterClothing_Penguins_SunRising_Sandcastle_NoFire.webp,2,1,Snow,WinterClothing,Penguins,SunRising,Sandcastle,NoFire,2026-07-27T13:51:46.576Z
571bdaa76b0894001362f780,19,NS_SC_Pe_SR_Sa_WF,NoSnow_SummerClothing_Penguins_SunRising_Sandcastle_Fire.webp,3,2,NoSnow,SummerClothing,Penguins,SunRising,Sandcastle,Fire,2026-07-27T13:51:54.734Z
571bdaa76b0894001362f780,20,S_WC_Ca_SR_Sa_NF,Snow_WinterClothing_Camels_SunRising_Sandcastle_NoFire.webp,3,2,Snow,WinterClothing,Camels,SunRising,Sandcastle,NoFire,2026-07-27T13:52:03.905Z
571bdaa76b0894001362f780,21,NS_SC_Pe_SM_Sn_NF,NoSnow_SummerClothing_Penguins_SunMid_Snowman_NoFire.webp,2,1,NoSnow,SummerClothing,Penguins,SunMid,Snowman,NoFire,2026-07-27T13:52:56.654Z
571bdaa76b0894001362f780,22,NS_SC_Ca_SR_Sa_WF,NoSnow_SummerClothing_Camels_SunRising_Sandcastle_Fire.webp,5,6,NoSnow,SummerClothing,Camels,SunRising,Sandcastle,Fire,2026-07-27T13:53:10.441Z
571bdaa76b0894001362f780,23,NS_SC_Ca_SM_Sa_NF,NoSnow_SummerClothing_Camels_SunMid_Sandcastle_NoFire.webp,4,7,NoSnow,SummerClothing,Camels,SunMid,Sandcastle,NoFire,2026-07-27T13:53:17.412Z
571bdaa76b0894001362f780,24,S_WC_Ca_SR_Sn_NF,Snow_WinterClothing_Camels_SunRising_Snowman_NoFire.webp,2,1,Snow,WinterClothing,Camels,SunRising,Snowman,NoFire,2026-07-27T13:53:26.962Z
571bdaa76b0894001362f780,25,NS_WC_Ca_SM_Sa_NF,NoSnow_WinterClothing_Camels_SunMid_Sandcastle_NoFire.webp,2,2,NoSnow,WinterClothing,Camels,SunMid,Sandcastle,NoFire,2026-07-27T13:53:36.142Z
571bdaa76b0894001362f780,26,NS_SC_Ca_SR_Sn_WF,NoSnow_SummerClothing_Camels_SunRising_Snowman_Fire.webp,4,1,NoSnow,SummerClothing,Camels,SunRising,Snowman,Fire,2026-07-27T13:53:45.547Z
571bdaa76b0894001362f780,27,NS_WC_Ca_SR_Sn_WF,NoSnow_WinterClothing_Camels_SunRising_Snowman_Fire.webp,5,1,NoSnow,WinterClothing,Camels,SunRising,Snowman,Fire,2026-07-27T13:54:41.948Z
571bdaa76b0894001362f780,28,NS_WC_Pe_SR_Sn_WF,NoSnow_WinterClothing_Penguins_SunRising_Snowman_Fire.webp,2,6,NoSnow,WinterClothing,Penguins,SunRising,Snowman,Fire,2026-07-27T13:54:52.951Z
571bdaa76b0894001362f780,29,NS_WC_Pe_SR_Sn_NF,NoSnow_WinterClothing_Penguins_SunRising_Snowman_NoFire.webp,1,7,NoSnow,WinterClothing,Penguins,SunRising,Snowman,NoFire,2026-07-27T13:55:00.165Z
571bdaa76b0894001362f780,30,S_WC_Ca_SM_Sn_NF,Snow_WinterClothing_Camels_SunMid_Snowman_NoFire.webp,2,2,Snow,WinterClothing,Camels,SunMid,Snowman,NoFire,2026-07-27T13:55:08.774Z
571bdaa76b0894001362f780,31,NS_SC_Pe_SR_Sn_WF,NoSnow_SummerClothing_Penguins_SunRising_Snowman_Fire.webp,3,1,NoSnow,SummerClothing,Penguins,SunRising,Snowman,Fire,2026-07-27T13:55:19.207Z
571bdaa76b0894001362f780,32,S_SC_Ca_SR_Sn_NF,Snow_SummerClothing_Camels_SunRising_Snowman_NoFire.webp,4,1,Snow,SummerClothing,Camels,SunRising,Snowman,NoFire,2026-07-27T13:55:26.163Z
571bdaa76b0894001362f780,33,NS_WC_Ca_SM_Sn_WF,NoSnow_WinterClothing_Camels_SunMid_Snowman_Fire.webp,2,1,NoSnow,WinterClothing,Camels,SunMid,Snowman,Fire,2026-07-27T13:55:35.554Z
571bdaa76b0894001362f780,34,S_WC_Pe_SM_Sn_WF,Snow_WinterClothing_Penguins_SunMid_Snowman_Fire.webp,2,7,Snow,WinterClothing,Penguins,SunMid,Snowman,Fire,2026-07-27T13:55:43.657Z
571bdaa76b0894001362f780,35,NS_SC_Pe_SR_Sa_NF,NoSnow_SummerClothing_Penguins_SunRising_Sandcastle_NoFire.webp,3,1,NoSnow,SummerClothing,Penguins,SunRising,Sandcastle,NoFire,2026-07-27T13:56:28.085Z
571bdaa76b0894001362f780,36,S_WC_Pe_SM_Sa_NF,Snow_WinterClothing_Penguins_SunMid_Sandcastle_NoFire.webp,1,5,Snow,WinterClothing,Penguins,SunMid,Sandcastle,NoFire,2026-07-27T13:57:09.785Z
571bdaa76b0894001362f780,37,NS_SC_Ca_SM_Sa_WF,NoSnow_SummerClothing_Camels_SunMid_Sandcastle_Fire.webp,6,7,NoSnow,SummerClothing,Camels,SunMid,Sandcastle,Fire,2026-07-27T13:57:18.249Z
571bdaa76b0894001362f780,38,S_SC_Ca_SM_Sn_WF,Snow_SummerClothing_Camels_SunMid_Snowman_Fire.webp,4,2,Snow,SummerClothing,Camels,SunMid,Snowman,Fire,2026-07-27T13:57:24.711Z
571bdaa76b0894001362f780,39,S_WC_Pe_SR_Sa_WF,Snow_WinterClothing_Penguins_SunRising_Sandcastle_Fire.webp,2,2,Snow,WinterClothing,Penguins,SunRising,Sandcastle,Fire,2026-07-27T13:57:32.996Z
571bdaa76b0894001362f780,40,S_WC_Pe_SR_Sn_WF,Snow_WinterClothing_Penguins_SunRising_Snowman_Fire.webp,2,7,Snow,WinterClothing,Penguins,SunRising,Snowman,Fire,2026-07-27T13:57:39.426Z
571bdaa76b0894001362f780,41,S_SC_Ca_SM_Sa_NF,Snow_SummerClothing_Camels_SunMid_Sandcastle_NoFire.webp,5,7,Snow,SummerClothing,Camels,SunMid,Sandcastle,NoFire,2026-07-27T13:57:46.408Z
571bdaa76b0894001362f780,42,NS_WC_Ca_SR_Sa_WF,NoSnow_WinterClothing_Camels_SunRising_Sandcastle_Fire.webp,5,6,NoSnow,WinterClothing,Camels,SunRising,Sandcastle,Fire,2026-07-27T13:57:56.822Z
571bdaa76b0894001362f780,43,NS_WC_Pe_SM_Sa_WF,NoSnow_WinterClothing_Penguins_SunMid_Sandcastle_Fire.webp,4,3,NoSnow,WinterClothing,Penguins,SunMid,Sandcastle,Fire,2026-07-27T13:59:05.713Z
571bdaa76b0894001362f780,44,S_SC_Pe_SR_Sa_NF,Snow_SummerClothing_Penguins_SunRising_Sandcastle_NoFire.webp,4,2,Snow,SummerClothing,Penguins,SunRising,Sandcastle,NoFire,2026-07-27T13:59:14.889Z
571bdaa76b0894001362f780,45,S_WC_Ca_SM_Sn_WF,Snow_WinterClothing_Camels_SunMid_Snowman_Fire.webp,4,1,Snow,WinterClothing,Camels,SunMid,Snowman,Fire,2026-07-27T13:59:22.361Z
571bdaa76b0894001362f780,46,NS_SC_Pe_SM_Sa_WF,NoSnow_SummerClothing_Penguins_SunMid_Sandcastle_Fire.webp,4,2,NoSnow,SummerClothing,Penguins,SunMid,Sandcastle,Fire,2026-07-27T13:59:29.193Z
571bdaa76b0894001362f780,47,S_WC_Pe_SM_Sa_WF,Snow_WinterClothing_Penguins_SunMid_Sandcastle_Fire.webp,5,2,Snow,WinterClothing,Penguins,SunMid,Sandcastle,Fire,2026-07-27T13:59:35.961Z
571bdaa76b0894001362f780,48,S_SC_Ca_SM_Sn_NF,Snow_SummerClothing_Camels_SunMid_Snowman_NoFire.webp,4,1,Snow,SummerClothing,Camels,SunMid,Snowman,NoFire,2026-07-27T13:59:42.898Z
571bdaa76b0894001362f780,49,NS_WC_Pe_SR_Sa_NF,NoSnow_WinterClothing_Penguins_SunRising_Sandcastle_NoFire.webp,2,2,NoSnow,WinterClothing,Penguins,SunRising,Sandcastle,NoFire,2026-07-27T13:59:53.853Z
571bdaa76b0894001362f780,50,S_SC_Pe_SR_Sn_NF,Snow_SummerClothing_Penguins_SunRising_Snowman_NoFire.webp,3,1,Snow,SummerClothing,Penguins,SunRising,Snowman,NoFire,2026-07-27T14:00:01.935Z
571bdaa76b0894001362f780,51,NS_WC_Ca_SR_Sn_NF,NoSnow_WinterClothing_Camels_SunRising_Snowman_NoFire.webp,4,1,NoSnow,WinterClothing,Camels,SunRising,Snowman,NoFire,2026-07-27T14:00:08.364Z
571bdaa76b0894001362f780,52,S_SC_Ca_SR_Sa_WF,Snow_SummerClothing_Camels_SunRising_Sandcastle_Fire.webp,5,7,Snow,SummerClothing,Camels,SunRising,Sandcastle,Fire,2026-07-27T14:00:20.609Z
571bdaa76b0894001362f780,53,S_SC_Pe_SR_Sn_WF,Snow_SummerClothing_Penguins_SunRising_Snowman_Fire.webp,3,6,Snow,SummerClothing,Penguins,SunRising,Snowman,Fire,2026-07-27T14:00:30.063Z
571bdaa76b0894001362f780,54,S_WC_Ca_SM_Sa_NF,Snow_WinterClothing_Camels_SunMid_Sandcastle_NoFire.webp,4,4,Snow,WinterClothing,Camels,SunMid,Sandcastle,NoFire,2026-07-27T14:00:37.284Z
571bdaa76b0894001362f780,55,S_WC_Pe_SM_Sn_NF,Snow_WinterClothing_Penguins_SunMid_Snowman_NoFire.webp,1,7,Snow,WinterClothing,Penguins,SunMid,Snowman,NoFire,2026-07-27T14:00:44.624Z
571bdaa76b0894001362f780,56,NS_WC_Ca_SM_Sa_WF,NoSnow_WinterClothing_Camels_SunMid_Sandcastle_Fire.webp,5,5,NoSnow,WinterClothing,Camels,SunMid,Sandcastle,Fire,2026-07-27T14:00:59.370Z
571bdaa76b0894001362f780,57,S_SC_Pe_SR_Sa_WF,Snow_SummerClothing_Penguins_SunRising_Sandcastle_Fire.webp,4,1,Snow,SummerClothing,Penguins,SunRising,Sandcastle,Fire,2026-07-27T14:02:06.324Z
571bdaa76b0894001362f780,58,S_SC_Pe_SM_Sn_WF,Snow_SummerClothing_Penguins_SunMid_Snowman_Fire.webp,4,1,Snow,SummerClothing,Penguins,SunMid,Snowman,Fire,2026-07-27T14:02:24.564Z
571bdaa76b0894001362f780,59,S_SC_Pe_SM_Sn_NF,Snow_SummerClothing_Penguins_SunMid_Snowman_NoFire.webp,3,3,Snow,SummerClothing,Penguins,SunMid,Snowman,NoFire,2026-07-27T14:02:37.375Z
571bdaa76b0894001362f780,60,NS_SC_Ca_SM_Sn_WF,NoSnow_SummerClothing_Camels_SunMid_Snowman_Fire.webp,4,1,NoSnow,SummerClothing,Camels,SunMid,Snowman,Fire,2026-07-27T14:02:44.835Z
571bdaa76b0894001362f780,61,S_WC_Pe_SR_Sn_NF,Snow_WinterClothing_Penguins_SunRising_Snowman_NoFire.webp,1,7,Snow,WinterClothing,Penguins,SunRising,Snowman,NoFire,2026-07-27T14:02:52.373Z
571bdaa76b0894001362f780,62,NS_WC_Ca_SR_Sa_NF,NoSnow_WinterClothing_Camels_SunRising_Sandcastle_NoFire.webp,5,6,NoSnow,WinterClothing,Camels,SunRising,Sandcastle,NoFire,2026-07-27T14:03:04.100Z
571bdaa76b0894001362f780,63,NS_WC_Pe_SM_Sn_NF,NoSnow_WinterClothing_Penguins_SunMid_Snowman_NoFire.webp,2,7,NoSnow,WinterClothing,Penguins,SunMid,Snowman,NoFire,2026-07-27T14:03:11.638Z
6a00cd666b9feadbf1eafafe,0,S_SC_Pe_SR_Sn_WF,Snow_SummerClothing_Penguins_SunRising_Snowman_Fire.webp,2,1,Snow,SummerClothing,Penguins,SunRising,Snowman,Fire,2026-07-27T13:47:52.716Z
6a00cd666b9feadbf1eafafe,1,NS_WC_Ca_SR_Sn_NF,NoSnow_WinterClothing_Camels_SunRising_Snowman_NoFire.webp,1,1,NoSnow,WinterClothing,Camels,SunRising,Snowman,NoFire,2026-07-27T13:48:05.149Z
6a00cd666b9feadbf1eafafe,2,S_SC_Ca_SM_Sa_WF,Snow_SummerClothing_Camels_SunMid_Sandcastle_Fire.webp,5,3,Snow,SummerClothing,Camels,SunMid,Sandcastle,Fire,2026-07-27T13:48:21.949Z
6a00cd666b9feadbf1eafafe,3,NS_WC_Pe_SM_Sn_NF,NoSnow_WinterClothing_Penguins_SunMid_Snowman_NoFire.webp,2,2,NoSnow,WinterClothing,Penguins,SunMid,Snowman,NoFire,2026-07-27T13:48:31.949Z
6a00cd666b9feadbf1eafafe,4,NS_WC_Pe_SR_Sa_WF,NoSnow_WinterClothing_Penguins_SunRising_Sandcastle_Fire.webp,2,2,NoSnow,WinterClothing,Penguins,SunRising,Sandcastle,Fire,2026-07-27T13:48:39.849Z
6a00cd666b9feadbf1eafafe,5,S_WC_Pe_SM_Sn_NF,Snow_WinterClothing_Penguins_SunMid_Snowman_NoFire.webp,1,2,Snow,WinterClothing,Penguins,SunMid,Snowman,NoFire,2026-07-27T13:48:47.016Z
6a00cd666b9feadbf1eafafe,6,NS_SC_Pe_SM_Sn_WF,NoSnow_SummerClothing_Penguins_SunMid_Snowman_Fire.webp,2,1,NoSnow,SummerClothing,Penguins,SunMid,Snowman,Fire,2026-07-27T13:48:58.149Z
6a00cd666b9feadbf1eafafe,7,NS_SC_Pe_SR_Sn_NF,NoSnow_SummerClothing_Penguins_SunRising_Snowman_NoFire.webp,2,2,NoSnow,SummerClothing,Penguins,SunRising,Snowman,NoFire,2026-07-27T13:49:12.115Z
6a00cd666b9feadbf1eafafe,8,NS_SC_Pe_SM_Sn_NF,NoSnow_SummerClothing_Penguins_SunMid_Snowman_NoFire.webp,2,2,NoSnow,SummerClothing,Penguins,SunMid,Snowman,NoFire,2026-07-27T13:49:19.215Z
6a00cd666b9feadbf1eafafe,9,NS_SC_Ca_SM_Sa_NF,NoSnow_SummerClothing_Camels_SunMid_Sandcastle_NoFire.webp,5,3,NoSnow,SummerClothing,Camels,SunMid,Sandcastle,NoFire,2026-07-27T13:49:35.415Z
6a00cd666b9feadbf1eafafe,10,NS_SC_Ca_SR_Sa_WF,NoSnow_SummerClothing_Camels_SunRising_Sandcastle_Fire.webp,5,3,NoSnow,SummerClothing,Camels,SunRising,Sandcastle,Fire,2026-07-27T13:49:49.882Z
6a00cd666b9feadbf1eafafe,11,NS_SC_Ca_SM_Sn_WF,NoSnow_SummerClothing_Camels_SunMid_Snowman_Fire.webp,2,2,NoSnow,SummerClothing,Camels,SunMid,Snowman,Fire,2026-07-27T13:49:58.432Z
6a00cd666b9feadbf1eafafe,12,NS_WC_Pe_SM_Sa_NF,NoSnow_WinterClothing_Penguins_SunMid_Sandcastle_NoFire.webp,2,2,NoSnow,WinterClothing,Penguins,SunMid,Sandcastle,NoFire,2026-07-27T13:50:24.783Z
6a00cd666b9feadbf1eafafe,13,S_SC_Ca_SR_Sa_NF,Snow_SummerClothing_Camels_SunRising_Sandcastle_NoFire.webp,2,1,Snow,SummerClothing,Camels,SunRising,Sandcastle,NoFire,2026-07-27T13:50:34.966Z
6a00cd666b9feadbf1eafafe,14,S_WC_Ca_SR_Sa_NF,Snow_WinterClothing_Camels_SunRising_Sandcastle_NoFire.webp,2,1,Snow,WinterClothing,Camels,SunRising,Sandcastle,NoFire,2026-07-27T13:50:42.399Z
6a00cd666b9feadbf1eafafe,15,NS_SC_Ca_SM_Sa_WF,NoSnow_SummerClothing_Camels_SunMid_Sandcastle_Fire.webp,6,4,NoSnow,SummerClothing,Camels,SunMid,Sandcastle,Fire,2026-07-27T13:50:53.716Z
6a00cd666b9feadbf1eafafe,16,NS_SC_Pe_SR_Sa_WF,NoSnow_SummerClothing_Penguins_SunRising_Sandcastle_Fire.webp,3,2,NoSnow,SummerClothing,Penguins,SunRising,Sandcastle,Fire,2026-07-27T13:51:09.399Z
6a00cd666b9feadbf1eafafe,17,NS_SC_Pe_SR_Sn_WF,NoSnow_SummerClothing_Penguins_SunRising_Snowman_Fire.webp,2,1,NoSnow,SummerClothing,Penguins,SunRising,Snowman,Fire,2026-07-27T13:51:23.149Z
6a00cd666b9feadbf1eafafe,18,NS_WC_Ca_SR_Sa_WF,NoSnow_WinterClothing_Camels_SunRising_Sandcastle_Fire.webp,4,3,NoSnow,WinterClothing,Camels,SunRising,Sandcastle,Fire,2026-07-27T13:51:35.599Z
6a00cd666b9feadbf1eafafe,19,NS_WC_Ca_SM_Sn_WF,NoSnow_WinterClothing_Camels_SunMid_Snowman_Fire.webp,2,1,NoSnow,WinterClothing,Camels,SunMid,Snowman,Fire,2026-07-27T13:51:48.899Z
6a00cd666b9feadbf1eafafe,20,S_SC_Pe_SR_Sa_NF,Snow_SummerClothing_Penguins_SunRising_Sandcastle_NoFire.webp,1,2,Snow,SummerClothing,Penguins,SunRising,Sandcastle,NoFire,2026-07-27T13:51:59.699Z
6a00cd666b9feadbf1eafafe,21,NS_SC_Pe_SM_Sa_NF,NoSnow_SummerClothing_Penguins_SunMid_Sandcastle_NoFire.webp,2,2,NoSnow,SummerClothing,Penguins,SunMid,Sandcastle,NoFire,2026-07-27T13:52:09.333Z
6a00cd666b9feadbf1eafafe,22,S_WC_Ca_SR_Sn_NF,Snow_WinterClothing_Camels_SunRising_Snowman_NoFire.webp,1,2,Snow,WinterClothing,Camels,SunRising,Snowman,NoFire,2026-07-27T13:52:15.899Z
6a00cd666b9feadbf1eafafe,23,S_WC_Ca_SM_Sn_NF,Snow_WinterClothing_Camels_SunMid_Snowman_NoFire.webp,1,2,Snow,WinterClothing,Camels,SunMid,Snowman,NoFire,2026-07-27T13:52:23.766Z
6a00cd666b9feadbf1eafafe,24,S_SC_Pe_SM_Sa_WF,Snow_SummerClothing_Penguins_SunMid_Sandcastle_Fire.webp,2,2,Snow,SummerClothing,Penguins,SunMid,Sandcastle,Fire,2026-07-27T13:52:31.666Z
6a00cd666b9feadbf1eafafe,25,S_SC_Ca_SR_Sn_WF,Snow_SummerClothing_Camels_SunRising_Snowman_Fire.webp,2,1,Snow,SummerClothing,Camels,SunRising,Snowman,Fire,2026-07-27T13:52:41.017Z
6a00cd666b9feadbf1eafafe,26,S_SC_Ca_SR_Sn_NF,Snow_SummerClothing_Camels_SunRising_Snowman_NoFire.webp,1,2,Snow,SummerClothing,Camels,SunRising,Snowman,NoFire,2026-07-27T13:52:48.732Z
6a00cd666b9feadbf1eafafe,27,S_SC_Ca_SM_Sn_WF,Snow_SummerClothing_Camels_SunMid_Snowman_Fire.webp,2,1,Snow,SummerClothing,Camels,SunMid,Snowman,Fire,2026-07-27T13:52:55.983Z
6a00cd666b9feadbf1eafafe,28,S_SC_Pe_SM_Sa_NF,Snow_SummerClothing_Penguins_SunMid_Sandcastle_NoFire.webp,1,2,Snow,SummerClothing,Penguins,SunMid,Sandcastle,NoFire,2026-07-27T13:53:05.383Z
6a00cd666b9feadbf1eafafe,29,S_WC_Ca_SM_Sn_WF,Snow_WinterClothing_Camels_SunMid_Snowman_Fire.webp,2,1,Snow,WinterClothing,Camels,SunMid,Snowman,Fire,2026-07-27T13:53:13.066Z
6a00cd666b9feadbf1eafafe,30,S_SC_Ca_SM_Sn_NF,Snow_SummerClothing_Camels_SunMid_Snowman_NoFire.webp,1,2,Snow,SummerClothing,Camels,SunMid,Snowman,NoFire,2026-07-27T13:53:24.983Z
6a00cd666b9feadbf1eafafe,31,NS_SC_Ca_SM_Sn_NF,NoSnow_SummerClothing_Camels_SunMid_Snowman_NoFire.webp,3,3,NoSnow,SummerClothing,Camels,SunMid,Snowman,NoFire,2026-07-27T13:53:42.999Z
6a00cd666b9feadbf1eafafe,32,S_WC_Ca_SR_Sn_WF,Snow_WinterClothing_Camels_SunRising_Snowman_Fire.webp,1,1,Snow,WinterClothing,Camels,SunRising,Snowman,Fire,2026-07-27T13:53:50.849Z
6a00cd666b9feadbf1eafafe,33,NS_WC_Pe_SM_Sn_WF,NoSnow_WinterClothing_Penguins_SunMid_Snowman_Fire.webp,2,1,NoSnow,WinterClothing,Penguins,SunMid,Snowman,Fire,2026-07-27T13:54:02.383Z
6a00cd666b9feadbf1eafafe,34,S_SC_Pe_SR_Sn_NF,Snow_SummerClothing_Penguins_SunRising_Snowman_NoFire.webp,1,2,Snow,SummerClothing,Penguins,SunRising,Snowman,NoFire,2026-07-27T13:54:11.333Z
6a00cd666b9feadbf1eafafe,35,S_WC_Pe_SR_Sa_WF,Snow_WinterClothing_Penguins_SunRising_Sandcastle_Fire.webp,1,3,Snow,WinterClothing,Penguins,SunRising,Sandcastle,Fire,2026-07-27T13:54:32.367Z
6a00cd666b9feadbf1eafafe,36,NS_WC_Ca_SR_Sa_NF,NoSnow_WinterClothing_Camels_SunRising_Sandcastle_NoFire.webp,3,5,NoSnow,WinterClothing,Camels,SunRising,Sandcastle,NoFire,2026-07-27T13:54:53.083Z
6a00cd666b9feadbf1eafafe,37,NS_WC_Pe_SR_Sa_NF,NoSnow_WinterClothing_Penguins_SunRising_Sandcastle_NoFire.webp,3,3,NoSnow,WinterClothing,Penguins,SunRising,Sandcastle,NoFire,2026-07-27T13:55:06.067Z
6a00cd666b9feadbf1eafafe,38,NS_WC_Ca_SM_Sn_NF,NoSnow_WinterClothing_Camels_SunMid_Snowman_NoFire.webp,2,2,NoSnow,WinterClothing,Camels,SunMid,Snowman,NoFire,2026-07-27T13:55:14.750Z
6a00cd666b9feadbf1eafafe,39,NS_WC_Ca_SM_Sa_NF,NoSnow_WinterClothing_Camels_SunMid_Sandcastle_NoFire.webp,2,5,NoSnow,WinterClothing,Camels,SunMid,Sandcastle,NoFire,2026-07-27T13:55:28.184Z
6a00cd666b9feadbf1eafafe,40,S_SC_Pe_SM_Sn_WF,Snow_SummerClothing_Penguins_SunMid_Snowman_Fire.webp,1,2,Snow,SummerClothing,Penguins,SunMid,Snowman,Fire,2026-07-27T13:55:37.683Z
6a00cd666b9feadbf1eafafe,41,S_WC_Pe_SR_Sa_NF,Snow_WinterClothing_Penguins_SunRising_Sandcastle_NoFire.webp,1,2,Snow,WinterClothing,Penguins,SunRising,Sandcastle,NoFire,2026-07-27T13:55:49.833Z
6a00cd666b9feadbf1eafafe,42,S_WC_Pe_SR_Sn_NF,Snow_WinterClothing_Penguins_SunRising_Snowman_NoFire.webp,1,2,Snow,WinterClothing,Penguins,SunRising,Snowman,NoFire,2026-07-27T13:55:59.750Z
6a00cd666b9feadbf1eafafe,43,S_WC_Pe_SM_Sa_NF,Snow_WinterClothing_Penguins_SunMid_Sandcastle_NoFire.webp,1,3,Snow,WinterClothing,Penguins,SunMid,Sandcastle,NoFire,2026-07-27T13:56:11.883Z
6a00cd666b9feadbf1eafafe,44,NS_SC_Pe_SM_Sa_WF,NoSnow_SummerClothing_Penguins_SunMid_Sandcastle_Fire.webp,3,2,NoSnow,SummerClothing,Penguins,SunMid,Sandcastle,Fire,2026-07-27T13:56:21.333Z
6a00cd666b9feadbf1eafafe,45,S_WC_Ca_SM_Sa_WF,Snow_WinterClothing_Camels_SunMid_Sandcastle_Fire.webp,2,3,Snow,WinterClothing,Camels,SunMid,Sandcastle,Fire,2026-07-27T13:56:33.217Z
6a00cd666b9feadbf1eafafe,46,S_SC_Ca_SR_Sa_WF,Snow_SummerClothing_Camels_SunRising_Sandcastle_Fire.webp,2,2,Snow,SummerClothing,Camels,SunRising,Sandcastle,Fire,2026-07-27T13:56:45.067Z
6a00cd666b9feadbf1eafafe,47,NS_WC_Pe_SM_Sa_WF,NoSnow_WinterClothing_Penguins_SunMid_Sandcastle_Fire.webp,3,2,NoSnow,WinterClothing,Penguins,SunMid,Sandcastle,Fire,2026-07-27T13:56:57.267Z
6a00cd666b9feadbf1eafafe,48,S_WC_Pe_SM_Sa_WF,Snow_WinterClothing_Penguins_SunMid_Sandcastle_Fire.webp,2,3,Snow,WinterClothing,Penguins,SunMid,Sandcastle,Fire,2026-07-27T13:57:06.367Z
6a00cd666b9feadbf1eafafe,49,S_WC_Ca_SR_Sa_WF,Snow_WinterClothing_Camels_SunRising_Sandcastle_Fire.webp,2,5,Snow,WinterClothing,Camels,SunRising,Sandcastle,Fire,2026-07-27T13:57:14.200Z
6a00cd666b9feadbf1eafafe,50,S_SC_Pe_SR_Sa_WF,Snow_SummerClothing_Penguins_SunRising_Sandcastle_Fire.webp,2,3,Snow,SummerClothing,Penguins,SunRising,Sandcastle,Fire,2026-07-27T13:57:24.251Z
6a00cd666b9feadbf1eafafe,51,NS_WC_Ca_SR_Sn_WF,NoSnow_WinterClothing_Camels_SunRising_Snowman_Fire.webp,2,1,NoSnow,WinterClothing,Camels,SunRising,Snowman,Fire,2026-07-27T13:57:35.199Z
6a00cd666b9feadbf1eafafe,52,S_WC_Ca_SM_Sa_NF,Snow_WinterClothing_Camels_SunMid_Sandcastle_NoFire.webp,1,3,Snow,WinterClothing,Camels,SunMid,Sandcastle,NoFire,2026-07-27T13:57:42.801Z
6a00cd666b9feadbf1eafafe,53,NS_SC_Ca_SR_Sn_WF,NoSnow_SummerClothing_Camels_SunRising_Snowman_Fire.webp,4,2,NoSnow,SummerClothing,Camels,SunRising,Snowman,Fire,2026-07-27T13:57:50.434Z
6a00cd666b9feadbf1eafafe,54,NS_SC_Ca_SR_Sn_NF,NoSnow_SummerClothing_Camels_SunRising_Snowman_NoFire.webp,4,3,NoSnow,SummerClothing,Camels,SunRising,Snowman,NoFire,2026-07-27T13:58:03.050Z
6a00cd666b9feadbf1eafafe,55,S_WC_Pe_SR_Sn_WF,Snow_WinterClothing_Penguins_SunRising_Snowman_Fire.webp,2,2,Snow,WinterClothing,Penguins,SunRising,Snowman,Fire,2026-07-27T13:58:11.834Z
6a00cd666b9feadbf1eafafe,56,NS_WC_Pe_SR_Sn_WF,NoSnow_WinterClothing_Penguins_SunRising_Snowman_Fire.webp,3,2,NoSnow,WinterClothing,Penguins,SunRising,Snowman,Fire,2026-07-27T13:58:19.884Z
6a00cd666b9feadbf1eafafe,57,NS_SC_Ca_SR_Sa_NF,NoSnow_SummerClothing_Camels_SunRising_Sandcastle_NoFire.webp,4,5,NoSnow,SummerClothing,Camels,SunRising,Sandcastle,NoFire,2026-07-27T13:58:29.500Z
6a00cd666b9feadbf1eafafe,58,S_SC_Pe_SM_Sn_NF,Snow_SummerClothing_Penguins_SunMid_Snowman_NoFire.webp,1,4,Snow,SummerClothing,Penguins,SunMid,Snowman,NoFire,2026-07-27T13:58:39.867Z
6a00cd666b9feadbf1eafafe,59,NS_SC_Pe_SR_Sa_NF,NoSnow_SummerClothing_Penguins_SunRising_Sandcastle_NoFire.webp,3,2,NoSnow,SummerClothing,Penguins,SunRising,Sandcastle,NoFire,2026-07-27T13:58:49.483Z
6a00cd666b9feadbf1eafafe,60,S_SC_Ca_SM_Sa_NF,Snow_SummerClothing_Camels_SunMid_Sandcastle_NoFire.webp,2,2,Snow,SummerClothing,Camels,SunMid,Sandcastle,NoFire,2026-07-27T13:58:57.584Z
6a00cd666b9feadbf1eafafe,61,S_WC_Pe_SM_Sn_WF,Snow_WinterClothing_Penguins_SunMid_Snowman_Fire.webp,2,1,Snow,WinterClothing,Penguins,SunMid,Snowman,Fire,2026-07-27T13:59:05.567Z
6a00cd666b9feadbf1eafafe,62,NS_WC_Ca_SM_Sa_WF,NoSnow_WinterClothing_Camels_SunMid_Sandcastle_Fire.webp,4,6,NoSnow,WinterClothing,Camels,SunMid,Sandcastle,Fire,2026-07-27T13:59:26.201Z
6a00cd666b9feadbf1eafafe,63,NS_WC_Pe_SR_Sn_NF,NoSnow_WinterClothing_Penguins_SunRising_Snowman_NoFire.webp,2,3,NoSnow,WinterClothing,Penguins,SunRising,Snowman,NoFire,2026-07-27T13:59:38.851Z
67421394562c1e7b3b1a4052,0,S_SC_Pe_SR_Sn_NF,Snow_SummerClothing_Penguins_SunRising_Snowman_NoFire.webp,2,1,Snow,SummerClothing,Penguins,SunRising,Snowman,NoFire,2026-07-27T13:45:45.176Z
67421394562c1e7b3b1a4052,1,S_WC_Ca_SM_Sn_WF,Snow_WinterClothing_Camels_SunMid_Snowman_Fire.webp,3,1,Snow,WinterClothing,Camels,SunMid,Snowman,Fire,2026-07-27T13:46:26.852Z
67421394562c1e7b3b1a4052,2,NS_WC_Ca_SM_Sn_NF,NoSnow_WinterClothing_Camels_SunMid_Snowman_NoFire.webp,3,3,NoSnow,WinterClothing,Camels,SunMid,Snowman,NoFire,2026-07-27T13:46:45.363Z
67421394562c1e7b3b1a4052,3,S_SC_Ca_SM_Sa_NF,Snow_SummerClothing_Camels_SunMid_Sandcastle_NoFire.webp,5,6,Snow,SummerClothing,Camels,SunMid,Sandcastle,NoFire,2026-07-27T13:47:09.011Z
67421394562c1e7b3b1a4052,4,NS_WC_Pe_SR_Sa_WF,NoSnow_WinterClothing_Penguins_SunRising_Sandcastle_Fire.webp,6,3,NoSnow,WinterClothing,Penguins,SunRising,Sandcastle,Fire,2026-07-27T13:47:24.528Z
67421394562c1e7b3b1a4052,5,S_WC_Ca_SR_Sa_WF,Snow_WinterClothing_Camels_SunRising_Sandcastle_Fire.webp,6,5,Snow,WinterClothing,Camels,SunRising,Sandcastle,Fire,2026-07-27T13:47:37.065Z
67421394562c1e7b3b1a4052,6,NS_WC_Ca_SM_Sa_NF,NoSnow_WinterClothing_Camels_SunMid_Sandcastle_NoFire.webp,6,6,NoSnow,WinterClothing,Camels,SunMid,Sandcastle,NoFire,2026-07-27T13:47:45.997Z
67421394562c1e7b3b1a4052,7,S_SC_Ca_SR_Sn_NF,Snow_SummerClothing_Camels_SunRising_Snowman_NoFire.webp,5,4,Snow,SummerClothing,Camels,SunRising,Snowman,NoFire,2026-07-27T13:48:08.418Z
67421394562c1e7b3b1a4052,8,NS_SC_Ca_SR_Sn_WF,NoSnow_SummerClothing_Camels_SunRising_Snowman_Fire.webp,5,4,NoSnow,SummerClothing,Camels,SunRising,Snowman,Fire,2026-07-27T13:48:26.262Z
67421394562c1e7b3b1a4052,9,NS_SC_Pe_SM_Sn_WF,NoSnow_SummerClothing_Penguins_SunMid_Snowman_Fire.webp,5,2,NoSnow,SummerClothing,Penguins,SunMid,Snowman,Fire,2026-07-27T13:48:38.502Z
67421394562c1e7b3b1a4052,10,S_WC_Ca_SM_Sa_WF,Snow_WinterClothing_Camels_SunMid_Sandcastle_Fire.webp,5,7,Snow,WinterClothing,Camels,SunMid,Sandcastle,Fire,2026-07-27T13:48:50.669Z
67421394562c1e7b3b1a4052,11,NS_WC_Pe_SM_Sn_WF,NoSnow_WinterClothing_Penguins_SunMid_Snowman_Fire.webp,3,6,NoSnow,WinterClothing,Penguins,SunMid,Snowman,Fire,2026-07-27T13:49:18.873Z
67421394562c1e7b3b1a4052,12,NS_WC_Ca_SR_Sa_WF,NoSnow_WinterClothing_Camels_SunRising_Sandcastle_Fire.webp,3,5,NoSnow,WinterClothing,Camels,SunRising,Sandcastle,Fire,2026-07-27T13:49:37.535Z
67421394562c1e7b3b1a4052,13,NS_WC_Ca_SM_Sa_WF,NoSnow_WinterClothing_Camels_SunMid_Sandcastle_Fire.webp,3,6,NoSnow,WinterClothing,Camels,SunMid,Sandcastle,Fire,2026-07-27T13:50:07.672Z
67421394562c1e7b3b1a4052,14,NS_SC_Pe_SM_Sn_NF,NoSnow_SummerClothing_Penguins_SunMid_Snowman_NoFire.webp,2,3,NoSnow,SummerClothing,Penguins,SunMid,Snowman,NoFire,2026-07-27T13:50:44.709Z
67421394562c1e7b3b1a4052,15,NS_WC_Pe_SR_Sn_WF,NoSnow_WinterClothing_Penguins_SunRising_Snowman_Fire.webp,2,6,NoSnow,WinterClothing,Penguins,SunRising,Snowman,Fire,2026-07-27T13:51:10.451Z
67421394562c1e7b3b1a4052,16,S_WC_Pe_SR_Sa_NF,Snow_WinterClothing_Penguins_SunRising_Sandcastle_NoFire.webp,3,2,Snow,WinterClothing,Penguins,SunRising,Sandcastle,NoFire,2026-07-27T13:51:27.081Z
67421394562c1e7b3b1a4052,17,NS_SC_Pe_SR_Sn_WF,NoSnow_SummerClothing_Penguins_SunRising_Snowman_Fire.webp,6,2,NoSnow,SummerClothing,Penguins,SunRising,Snowman,Fire,2026-07-27T13:51:40.437Z
67421394562c1e7b3b1a4052,18,NS_SC_Pe_SR_Sn_NF,NoSnow_SummerClothing_Penguins_SunRising_Snowman_NoFire.webp,5,3,NoSnow,SummerClothing,Penguins,SunRising,Snowman,NoFire,2026-07-27T13:51:58.182Z
67421394562c1e7b3b1a4052,19,NS_SC_Pe_SR_Sa_WF,NoSnow_SummerClothing_Penguins_SunRising_Sandcastle_Fire.webp,6,1,NoSnow,SummerClothing,Penguins,SunRising,Sandcastle,Fire,2026-07-27T13:52:08.995Z
67421394562c1e7b3b1a4052,20,S_SC_Pe_SM_Sa_WF,Snow_SummerClothing_Penguins_SunMid_Sandcastle_Fire.webp,2,1,Snow,SummerClothing,Penguins,SunMid,Sandcastle,Fire,2026-07-27T13:52:35.610Z
67421394562c1e7b3b1a4052,21,S_WC_Pe_SM_Sn_WF,Snow_WinterClothing_Penguins_SunMid_Snowman_Fire.webp,1,7,Snow,WinterClothing,Penguins,SunMid,Snowman,Fire,2026-07-27T13:52:54.047Z
67421394562c1e7b3b1a4052,22,S_WC_Pe_SR_Sn_WF,Snow_WinterClothing_Penguins_SunRising_Snowman_Fire.webp,1,7,Snow,WinterClothing,Penguins,SunRising,Snowman,Fire,2026-07-27T13:53:16.142Z
67421394562c1e7b3b1a4052,23,S_SC_Ca_SM_Sn_WF,Snow_SummerClothing_Camels_SunMid_Snowman_Fire.webp,6,3,Snow,SummerClothing,Camels,SunMid,Snowman,Fire,2026-07-27T13:53:30.596Z
67421394562c1e7b3b1a4052,24,S_WC_Ca_SR_Sn_WF,Snow_WinterClothing_Camels_SunRising_Snowman_Fire.webp,2,2,Snow,WinterClothing,Camels,SunRising,Snowman,Fire,2026-07-27T13:53:58.060Z
67421394562c1e7b3b1a4052,25,S_WC_Pe_SR_Sn_NF,Snow_WinterClothing_Penguins_SunRising_Snowman_NoFire.webp,1,7,Snow,WinterClothing,Penguins,SunRising,Snowman,NoFire,2026-07-27T13:54:12.389Z
67421394562c1e7b3b1a4052,26,S_SC_Pe_SM_Sn_WF,Snow_SummerClothing_Penguins_SunMid_Snowman_Fire.webp,1,5,Snow,SummerClothing,Penguins,SunMid,Snowman,Fire,2026-07-27T13:54:26.147Z
67421394562c1e7b3b1a4052,27,NS_SC_Pe_SR_Sa_NF,NoSnow_SummerClothing_Penguins_SunRising_Sandcastle_NoFire.webp,7,3,NoSnow,SummerClothing,Penguins,SunRising,Sandcastle,NoFire,2026-07-27T13:54:36.743Z
67421394562c1e7b3b1a4052,28,S_SC_Ca_SM_Sn_NF,Snow_SummerClothing_Camels_SunMid_Snowman_NoFire.webp,5,2,Snow,SummerClothing,Camels,SunMid,Snowman,NoFire,2026-07-27T13:54:50.898Z
67421394562c1e7b3b1a4052,29,S_SC_Ca_SR_Sn_WF,Snow_SummerClothing_Camels_SunRising_Snowman_Fire.webp,3,2,Snow,SummerClothing,Camels,SunRising,Snowman,Fire,2026-07-27T13:55:04.808Z
67421394562c1e7b3b1a4052,30,S_SC_Pe_SR_Sa_NF,Snow_SummerClothing_Penguins_SunRising_Sandcastle_NoFire.webp,2,2,Snow,SummerClothing,Penguins,SunRising,Sandcastle,NoFire,2026-07-27T13:55:22.824Z
67421394562c1e7b3b1a4052,31,NS_WC_Pe_SM_Sa_NF,NoSnow_WinterClothing_Penguins_SunMid_Sandcastle_NoFire.webp,6,2,NoSnow,WinterClothing,Penguins,SunMid,Sandcastle,NoFire,2026-07-27T13:55:37.026Z
67421394562c1e7b3b1a4052,32,S_SC_Pe_SM_Sn_NF,Snow_SummerClothing_Penguins_SunMid_Snowman_NoFire.webp,1,2,Snow,SummerClothing,Penguins,SunMid,Snowman,NoFire,2026-07-27T13:55:51.792Z
67421394562c1e7b3b1a4052,33,S_WC_Ca_SR_Sn_NF,Snow_WinterClothing_Camels_SunRising_Snowman_NoFire.webp,2,3,Snow,WinterClothing,Camels,SunRising,Snowman,NoFire,2026-07-27T13:56:08.594Z
67421394562c1e7b3b1a4052,34,NS_WC_Ca_SR_Sa_NF,NoSnow_WinterClothing_Camels_SunRising_Sandcastle_NoFire.webp,7,6,NoSnow,WinterClothing,Camels,SunRising,Sandcastle,NoFire,2026-07-27T13:56:21.552Z
67421394562c1e7b3b1a4052,35,NS_SC_Pe_SM_Sa_NF,NoSnow_SummerClothing_Penguins_SunMid_Sandcastle_NoFire.webp,7,3,NoSnow,SummerClothing,Penguins,SunMid,Sandcastle,NoFire,2026-07-27T13:56:37.925Z
67421394562c1e7b3b1a4052,36,S_WC_Ca_SM_Sa_NF,Snow_WinterClothing_Camels_SunMid_Sandcastle_NoFire.webp,2,2,Snow,WinterClothing,Camels,SunMid,Sandcastle,NoFire,2026-07-27T13:56:52.102Z
67421394562c1e7b3b1a4052,37,NS_WC_Pe_SR_Sn_NF,NoSnow_WinterClothing_Penguins_SunRising_Snowman_NoFire.webp,3,3,NoSnow,WinterClothing,Penguins,SunRising,Snowman,NoFire,2026-07-27T13:57:09.729Z
67421394562c1e7b3b1a4052,38,S_WC_Pe_SM_Sn_NF,Snow_WinterClothing_Penguins_SunMid_Snowman_NoFire.webp,2,7,Snow,WinterClothing,Penguins,SunMid,Snowman,NoFire,2026-07-27T13:57:23.650Z
67421394562c1e7b3b1a4052,39,NS_WC_Pe_SM_Sn_NF,NoSnow_WinterClothing_Penguins_SunMid_Snowman_NoFire.webp,3,3,NoSnow,WinterClothing,Penguins,SunMid,Snowman,NoFire,2026-07-27T13:57:39.664Z
67421394562c1e7b3b1a4052,40,S_SC_Ca_SR_Sa_NF,Snow_SummerClothing_Camels_SunRising_Sandcastle_NoFire.webp,5,3,Snow,SummerClothing,Camels,SunRising,Sandcastle,NoFire,2026-07-27T13:58:04.853Z
67421394562c1e7b3b1a4052,41,S_WC_Ca_SR_Sa_NF,Snow_WinterClothing_Camels_SunRising_Sandcastle_NoFire.webp,3,2,Snow,WinterClothing,Camels,SunRising,Sandcastle,NoFire,2026-07-27T13:58:18.252Z
67421394562c1e7b3b1a4052,42,NS_SC_Ca_SM_Sn_WF,NoSnow_SummerClothing_Camels_SunMid_Snowman_Fire.webp,7,5,NoSnow,SummerClothing,Camels,SunMid,Snowman,Fire,2026-07-27T13:58:32.497Z
67421394562c1e7b3b1a4052,43,NS_SC_Pe_SM_Sa_WF,NoSnow_SummerClothing_Penguins_SunMid_Sandcastle_Fire.webp,7,5,NoSnow,SummerClothing,Penguins,SunMid,Sandcastle,Fire,2026-07-27T13:58:45.222Z
67421394562c1e7b3b1a4052,44,NS_SC_Ca_SR_Sn_NF,NoSnow_SummerClothing_Camels_SunRising_Snowman_NoFire.webp,6,5,NoSnow,SummerClothing,Camels,SunRising,Snowman,NoFire,2026-07-27T13:58:59.454Z
67421394562c1e7b3b1a4052,45,S_WC_Pe_SM_Sa_NF,Snow_WinterClothing_Penguins_SunMid_Sandcastle_NoFire.webp,2,4,Snow,WinterClothing,Penguins,SunMid,Sandcastle,NoFire,2026-07-27T13:59:19.401Z
67421394562c1e7b3b1a4052,46,NS_SC_Ca_SM_Sa_WF,NoSnow_SummerClothing_Camels_SunMid_Sandcastle_Fire.webp,7,6,NoSnow,SummerClothing,Camels,SunMid,Sandcastle,Fire,2026-07-27T13:59:40.859Z
67421394562c1e7b3b1a4052,47,S_SC_Pe_SM_Sa_NF,Snow_SummerClothing_Penguins_SunMid_Sandcastle_NoFire.webp,3,2,Snow,SummerClothing,Penguins,SunMid,Sandcastle,NoFire,2026-07-27T13:59:53.621Z
67421394562c1e7b3b1a4052,48,S_WC_Pe_SM_Sa_WF,Snow_WinterClothing_Penguins_SunMid_Sandcastle_Fire.webp,2,5,Snow,WinterClothing,Penguins,SunMid,Sandcastle,Fire,2026-07-27T14:00:06.708Z
67421394562c1e7b3b1a4052,49,S_WC_Ca_SM_Sn_NF,Snow_WinterClothing_Camels_SunMid_Snowman_NoFire.webp,2,3,Snow,WinterClothing,Camels,SunMid,Snowman,NoFire,2026-07-27T14:00:22.517Z
67421394562c1e7b3b1a4052,50,S_WC_Pe_SR_Sa_WF,Snow_WinterClothing_Penguins_SunRising_Sandcastle_Fire.webp,3,6,Snow,WinterClothing,Penguins,SunRising,Sandcastle,Fire,2026-07-27T14:00:47.835Z
67421394562c1e7b3b1a4052,51,NS_SC_Ca_SM_Sn_NF,NoSnow_SummerClothing_Camels_SunMid_Snowman_NoFire.webp,6,5,NoSnow,SummerClothing,Camels,SunMid,Snowman,NoFire,2026-07-27T14:00:59.998Z
67421394562c1e7b3b1a4052,52,S_SC_Pe_SR_Sa_WF,Snow_SummerClothing_Penguins_SunRising_Sandcastle_Fire.webp,7,3,Snow,SummerClothing,Penguins,SunRising,Sandcastle,Fire,2026-07-27T14:01:11.619Z
67421394562c1e7b3b1a4052,53,NS_WC_Ca_SM_Sn_WF,NoSnow_WinterClothing_Camels_SunMid_Snowman_Fire.webp,4,3,NoSnow,WinterClothing,Camels,SunMid,Snowman,Fire,2026-07-27T14:01:27.014Z
67421394562c1e7b3b1a4052,54,NS_WC_Ca_SR_Sn_WF,NoSnow_WinterClothing_Camels_SunRising_Snowman_Fire.webp,4,5,NoSnow,WinterClothing,Camels,SunRising,Snowman,Fire,2026-07-27T14:01:42.629Z
67421394562c1e7b3b1a4052,55,NS_WC_Ca_SR_Sn_NF,NoSnow_WinterClothing_Camels_SunRising_Snowman_NoFire.webp,4,6,NoSnow,WinterClothing,Camels,SunRising,Snowman,NoFire,2026-07-27T14:01:54.180Z
67421394562c1e7b3b1a4052,56,S_SC_Pe_SR_Sn_WF,Snow_SummerClothing_Penguins_SunRising_Snowman_Fire.webp,3,4,Snow,SummerClothing,Penguins,SunRising,Snowman,Fire,2026-07-27T14:02:13.471Z
67421394562c1e7b3b1a4052,57,NS_WC_Pe_SM_Sa_WF,NoSnow_WinterClothing_Penguins_SunMid_Sandcastle_Fire.webp,2,6,NoSnow,WinterClothing,Penguins,SunMid,Sandcastle,Fire,2026-07-27T14:02:27.729Z
67421394562c1e7b3b1a4052,58,NS_SC_Ca_SR_Sa_NF,NoSnow_SummerClothing_Camels_SunRising_Sandcastle_NoFire.webp,6,7,NoSnow,SummerClothing,Camels,SunRising,Sandcastle,NoFire,2026-07-27T14:02:40.253Z
67421394562c1e7b3b1a4052,59,S_SC_Ca_SM_Sa_WF,Snow_SummerClothing_Camels_SunMid_Sandcastle_Fire.webp,3,2,Snow,SummerClothing,Camels,SunMid,Sandcastle,Fire,2026-07-27T14:02:54.961Z
67421394562c1e7b3b1a4052,60,NS_WC_Pe_SR_Sa_NF,NoSnow_WinterClothing_Penguins_SunRising_Sandcastle_NoFire.webp,3,2,NoSnow,WinterClothing,Penguins,SunRising,Sandcastle,NoFire,2026-07-27T14:03:07.172Z
67421394562c1e7b3b1a4052,61,NS_SC_Ca_SM_Sa_NF,NoSnow_SummerClothing_Camels_SunMid_Sandcastle_NoFire.webp,6,7,NoSnow,SummerClothing,Camels,SunMid,Sandcastle,NoFire,2026-07-27T14:03:20.060Z
67421394562c1e7b3b1a4052,62,NS_SC_Ca_SR_Sa_WF,NoSnow_SummerClothing_Camels_SunRising_Sandcastle_Fire.webp,7,7,NoSnow,SummerClothing,Camels,SunRising,Sandcastle,Fire,2026-07-27T14:03:32.347Z
67421394562c1e7b3b1a4052,63,S_SC_Ca_SR_Sa_WF,Snow_SummerClothing_Camels_SunRising_Sandcastle_Fire.webp,3,2,Snow,SummerClothing,Camels,SunRising,Sandcastle,Fire,2026-07-27T14:03:45.314Z
69fdef338f87c1f1bf52ec2d,0,S_SC_Ca_SM_Sa_NF,Snow_SummerClothing_Camels_SunMid_Sandcastle_NoFire.webp,5,1,Snow,SummerClothing,Camels,SunMid,Sandcastle,NoFire,2026-07-27T13:42:59.275Z
69fdef338f87c1f1bf52ec2d,1,NS_WC_Ca_SM_Sa_WF,NoSnow_WinterClothing_Camels_SunMid_Sandcastle_Fire.webp,6,1,NoSnow,WinterClothing,Camels,SunMid,Sandcastle,Fire,2026-07-27T13:43:10.995Z
69fdef338f87c1f1bf52ec2d,2,S_WC_Pe_SR_Sa_WF,Snow_WinterClothing_Penguins_SunRising_Sandcastle_Fire.webp,3,1,Snow,WinterClothing,Penguins,SunRising,Sandcastle,Fire,2026-07-27T13:43:28.654Z
69fdef338f87c1f1bf52ec2d,3,S_WC_Ca_SM_Sn_WF,Snow_WinterClothing_Camels_SunMid_Snowman_Fire.webp,2,1,Snow,WinterClothing,Camels,SunMid,Snowman,Fire,2026-07-27T13:43:40.882Z
69fdef338f87c1f1bf52ec2d,4,S_SC_Ca_SM_Sn_WF,Snow_SummerClothing_Camels_SunMid_Snowman_Fire.webp,2,1,Snow,SummerClothing,Camels,SunMid,Snowman,Fire,2026-07-27T13:43:51.252Z
69fdef338f87c1f1bf52ec2d,5,NS_SC_Pe_SR_Sn_NF,NoSnow_SummerClothing_Penguins_SunRising_Snowman_NoFire.webp,2,1,NoSnow,SummerClothing,Penguins,SunRising,Snowman,NoFire,2026-07-27T13:44:01.191Z
69fdef338f87c1f1bf52ec2d,6,NS_SC_Pe_SR_Sa_WF,NoSnow_SummerClothing_Penguins_SunRising_Sandcastle_Fire.webp,3,1,NoSnow,SummerClothing,Penguins,SunRising,Sandcastle,Fire,2026-07-27T13:44:09.506Z
69fdef338f87c1f1bf52ec2d,7,NS_SC_Pe_SM_Sa_NF,NoSnow_SummerClothing_Penguins_SunMid_Sandcastle_NoFire.webp,2,1,NoSnow,SummerClothing,Penguins,SunMid,Sandcastle,NoFire,2026-07-27T13:44:17.134Z
69fdef338f87c1f1bf52ec2d,8,S_SC_Pe_SM_Sn_WF,Snow_SummerClothing_Penguins_SunMid_Snowman_Fire.webp,2,1,Snow,SummerClothing,Penguins,SunMid,Snowman,Fire,2026-07-27T13:44:24.640Z
69fdef338f87c1f1bf52ec2d,9,S_WC_Ca_SM_Sa_WF,Snow_WinterClothing_Camels_SunMid_Sandcastle_Fire.webp,6,1,Snow,WinterClothing,Camels,SunMid,Sandcastle,Fire,2026-07-27T13:44:36.248Z
69fdef338f87c1f1bf52ec2d,10,NS_SC_Ca_SM_Sn_NF,NoSnow_SummerClothing_Camels_SunMid_Snowman_NoFire.webp,2,1,NoSnow,SummerClothing,Camels,SunMid,Snowman,NoFire,2026-07-27T13:44:46.170Z
69fdef338f87c1f1bf52ec2d,11,NS_SC_Pe_SM_Sa_WF,NoSnow_SummerClothing_Penguins_SunMid_Sandcastle_Fire.webp,3,1,NoSnow,SummerClothing,Penguins,SunMid,Sandcastle,Fire,2026-07-27T13:44:52.434Z
69fdef338f87c1f1bf52ec2d,12,NS_SC_Ca_SR_Sa_NF,NoSnow_SummerClothing_Camels_SunRising_Sandcastle_NoFire.webp,5,1,NoSnow,SummerClothing,Camels,SunRising,Sandcastle,NoFire,2026-07-27T13:45:02.200Z
69fdef338f87c1f1bf52ec2d,13,NS_SC_Ca_SM_Sa_NF,NoSnow_SummerClothing_Camels_SunMid_Sandcastle_NoFire.webp,5,1,NoSnow,SummerClothing,Camels,SunMid,Sandcastle,NoFire,2026-07-27T13:45:09.886Z
69fdef338f87c1f1bf52ec2d,14,NS_WC_Ca_SM_Sa_NF,NoSnow_WinterClothing_Camels_SunMid_Sandcastle_NoFire.webp,6,1,NoSnow,WinterClothing,Camels,SunMid,Sandcastle,NoFire,2026-07-27T13:45:18.496Z
69fdef338f87c1f1bf52ec2d,15,NS_WC_Pe_SR_Sa_NF,NoSnow_WinterClothing_Penguins_SunRising_Sandcastle_NoFire.webp,4,1,NoSnow,WinterClothing,Penguins,SunRising,Sandcastle,NoFire,2026-07-27T13:45:27.108Z
69fdef338f87c1f1bf52ec2d,16,NS_SC_Ca_SR_Sa_WF,NoSnow_SummerClothing_Camels_SunRising_Sandcastle_Fire.webp,5,1,NoSnow,SummerClothing,Camels,SunRising,Sandcastle,Fire,2026-07-27T13:45:35.707Z
69fdef338f87c1f1bf52ec2d,17,S_SC_Ca_SM_Sa_WF,Snow_SummerClothing_Camels_SunMid_Sandcastle_Fire.webp,6,1,Snow,SummerClothing,Camels,SunMid,Sandcastle,Fire,2026-07-27T13:45:44.029Z
69fdef338f87c1f1bf52ec2d,18,S_SC_Pe_SR_Sn_WF,Snow_SummerClothing_Penguins_SunRising_Snowman_Fire.webp,3,1,Snow,SummerClothing,Penguins,SunRising,Snowman,Fire,2026-07-27T13:45:53.173Z
69fdef338f87c1f1bf52ec2d,19,S_SC_Pe_SR_Sa_NF,Snow_SummerClothing_Penguins_SunRising_Sandcastle_NoFire.webp,3,1,Snow,SummerClothing,Penguins,SunRising,Sandcastle,NoFire,2026-07-27T13:45:59.947Z
69fdef338f87c1f1bf52ec2d,20,S_SC_Ca_SR_Sa_NF,Snow_SummerClothing_Camels_SunRising_Sandcastle_NoFire.webp,5,1,Snow,SummerClothing,Camels,SunRising,Sandcastle,NoFire,2026-07-27T13:46:06.402Z
69fdef338f87c1f1bf52ec2d,21,NS_WC_Pe_SM_Sa_WF,NoSnow_WinterClothing_Penguins_SunMid_Sandcastle_Fire.webp,3,1,NoSnow,WinterClothing,Penguins,SunMid,Sandcastle,Fire,2026-07-27T13:46:14.406Z
69fdef338f87c1f1bf52ec2d,22,S_SC_Pe_SM_Sn_NF,Snow_SummerClothing_Penguins_SunMid_Snowman_NoFire.webp,2,1,Snow,SummerClothing,Penguins,SunMid,Snowman,NoFire,2026-07-27T13:46:20.651Z
69fdef338f87c1f1bf52ec2d,23,S_WC_Pe_SM_Sa_WF,Snow_WinterClothing_Penguins_SunMid_Sandcastle_Fire.webp,2,1,Snow,WinterClothing,Penguins,SunMid,Sandcastle,Fire,2026-07-27T13:46:28.303Z
69fdef338f87c1f1bf52ec2d,24,S_WC_Pe_SR_Sa_NF,Snow_WinterClothing_Penguins_SunRising_Sandcastle_NoFire.webp,2,1,Snow,WinterClothing,Penguins,SunRising,Sandcastle,NoFire,2026-07-27T13:46:35.135Z
69fdef338f87c1f1bf52ec2d,25,S_WC_Ca_SR_Sa_NF,Snow_WinterClothing_Camels_SunRising_Sandcastle_NoFire.webp,4,1,Snow,WinterClothing,Camels,SunRising,Sandcastle,NoFire,2026-07-27T13:46:45.197Z
69fdef338f87c1f1bf52ec2d,26,S_WC_Pe_SR_Sn_WF,Snow_WinterClothing_Penguins_SunRising_Snowman_Fire.webp,2,1,Snow,WinterClothing,Penguins,SunRising,Snowman,Fire,2026-07-27T13:46:53.862Z
69fdef338f87c1f1bf52ec2d,27,S_WC_Pe_SM_Sn_WF,Snow_WinterClothing_Penguins_SunMid_Snowman_Fire.webp,2,1,Snow,WinterClothing,Penguins,SunMid,Snowman,Fire,2026-07-27T13:47:00.960Z
69fdef338f87c1f1bf52ec2d,28,NS_WC_Pe_SR_Sn_WF,NoSnow_WinterClothing_Penguins_SunRising_Snowman_Fire.webp,3,1,NoSnow,WinterClothing,Penguins,SunRising,Snowman,Fire,2026-07-27T13:47:06.651Z
69fdef338f87c1f1bf52ec2d,29,S_SC_Pe_SM_Sa_WF,Snow_SummerClothing_Penguins_SunMid_Sandcastle_Fire.webp,6,1,Snow,SummerClothing,Penguins,SunMid,Sandcastle,Fire,2026-07-27T13:47:15.694Z
69fdef338f87c1f1bf52ec2d,30,S_WC_Ca_SR_Sn_NF,Snow_WinterClothing_Camels_SunRising_Snowman_NoFire.webp,3,1,Snow,WinterClothing,Camels,SunRising,Snowman,NoFire,2026-07-27T13:47:25.281Z
69fdef338f87c1f1bf52ec2d,31,NS_WC_Pe_SM_Sn_NF,NoSnow_WinterClothing_Penguins_SunMid_Snowman_NoFire.webp,3,1,NoSnow,WinterClothing,Penguins,SunMid,Snowman,NoFire,2026-07-27T13:47:31.590Z
69fdef338f87c1f1bf52ec2d,32,NS_SC_Pe_SM_Sn_WF,NoSnow_SummerClothing_Penguins_SunMid_Snowman_Fire.webp,3,1,NoSnow,SummerClothing,Penguins,SunMid,Snowman,Fire,2026-07-27T13:47:38.490Z
69fdef338f87c1f1bf52ec2d,33,NS_WC_Pe_SR_Sn_NF,NoSnow_WinterClothing_Penguins_SunRising_Snowman_NoFire.webp,2,1,NoSnow,WinterClothing,Penguins,SunRising,Snowman,NoFire,2026-07-27T13:47:48.675Z
69fdef338f87c1f1bf52ec2d,34,S_WC_Pe_SR_Sn_NF,Snow_WinterClothing_Penguins_SunRising_Snowman_NoFire.webp,2,1,Snow,WinterClothing,Penguins,SunRising,Snowman,NoFire,2026-07-27T13:47:54.301Z
69fdef338f87c1f1bf52ec2d,35,S_SC_Ca_SM_Sn_NF,Snow_SummerClothing_Camels_SunMid_Snowman_NoFire.webp,2,1,Snow,SummerClothing,Camels,SunMid,Snowman,NoFire,2026-07-27T13:48:03.943Z
69fdef338f87c1f1bf52ec2d,36,NS_WC_Ca_SR_Sa_NF,NoSnow_WinterClothing_Camels_SunRising_Sandcastle_NoFire.webp,4,1,NoSnow,WinterClothing,Camels,SunRising,Sandcastle,NoFire,2026-07-27T13:48:11.581Z
69fdef338f87c1f1bf52ec2d,37,NS_SC_Pe_SR_Sn_WF,NoSnow_SummerClothing_Penguins_SunRising_Snowman_Fire.webp,2,1,NoSnow,SummerClothing,Penguins,SunRising,Snowman,Fire,2026-07-27T13:48:20.884Z
69fdef338f87c1f1bf52ec2d,38,S_SC_Pe_SR_Sa_WF,Snow_SummerClothing_Penguins_SunRising_Sandcastle_Fire.webp,2,1,Snow,SummerClothing,Penguins,SunRising,Sandcastle,Fire,2026-07-27T13:48:29.698Z
69fdef338f87c1f1bf52ec2d,39,NS_WC_Ca_SM_Sn_WF,NoSnow_WinterClothing_Camels_SunMid_Snowman_Fire.webp,4,1,NoSnow,WinterClothing,Camels,SunMid,Snowman,Fire,2026-07-27T13:48:38.316Z
69fdef338f87c1f1bf52ec2d,40,S_SC_Ca_SR_Sa_WF,Snow_SummerClothing_Camels_SunRising_Sandcastle_Fire.webp,6,1,Snow,SummerClothing,Camels,SunRising,Sandcastle,Fire,2026-07-27T13:48:46.379Z
69fdef338f87c1f1bf52ec2d,41,NS_SC_Ca_SR_Sn_NF,NoSnow_SummerClothing_Camels_SunRising_Snowman_NoFire.webp,2,1,NoSnow,SummerClothing,Camels,SunRising,Snowman,NoFire,2026-07-27T13:48:54.969Z
69fdef338f87c1f1bf52ec2d,42,S_WC_Ca_SM_Sa_NF,Snow_WinterClothing_Camels_SunMid_Sandcastle_NoFire.webp,5,1,Snow,WinterClothing,Camels,SunMid,Sandcastle,NoFire,2026-07-27T13:49:06.620Z
69fdef338f87c1f1bf52ec2d,43,S_WC_Ca_SR_Sa_WF,Snow_WinterClothing_Camels_SunRising_Sandcastle_Fire.webp,6,1,Snow,WinterClothing,Camels,SunRising,Sandcastle,Fire,2026-07-27T13:49:12.783Z
69fdef338f87c1f1bf52ec2d,44,NS_SC_Pe_SM_Sn_NF,NoSnow_SummerClothing_Penguins_SunMid_Snowman_NoFire.webp,2,1,NoSnow,SummerClothing,Penguins,SunMid,Snowman,NoFire,2026-07-27T13:49:18.618Z
69fdef338f87c1f1bf52ec2d,45,NS_WC_Ca_SR_Sn_NF,NoSnow_WinterClothing_Camels_SunRising_Snowman_NoFire.webp,3,1,NoSnow,WinterClothing,Camels,SunRising,Snowman,NoFire,2026-07-27T13:49:26.195Z
69fdef338f87c1f1bf52ec2d,46,NS_WC_Ca_SR_Sn_WF,NoSnow_WinterClothing_Camels_SunRising_Snowman_Fire.webp,4,1,NoSnow,WinterClothing,Camels,SunRising,Snowman,Fire,2026-07-27T13:49:33.050Z
69fdef338f87c1f1bf52ec2d,47,NS_SC_Ca_SM_Sa_WF,NoSnow_SummerClothing_Camels_SunMid_Sandcastle_Fire.webp,5,1,NoSnow,SummerClothing,Camels,SunMid,Sandcastle,Fire,2026-07-27T13:49:40.992Z
69fdef338f87c1f1bf52ec2d,48,S_WC_Pe_SM_Sn_NF,Snow_WinterClothing_Penguins_SunMid_Snowman_NoFire.webp,6,1,Snow,WinterClothing,Penguins,SunMid,Snowman,NoFire,2026-07-27T13:49:47.250Z
69fdef338f87c1f1bf52ec2d,49,S_WC_Ca_SM_Sn_NF,Snow_WinterClothing_Camels_SunMid_Snowman_NoFire.webp,3,1,Snow,WinterClothing,Camels,SunMid,Snowman,NoFire,2026-07-27T13:49:53.430Z
69fdef338f87c1f1bf52ec2d,50,S_SC_Ca_SR_Sn_NF,Snow_SummerClothing_Camels_SunRising_Snowman_NoFire.webp,2,1,Snow,SummerClothing,Camels,SunRising,Snowman,NoFire,2026-07-27T13:50:01.050Z
69fdef338f87c1f1bf52ec2d,51,NS_WC_Pe_SR_Sa_WF,NoSnow_WinterClothing_Penguins_SunRising_Sandcastle_Fire.webp,4,1,NoSnow,WinterClothing,Penguins,SunRising,Sandcastle,Fire,2026-07-27T13:50:07.944Z
69fdef338f87c1f1bf52ec2d,52,NS_WC_Ca_SM_Sn_NF,NoSnow_WinterClothing_Camels_SunMid_Snowman_NoFire.webp,3,1,NoSnow,WinterClothing,Camels,SunMid,Snowman,NoFire,2026-07-27T13:50:13.994Z
69fdef338f87c1f1bf52ec2d,53,NS_WC_Ca_SR_Sa_WF,NoSnow_WinterClothing_Camels_SunRising_Sandcastle_Fire.webp,6,1,NoSnow,WinterClothing,Camels,SunRising,Sandcastle,Fire,2026-07-27T13:50:22.069Z
69fdef338f87c1f1bf52ec2d,54,NS_WC_Pe_SM_Sa_NF,NoSnow_WinterClothing_Penguins_SunMid_Sandcastle_NoFire.webp,3,1,NoSnow,WinterClothing,Penguins,SunMid,Sandcastle,NoFire,2026-07-27T13:50:28.506Z
69fdef338f87c1f1bf52ec2d,55,S_WC_Ca_SR_Sn_WF,Snow_WinterClothing_Camels_SunRising_Snowman_Fire.webp,4,1,Snow,WinterClothing,Camels,SunRising,Snowman,Fire,2026-07-27T13:50:35.410Z
69fdef338f87c1f1bf52ec2d,56,NS_SC_Pe_SR_Sa_NF,NoSnow_SummerClothing_Penguins_SunRising_Sandcastle_NoFire.webp,2,1,NoSnow,SummerClothing,Penguins,SunRising,Sandcastle,NoFire,2026-07-27T13:50:42.059Z
69fdef338f87c1f1bf52ec2d,57,NS_SC_Ca_SM_Sn_WF,NoSnow_SummerClothing_Camels_SunMid_Snowman_Fire.webp,3,1,NoSnow,SummerClothing,Camels,SunMid,Snowman,Fire,2026-07-27T13:50:48.077Z
69fdef338f87c1f1bf52ec2d,58,S_WC_Pe_SM_Sa_NF,Snow_WinterClothing_Penguins_SunMid_Sandcastle_NoFire.webp,2,1,Snow,WinterClothing,Penguins,SunMid,Sandcastle,NoFire,2026-07-27T13:50:56.838Z
69fdef338f87c1f1bf52ec2d,59,NS_WC_Pe_SM_Sn_WF,NoSnow_WinterClothing_Penguins_SunMid_Snowman_Fire.webp,2,1,NoSnow,WinterClothing,Penguins,SunMid,Snowman,Fire,2026-07-27T13:51:02.983Z
69fdef338f87c1f1bf52ec2d,60,NS_SC_Ca_SR_Sn_WF,NoSnow_SummerClothing_Camels_SunRising_Snowman_Fire.webp,5,1,NoSnow,SummerClothing,Camels,SunRising,Snowman,Fire,2026-07-27T13:51:10.517Z
69fdef338f87c1f1bf52ec2d,61,S_SC_Pe_SM_Sa_NF,Snow_SummerClothing_Penguins_SunMid_Sandcastle_NoFire.webp,1,1,Snow,SummerClothing,Penguins,SunMid,Sandcastle,NoFire,2026-07-27T13:51:18.817Z
69fdef338f87c1f1bf52ec2d,62,S_SC_Ca_SR_Sn_WF,Snow_SummerClothing_Camels_SunRising_Snowman_Fire.webp,3,1,Snow,SummerClothing,Camels,SunRising,Snowman,Fire,2026-07-27T13:51:25.499Z
69fdef338f87c1f1bf52ec2d,63,S_SC_Pe_SR_Sn_NF,Snow_SummerClothing_Penguins_SunRising_Snowman_NoFire.webp,1,1,Snow,SummerClothing,Penguins,SunRising,Snowman,NoFire,2026-07-27T13:51:32.141Z
6a18c13998bc7f21f3680b0e,0,NS_SC_Ca_SR_Sn_NF,NoSnow_SummerClothing_Camels_SunRising_Snowman_NoFire.webp,4,1,NoSnow,SummerClothing,Camels,SunRising,Snowman,NoFire,2026-07-27T13:42:58.939Z
6a18c13998bc7f21f3680b0e,1,NS_WC_Ca_SR_Sn_WF,NoSnow_WinterClothing_Camels_SunRising_Snowman_Fire.webp,3,1,NoSnow,WinterClothing,Camels,SunRising,Snowman,Fire,2026-07-27T13:43:15.157Z
6a18c13998bc7f21f3680b0e,2,S_SC_Ca_SR_Sn_NF,Snow_SummerClothing_Camels_SunRising_Snowman_NoFire.webp,3,1,Snow,SummerClothing,Camels,SunRising,Snowman,NoFire,2026-07-27T13:43:28.755Z
6a18c13998bc7f21f3680b0e,3,S_WC_Ca_SM_Sn_WF,Snow_WinterClothing_Camels_SunMid_Snowman_Fire.webp,2,1,Snow,WinterClothing,Camels,SunMid,Snowman,Fire,2026-07-27T13:43:38.670Z
6a18c13998bc7f21f3680b0e,4,NS_WC_Ca_SM_Sn_WF,NoSnow_WinterClothing_Camels_SunMid_Snowman_Fire.webp,3,1,NoSnow,WinterClothing,Camels,SunMid,Snowman,Fire,2026-07-27T13:43:51.608Z
6a18c13998bc7f21f3680b0e,5,S_WC_Pe_SM_Sn_NF,Snow_WinterClothing_Penguins_SunMid_Snowman_NoFire.webp,1,1,Snow,WinterClothing,Penguins,SunMid,Snowman,NoFire,2026-07-27T13:44:01.122Z
6a18c13998bc7f21f3680b0e,6,S_WC_Pe_SR_Sn_NF,Snow_WinterClothing_Penguins_SunRising_Snowman_NoFire.webp,1,1,Snow,WinterClothing,Penguins,SunRising,Snowman,NoFire,2026-07-27T13:44:10.119Z
6a18c13998bc7f21f3680b0e,7,S_SC_Ca_SR_Sa_NF,Snow_SummerClothing_Camels_SunRising_Sandcastle_NoFire.webp,5,1,Snow,SummerClothing,Camels,SunRising,Sandcastle,NoFire,2026-07-27T13:44:19.760Z
6a18c13998bc7f21f3680b0e,8,S_WC_Ca_SM_Sa_WF,Snow_WinterClothing_Camels_SunMid_Sandcastle_Fire.webp,4,1,Snow,WinterClothing,Camels,SunMid,Sandcastle,Fire,2026-07-27T13:44:28.932Z
6a18c13998bc7f21f3680b0e,9,S_SC_Ca_SM_Sa_WF,Snow_SummerClothing_Camels_SunMid_Sandcastle_Fire.webp,5,1,Snow,SummerClothing,Camels,SunMid,Sandcastle,Fire,2026-07-27T13:44:37.977Z
6a18c13998bc7f21f3680b0e,10,S_SC_Pe_SR_Sn_WF,Snow_SummerClothing_Penguins_SunRising_Snowman_Fire.webp,3,1,Snow,SummerClothing,Penguins,SunRising,Snowman,Fire,2026-07-27T13:44:45.233Z
6a18c13998bc7f21f3680b0e,11,S_SC_Pe_SR_Sn_NF,Snow_SummerClothing_Penguins_SunRising_Snowman_NoFire.webp,3,1,Snow,SummerClothing,Penguins,SunRising,Snowman,NoFire,2026-07-27T13:44:55.305Z
6a18c13998bc7f21f3680b0e,12,S_WC_Pe_SR_Sn_WF,Snow_WinterClothing_Penguins_SunRising_Snowman_Fire.webp,2,1,Snow,WinterClothing,Penguins,SunRising,Snowman,Fire,2026-07-27T13:45:02.153Z
6a18c13998bc7f21f3680b0e,13,NS_SC_Ca_SR_Sa_NF,NoSnow_SummerClothing_Camels_SunRising_Sandcastle_NoFire.webp,6,2,NoSnow,SummerClothing,Camels,SunRising,Sandcastle,NoFire,2026-07-27T13:45:12.088Z
6a18c13998bc7f21f3680b0e,14,NS_WC_Pe_SM_Sn_NF,NoSnow_WinterClothing_Penguins_SunMid_Snowman_NoFire.webp,2,1,NoSnow,WinterClothing,Penguins,SunMid,Snowman,NoFire,2026-07-27T13:45:21.520Z
6a18c13998bc7f21f3680b0e,15,S_WC_Ca_SR_Sa_WF,Snow_WinterClothing_Camels_SunRising_Sandcastle_Fire.webp,4,1,Snow,WinterClothing,Camels,SunRising,Sandcastle,Fire,2026-07-27T13:45:34.431Z
6a18c13998bc7f21f3680b0e,16,NS_SC_Ca_SR_Sn_WF,NoSnow_SummerClothing_Camels_SunRising_Snowman_Fire.webp,5,1,NoSnow,SummerClothing,Camels,SunRising,Snowman,Fire,2026-07-27T13:45:44.624Z
6a18c13998bc7f21f3680b0e,17,S_WC_Ca_SM_Sa_NF,Snow_WinterClothing_Camels_SunMid_Sandcastle_NoFire.webp,3,1,Snow,WinterClothing,Camels,SunMid,Sandcastle,NoFire,2026-07-27T13:45:52.754Z
6a18c13998bc7f21f3680b0e,18,NS_WC_Pe_SM_Sn_WF,NoSnow_WinterClothing_Penguins_SunMid_Snowman_Fire.webp,2,2,NoSnow,WinterClothing,Penguins,SunMid,Snowman,Fire,2026-07-27T13:46:01.667Z
6a18c13998bc7f21f3680b0e,19,S_WC_Ca_SR_Sn_NF,Snow_WinterClothing_Camels_SunRising_Snowman_NoFire.webp,3,1,Snow,WinterClothing,Camels,SunRising,Snowman,NoFire,2026-07-27T13:46:15.878Z
6a18c13998bc7f21f3680b0e,20,S_WC_Pe_SR_Sa_NF,Snow_WinterClothing_Penguins_SunRising_Sandcastle_NoFire.webp,3,1,Snow,WinterClothing,Penguins,SunRising,Sandcastle,NoFire,2026-07-27T13:46:24.764Z
6a18c13998bc7f21f3680b0e,21,NS_WC_Ca_SR_Sa_NF,NoSnow_WinterClothing_Camels_SunRising_Sandcastle_NoFire.webp,4,2,NoSnow,WinterClothing,Camels,SunRising,Sandcastle,NoFire,2026-07-27T13:46:32.402Z
6a18c13998bc7f21f3680b0e,22,S_WC_Ca_SR_Sa_NF,Snow_WinterClothing_Camels_SunRising_Sandcastle_NoFire.webp,3,2,Snow,WinterClothing,Camels,SunRising,Sandcastle,NoFire,2026-07-27T13:46:42.546Z
6a18c13998bc7f21f3680b0e,23,NS_SC_Pe_SR_Sa_NF,NoSnow_SummerClothing_Penguins_SunRising_Sandcastle_NoFire.webp,4,1,NoSnow,SummerClothing,Penguins,SunRising,Sandcastle,NoFire,2026-07-27T13:46:51.782Z
6a18c13998bc7f21f3680b0e,24,NS_SC_Ca_SM_Sn_NF,NoSnow_SummerClothing_Camels_SunMid_Snowman_NoFire.webp,5,1,NoSnow,SummerClothing,Camels,SunMid,Snowman,NoFire,2026-07-27T13:46:59.864Z
6a18c13998bc7f21f3680b0e,25,NS_SC_Pe_SR_Sa_WF,NoSnow_SummerClothing_Penguins_SunRising_Sandcastle_Fire.webp,4,1,NoSnow,SummerClothing,Penguins,SunRising,Sandcastle,Fire,2026-07-27T13:47:10.073Z
6a18c13998bc7f21f3680b0e,26,NS_SC_Ca_SR_Sa_WF,NoSnow_SummerClothing_Camels_SunRising_Sandcastle_Fire.webp,5,2,NoSnow,SummerClothing,Camels,SunRising,Sandcastle,Fire,2026-07-27T13:47:19.497Z
6a18c13998bc7f21f3680b0e,27,NS_WC_Ca_SR_Sn_NF,NoSnow_WinterClothing_Camels_SunRising_Snowman_NoFire.webp,4,1,NoSnow,WinterClothing,Camels,SunRising,Snowman,NoFire,2026-07-27T13:47:26.765Z
6a18c13998bc7f21f3680b0e,28,S_SC_Pe_SR_Sa_NF,Snow_SummerClothing_Penguins_SunRising_Sandcastle_NoFire.webp,3,1,Snow,SummerClothing,Penguins,SunRising,Sandcastle,NoFire,2026-07-27T13:47:37.050Z
6a18c13998bc7f21f3680b0e,29,NS_SC_Pe_SM_Sa_WF,NoSnow_SummerClothing_Penguins_SunMid_Sandcastle_Fire.webp,3,1,NoSnow,SummerClothing,Penguins,SunMid,Sandcastle,Fire,2026-07-27T13:47:44.702Z
6a18c13998bc7f21f3680b0e,30,NS_WC_Pe_SM_Sa_WF,NoSnow_WinterClothing_Penguins_SunMid_Sandcastle_Fire.webp,4,1,NoSnow,WinterClothing,Penguins,SunMid,Sandcastle,Fire,2026-07-27T13:47:56.813Z
6a18c13998bc7f21f3680b0e,31,NS_SC_Ca_SM_Sn_WF,NoSnow_SummerClothing_Camels_SunMid_Snowman_Fire.webp,5,1,NoSnow,SummerClothing,Camels,SunMid,Snowman,Fire,2026-07-27T13:48:08.507Z
6a18c13998bc7f21f3680b0e,32,NS_WC_Pe_SR_Sn_NF,NoSnow_WinterClothing_Penguins_SunRising_Snowman_NoFire.webp,2,1,NoSnow,WinterClothing,Penguins,SunRising,Snowman,NoFire,2026-07-27T13:48:21.166Z
6a18c13998bc7f21f3680b0e,33,NS_SC_Pe_SM_Sn_WF,NoSnow_SummerClothing_Penguins_SunMid_Snowman_Fire.webp,4,1,NoSnow,SummerClothing,Penguins,SunMid,Snowman,Fire,2026-07-27T13:48:47.053Z
6a18c13998bc7f21f3680b0e,34,S_SC_Pe_SM_Sa_NF,Snow_SummerClothing_Penguins_SunMid_Sandcastle_NoFire.webp,4,1,Snow,SummerClothing,Penguins,SunMid,Sandcastle,NoFire,2026-07-27T13:48:57.942Z
6a18c13998bc7f21f3680b0e,35,S_SC_Ca_SM_Sn_NF,Snow_SummerClothing_Camels_SunMid_Snowman_NoFire.webp,4,1,Snow,SummerClothing,Camels,SunMid,Snowman,NoFire,2026-07-27T13:49:08.573Z
6a18c13998bc7f21f3680b0e,36,NS_SC_Pe_SR_Sn_WF,NoSnow_SummerClothing_Penguins_SunRising_Snowman_Fire.webp,4,2,NoSnow,SummerClothing,Penguins,SunRising,Snowman,Fire,2026-07-27T13:49:18.627Z
6a18c13998bc7f21f3680b0e,37,S_SC_Pe_SR_Sa_WF,Snow_SummerClothing_Penguins_SunRising_Sandcastle_Fire.webp,4,1,Snow,SummerClothing,Penguins,SunRising,Sandcastle,Fire,2026-07-27T13:49:39.015Z
6a18c13998bc7f21f3680b0e,38,NS_SC_Ca_SM_Sa_WF,NoSnow_SummerClothing_Camels_SunMid_Sandcastle_Fire.webp,5,2,NoSnow,SummerClothing,Camels,SunMid,Sandcastle,Fire,2026-07-27T13:49:46.949Z
6a18c13998bc7f21f3680b0e,39,NS_SC_Pe_SM_Sa_NF,NoSnow_SummerClothing_Penguins_SunMid_Sandcastle_NoFire.webp,5,1,NoSnow,SummerClothing,Penguins,SunMid,Sandcastle,NoFire,2026-07-27T13:50:09.059Z
6a18c13998bc7f21f3680b0e,40,S_SC_Pe_SM_Sn_WF,Snow_SummerClothing_Penguins_SunMid_Snowman_Fire.webp,3,2,Snow,SummerClothing,Penguins,SunMid,Snowman,Fire,2026-07-27T13:50:20.079Z
6a18c13998bc7f21f3680b0e,41,NS_WC_Pe_SR_Sn_WF,NoSnow_WinterClothing_Penguins_SunRising_Snowman_Fire.webp,3,2,NoSnow,WinterClothing,Penguins,SunRising,Snowman,Fire,2026-07-27T13:50:30.238Z
6a18c13998bc7f21f3680b0e,42,NS_WC_Ca_SM_Sa_WF,NoSnow_WinterClothing_Camels_SunMid_Sandcastle_Fire.webp,4,2,NoSnow,WinterClothing,Camels,SunMid,Sandcastle,Fire,2026-07-27T13:50:41.938Z
6a18c13998bc7f21f3680b0e,43,S_WC_Ca_SM_Sn_NF,Snow_WinterClothing_Camels_SunMid_Snowman_NoFire.webp,3,2,Snow,WinterClothing,Camels,SunMid,Snowman,NoFire,2026-07-27T13:50:57.620Z
6a18c13998bc7f21f3680b0e,44,NS_SC_Pe_SR_Sn_NF,NoSnow_SummerClothing_Penguins_SunRising_Snowman_NoFire.webp,4,1,NoSnow,SummerClothing,Penguins,SunRising,Snowman,NoFire,2026-07-27T13:51:08.094Z
6a18c13998bc7f21f3680b0e,45,NS_WC_Pe_SR_Sa_WF,NoSnow_WinterClothing_Penguins_SunRising_Sandcastle_Fire.webp,3,2,NoSnow,WinterClothing,Penguins,SunRising,Sandcastle,Fire,2026-07-27T13:51:24.210Z
6a18c13998bc7f21f3680b0e,46,S_WC_Pe_SM_Sa_NF,Snow_WinterClothing_Penguins_SunMid_Sandcastle_NoFire.webp,2,2,Snow,WinterClothing,Penguins,SunMid,Sandcastle,NoFire,2026-07-27T13:51:32.974Z
6a18c13998bc7f21f3680b0e,47,S_SC_Ca_SM_Sa_NF,Snow_SummerClothing_Camels_SunMid_Sandcastle_NoFire.webp,6,2,Snow,SummerClothing,Camels,SunMid,Sandcastle,NoFire,2026-07-27T13:51:47.518Z
6a18c13998bc7f21f3680b0e,48,NS_WC_Ca_SM_Sn_NF,NoSnow_WinterClothing_Camels_SunMid_Snowman_NoFire.webp,4,2,NoSnow,WinterClothing,Camels,SunMid,Snowman,NoFire,2026-07-27T13:51:55.401Z
6a18c13998bc7f21f3680b0e,49,S_SC_Pe_SM_Sn_NF,Snow_SummerClothing_Penguins_SunMid_Snowman_NoFire.webp,3,2,Snow,SummerClothing,Penguins,SunMid,Snowman,NoFire,2026-07-27T13:52:04.867Z
6a18c13998bc7f21f3680b0e,50,S_WC_Pe_SR_Sa_WF,Snow_WinterClothing_Penguins_SunRising_Sandcastle_Fire.webp,2,2,Snow,WinterClothing,Penguins,SunRising,Sandcastle,Fire,2026-07-27T13:52:17.779Z
6a18c13998bc7f21f3680b0e,51,S_SC_Ca_SR_Sn_WF,Snow_SummerClothing_Camels_SunRising_Snowman_Fire.webp,4,3,Snow,SummerClothing,Camels,SunRising,Snowman,Fire,2026-07-27T13:52:33.069Z
6a18c13998bc7f21f3680b0e,52,NS_WC_Ca_SM_Sa_NF,NoSnow_WinterClothing_Camels_SunMid_Sandcastle_NoFire.webp,5,2,NoSnow,WinterClothing,Camels,SunMid,Sandcastle,NoFire,2026-07-27T13:52:41.276Z
6a18c13998bc7f21f3680b0e,53,S_WC_Pe_SM_Sn_WF,Snow_WinterClothing_Penguins_SunMid_Snowman_Fire.webp,1,7,Snow,WinterClothing,Penguins,SunMid,Snowman,Fire,2026-07-27T13:53:00.283Z
6a18c13998bc7f21f3680b0e,54,NS_SC_Ca_SM_Sa_NF,NoSnow_SummerClothing_Camels_SunMid_Sandcastle_NoFire.webp,7,7,NoSnow,SummerClothing,Camels,SunMid,Sandcastle,NoFire,2026-07-27T13:53:07.892Z
6a18c13998bc7f21f3680b0e,55,NS_WC_Pe_SR_Sa_NF,NoSnow_WinterClothing_Penguins_SunRising_Sandcastle_NoFire.webp,4,3,NoSnow,WinterClothing,Penguins,SunRising,Sandcastle,NoFire,2026-07-27T13:53:14.908Z
6a18c13998bc7f21f3680b0e,56,S_SC_Pe_SM_Sa_WF,Snow_SummerClothing_Penguins_SunMid_Sandcastle_Fire.webp,4,3,Snow,SummerClothing,Penguins,SunMid,Sandcastle,Fire,2026-07-27T13:53:23.079Z
6a18c13998bc7f21f3680b0e,57,S_SC_Ca_SR_Sa_WF,Snow_SummerClothing_Camels_SunRising_Sandcastle_Fire.webp,5,2,Snow,SummerClothing,Camels,SunRising,Sandcastle,Fire,2026-07-27T13:53:31.486Z
6a18c13998bc7f21f3680b0e,58,S_WC_Pe_SM_Sa_WF,Snow_WinterClothing_Penguins_SunMid_Sandcastle_Fire.webp,3,3,Snow,WinterClothing,Penguins,SunMid,Sandcastle,Fire,2026-07-27T13:53:40.819Z
6a18c13998bc7f21f3680b0e,59,NS_WC_Pe_SM_Sa_NF,NoSnow_WinterClothing_Penguins_SunMid_Sandcastle_NoFire.webp,2,2,NoSnow,WinterClothing,Penguins,SunMid,Sandcastle,NoFire,2026-07-27T13:53:50.504Z
6a18c13998bc7f21f3680b0e,60,NS_SC_Pe_SM_Sn_NF,NoSnow_SummerClothing_Penguins_SunMid_Snowman_NoFire.webp,5,2,NoSnow,SummerClothing,Penguins,SunMid,Snowman,NoFire,2026-07-27T13:53:58.515Z
6a18c13998bc7f21f3680b0e,61,S_WC_Ca_SR_Sn_WF,Snow_WinterClothing_Camels_SunRising_Snowman_Fire.webp,2,1,Snow,WinterClothing,Camels,SunRising,Snowman,Fire,2026-07-27T13:54:09.269Z
6a18c13998bc7f21f3680b0e,62,S_SC_Ca_SM_Sn_WF,Snow_SummerClothing_Camels_SunMid_Snowman_Fire.webp,4,2,Snow,SummerClothing,Camels,SunMid,Snowman,Fire,2026-07-27T13:54:20.339Z
6a18c13998bc7f21f3680b0e,63,NS_WC_Ca_SR_Sa_WF,NoSnow_WinterClothing_Camels_SunRising_Sandcastle_Fire.webp,5,2,NoSnow,WinterClothing,Camels,SunRising,Sandcastle,Fire,2026-07-27T13:54:30.050Z
6978c4ce16debe179b052814,0,NS_SC_Ca_SM_Sa_NF,NoSnow_SummerClothing_Camels_SunMid_Sandcastle_NoFire.webp,6,3,NoSnow,SummerClothing,Camels,SunMid,Sandcastle,NoFire,2026-07-27T13:43:46.800Z
6978c4ce16debe179b052814,1,NS_SC_Ca_SR_Sa_NF,NoSnow_SummerClothing_Camels_SunRising_Sandcastle_NoFire.webp,6,2,NoSnow,SummerClothing,Camels,SunRising,Sandcastle,NoFire,2026-07-27T13:44:06.115Z
6978c4ce16debe179b052814,2,S_SC_Pe_SM_Sa_NF,Snow_SummerClothing_Penguins_SunMid_Sandcastle_NoFire.webp,2,2,Snow,SummerClothing,Penguins,SunMid,Sandcastle,NoFire,2026-07-27T13:44:25.016Z
6978c4ce16debe179b052814,3,NS_WC_Pe_SR_Sa_WF,NoSnow_WinterClothing_Penguins_SunRising_Sandcastle_Fire.webp,6,2,NoSnow,WinterClothing,Penguins,SunRising,Sandcastle,Fire,2026-07-27T13:44:38.742Z
6978c4ce16debe179b052814,4,S_WC_Ca_SR_Sn_WF,Snow_WinterClothing_Camels_SunRising_Snowman_Fire.webp,5,2,Snow,WinterClothing,Camels,SunRising,Snowman,Fire,2026-07-27T13:44:48.899Z
6978c4ce16debe179b052814,5,S_WC_Ca_SM_Sn_WF,Snow_WinterClothing_Camels_SunMid_Snowman_Fire.webp,6,4,Snow,WinterClothing,Camels,SunMid,Snowman,Fire,2026-07-27T13:44:59.510Z
6978c4ce16debe179b052814,6,S_WC_Pe_SR_Sn_NF,Snow_WinterClothing_Penguins_SunRising_Snowman_NoFire.webp,6,1,Snow,WinterClothing,Penguins,SunRising,Snowman,NoFire,2026-07-27T13:45:09.232Z
6978c4ce16debe179b052814,7,S_SC_Ca_SM_Sa_NF,Snow_SummerClothing_Camels_SunMid_Sandcastle_NoFire.webp,6,5,Snow,SummerClothing,Camels,SunMid,Sandcastle,NoFire,2026-07-27T13:45:20.449Z
6978c4ce16debe179b052814,8,S_SC_Pe_SM_Sn_NF,Snow_SummerClothing_Penguins_SunMid_Snowman_NoFire.webp,2,2,Snow,SummerClothing,Penguins,SunMid,Snowman,NoFire,2026-07-27T13:45:31.965Z
6978c4ce16debe179b052814,9,NS_WC_Pe_SM_Sn_WF,NoSnow_WinterClothing_Penguins_SunMid_Snowman_Fire.webp,5,4,NoSnow,WinterClothing,Penguins,SunMid,Snowman,Fire,2026-07-27T13:45:44.455Z
6978c4ce16debe179b052814,10,NS_WC_Ca_SR_Sn_NF,NoSnow_WinterClothing_Camels_SunRising_Snowman_NoFire.webp,5,3,NoSnow,WinterClothing,Camels,SunRising,Snowman,NoFire,2026-07-27T13:46:03.455Z
6978c4ce16debe179b052814,11,NS_WC_Ca_SM_Sa_WF,NoSnow_WinterClothing_Camels_SunMid_Sandcastle_Fire.webp,6,5,NoSnow,WinterClothing,Camels,SunMid,Sandcastle,Fire,2026-07-27T13:46:12.711Z
6978c4ce16debe179b052814,12,S_SC_Pe_SR_Sn_NF,Snow_SummerClothing_Penguins_SunRising_Snowman_NoFire.webp,3,3,Snow,SummerClothing,Penguins,SunRising,Snowman,NoFire,2026-07-27T13:46:23.470Z
6978c4ce16debe179b052814,13,NS_SC_Ca_SM_Sn_WF,NoSnow_SummerClothing_Camels_SunMid_Snowman_Fire.webp,6,2,NoSnow,SummerClothing,Camels,SunMid,Snowman,Fire,2026-07-27T13:46:31.280Z
6978c4ce16debe179b052814,14,S_SC_Pe_SR_Sn_WF,Snow_SummerClothing_Penguins_SunRising_Snowman_Fire.webp,5,2,Snow,SummerClothing,Penguins,SunRising,Snowman,Fire,2026-07-27T13:46:43.426Z
6978c4ce16debe179b052814,15,S_SC_Ca_SR_Sa_WF,Snow_SummerClothing_Camels_SunRising_Sandcastle_Fire.webp,3,5,Snow,SummerClothing,Camels,SunRising,Sandcastle,Fire,2026-07-27T13:46:57.392Z
6978c4ce16debe179b052814,16,S_WC_Ca_SR_Sa_WF,Snow_WinterClothing_Camels_SunRising_Sandcastle_Fire.webp,3,3,Snow,WinterClothing,Camels,SunRising,Sandcastle,Fire,2026-07-27T13:47:04.418Z
6978c4ce16debe179b052814,17,NS_WC_Ca_SR_Sa_WF,NoSnow_WinterClothing_Camels_SunRising_Sandcastle_Fire.webp,6,2,NoSnow,WinterClothing,Camels,SunRising,Sandcastle,Fire,2026-07-27T13:47:13.066Z
6978c4ce16debe179b052814,18,S_WC_Pe_SR_Sa_WF,Snow_WinterClothing_Penguins_SunRising_Sandcastle_Fire.webp,4,3,Snow,WinterClothing,Penguins,SunRising,Sandcastle,Fire,2026-07-27T13:47:23.203Z
6978c4ce16debe179b052814,19,NS_SC_Pe_SR_Sa_NF,NoSnow_SummerClothing_Penguins_SunRising_Sandcastle_NoFire.webp,6,4,NoSnow,SummerClothing,Penguins,SunRising,Sandcastle,NoFire,2026-07-27T13:47:34.686Z
6978c4ce16debe179b052814,20,NS_WC_Ca_SR_Sa_NF,NoSnow_WinterClothing_Camels_SunRising_Sandcastle_NoFire.webp,6,6,NoSnow,WinterClothing,Camels,SunRising,Sandcastle,NoFire,2026-07-27T13:47:43.797Z
6978c4ce16debe179b052814,21,S_WC_Pe_SM_Sa_WF,Snow_WinterClothing_Penguins_SunMid_Sandcastle_Fire.webp,2,2,Snow,WinterClothing,Penguins,SunMid,Sandcastle,Fire,2026-07-27T13:47:58.247Z
6978c4ce16debe179b052814,22,NS_SC_Ca_SR_Sa_WF,NoSnow_SummerClothing_Camels_SunRising_Sandcastle_Fire.webp,4,2,NoSnow,SummerClothing,Camels,SunRising,Sandcastle,Fire,2026-07-27T13:48:10.961Z
6978c4ce16debe179b052814,23,NS_WC_Pe_SR_Sa_NF,NoSnow_WinterClothing_Penguins_SunRising_Sandcastle_NoFire.webp,6,4,NoSnow,WinterClothing,Penguins,SunRising,Sandcastle,NoFire,2026-07-27T13:48:25.165Z
6978c4ce16debe179b052814,24,S_WC_Pe_SM_Sa_NF,Snow_WinterClothing_Penguins_SunMid_Sandcastle_NoFire.webp,3,4,Snow,WinterClothing,Penguins,SunMid,Sandcastle,NoFire,2026-07-27T13:48:38.805Z
6978c4ce16debe179b052814,25,NS_SC_Pe_SM_Sa_NF,NoSnow_SummerClothing_Penguins_SunMid_Sandcastle_NoFire.webp,5,5,NoSnow,SummerClothing,Penguins,SunMid,Sandcastle,NoFire,2026-07-27T13:48:45.502Z
6978c4ce16debe179b052814,26,NS_SC_Pe_SM_Sn_WF,NoSnow_SummerClothing_Penguins_SunMid_Snowman_Fire.webp,5,3,NoSnow,SummerClothing,Penguins,SunMid,Snowman,Fire,2026-07-27T13:48:58.098Z
6978c4ce16debe179b052814,27,NS_WC_Ca_SM_Sa_NF,NoSnow_WinterClothing_Camels_SunMid_Sandcastle_NoFire.webp,3,4,NoSnow,WinterClothing,Camels,SunMid,Sandcastle,NoFire,2026-07-27T13:49:21.117Z
6978c4ce16debe179b052814,28,S_SC_Ca_SM_Sn_WF,Snow_SummerClothing_Camels_SunMid_Snowman_Fire.webp,3,4,Snow,SummerClothing,Camels,SunMid,Snowman,Fire,2026-07-27T13:49:34.661Z
6978c4ce16debe179b052814,29,NS_SC_Pe_SM_Sn_NF,NoSnow_SummerClothing_Penguins_SunMid_Snowman_NoFire.webp,4,5,NoSnow,SummerClothing,Penguins,SunMid,Snowman,NoFire,2026-07-27T13:49:42.798Z
6978c4ce16debe179b052814,30,NS_SC_Ca_SR_Sn_NF,NoSnow_SummerClothing_Camels_SunRising_Snowman_NoFire.webp,6,5,NoSnow,SummerClothing,Camels,SunRising,Snowman,NoFire,2026-07-27T13:49:57.192Z
6978c4ce16debe179b052814,31,NS_WC_Ca_SR_Sn_WF,NoSnow_WinterClothing_Camels_SunRising_Snowman_Fire.webp,4,3,NoSnow,WinterClothing,Camels,SunRising,Snowman,Fire,2026-07-27T13:50:09.745Z
6978c4ce16debe179b052814,32,S_WC_Ca_SM_Sa_NF,Snow_WinterClothing_Camels_SunMid_Sandcastle_NoFire.webp,2,4,Snow,WinterClothing,Camels,SunMid,Sandcastle,NoFire,2026-07-27T13:50:23.397Z
6978c4ce16debe179b052814,33,S_WC_Ca_SM_Sa_WF,Snow_WinterClothing_Camels_SunMid_Sandcastle_Fire.webp,4,4,Snow,WinterClothing,Camels,SunMid,Sandcastle,Fire,2026-07-27T13:50:41.640Z
6978c4ce16debe179b052814,34,S_SC_Ca_SR_Sn_NF,Snow_SummerClothing_Camels_SunRising_Snowman_NoFire.webp,5,4,Snow,SummerClothing,Camels,SunRising,Snowman,NoFire,2026-07-27T13:50:48.513Z
6978c4ce16debe179b052814,35,NS_WC_Ca_SM_Sn_NF,NoSnow_WinterClothing_Camels_SunMid_Snowman_NoFire.webp,6,3,NoSnow,WinterClothing,Camels,SunMid,Snowman,NoFire,2026-07-27T13:50:57.445Z
6978c4ce16debe179b052814,36,NS_SC_Ca_SM_Sn_NF,NoSnow_SummerClothing_Camels_SunMid_Snowman_NoFire.webp,5,3,NoSnow,SummerClothing,Camels,SunMid,Snowman,NoFire,2026-07-27T13:51:11.088Z
6978c4ce16debe179b052814,37,S_WC_Pe_SR_Sn_WF,Snow_WinterClothing_Penguins_SunRising_Snowman_Fire.webp,4,3,Snow,WinterClothing,Penguins,SunRising,Snowman,Fire,2026-07-27T13:51:24.778Z
6978c4ce16debe179b052814,38,NS_SC_Pe_SM_Sa_WF,NoSnow_SummerClothing_Penguins_SunMid_Sandcastle_Fire.webp,3,2,NoSnow,SummerClothing,Penguins,SunMid,Sandcastle,Fire,2026-07-27T13:51:32.828Z
6978c4ce16debe179b052814,39,NS_WC_Ca_SM_Sn_WF,NoSnow_WinterClothing_Camels_SunMid_Snowman_Fire.webp,6,5,NoSnow,WinterClothing,Camels,SunMid,Snowman,Fire,2026-07-27T13:51:52.654Z
6978c4ce16debe179b052814,40,S_SC_Ca_SM_Sa_WF,Snow_SummerClothing_Camels_SunMid_Sandcastle_Fire.webp,5,5,Snow,SummerClothing,Camels,SunMid,Sandcastle,Fire,2026-07-27T13:52:04.772Z
6978c4ce16debe179b052814,41,NS_WC_Pe_SM_Sn_NF,NoSnow_WinterClothing_Penguins_SunMid_Snowman_NoFire.webp,4,2,NoSnow,WinterClothing,Penguins,SunMid,Snowman,NoFire,2026-07-27T13:52:18.857Z
6978c4ce16debe179b052814,42,NS_SC_Ca_SR_Sn_WF,NoSnow_SummerClothing_Camels_SunRising_Snowman_Fire.webp,6,5,NoSnow,SummerClothing,Camels,SunRising,Snowman,Fire,2026-07-27T13:52:25.760Z
6978c4ce16debe179b052814,43,S_SC_Ca_SR_Sa_NF,Snow_SummerClothing_Camels_SunRising_Sandcastle_NoFire.webp,4,3,Snow,SummerClothing,Camels,SunRising,Sandcastle,NoFire,2026-07-27T13:52:32.948Z
6978c4ce16debe179b052814,44,NS_SC_Ca_SM_Sa_WF,NoSnow_SummerClothing_Camels_SunMid_Sandcastle_Fire.webp,6,4,NoSnow,SummerClothing,Camels,SunMid,Sandcastle,Fire,2026-07-27T13:52:52.315Z
6978c4ce16debe179b052814,45,S_WC_Ca_SM_Sn_NF,Snow_WinterClothing_Camels_SunMid_Snowman_NoFire.webp,3,5,Snow,WinterClothing,Camels,SunMid,Snowman,NoFire,2026-07-27T13:53:08.888Z
6978c4ce16debe179b052814,46,NS_SC_Pe_SR_Sa_WF,NoSnow_SummerClothing_Penguins_SunRising_Sandcastle_Fire.webp,6,4,NoSnow,SummerClothing,Penguins,SunRising,Sandcastle,Fire,2026-07-27T13:53:22.841Z
6978c4ce16debe179b052814,47,S_SC_Pe_SR_Sa_NF,Snow_SummerClothing_Penguins_SunRising_Sandcastle_NoFire.webp,4,4,Snow,SummerClothing,Penguins,SunRising,Sandcastle,NoFire,2026-07-27T13:53:38.217Z
6978c4ce16debe179b052814,48,S_WC_Ca_SR_Sa_NF,Snow_WinterClothing_Camels_SunRising_Sandcastle_NoFire.webp,3,4,Snow,WinterClothing,Camels,SunRising,Sandcastle,NoFire,2026-07-27T13:53:49.525Z
6978c4ce16debe179b052814,49,NS_SC_Pe_SR_Sn_WF,NoSnow_SummerClothing_Penguins_SunRising_Snowman_Fire.webp,3,4,NoSnow,SummerClothing,Penguins,SunRising,Snowman,Fire,2026-07-27T13:53:59.299Z
6978c4ce16debe179b052814,50,NS_WC_Pe_SR_Sn_NF,NoSnow_WinterClothing_Penguins_SunRising_Snowman_NoFire.webp,2,3,NoSnow,WinterClothing,Penguins,SunRising,Snowman,NoFire,2026-07-27T13:54:12.662Z
6978c4ce16debe179b052814,51,S_SC_Pe_SR_Sa_WF,Snow_SummerClothing_Penguins_SunRising_Sandcastle_Fire.webp,5,4,Snow,SummerClothing,Penguins,SunRising,Sandcastle,Fire,2026-07-27T13:54:23.919Z
6978c4ce16debe179b052814,52,S_WC_Pe_SM_Sn_WF,Snow_WinterClothing_Penguins_SunMid_Snowman_Fire.webp,4,3,Snow,WinterClothing,Penguins,SunMid,Snowman,Fire,2026-07-27T13:54:33.165Z
6978c4ce16debe179b052814,53,S_SC_Pe_SM_Sn_WF,Snow_SummerClothing_Penguins_SunMid_Snowman_Fire.webp,5,3,Snow,SummerClothing,Penguins,SunMid,Snowman,Fire,2026-07-27T13:54:46.448Z
6978c4ce16debe179b052814,54,S_SC_Ca_SR_Sn_WF,Snow_SummerClothing_Camels_SunRising_Snowman_Fire.webp,5,3,Snow,SummerClothing,Camels,SunRising,Snowman,Fire,2026-07-27T13:55:00.540Z
6978c4ce16debe179b052814,55,S_WC_Ca_SR_Sn_NF,Snow_WinterClothing_Camels_SunRising_Snowman_NoFire.webp,4,3,Snow,WinterClothing,Camels,SunRising,Snowman,NoFire,2026-07-27T13:55:09.455Z
6978c4ce16debe179b052814,56,NS_SC_Pe_SR_Sn_NF,NoSnow_SummerClothing_Penguins_SunRising_Snowman_NoFire.webp,6,5,NoSnow,SummerClothing,Penguins,SunRising,Snowman,NoFire,2026-07-27T13:55:23.633Z
6978c4ce16debe179b052814,57,NS_WC_Pe_SM_Sa_NF,NoSnow_WinterClothing_Penguins_SunMid_Sandcastle_NoFire.webp,3,4,NoSnow,WinterClothing,Penguins,SunMid,Sandcastle,NoFire,2026-07-27T13:55:37.797Z
6978c4ce16debe179b052814,58,NS_WC_Pe_SR_Sn_WF,NoSnow_WinterClothing_Penguins_SunRising_Snowman_Fire.webp,6,4,NoSnow,WinterClothing,Penguins,SunRising,Snowman,Fire,2026-07-27T13:55:55.067Z
6978c4ce16debe179b052814,59,S_WC_Pe_SR_Sa_NF,Snow_WinterClothing_Penguins_SunRising_Sandcastle_NoFire.webp,3,4,Snow,WinterClothing,Penguins,SunRising,Sandcastle,NoFire,2026-07-27T13:56:06.619Z
6978c4ce16debe179b052814,60,S_SC_Ca_SM_Sn_NF,Snow_SummerClothing_Camels_SunMid_Snowman_NoFire.webp,5,4,Snow,SummerClothing,Camels,SunMid,Snowman,NoFire,2026-07-27T13:56:16.871Z
6978c4ce16debe179b052814,61,NS_WC_Pe_SM_Sa_WF,NoSnow_WinterClothing_Penguins_SunMid_Sandcastle_Fire.webp,3,4,NoSnow,WinterClothing,Penguins,SunMid,Sandcastle,Fire,2026-07-27T13:56:39.275Z
6978c4ce16debe179b052814,62,S_WC_Pe_SM_Sn_NF,Snow_WinterClothing_Penguins_SunMid_Snowman_NoFire.webp,4,4,Snow,WinterClothing,Penguins,SunMid,Snowman,NoFire,2026-07-27T13:56:50.916Z
6978c4ce16debe179b052814,63,S_SC_Pe_SM_Sa_WF,Snow_SummerClothing_Penguins_SunMid_Sandcastle_Fire.webp,3,4,Snow,SummerClothing,Penguins,SunMid,Sandcastle,Fire,2026-07-27T13:56:59.919Z
