participant_id,submission_index,conditionId,fileName,thermalComfort,realism,snow,clothing,animals,sunPosition,sceneObject,fire,submittedAt
69e940579010b94b65b2203c,0,S_WC_Pe_SM_Sa_NF,Snow_WinterClothing_Penguins_SunMid_Sandcastle_NoFire.webp,1,1,Snow,WinterClothing,Penguins,SunMid,Sandcastle,NoFire,2026-07-27T13:44:10.826Z
69e940579010b94b65b2203c,1,NS_SC_Pe_SM_Sn_WF,NoSnow_SummerClothing_Penguins_SunMid_Snowman_Fire.webp,6,1,NoSnow,SummerClothing,Penguins,SunMid,Snowman,Fire,2026-07-27T13:44:46.173Z
69e940579010b94b65b2203c,2,S_SC_Pe_SR_Sn_WF,Snow_SummerClothing_Penguins_SunRising_Snowman_Fire.webp,2,1,Snow,SummerClothing,Penguins,SunRising,Snowman,Fire,2026-07-27T13:45:17.277Z
69e940579010b94b65b2203c,3,NS_WC_Pe_SR_Sn_WF,NoSnow_WinterClothing_Penguins_SunRising_Snowman_Fire.webp,4,1,NoSnow,WinterClothing,Penguins,SunRising,Snowman,Fire,2026-07-27T13:45:48.057Z
69e940579010b94b65b2203c,4,NS_WC_Ca_SR_Sn_NF,NoSnow_WinterClothing_Camels_SunRising_Snowman_NoFire.webp,4,1,NoSnow,WinterClothing,Camels,SunRising,Snowman,NoFire,2026-07-27T13:46:13.016Z
69e940579010b94b65b2203c,5,S_SC_Ca_SM_Sa_WF,Snow_SummerClothing_Camels_SunMid_Sandcastle_Fire.webp,6,6,Snow,SummerClothing,Camels,SunMid,Sandcastle,Fire,2026-07-27T13:46:50.163Z
69e940579010b94b65b2203c,6,NS_SC_Pe_SM_Sa_NF,NoSnow_SummerClothing_Penguins_SunMid_Sandcastle_NoFire.webp,4,1,NoSnow,SummerClothing,Penguins,SunMid,Sandcastle,NoFire,2026-07-27T13:47:10.975Z
69e940579010b94b65b2203c,7,NS_SC_Ca_SR_Sn_WF,NoSnow_SummerClothing_Camels_SunRising_Snowman_Fire.webp,4,1,NoSnow,SummerClothing,Camels,SunRising,Snowman,Fire,2026-07-27T13:47:29.169Z
69e940579010b94b65b2203c,8,NS_WC_Pe_SM_Sn_NF,NoSnow_WinterClothing_Penguins_SunMid_Snowman_NoFire.webp,4,1,NoSnow,WinterClothing,Penguins,SunMid,Snowman,NoFire,2026-07-27T13:47:47.554Z
69e940579010b94b65b2203c,9,S_SC_Ca_SR_Sn_WF,Snow_SummerClothing_Camels_SunRising_Snowman_Fire.webp,2,1,Snow,SummerClothing,Camels,SunRising,Snowman,Fire,2026-07-27T13:48:13.064Z
69e940579010b94b65b2203c,10,NS_SC_Ca_SR_Sa_NF,NoSnow_SummerClothing_Camels_SunRising_Sandcastle_NoFire.webp,4,6,NoSnow,SummerClothing,Camels,SunRising,Sandcastle,NoFire,2026-07-27T13:48:35.024Z
69e940579010b94b65b2203c,11,NS_SC_Ca_SR_Sa_WF,NoSnow_SummerClothing_Camels_SunRising_Sandcastle_Fire.webp,4,6,NoSnow,SummerClothing,Camels,SunRising,Sandcastle,Fire,2026-07-27T13:48:54.210Z
69e940579010b94b65b2203c,12,NS_SC_Ca_SR_Sn_NF,NoSnow_SummerClothing_Camels_SunRising_Snowman_NoFire.webp,3,1,NoSnow,SummerClothing,Camels,SunRising,Snowman,NoFire,2026-07-27T13:49:18.734Z
69e940579010b94b65b2203c,13,NS_WC_Pe_SR_Sa_WF,NoSnow_WinterClothing_Penguins_SunRising_Sandcastle_Fire.webp,4,1,NoSnow,WinterClothing,Penguins,SunRising,Sandcastle,Fire,2026-07-27T13:49:35.102Z
69e940579010b94b65b2203c,14,S_SC_Pe_SM_Sn_NF,Snow_SummerClothing_Penguins_SunMid_Snowman_NoFire.webp,2,6,Snow,SummerClothing,Penguins,SunMid,Snowman,NoFire,2026-07-27T13:49:52.324Z
69e940579010b94b65b2203c,15,NS_WC_Ca_SR_Sn_WF,NoSnow_WinterClothing_Camels_SunRising_Snowman_Fire.webp,4,1,NoSnow,WinterClothing,Camels,SunRising,Snowman,Fire,2026-07-27T13:50:08.584Z
69e940579010b94b65b2203c,16,S_SC_Ca_SM_Sn_NF,Snow_SummerClothing_Camels_SunMid_Snowman_NoFire.webp,2,1,Snow,SummerClothing,Camels,SunMid,Snowman,NoFire,2026-07-27T13:50:33.591Z
69e940579010b94b65b2203c,17,NS_SC_Pe_SR_Sa_WF,NoSnow_SummerClothing_Penguins_SunRising_Sandcastle_Fire.webp,3,1,NoSnow,SummerClothing,Penguins,SunRising,Sandcastle,Fire,2026-07-27T13:50:52.194Z
69e940579010b94b65b2203c,18,S_SC_Ca_SR_Sn_NF,Snow_SummerClothing_Camels_SunRising_Snowman_NoFire.webp,2,1,Snow,SummerClothing,Camels,SunRising,Snowman,NoFire,2026-07-27T13:51:12.666Z
69e940579010b94b65b2203c,19,NS_SC_Ca_SM_Sa_WF,NoSnow_SummerClothing_Camels_SunMid_Sandcastle_Fire.webp,6,6,NoSnow,SummerClothing,Camels,SunMid,Sandcastle,Fire,2026-07-27T13:51:27.234Z
69e940579010b94b65b2203c,20,S_SC_Pe_SR_Sa_WF,Snow_SummerClothing_Penguins_SunRising_Sandcastle_Fire.webp,2,1,Snow,SummerClothing,Penguins,SunRising,Sandcastle,Fire,2026-07-27T13:51:46.857Z
69e940579010b94b65b2203c,21,NS_WC_Pe_SR_Sn_NF,NoSnow_WinterClothing_Penguins_SunRising_Snowman_NoFire.webp,3,1,NoSnow,WinterClothing,Penguins,SunRising,Snowman,NoFire,2026-07-27T13:52:03.966Z
69e940579010b94b65b2203c,22,NS_WC_Ca_SM_Sa_NF,NoSnow_WinterClothing_Camels_SunMid_Sandcastle_NoFire.webp,5,6,NoSnow,WinterClothing,Camels,SunMid,Sandcastle,NoFire,2026-07-27T13:52:31.356Z
69e940579010b94b65b2203c,23,NS_SC_Pe_SR_Sn_NF,NoSnow_SummerClothing_Penguins_SunRising_Snowman_NoFire.webp,3,1,NoSnow,SummerClothing,Penguins,SunRising,Snowman,NoFire,2026-07-27T13:52:48.713Z
69e940579010b94b65b2203c,24,NS_WC_Pe_SR_Sa_NF,NoSnow_WinterClothing_Penguins_SunRising_Sandcastle_NoFire.webp,4,1,NoSnow,WinterClothing,Penguins,SunRising,Sandcastle,NoFire,2026-07-27T13:53:00.440Z
69e940579010b94b65b2203c,25,NS_SC_Pe_SR_Sa_NF,NoSnow_SummerClothing_Penguins_SunRising_Sandcastle_NoFire.webp,4,1,NoSnow,SummerClothing,Penguins,SunRising,Sandcastle,NoFire,2026-07-27T13:53:12.368Z
69e940579010b94b65b2203c,26,NS_WC_Ca_SR_Sa_WF,NoSnow_WinterClothing_Camels_SunRising_Sandcastle_Fire.webp,4,6,NoSnow,WinterClothing,Camels,SunRising,Sandcastle,Fire,2026-07-27T13:53:32.499Z
69e940579010b94b65b2203c,27,NS_SC_Ca_SM_Sn_WF,NoSnow_SummerClothing_Camels_SunMid_Snowman_Fire.webp,6,1,NoSnow,SummerClothing,Camels,SunMid,Snowman,Fire,2026-07-27T13:53:48.422Z
69e940579010b94b65b2203c,28,NS_SC_Pe_SM_Sn_NF,NoSnow_SummerClothing_Penguins_SunMid_Snowman_NoFire.webp,5,1,NoSnow,SummerClothing,Penguins,SunMid,Snowman,NoFire,2026-07-27T13:54:00.460Z
69e940579010b94b65b2203c,29,S_WC_Ca_SR_Sa_NF,Snow_WinterClothing_Camels_SunRising_Sandcastle_NoFire.webp,1,1,Snow,WinterClothing,Camels,SunRising,Sandcastle,NoFire,2026-07-27T13:54:12.305Z
69e940579010b94b65b2203c,30,NS_SC_Pe_SM_Sa_WF,NoSnow_SummerClothing_Penguins_SunMid_Sandcastle_Fire.webp,7,1,NoSnow,SummerClothing,Penguins,SunMid,Sandcastle,Fire,2026-07-27T13:54:28.646Z
69e940579010b94b65b2203c,31,S_SC_Pe_SM_Sa_WF,Snow_SummerClothing_Penguins_SunMid_Sandcastle_Fire.webp,3,2,Snow,SummerClothing,Penguins,SunMid,Sandcastle,Fire,2026-07-27T13:54:45.687Z
69e940579010b94b65b2203c,32,S_SC_Pe_SM_Sa_NF,Snow_SummerClothing_Penguins_SunMid_Sandcastle_NoFire.webp,2,2,Snow,SummerClothing,Penguins,SunMid,Sandcastle,NoFire,2026-07-27T13:55:02.295Z
69e940579010b94b65b2203c,33,S_WC_Pe_SM_Sa_WF,Snow_WinterClothing_Penguins_SunMid_Sandcastle_Fire.webp,3,2,Snow,WinterClothing,Penguins,SunMid,Sandcastle,Fire,2026-07-27T13:55:30.690Z
69e940579010b94b65b2203c,34,NS_WC_Ca_SM_Sa_WF,NoSnow_WinterClothing_Camels_SunMid_Sandcastle_Fire.webp,7,5,NoSnow,WinterClothing,Camels,SunMid,Sandcastle,Fire,2026-07-27T13:55:49.176Z
69e940579010b94b65b2203c,35,NS_WC_Pe_SM_Sa_WF,NoSnow_WinterClothing_Penguins_SunMid_Sandcastle_Fire.webp,7,1,NoSnow,WinterClothing,Penguins,SunMid,Sandcastle,Fire,2026-07-27T13:56:01.804Z
69e940579010b94b65b2203c,36,S_WC_Ca_SM_Sn_NF,Snow_WinterClothing_Camels_SunMid_Snowman_NoFire.webp,3,1,Snow,WinterClothing,Camels,SunMid,Snowman,NoFire,2026-07-27T13:56:14.327Z
69e940579010b94b65b2203c,37,S_WC_Ca_SR_Sa_WF,Snow_WinterClothing_Camels_SunRising_Sandcastle_Fire.webp,3,1,Snow,WinterClothing,Camels,SunRising,Sandcastle,Fire,2026-07-27T13:56:35.288Z
69e940579010b94b65b2203c,38,S_SC_Ca_SR_Sa_NF,Snow_SummerClothing_Camels_SunRising_Sandcastle_NoFire.webp,1,1,Snow,SummerClothing,Camels,SunRising,Sandcastle,NoFire,2026-07-27T13:56:56.107Z
69e940579010b94b65b2203c,39,S_WC_Pe_SR_Sa_WF,Snow_WinterClothing_Penguins_SunRising_Sandcastle_Fire.webp,2,2,Snow,WinterClothing,Penguins,SunRising,Sandcastle,Fire,2026-07-27T13:57:16.578Z
69e940579010b94b65b2203c,40,S_SC_Ca_SM_Sa_NF,Snow_SummerClothing_Camels_SunMid_Sandcastle_NoFire.webp,2,1,Snow,SummerClothing,Camels,SunMid,Sandcastle,NoFire,2026-07-27T13:57:32.194Z
69e940579010b94b65b2203c,41,NS_SC_Pe_SR_Sn_WF,NoSnow_SummerClothing_Penguins_SunRising_Snowman_Fire.webp,4,1,NoSnow,SummerClothing,Penguins,SunRising,Snowman,Fire,2026-07-27T13:57:48.296Z
69e940579010b94b65b2203c,42,S_WC_Ca_SR_Sn_NF,Snow_WinterClothing_Camels_SunRising_Snowman_NoFire.webp,2,1,Snow,WinterClothing,Camels,SunRising,Snowman,NoFire,2026-07-27T13:58:08.341Z
69e940579010b94b65b2203c,43,NS_WC_Ca_SM_Sn_NF,NoSnow_WinterClothing_Camels_SunMid_Snowman_NoFire.webp,6,1,NoSnow,WinterClothing,Camels,SunMid,Snowman,NoFire,2026-07-27T13:58:20.733Z
69e940579010b94b65b2203c,44,NS_SC_Ca_SM_Sa_NF,NoSnow_SummerClothing_Camels_SunMid_Sandcastle_NoFire.webp,5,7,NoSnow,SummerClothing,Camels,SunMid,Sandcastle,NoFire,2026-07-27T13:58:37.726Z
69e940579010b94b65b2203c,45,S_WC_Ca_SM_Sa_WF,Snow_WinterClothing_Camels_SunMid_Sandcastle_Fire.webp,5,1,Snow,WinterClothing,Camels,SunMid,Sandcastle,Fire,2026-07-27T13:58:49.488Z
69e940579010b94b65b2203c,46,NS_WC_Pe_SM_Sa_NF,NoSnow_WinterClothing_Penguins_SunMid_Sandcastle_NoFire.webp,6,1,NoSnow,WinterClothing,Penguins,SunMid,Sandcastle,NoFire,2026-07-27T13:58:58.858Z
69e940579010b94b65b2203c,47,S_WC_Pe_SM_Sn_WF,Snow_WinterClothing_Penguins_SunMid_Snowman_Fire.webp,5,7,Snow,WinterClothing,Penguins,SunMid,Snowman,Fire,2026-07-27T13:59:14.581Z
69e940579010b94b65b2203c,48,S_WC_Pe_SR_Sn_WF,Snow_WinterClothing_Penguins_SunRising_Snowman_Fire.webp,5,7,Snow,WinterClothing,Penguins,SunRising,Snowman,Fire,2026-07-27T13:59:33.559Z
69e940579010b94b65b2203c,49,S_WC_Ca_SM_Sa_NF,Snow_WinterClothing_Camels_SunMid_Sandcastle_NoFire.webp,4,1,Snow,WinterClothing,Camels,SunMid,Sandcastle,NoFire,2026-07-27T13:59:46.388Z
69e940579010b94b65b2203c,50,S_WC_Pe_SR_Sa_NF,Snow_WinterClothing_Penguins_SunRising_Sandcastle_NoFire.webp,2,6,Snow,WinterClothing,Penguins,SunRising,Sandcastle,NoFire,2026-07-27T14:00:03.096Z
69e940579010b94b65b2203c,51,S_SC_Pe_SM_Sn_WF,Snow_SummerClothing_Penguins_SunMid_Snowman_Fire.webp,2,6,Snow,SummerClothing,Penguins,SunMid,Snowman,Fire,2026-07-27T14:00:25.285Z
69e940579010b94b65b2203c,52,S_SC_Pe_SR_Sn_NF,Snow_SummerClothing_Penguins_SunRising_Snowman_NoFire.webp,1,6,Snow,SummerClothing,Penguins,SunRising,Snowman,NoFire,2026-07-27T14:00:42.695Z
69e940579010b94b65b2203c,53,NS_WC_Pe_SM_Sn_WF,NoSnow_WinterClothing_Penguins_SunMid_Snowman_Fire.webp,7,1,NoSnow,WinterClothing,Penguins,SunMid,Snowman,Fire,2026-07-27T14:00:59.434Z
69e940579010b94b65b2203c,54,S_WC_Pe_SR_Sn_NF,Snow_WinterClothing_Penguins_SunRising_Snowman_NoFire.webp,3,6,Snow,WinterClothing,Penguins,SunRising,Snowman,NoFire,2026-07-27T14:01:11.790Z
69e940579010b94b65b2203c,55,NS_SC_Ca_SM_Sn_NF,NoSnow_SummerClothing_Camels_SunMid_Snowman_NoFire.webp,4,1,NoSnow,SummerClothing,Camels,SunMid,Snowman,NoFire,2026-07-27T14:01:31.529Z
69e940579010b94b65b2203c,56,S_SC_Pe_SR_Sa_NF,Snow_SummerClothing_Penguins_SunRising_Sandcastle_NoFire.webp,1,2,Snow,SummerClothing,Penguins,SunRising,Sandcastle,NoFire,2026-07-27T14:01:42.911Z
69e940579010b94b65b2203c,57,S_SC_Ca_SR_Sa_WF,Snow_SummerClothing_Camels_SunRising_Sandcastle_Fire.webp,2,1,Snow,SummerClothing,Camels,SunRising,Sandcastle,Fire,2026-07-27T14:02:00.362Z
69e940579010b94b65b2203c,58,S_WC_Ca_SR_Sn_WF,Snow_WinterClothing_Camels_SunRising_Snowman_Fire.webp,4,1,Snow,WinterClothing,Camels,SunRising,Snowman,Fire,2026-07-27T14:02:16.311Z
69e940579010b94b65b2203c,59,S_WC_Ca_SM_Sn_WF,Snow_WinterClothing_Camels_SunMid_Snowman_Fire.webp,4,1,Snow,WinterClothing,Camels,SunMid,Snowman,Fire,2026-07-27T14:02:30.718Z
69e940579010b94b65b2203c,60,NS_WC_Ca_SR_Sa_NF,NoSnow_WinterClothing_Camels_SunRising_Sandcastle_NoFire.webp,5,5,NoSnow,WinterClothing,Camels,SunRising,Sandcastle,NoFire,2026-07-27T14:02:54.200Z
69e940579010b94b65b2203c,61,S_SC_Ca_SM_Sn_WF,Snow_SummerClothing_Camels_SunMid_Snowman_Fire.webp,2,1,Snow,SummerClothing,Camels,SunMid,Snowman,Fire,2026-07-27T14:03:10.240Z
69e940579010b94b65b2203c,62,S_WC_Pe_SM_Sn_NF,Snow_WinterClothing_Penguins_SunMid_Snowman_NoFire.webp,3,7,Snow,WinterClothing,Penguins,SunMid,Snowman,NoFire,2026-07-27T14:03:28.743Z
69e940579010b94b65b2203c,63,NS_WC_Ca_SM_Sn_WF,NoSnow_WinterClothing_Camels_SunMid_Snowman_Fire.webp,7,1,NoSnow,WinterClothing,Camels,SunMid,Snowman,Fire,2026-07-27T14:03:42.215Z
6a019388b664eaeb436db6f5,0,NS_WC_Pe_SR_Sn_NF,NoSnow_WinterClothing_Penguins_SunRising_Snowman_NoFire.webp,2,1,NoSnow,WinterClothing,Penguins,SunRising,Snowman,NoFire,2026-07-27T13:45:37.787Z
6a019388b664eaeb436db6f5,1,NS_SC_Pe_SR_Sa_WF,NoSnow_SummerClothing_Penguins_SunRising_Sandcastle_Fire.webp,6,1,NoSnow,SummerClothing,Penguins,SunRising,Sandcastle,Fire,2026-07-27T13:46:22.914Z
6a019388b664eaeb436db6f5,2,NS_WC_Ca_SR_Sn_WF,NoSnow_WinterClothing_Camels_SunRising_Snowman_Fire.webp,6,1,NoSnow,WinterClothing,Camels,SunRising,Snowman,Fire,2026-07-27T13:46:57.758Z
6a019388b664eaeb436db6f5,3,S_WC_Ca_SR_Sa_WF,Snow_WinterClothing_Camels_SunRising_Sandcastle_Fire.webp,3,1,Snow,WinterClothing,Camels,SunRising,Sandcastle,Fire,2026-07-27T13:47:20.243Z
6a019388b664eaeb436db6f5,4,S_SC_Ca_SM_Sn_WF,Snow_SummerClothing_Camels_SunMid_Snowman_Fire.webp,3,1,Snow,SummerClothing,Camels,SunMid,Snowman,Fire,2026-07-27T13:47:39.403Z
6a019388b664eaeb436db6f5,5,S_SC_Pe_SR_Sn_WF,Snow_SummerClothing_Penguins_SunRising_Snowman_Fire.webp,4,1,Snow,SummerClothing,Penguins,SunRising,Snowman,Fire,2026-07-27T13:48:05.376Z
6a019388b664eaeb436db6f5,6,NS_WC_Pe_SM_Sa_WF,NoSnow_WinterClothing_Penguins_SunMid_Sandcastle_Fire.webp,4,1,NoSnow,WinterClothing,Penguins,SunMid,Sandcastle,Fire,2026-07-27T13:48:19.985Z
6a019388b664eaeb436db6f5,7,S_WC_Pe_SM_Sn_NF,Snow_WinterClothing_Penguins_SunMid_Snowman_NoFire.webp,2,5,Snow,WinterClothing,Penguins,SunMid,Snowman,NoFire,2026-07-27T13:48:37.497Z
6a019388b664eaeb436db6f5,8,NS_SC_Ca_SR_Sn_NF,NoSnow_SummerClothing_Camels_SunRising_Snowman_NoFire.webp,4,1,NoSnow,SummerClothing,Camels,SunRising,Snowman,NoFire,2026-07-27T13:48:50.405Z
6a019388b664eaeb436db6f5,9,NS_WC_Ca_SM_Sn_NF,NoSnow_WinterClothing_Camels_SunMid_Snowman_NoFire.webp,4,1,NoSnow,WinterClothing,Camels,SunMid,Snowman,NoFire,2026-07-27T13:49:03.510Z
6a019388b664eaeb436db6f5,10,S_SC_Pe_SR_Sa_WF,Snow_SummerClothing_Penguins_SunRising_Sandcastle_Fire.webp,4,1,Snow,SummerClothing,Penguins,SunRising,Sandcastle,Fire,2026-07-27T13:49:18.137Z
6a019388b664eaeb436db6f5,11,S_WC_Ca_SM_Sn_NF,Snow_WinterClothing_Camels_SunMid_Snowman_NoFire.webp,3,1,Snow,WinterClothing,Camels,SunMid,Snowman,NoFire,2026-07-27T13:49:30.715Z
6a019388b664eaeb436db6f5,12,S_WC_Ca_SR_Sa_NF,Snow_WinterClothing_Camels_SunRising_Sandcastle_NoFire.webp,4,1,Snow,WinterClothing,Camels,SunRising,Sandcastle,NoFire,2026-07-27T13:49:44.788Z
6a019388b664eaeb436db6f5,13,S_WC_Ca_SM_Sn_WF,Snow_WinterClothing_Camels_SunMid_Snowman_Fire.webp,4,1,Snow,WinterClothing,Camels,SunMid,Snowman,Fire,2026-07-27T13:49:57.864Z
6a019388b664eaeb436db6f5,14,NS_WC_Ca_SM_Sa_NF,NoSnow_WinterClothing_Camels_SunMid_Sandcastle_NoFire.webp,6,4,NoSnow,WinterClothing,Camels,SunMid,Sandcastle,NoFire,2026-07-27T13:50:18.559Z
6a019388b664eaeb436db6f5,15,S_SC_Ca_SM_Sa_NF,Snow_SummerClothing_Camels_SunMid_Sandcastle_NoFire.webp,3,1,Snow,SummerClothing,Camels,SunMid,Sandcastle,NoFire,2026-07-27T13:50:37.361Z
6a019388b664eaeb436db6f5,16,S_SC_Ca_SM_Sa_WF,Snow_SummerClothing_Camels_SunMid_Sandcastle_Fire.webp,4,1,Snow,SummerClothing,Camels,SunMid,Sandcastle,Fire,2026-07-27T13:50:49.012Z
6a019388b664eaeb436db6f5,17,NS_WC_Pe_SR_Sa_NF,NoSnow_WinterClothing_Penguins_SunRising_Sandcastle_NoFire.webp,4,3,NoSnow,WinterClothing,Penguins,SunRising,Sandcastle,NoFire,2026-07-27T13:51:03.001Z
6a019388b664eaeb436db6f5,18,NS_SC_Ca_SM_Sn_WF,NoSnow_SummerClothing_Camels_SunMid_Snowman_Fire.webp,5,1,NoSnow,SummerClothing,Camels,SunMid,Snowman,Fire,2026-07-27T13:51:19.892Z
6a019388b664eaeb436db6f5,19,S_SC_Ca_SR_Sn_NF,Snow_SummerClothing_Camels_SunRising_Snowman_NoFire.webp,3,1,Snow,SummerClothing,Camels,SunRising,Snowman,NoFire,2026-07-27T13:51:32.426Z
6a019388b664eaeb436db6f5,20,NS_SC_Pe_SM_Sa_WF,NoSnow_SummerClothing_Penguins_SunMid_Sandcastle_Fire.webp,6,1,NoSnow,SummerClothing,Penguins,SunMid,Sandcastle,Fire,2026-07-27T13:51:49.897Z
6a019388b664eaeb436db6f5,21,NS_WC_Ca_SR_Sa_NF,NoSnow_WinterClothing_Camels_SunRising_Sandcastle_NoFire.webp,3,5,NoSnow,WinterClothing,Camels,SunRising,Sandcastle,NoFire,2026-07-27T13:52:03.404Z
6a019388b664eaeb436db6f5,22,NS_WC_Ca_SR_Sn_NF,NoSnow_WinterClothing_Camels_SunRising_Snowman_NoFire.webp,3,2,NoSnow,WinterClothing,Camels,SunRising,Snowman,NoFire,2026-07-27T13:52:18.468Z
6a019388b664eaeb436db6f5,23,S_WC_Pe_SR_Sn_NF,Snow_WinterClothing_Penguins_SunRising_Snowman_NoFire.webp,2,6,Snow,WinterClothing,Penguins,SunRising,Snowman,NoFire,2026-07-27T13:52:33.559Z
6a019388b664eaeb436db6f5,24,S_WC_Pe_SM_Sa_WF,Snow_WinterClothing_Penguins_SunMid_Sandcastle_Fire.webp,3,1,Snow,WinterClothing,Penguins,SunMid,Sandcastle,Fire,2026-07-27T13:52:50.299Z
6a019388b664eaeb436db6f5,25,NS_WC_Pe_SR_Sn_WF,NoSnow_WinterClothing_Penguins_SunRising_Snowman_Fire.webp,4,1,NoSnow,WinterClothing,Penguins,SunRising,Snowman,Fire,2026-07-27T13:53:07.145Z
6a019388b664eaeb436db6f5,26,S_SC_Pe_SM_Sn_WF,Snow_SummerClothing_Penguins_SunMid_Snowman_Fire.webp,3,2,Snow,SummerClothing,Penguins,SunMid,Snowman,Fire,2026-07-27T13:53:26.804Z
6a019388b664eaeb436db6f5,27,S_WC_Ca_SM_Sa_WF,Snow_WinterClothing_Camels_SunMid_Sandcastle_Fire.webp,4,1,Snow,WinterClothing,Camels,SunMid,Sandcastle,Fire,2026-07-27T13:53:44.020Z
6a019388b664eaeb436db6f5,28,NS_WC_Pe_SM_Sa_NF,NoSnow_WinterClothing_Penguins_SunMid_Sandcastle_NoFire.webp,6,4,NoSnow,WinterClothing,Penguins,SunMid,Sandcastle,NoFire,2026-07-27T13:53:56.657Z
6a019388b664eaeb436db6f5,29,NS_SC_Pe_SM_Sa_NF,NoSnow_SummerClothing_Penguins_SunMid_Sandcastle_NoFire.webp,6,5,NoSnow,SummerClothing,Penguins,SunMid,Sandcastle,NoFire,2026-07-27T13:54:06.213Z
6a019388b664eaeb436db6f5,30,S_WC_Ca_SR_Sn_NF,Snow_WinterClothing_Camels_SunRising_Snowman_NoFire.webp,3,4,Snow,WinterClothing,Camels,SunRising,Snowman,NoFire,2026-07-27T13:54:16.624Z
6a019388b664eaeb436db6f5,31,S_WC_Pe_SM_Sa_NF,Snow_WinterClothing_Penguins_SunMid_Sandcastle_NoFire.webp,3,2,Snow,WinterClothing,Penguins,SunMid,Sandcastle,NoFire,2026-07-27T13:54:28.134Z
6a019388b664eaeb436db6f5,32,S_WC_Pe_SR_Sa_NF,Snow_WinterClothing_Penguins_SunRising_Sandcastle_NoFire.webp,3,2,Snow,WinterClothing,Penguins,SunRising,Sandcastle,NoFire,2026-07-27T13:54:39.811Z
6a019388b664eaeb436db6f5,33,S_SC_Ca_SR_Sn_WF,Snow_SummerClothing_Camels_SunRising_Snowman_Fire.webp,4,1,Snow,SummerClothing,Camels,SunRising,Snowman,Fire,2026-07-27T13:54:52.511Z
6a019388b664eaeb436db6f5,34,S_WC_Ca_SM_Sa_NF,Snow_WinterClothing_Camels_SunMid_Sandcastle_NoFire.webp,3,1,Snow,WinterClothing,Camels,SunMid,Sandcastle,NoFire,2026-07-27T13:55:07.728Z
6a019388b664eaeb436db6f5,35,NS_SC_Pe_SR_Sn_NF,NoSnow_SummerClothing_Penguins_SunRising_Snowman_NoFire.webp,3,2,NoSnow,SummerClothing,Penguins,SunRising,Snowman,NoFire,2026-07-27T13:55:33.119Z
6a019388b664eaeb436db6f5,36,NS_WC_Pe_SM_Sn_NF,NoSnow_WinterClothing_Penguins_SunMid_Snowman_NoFire.webp,6,1,NoSnow,WinterClothing,Penguins,SunMid,Snowman,NoFire,2026-07-27T13:55:52.033Z
6a019388b664eaeb436db6f5,37,NS_SC_Ca_SM_Sa_NF,NoSnow_SummerClothing_Camels_SunMid_Sandcastle_NoFire.webp,7,7,NoSnow,SummerClothing,Camels,SunMid,Sandcastle,NoFire,2026-07-27T13:56:05.275Z
6a019388b664eaeb436db6f5,38,S_WC_Ca_SR_Sn_WF,Snow_WinterClothing_Camels_SunRising_Snowman_Fire.webp,3,2,Snow,WinterClothing,Camels,SunRising,Snowman,Fire,2026-07-27T13:56:15.874Z
6a019388b664eaeb436db6f5,39,NS_WC_Ca_SR_Sa_WF,NoSnow_WinterClothing_Camels_SunRising_Sandcastle_Fire.webp,5,7,NoSnow,WinterClothing,Camels,SunRising,Sandcastle,Fire,2026-07-27T13:56:37.876Z
6a019388b664eaeb436db6f5,40,NS_SC_Pe_SR_Sn_WF,NoSnow_SummerClothing_Penguins_SunRising_Snowman_Fire.webp,4,1,NoSnow,SummerClothing,Penguins,SunRising,Snowman,Fire,2026-07-27T13:56:50.196Z
6a019388b664eaeb436db6f5,41,S_SC_Pe_SR_Sa_NF,Snow_SummerClothing_Penguins_SunRising_Sandcastle_NoFire.webp,2,1,Snow,SummerClothing,Penguins,SunRising,Sandcastle,NoFire,2026-07-27T13:57:02.557Z
6a019388b664eaeb436db6f5,42,NS_SC_Ca_SR_Sa_WF,NoSnow_SummerClothing_Camels_SunRising_Sandcastle_Fire.webp,5,7,NoSnow,SummerClothing,Camels,SunRising,Sandcastle,Fire,2026-07-27T13:57:14.676Z
6a019388b664eaeb436db6f5,43,NS_SC_Ca_SM_Sn_NF,NoSnow_SummerClothing_Camels_SunMid_Snowman_NoFire.webp,6,1,NoSnow,SummerClothing,Camels,SunMid,Snowman,NoFire,2026-07-27T13:57:31.798Z
6a019388b664eaeb436db6f5,44,NS_WC_Pe_SR_Sa_WF,NoSnow_WinterClothing_Penguins_SunRising_Sandcastle_Fire.webp,3,2,NoSnow,WinterClothing,Penguins,SunRising,Sandcastle,Fire,2026-07-27T13:57:42.265Z
6a019388b664eaeb436db6f5,45,S_SC_Pe_SM_Sn_NF,Snow_SummerClothing_Penguins_SunMid_Snowman_NoFire.webp,2,2,Snow,SummerClothing,Penguins,SunMid,Snowman,NoFire,2026-07-27T13:57:54.810Z
6a019388b664eaeb436db6f5,46,NS_SC_Ca_SM_Sa_WF,NoSnow_SummerClothing_Camels_SunMid_Sandcastle_Fire.webp,7,2,NoSnow,SummerClothing,Camels,SunMid,Sandcastle,Fire,2026-07-27T13:58:03.744Z
6a019388b664eaeb436db6f5,47,NS_SC_Pe_SM_Sn_WF,NoSnow_SummerClothing_Penguins_SunMid_Snowman_Fire.webp,6,1,NoSnow,SummerClothing,Penguins,SunMid,Snowman,Fire,2026-07-27T13:58:14.265Z
6a019388b664eaeb436db6f5,48,NS_WC_Ca_SM_Sn_WF,NoSnow_WinterClothing_Camels_SunMid_Snowman_Fire.webp,6,1,NoSnow,WinterClothing,Camels,SunMid,Snowman,Fire,2026-07-27T13:58:24.790Z
6a019388b664eaeb436db6f5,49,S_SC_Ca_SR_Sa_NF,Snow_SummerClothing_Camels_SunRising_Sandcastle_NoFire.webp,2,1,Snow,SummerClothing,Camels,SunRising,Sandcastle,NoFire,2026-07-27T13:58:31.989Z
6a019388b664eaeb436db6f5,50,S_SC_Pe_SM_Sa_WF,Snow_SummerClothing_Penguins_SunMid_Sandcastle_Fire.webp,3,2,Snow,SummerClothing,Penguins,SunMid,Sandcastle,Fire,2026-07-27T13:58:39.831Z
6a019388b664eaeb436db6f5,51,NS_SC_Pe_SM_Sn_NF,NoSnow_SummerClothing_Penguins_SunMid_Snowman_NoFire.webp,6,3,NoSnow,SummerClothing,Penguins,SunMid,Snowman,NoFire,2026-07-27T13:58:53.960Z
6a019388b664eaeb436db6f5,52,NS_SC_Ca_SR_Sa_NF,NoSnow_SummerClothing_Camels_SunRising_Sandcastle_NoFire.webp,4,7,NoSnow,SummerClothing,Camels,SunRising,Sandcastle,NoFire,2026-07-27T13:59:06.541Z
6a019388b664eaeb436db6f5,53,NS_SC_Ca_SR_Sn_WF,NoSnow_SummerClothing_Camels_SunRising_Snowman_Fire.webp,4,2,NoSnow,SummerClothing,Camels,SunRising,Snowman,Fire,2026-07-27T13:59:17.439Z
6a019388b664eaeb436db6f5,54,S_SC_Pe_SR_Sn_NF,Snow_SummerClothing_Penguins_SunRising_Snowman_NoFire.webp,3,2,Snow,SummerClothing,Penguins,SunRising,Snowman,NoFire,2026-07-27T13:59:28.283Z
6a019388b664eaeb436db6f5,55,NS_SC_Pe_SR_Sa_NF,NoSnow_SummerClothing_Penguins_SunRising_Sandcastle_NoFire.webp,3,4,NoSnow,SummerClothing,Penguins,SunRising,Sandcastle,NoFire,2026-07-27T13:59:45.492Z
6a019388b664eaeb436db6f5,56,NS_WC_Pe_SM_Sn_WF,NoSnow_WinterClothing_Penguins_SunMid_Snowman_Fire.webp,7,1,NoSnow,WinterClothing,Penguins,SunMid,Snowman,Fire,2026-07-27T13:59:55.427Z
6a019388b664eaeb436db6f5,57,S_SC_Ca_SM_Sn_NF,Snow_SummerClothing_Camels_SunMid_Snowman_NoFire.webp,2,1,Snow,SummerClothing,Camels,SunMid,Snowman,NoFire,2026-07-27T14:00:05.735Z
6a019388b664eaeb436db6f5,58,S_WC_Pe_SR_Sa_WF,Snow_WinterClothing_Penguins_SunRising_Sandcastle_Fire.webp,5,3,Snow,WinterClothing,Penguins,SunRising,Sandcastle,Fire,2026-07-27T14:00:22.456Z
6a019388b664eaeb436db6f5,59,S_WC_Pe_SM_Sn_WF,Snow_WinterClothing_Penguins_SunMid_Snowman_Fire.webp,4,7,Snow,WinterClothing,Penguins,SunMid,Snowman,Fire,2026-07-27T14:00:32.435Z
6a019388b664eaeb436db6f5,60,S_WC_Pe_SR_Sn_WF,Snow_WinterClothing_Penguins_SunRising_Snowman_Fire.webp,4,7,Snow,WinterClothing,Penguins,SunRising,Snowman,Fire,2026-07-27T14:00:45.559Z
6a019388b664eaeb436db6f5,61,S_SC_Ca_SR_Sa_WF,Snow_SummerClothing_Camels_SunRising_Sandcastle_Fire.webp,3,1,Snow,SummerClothing,Camels,SunRising,Sandcastle,Fire,2026-07-27T14:00:57.507Z
6a019388b664eaeb436db6f5,62,NS_WC_Ca_SM_Sa_WF,NoSnow_WinterClothing_Camels_SunMid_Sandcastle_Fire.webp,7,4,NoSnow,WinterClothing,Camels,SunMid,Sandcastle,Fire,2026-07-27T14:01:08.511Z
6a019388b664eaeb436db6f5,63,S_SC_Pe_SM_Sa_NF,Snow_SummerClothing_Penguins_SunMid_Sandcastle_NoFire.webp,2,1,Snow,SummerClothing,Penguins,SunMid,Sandcastle,NoFire,2026-07-27T14:01:15.933Z
5755c957eb80c4000741a9ce,0,S_WC_Pe_SM_Sa_WF,Snow_WinterClothing_Penguins_SunMid_Sandcastle_Fire.webp,3,2,Snow,WinterClothing,Penguins,SunMid,Sandcastle,Fire,2026-07-27T13:44:49.751Z
5755c957eb80c4000741a9ce,1,S_SC_Ca_SM_Sn_WF,Snow_SummerClothing_Camels_SunMid_Snowman_Fire.webp,5,1,Snow,SummerClothing,Camels,SunMid,Snowman,Fire,2026-07-27T13:45:04.930Z
5755c957eb80c4000741a9ce,2,NS_SC_Pe_SM_Sa_WF,NoSnow_SummerClothing_Penguins_SunMid_Sandcastle_Fire.webp,6,3,NoSnow,SummerClothing,Penguins,SunMid,Sandcastle,Fire,2026-07-27T13:45:20.479Z
5755c957eb80c4000741a9ce,3,NS_SC_Ca_SR_Sa_WF,NoSnow_SummerClothing_Camels_SunRising_Sandcastle_Fire.webp,6,5,NoSnow,SummerClothing,Camels,SunRising,Sandcastle,Fire,2026-07-27T13:45:35.018Z
5755c957eb80c4000741a9ce,4,NS_WC_Pe_SR_Sn_NF,NoSnow_WinterClothing_Penguins_SunRising_Snowman_NoFire.webp,3,3,NoSnow,WinterClothing,Penguins,SunRising,Snowman,NoFire,2026-07-27T13:45:45.383Z
5755c957eb80c4000741a9ce,5,NS_WC_Ca_SM_Sn_WF,NoSnow_WinterClothing_Camels_SunMid_Snowman_Fire.webp,3,1,NoSnow,WinterClothing,Camels,SunMid,Snowman,Fire,2026-07-27T13:45:56.181Z
5755c957eb80c4000741a9ce,6,S_WC_Pe_SM_Sn_NF,Snow_WinterClothing_Penguins_SunMid_Snowman_NoFire.webp,2,4,Snow,WinterClothing,Penguins,SunMid,Snowman,NoFire,2026-07-27T13:46:06.722Z
5755c957eb80c4000741a9ce,7,S_SC_Pe_SM_Sn_WF,Snow_SummerClothing_Penguins_SunMid_Snowman_Fire.webp,3,2,Snow,SummerClothing,Penguins,SunMid,Snowman,Fire,2026-07-27T13:46:17.882Z
5755c957eb80c4000741a9ce,8,NS_SC_Pe_SM_Sn_WF,NoSnow_SummerClothing_Penguins_SunMid_Snowman_Fire.webp,5,2,NoSnow,SummerClothing,Penguins,SunMid,Snowman,Fire,2026-07-27T13:46:35.198Z
5755c957eb80c4000741a9ce,9,S_WC_Ca_SM_Sn_NF,Snow_WinterClothing_Camels_SunMid_Snowman_NoFire.webp,3,1,Snow,WinterClothing,Camels,SunMid,Snowman,NoFire,2026-07-27T13:46:43.576Z
5755c957eb80c4000741a9ce,10,S_WC_Pe_SR_Sn_WF,Snow_WinterClothing_Penguins_SunRising_Snowman_Fire.webp,2,3,Snow,WinterClothing,Penguins,SunRising,Snowman,Fire,2026-07-27T13:46:52.191Z
5755c957eb80c4000741a9ce,11,NS_WC_Pe_SM_Sn_WF,NoSnow_WinterClothing_Penguins_SunMid_Snowman_Fire.webp,3,4,NoSnow,WinterClothing,Penguins,SunMid,Snowman,Fire,2026-07-27T13:47:00.273Z
5755c957eb80c4000741a9ce,12,NS_WC_Ca_SR_Sn_WF,NoSnow_WinterClothing_Camels_SunRising_Snowman_Fire.webp,3,1,NoSnow,WinterClothing,Camels,SunRising,Snowman,Fire,2026-07-27T13:47:06.772Z
5755c957eb80c4000741a9ce,13,NS_SC_Pe_SM_Sa_NF,NoSnow_SummerClothing_Penguins_SunMid_Sandcastle_NoFire.webp,6,5,NoSnow,SummerClothing,Penguins,SunMid,Sandcastle,NoFire,2026-07-27T13:47:14.977Z
5755c957eb80c4000741a9ce,14,NS_WC_Pe_SM_Sn_NF,NoSnow_WinterClothing_Penguins_SunMid_Snowman_NoFire.webp,4,2,NoSnow,WinterClothing,Penguins,SunMid,Snowman,NoFire,2026-07-27T13:47:23.764Z
5755c957eb80c4000741a9ce,15,S_SC_Pe_SR_Sn_NF,Snow_SummerClothing_Penguins_SunRising_Snowman_NoFire.webp,2,1,Snow,SummerClothing,Penguins,SunRising,Snowman,NoFire,2026-07-27T13:47:32.346Z
5755c957eb80c4000741a9ce,16,NS_SC_Ca_SR_Sn_WF,NoSnow_SummerClothing_Camels_SunRising_Snowman_Fire.webp,5,1,NoSnow,SummerClothing,Camels,SunRising,Snowman,Fire,2026-07-27T13:47:40.072Z
5755c957eb80c4000741a9ce,17,S_WC_Ca_SR_Sn_WF,Snow_WinterClothing_Camels_SunRising_Snowman_Fire.webp,4,2,Snow,WinterClothing,Camels,SunRising,Snowman,Fire,2026-07-27T13:47:53.138Z
5755c957eb80c4000741a9ce,18,S_WC_Ca_SM_Sa_NF,Snow_WinterClothing_Camels_SunMid_Sandcastle_NoFire.webp,3,2,Snow,WinterClothing,Camels,SunMid,Sandcastle,NoFire,2026-07-27T13:48:01.227Z
5755c957eb80c4000741a9ce,19,S_WC_Ca_SR_Sa_NF,Snow_WinterClothing_Camels_SunRising_Sandcastle_NoFire.webp,3,2,Snow,WinterClothing,Camels,SunRising,Sandcastle,NoFire,2026-07-27T13:48:09.764Z
5755c957eb80c4000741a9ce,20,S_SC_Pe_SM_Sa_WF,Snow_SummerClothing_Penguins_SunMid_Sandcastle_Fire.webp,5,3,Snow,SummerClothing,Penguins,SunMid,Sandcastle,Fire,2026-07-27T13:48:22.228Z
5755c957eb80c4000741a9ce,21,NS_WC_Ca_SM_Sa_NF,NoSnow_WinterClothing_Camels_SunMid_Sandcastle_NoFire.webp,6,4,NoSnow,WinterClothing,Camels,SunMid,Sandcastle,NoFire,2026-07-27T13:48:29.757Z
5755c957eb80c4000741a9ce,22,NS_WC_Ca_SR_Sa_WF,NoSnow_WinterClothing_Camels_SunRising_Sandcastle_Fire.webp,6,5,NoSnow,WinterClothing,Camels,SunRising,Sandcastle,Fire,2026-07-27T13:48:38.039Z
5755c957eb80c4000741a9ce,23,NS_WC_Pe_SM_Sa_NF,NoSnow_WinterClothing_Penguins_SunMid_Sandcastle_NoFire.webp,5,4,NoSnow,WinterClothing,Penguins,SunMid,Sandcastle,NoFire,2026-07-27T13:48:49.572Z
5755c957eb80c4000741a9ce,24,NS_SC_Ca_SM_Sa_NF,NoSnow_SummerClothing_Camels_SunMid_Sandcastle_NoFire.webp,5,6,NoSnow,SummerClothing,Camels,SunMid,Sandcastle,NoFire,2026-07-27T13:48:58.573Z
5755c957eb80c4000741a9ce,25,NS_WC_Pe_SR_Sa_WF,NoSnow_WinterClothing_Penguins_SunRising_Sandcastle_Fire.webp,3,4,NoSnow,WinterClothing,Penguins,SunRising,Sandcastle,Fire,2026-07-27T13:49:10.843Z
5755c957eb80c4000741a9ce,26,S_SC_Ca_SM_Sa_NF,Snow_SummerClothing_Camels_SunMid_Sandcastle_NoFire.webp,1,2,Snow,SummerClothing,Camels,SunMid,Sandcastle,NoFire,2026-07-27T13:49:21.698Z
5755c957eb80c4000741a9ce,27,NS_SC_Ca_SM_Sn_WF,NoSnow_SummerClothing_Camels_SunMid_Snowman_Fire.webp,3,2,NoSnow,SummerClothing,Camels,SunMid,Snowman,Fire,2026-07-27T13:49:36.427Z
5755c957eb80c4000741a9ce,28,NS_SC_Pe_SR_Sn_NF,NoSnow_SummerClothing_Penguins_SunRising_Snowman_NoFire.webp,5,3,NoSnow,SummerClothing,Penguins,SunRising,Snowman,NoFire,2026-07-27T13:49:46.462Z
5755c957eb80c4000741a9ce,29,S_SC_Ca_SR_Sn_NF,Snow_SummerClothing_Camels_SunRising_Snowman_NoFire.webp,1,3,Snow,SummerClothing,Camels,SunRising,Snowman,NoFire,2026-07-27T13:49:57.080Z
5755c957eb80c4000741a9ce,30,NS_WC_Pe_SR_Sa_NF,NoSnow_WinterClothing_Penguins_SunRising_Sandcastle_NoFire.webp,3,3,NoSnow,WinterClothing,Penguins,SunRising,Sandcastle,NoFire,2026-07-27T13:50:05.017Z
5755c957eb80c4000741a9ce,31,S_WC_Pe_SM_Sn_WF,Snow_WinterClothing_Penguins_SunMid_Snowman_Fire.webp,3,6,Snow,WinterClothing,Penguins,SunMid,Snowman,Fire,2026-07-27T13:50:17.115Z
5755c957eb80c4000741a9ce,32,NS_SC_Pe_SM_Sn_NF,NoSnow_SummerClothing_Penguins_SunMid_Snowman_NoFire.webp,5,3,NoSnow,SummerClothing,Penguins,SunMid,Snowman,NoFire,2026-07-27T13:50:28.875Z
5755c957eb80c4000741a9ce,33,S_SC_Ca_SM_Sa_WF,Snow_SummerClothing_Camels_SunMid_Sandcastle_Fire.webp,2,5,Snow,SummerClothing,Camels,SunMid,Sandcastle,Fire,2026-07-27T13:50:40.903Z
5755c957eb80c4000741a9ce,34,S_WC_Ca_SM_Sa_WF,Snow_WinterClothing_Camels_SunMid_Sandcastle_Fire.webp,3,5,Snow,WinterClothing,Camels,SunMid,Sandcastle,Fire,2026-07-27T13:50:48.995Z
5755c957eb80c4000741a9ce,35,NS_WC_Ca_SM_Sa_WF,NoSnow_WinterClothing_Camels_SunMid_Sandcastle_Fire.webp,5,5,NoSnow,WinterClothing,Camels,SunMid,Sandcastle,Fire,2026-07-27T13:51:06.934Z
5755c957eb80c4000741a9ce,36,NS_WC_Pe_SR_Sn_WF,NoSnow_WinterClothing_Penguins_SunRising_Snowman_Fire.webp,4,3,NoSnow,WinterClothing,Penguins,SunRising,Snowman,Fire,2026-07-27T13:51:17.510Z
5755c957eb80c4000741a9ce,37,S_SC_Ca_SR_Sn_WF,Snow_SummerClothing_Camels_SunRising_Snowman_Fire.webp,1,5,Snow,SummerClothing,Camels,SunRising,Snowman,Fire,2026-07-27T13:51:26.252Z
5755c957eb80c4000741a9ce,38,NS_WC_Ca_SR_Sn_NF,NoSnow_WinterClothing_Camels_SunRising_Snowman_NoFire.webp,3,3,NoSnow,WinterClothing,Camels,SunRising,Snowman,NoFire,2026-07-27T13:51:36.201Z
5755c957eb80c4000741a9ce,39,S_SC_Ca_SM_Sn_NF,Snow_SummerClothing_Camels_SunMid_Snowman_NoFire.webp,1,5,Snow,SummerClothing,Camels,SunMid,Snowman,NoFire,2026-07-27T13:51:46.043Z
5755c957eb80c4000741a9ce,40,S_SC_Pe_SM_Sn_NF,Snow_SummerClothing_Penguins_SunMid_Snowman_NoFire.webp,1,6,Snow,SummerClothing,Penguins,SunMid,Snowman,NoFire,2026-07-27T13:51:56.787Z
5755c957eb80c4000741a9ce,41,S_WC_Ca_SR_Sn_NF,Snow_WinterClothing_Camels_SunRising_Snowman_NoFire.webp,2,6,Snow,WinterClothing,Camels,SunRising,Snowman,NoFire,2026-07-27T13:52:04.644Z
5755c957eb80c4000741a9ce,42,NS_WC_Ca_SR_Sa_NF,NoSnow_WinterClothing_Camels_SunRising_Sandcastle_NoFire.webp,6,5,NoSnow,WinterClothing,Camels,SunRising,Sandcastle,NoFire,2026-07-27T13:52:23.395Z
5755c957eb80c4000741a9ce,43,S_SC_Pe_SR_Sa_NF,Snow_SummerClothing_Penguins_SunRising_Sandcastle_NoFire.webp,2,5,Snow,SummerClothing,Penguins,SunRising,Sandcastle,NoFire,2026-07-27T13:52:31.830Z
5755c957eb80c4000741a9ce,44,S_WC_Pe_SR_Sa_WF,Snow_WinterClothing_Penguins_SunRising_Sandcastle_Fire.webp,3,5,Snow,WinterClothing,Penguins,SunRising,Sandcastle,Fire,2026-07-27T13:52:40.259Z
5755c957eb80c4000741a9ce,45,S_WC_Pe_SR_Sn_NF,Snow_WinterClothing_Penguins_SunRising_Snowman_NoFire.webp,2,6,Snow,WinterClothing,Penguins,SunRising,Snowman,NoFire,2026-07-27T13:52:57.938Z
5755c957eb80c4000741a9ce,46,S_SC_Pe_SR_Sa_WF,Snow_SummerClothing_Penguins_SunRising_Sandcastle_Fire.webp,6,4,Snow,SummerClothing,Penguins,SunRising,Sandcastle,Fire,2026-07-27T13:53:07.567Z
5755c957eb80c4000741a9ce,47,S_SC_Pe_SR_Sn_WF,Snow_SummerClothing_Penguins_SunRising_Snowman_Fire.webp,2,5,Snow,SummerClothing,Penguins,SunRising,Snowman,Fire,2026-07-27T13:53:20.680Z
5755c957eb80c4000741a9ce,48,S_SC_Ca_SR_Sa_WF,Snow_SummerClothing_Camels_SunRising_Sandcastle_Fire.webp,3,2,Snow,SummerClothing,Camels,SunRising,Sandcastle,Fire,2026-07-27T13:53:29.603Z
5755c957eb80c4000741a9ce,49,NS_WC_Pe_SM_Sa_WF,NoSnow_WinterClothing_Penguins_SunMid_Sandcastle_Fire.webp,4,5,NoSnow,WinterClothing,Penguins,SunMid,Sandcastle,Fire,2026-07-27T13:53:37.610Z
5755c957eb80c4000741a9ce,50,NS_SC_Pe_SR_Sa_WF,NoSnow_SummerClothing_Penguins_SunRising_Sandcastle_Fire.webp,5,5,NoSnow,SummerClothing,Penguins,SunRising,Sandcastle,Fire,2026-07-27T13:53:45.910Z
5755c957eb80c4000741a9ce,51,NS_SC_Ca_SM_Sn_NF,NoSnow_SummerClothing_Camels_SunMid_Snowman_NoFire.webp,5,2,NoSnow,SummerClothing,Camels,SunMid,Snowman,NoFire,2026-07-27T13:53:53.944Z
5755c957eb80c4000741a9ce,52,NS_SC_Ca_SR_Sa_NF,NoSnow_SummerClothing_Camels_SunRising_Sandcastle_NoFire.webp,6,6,NoSnow,SummerClothing,Camels,SunRising,Sandcastle,NoFire,2026-07-27T13:54:02.751Z
5755c957eb80c4000741a9ce,53,NS_SC_Ca_SR_Sn_NF,NoSnow_SummerClothing_Camels_SunRising_Snowman_NoFire.webp,3,2,NoSnow,SummerClothing,Camels,SunRising,Snowman,NoFire,2026-07-27T13:54:13.579Z
5755c957eb80c4000741a9ce,54,S_SC_Pe_SM_Sa_NF,Snow_SummerClothing_Penguins_SunMid_Sandcastle_NoFire.webp,1,5,Snow,SummerClothing,Penguins,SunMid,Sandcastle,NoFire,2026-07-27T13:54:22.540Z
5755c957eb80c4000741a9ce,55,S_WC_Ca_SR_Sa_WF,Snow_WinterClothing_Camels_SunRising_Sandcastle_Fire.webp,2,5,Snow,WinterClothing,Camels,SunRising,Sandcastle,Fire,2026-07-27T13:54:33.084Z
5755c957eb80c4000741a9ce,56,NS_SC_Pe_SR_Sn_WF,NoSnow_SummerClothing_Penguins_SunRising_Snowman_Fire.webp,4,3,NoSnow,SummerClothing,Penguins,SunRising,Snowman,Fire,2026-07-27T13:54:45.420Z
5755c957eb80c4000741a9ce,57,NS_SC_Pe_SR_Sa_NF,NoSnow_SummerClothing_Penguins_SunRising_Sandcastle_NoFire.webp,5,5,NoSnow,SummerClothing,Penguins,SunRising,Sandcastle,NoFire,2026-07-27T13:54:52.237Z
5755c957eb80c4000741a9ce,58,S_WC_Pe_SR_Sa_NF,Snow_WinterClothing_Penguins_SunRising_Sandcastle_NoFire.webp,2,5,Snow,WinterClothing,Penguins,SunRising,Sandcastle,NoFire,2026-07-27T13:55:04.093Z
5755c957eb80c4000741a9ce,59,S_WC_Ca_SM_Sn_WF,Snow_WinterClothing_Camels_SunMid_Snowman_Fire.webp,2,5,Snow,WinterClothing,Camels,SunMid,Snowman,Fire,2026-07-27T13:55:15.641Z
5755c957eb80c4000741a9ce,60,NS_WC_Ca_SM_Sn_NF,NoSnow_WinterClothing_Camels_SunMid_Snowman_NoFire.webp,3,5,NoSnow,WinterClothing,Camels,SunMid,Snowman,NoFire,2026-07-27T13:55:24.683Z
5755c957eb80c4000741a9ce,61,S_SC_Ca_SR_Sa_NF,Snow_SummerClothing_Camels_SunRising_Sandcastle_NoFire.webp,1,2,Snow,SummerClothing,Camels,SunRising,Sandcastle,NoFire,2026-07-27T13:55:44.101Z
5755c957eb80c4000741a9ce,62,S_WC_Pe_SM_Sa_NF,Snow_WinterClothing_Penguins_SunMid_Sandcastle_NoFire.webp,3,5,Snow,WinterClothing,Penguins,SunMid,Sandcastle,NoFire,2026-07-27T13:55:55.011Z
5755c957eb80c4000741a9ce,63,NS_SC_Ca_SM_Sa_WF,NoSnow_SummerClothing_Camels_SunMid_Sandcastle_Fire.webp,6,6,NoSnow,SummerClothing,Camels,SunMid,Sandcastle,Fire,2026-07-27T13:56:03.399Z
6266b0409582f553a3e10d9a,0,NS_WC_Ca_SM_Sa_NF,NoSnow_WinterClothing_Camels_SunMid_Sandcastle_NoFire.webp,6,4,NoSnow,WinterClothing,Camels,SunMid,Sandcastle,NoFire,2026-07-27T13:41:53.422Z
6266b0409582f553a3e10d9a,1,NS_SC_Ca_SR_Sa_NF,NoSnow_SummerClothing_Camels_SunRising_Sandcastle_NoFire.webp,5,5,NoSnow,SummerClothing,Camels,SunRising,Sandcastle,NoFire,2026-07-27T13:42:05.116Z
6266b0409582f553a3e10d9a,2,NS_SC_Ca_SR_Sn_NF,NoSnow_SummerClothing_Camels_SunRising_Snowman_NoFire.webp,4,1,NoSnow,SummerClothing,Camels,SunRising,Snowman,NoFire,2026-07-27T13:42:20.545Z
6266b0409582f553a3e10d9a,3,NS_WC_Ca_SR_Sa_WF,NoSnow_WinterClothing_Camels_SunRising_Sandcastle_Fire.webp,5,5,NoSnow,WinterClothing,Camels,SunRising,Sandcastle,Fire,2026-07-27T13:42:32.913Z
6266b0409582f553a3e10d9a,4,NS_WC_Pe_SM_Sn_WF,NoSnow_WinterClothing_Penguins_SunMid_Snowman_Fire.webp,3,1,NoSnow,WinterClothing,Penguins,SunMid,Snowman,Fire,2026-07-27T13:42:47.497Z
6266b0409582f553a3e10d9a,5,S_WC_Ca_SR_Sn_WF,Snow_WinterClothing_Camels_SunRising_Snowman_Fire.webp,4,1,Snow,WinterClothing,Camels,SunRising,Snowman,Fire,2026-07-27T13:43:35.072Z
6266b0409582f553a3e10d9a,6,NS_SC_Ca_SM_Sa_WF,NoSnow_SummerClothing_Camels_SunMid_Sandcastle_Fire.webp,5,5,NoSnow,SummerClothing,Camels,SunMid,Sandcastle,Fire,2026-07-27T13:43:45.854Z
6266b0409582f553a3e10d9a,7,S_WC_Pe_SR_Sa_NF,Snow_WinterClothing_Penguins_SunRising_Sandcastle_NoFire.webp,3,3,Snow,WinterClothing,Penguins,SunRising,Sandcastle,NoFire,2026-07-27T13:43:59.756Z
6266b0409582f553a3e10d9a,8,S_SC_Ca_SR_Sn_NF,Snow_SummerClothing_Camels_SunRising_Snowman_NoFire.webp,4,2,Snow,SummerClothing,Camels,SunRising,Snowman,NoFire,2026-07-27T13:44:12.616Z
6266b0409582f553a3e10d9a,9,NS_WC_Ca_SM_Sn_WF,NoSnow_WinterClothing_Camels_SunMid_Snowman_Fire.webp,4,3,NoSnow,WinterClothing,Camels,SunMid,Snowman,Fire,2026-07-27T13:44:53.087Z
6266b0409582f553a3e10d9a,10,NS_WC_Pe_SR_Sa_NF,NoSnow_WinterClothing_Penguins_SunRising_Sandcastle_NoFire.webp,4,4,NoSnow,WinterClothing,Penguins,SunRising,Sandcastle,NoFire,2026-07-27T13:45:11.161Z
6266b0409582f553a3e10d9a,11,NS_WC_Pe_SM_Sn_NF,NoSnow_WinterClothing_Penguins_SunMid_Snowman_NoFire.webp,3,6,NoSnow,WinterClothing,Penguins,SunMid,Snowman,NoFire,2026-07-27T13:45:27.909Z
6266b0409582f553a3e10d9a,12,NS_SC_Ca_SR_Sn_WF,NoSnow_SummerClothing_Camels_SunRising_Snowman_Fire.webp,4,1,NoSnow,SummerClothing,Camels,SunRising,Snowman,Fire,2026-07-27T13:45:40.367Z
6266b0409582f553a3e10d9a,13,NS_WC_Pe_SR_Sa_WF,NoSnow_WinterClothing_Penguins_SunRising_Sandcastle_Fire.webp,5,3,NoSnow,WinterClothing,Penguins,SunRising,Sandcastle,Fire,2026-07-27T13:45:51.723Z
6266b0409582f553a3e10d9a,14,S_WC_Pe_SM_Sa_WF,Snow_WinterClothing_Penguins_SunMid_Sandcastle_Fire.webp,3,3,Snow,WinterClothing,Penguins,SunMid,Sandcastle,Fire,2026-07-27T13:46:47.294Z
6266b0409582f553a3e10d9a,15,NS_SC_Pe_SR_Sn_NF,NoSnow_SummerClothing_Penguins_SunRising_Snowman_NoFire.webp,3,5,NoSnow,SummerClothing,Penguins,SunRising,Snowman,NoFire,2026-07-27T13:46:59.301Z
6266b0409582f553a3e10d9a,16,NS_SC_Pe_SM_Sn_WF,NoSnow_SummerClothing_Penguins_SunMid_Snowman_Fire.webp,2,2,NoSnow,SummerClothing,Penguins,SunMid,Snowman,Fire,2026-07-27T13:47:07.945Z
6266b0409582f553a3e10d9a,17,NS_WC_Pe_SM_Sa_WF,NoSnow_WinterClothing_Penguins_SunMid_Sandcastle_Fire.webp,3,4,NoSnow,WinterClothing,Penguins,SunMid,Sandcastle,Fire,2026-07-27T13:47:24.940Z
6266b0409582f553a3e10d9a,18,S_WC_Pe_SM_Sn_WF,Snow_WinterClothing_Penguins_SunMid_Snowman_Fire.webp,4,2,Snow,WinterClothing,Penguins,SunMid,Snowman,Fire,2026-07-27T13:47:31.952Z
6266b0409582f553a3e10d9a,19,NS_WC_Pe_SR_Sn_WF,NoSnow_WinterClothing_Penguins_SunRising_Snowman_Fire.webp,3,1,NoSnow,WinterClothing,Penguins,SunRising,Snowman,Fire,2026-07-27T13:47:40.486Z
6266b0409582f553a3e10d9a,20,S_SC_Pe_SR_Sn_WF,Snow_SummerClothing_Penguins_SunRising_Snowman_Fire.webp,4,1,Snow,SummerClothing,Penguins,SunRising,Snowman,Fire,2026-07-27T13:47:50.204Z
6266b0409582f553a3e10d9a,21,S_WC_Pe_SR_Sn_WF,Snow_WinterClothing_Penguins_SunRising_Snowman_Fire.webp,3,3,Snow,WinterClothing,Penguins,SunRising,Snowman,Fire,2026-07-27T13:48:01.118Z
6266b0409582f553a3e10d9a,22,S_WC_Ca_SR_Sa_NF,Snow_WinterClothing_Camels_SunRising_Sandcastle_NoFire.webp,6,7,Snow,WinterClothing,Camels,SunRising,Sandcastle,NoFire,2026-07-27T13:48:10.374Z
6266b0409582f553a3e10d9a,23,S_WC_Pe_SR_Sa_WF,Snow_WinterClothing_Penguins_SunRising_Sandcastle_Fire.webp,3,3,Snow,WinterClothing,Penguins,SunRising,Sandcastle,Fire,2026-07-27T13:48:18.170Z
6266b0409582f553a3e10d9a,24,NS_WC_Ca_SR_Sn_NF,NoSnow_WinterClothing_Camels_SunRising_Snowman_NoFire.webp,5,3,NoSnow,WinterClothing,Camels,SunRising,Snowman,NoFire,2026-07-27T13:48:33.835Z
6266b0409582f553a3e10d9a,25,S_SC_Pe_SM_Sa_WF,Snow_SummerClothing_Penguins_SunMid_Sandcastle_Fire.webp,4,3,Snow,SummerClothing,Penguins,SunMid,Sandcastle,Fire,2026-07-27T13:48:45.214Z
6266b0409582f553a3e10d9a,26,S_WC_Pe_SR_Sn_NF,Snow_WinterClothing_Penguins_SunRising_Snowman_NoFire.webp,2,5,Snow,WinterClothing,Penguins,SunRising,Snowman,NoFire,2026-07-27T13:48:56.879Z
6266b0409582f553a3e10d9a,27,S_WC_Ca_SM_Sa_NF,Snow_WinterClothing_Camels_SunMid_Sandcastle_NoFire.webp,6,7,Snow,WinterClothing,Camels,SunMid,Sandcastle,NoFire,2026-07-27T13:49:04.371Z
6266b0409582f553a3e10d9a,28,S_WC_Pe_SM_Sn_NF,Snow_WinterClothing_Penguins_SunMid_Snowman_NoFire.webp,2,7,Snow,WinterClothing,Penguins,SunMid,Snowman,NoFire,2026-07-27T13:49:12.473Z
6266b0409582f553a3e10d9a,29,NS_SC_Pe_SR_Sn_WF,NoSnow_SummerClothing_Penguins_SunRising_Snowman_Fire.webp,3,6,NoSnow,SummerClothing,Penguins,SunRising,Snowman,Fire,2026-07-27T13:49:20.703Z
6266b0409582f553a3e10d9a,30,NS_WC_Ca_SM_Sn_NF,NoSnow_WinterClothing_Camels_SunMid_Snowman_NoFire.webp,4,3,NoSnow,WinterClothing,Camels,SunMid,Snowman,NoFire,2026-07-27T13:49:32.677Z
6266b0409582f553a3e10d9a,31,NS_SC_Pe_SR_Sa_NF,NoSnow_SummerClothing_Penguins_SunRising_Sandcastle_NoFire.webp,4,3,NoSnow,SummerClothing,Penguins,SunRising,Sandcastle,NoFire,2026-07-27T13:49:44.471Z
6266b0409582f553a3e10d9a,32,S_SC_Ca_SM_Sa_WF,Snow_SummerClothing_Camels_SunMid_Sandcastle_Fire.webp,6,7,Snow,SummerClothing,Camels,SunMid,Sandcastle,Fire,2026-07-27T13:49:52.253Z
6266b0409582f553a3e10d9a,33,S_SC_Ca_SM_Sn_NF,Snow_SummerClothing_Camels_SunMid_Snowman_NoFire.webp,4,3,Snow,SummerClothing,Camels,SunMid,Snowman,NoFire,2026-07-27T13:50:00.433Z
6266b0409582f553a3e10d9a,34,S_SC_Ca_SR_Sa_WF,Snow_SummerClothing_Camels_SunRising_Sandcastle_Fire.webp,6,7,Snow,SummerClothing,Camels,SunRising,Sandcastle,Fire,2026-07-27T13:50:08.878Z
6266b0409582f553a3e10d9a,35,NS_SC_Pe_SM_Sa_WF,NoSnow_SummerClothing_Penguins_SunMid_Sandcastle_Fire.webp,3,2,NoSnow,SummerClothing,Penguins,SunMid,Sandcastle,Fire,2026-07-27T13:50:16.253Z
6266b0409582f553a3e10d9a,36,S_SC_Pe_SR_Sa_NF,Snow_SummerClothing_Penguins_SunRising_Sandcastle_NoFire.webp,4,3,Snow,SummerClothing,Penguins,SunRising,Sandcastle,NoFire,2026-07-27T13:50:25.437Z
6266b0409582f553a3e10d9a,37,S_SC_Ca_SR_Sa_NF,Snow_SummerClothing_Camels_SunRising_Sandcastle_NoFire.webp,6,7,Snow,SummerClothing,Camels,SunRising,Sandcastle,NoFire,2026-07-27T13:50:32.843Z
6266b0409582f553a3e10d9a,38,NS_SC_Ca_SM_Sn_NF,NoSnow_SummerClothing_Camels_SunMid_Snowman_NoFire.webp,3,1,NoSnow,SummerClothing,Camels,SunMid,Snowman,NoFire,2026-07-27T13:50:40.614Z
6266b0409582f553a3e10d9a,39,S_WC_Ca_SM_Sn_NF,Snow_WinterClothing_Camels_SunMid_Snowman_NoFire.webp,4,2,Snow,WinterClothing,Camels,SunMid,Snowman,NoFire,2026-07-27T13:50:50.982Z
6266b0409582f553a3e10d9a,40,NS_SC_Pe_SM_Sa_NF,NoSnow_SummerClothing_Penguins_SunMid_Sandcastle_NoFire.webp,4,3,NoSnow,SummerClothing,Penguins,SunMid,Sandcastle,NoFire,2026-07-27T13:51:01.789Z
6266b0409582f553a3e10d9a,41,NS_WC_Pe_SR_Sn_NF,NoSnow_WinterClothing_Penguins_SunRising_Snowman_NoFire.webp,2,7,NoSnow,WinterClothing,Penguins,SunRising,Snowman,NoFire,2026-07-27T13:51:09.960Z
6266b0409582f553a3e10d9a,42,S_SC_Ca_SM_Sn_WF,Snow_SummerClothing_Camels_SunMid_Snowman_Fire.webp,4,2,Snow,SummerClothing,Camels,SunMid,Snowman,Fire,2026-07-27T13:51:19.898Z
6266b0409582f553a3e10d9a,43,S_WC_Ca_SR_Sa_WF,Snow_WinterClothing_Camels_SunRising_Sandcastle_Fire.webp,6,7,Snow,WinterClothing,Camels,SunRising,Sandcastle,Fire,2026-07-27T13:51:26.674Z
6266b0409582f553a3e10d9a,44,NS_WC_Pe_SM_Sa_NF,NoSnow_WinterClothing_Penguins_SunMid_Sandcastle_NoFire.webp,3,2,NoSnow,WinterClothing,Penguins,SunMid,Sandcastle,NoFire,2026-07-27T13:51:33.752Z
6266b0409582f553a3e10d9a,45,S_SC_Pe_SM_Sn_NF,Snow_SummerClothing_Penguins_SunMid_Snowman_NoFire.webp,2,7,Snow,SummerClothing,Penguins,SunMid,Snowman,NoFire,2026-07-27T13:51:42.864Z
6266b0409582f553a3e10d9a,46,NS_WC_Ca_SM_Sa_WF,NoSnow_WinterClothing_Camels_SunMid_Sandcastle_Fire.webp,6,7,NoSnow,WinterClothing,Camels,SunMid,Sandcastle,Fire,2026-07-27T13:51:50.396Z
6266b0409582f553a3e10d9a,47,NS_SC_Ca_SR_Sa_WF,NoSnow_SummerClothing_Camels_SunRising_Sandcastle_Fire.webp,6,7,NoSnow,SummerClothing,Camels,SunRising,Sandcastle,Fire,2026-07-27T13:51:57.249Z
6266b0409582f553a3e10d9a,48,NS_SC_Ca_SM_Sn_WF,NoSnow_SummerClothing_Camels_SunMid_Snowman_Fire.webp,3,2,NoSnow,SummerClothing,Camels,SunMid,Snowman,Fire,2026-07-27T13:52:05.246Z
6266b0409582f553a3e10d9a,49,S_SC_Ca_SR_Sn_WF,Snow_SummerClothing_Camels_SunRising_Snowman_Fire.webp,4,2,Snow,SummerClothing,Camels,SunRising,Snowman,Fire,2026-07-27T13:52:12.510Z
6266b0409582f553a3e10d9a,50,S_SC_Pe_SR_Sn_NF,Snow_SummerClothing_Penguins_SunRising_Snowman_NoFire.webp,2,7,Snow,SummerClothing,Penguins,SunRising,Snowman,NoFire,2026-07-27T13:52:21.638Z
6266b0409582f553a3e10d9a,51,NS_WC_Ca_SR_Sa_NF,NoSnow_WinterClothing_Camels_SunRising_Sandcastle_NoFire.webp,6,6,NoSnow,WinterClothing,Camels,SunRising,Sandcastle,NoFire,2026-07-27T13:52:30.572Z
6266b0409582f553a3e10d9a,52,S_SC_Pe_SR_Sa_WF,Snow_SummerClothing_Penguins_SunRising_Sandcastle_Fire.webp,4,2,Snow,SummerClothing,Penguins,SunRising,Sandcastle,Fire,2026-07-27T13:52:37.366Z
6266b0409582f553a3e10d9a,53,NS_SC_Pe_SR_Sa_WF,NoSnow_SummerClothing_Penguins_SunRising_Sandcastle_Fire.webp,3,2,NoSnow,SummerClothing,Penguins,SunRising,Sandcastle,Fire,2026-07-27T13:52:45.194Z
6266b0409582f553a3e10d9a,54,S_WC_Ca_SM_Sn_WF,Snow_WinterClothing_Camels_SunMid_Snowman_Fire.webp,3,1,Snow,WinterClothing,Camels,SunMid,Snowman,Fire,2026-07-27T13:52:54.463Z
6266b0409582f553a3e10d9a,55,S_SC_Pe_SM_Sa_NF,Snow_SummerClothing_Penguins_SunMid_Sandcastle_NoFire.webp,4,5,Snow,SummerClothing,Penguins,SunMid,Sandcastle,NoFire,2026-07-27T13:53:05.984Z
6266b0409582f553a3e10d9a,56,S_SC_Pe_SM_Sn_WF,Snow_SummerClothing_Penguins_SunMid_Snowman_Fire.webp,2,6,Snow,SummerClothing,Penguins,SunMid,Snowman,Fire,2026-07-27T13:53:17.681Z
6266b0409582f553a3e10d9a,57,NS_SC_Pe_SM_Sn_NF,NoSnow_SummerClothing_Penguins_SunMid_Snowman_NoFire.webp,3,6,NoSnow,SummerClothing,Penguins,SunMid,Snowman,NoFire,2026-07-27T13:53:25.343Z
6266b0409582f553a3e10d9a,58,NS_SC_Ca_SM_Sa_NF,NoSnow_SummerClothing_Camels_SunMid_Sandcastle_NoFire.webp,6,7,NoSnow,SummerClothing,Camels,SunMid,Sandcastle,NoFire,2026-07-27T13:53:33.743Z
6266b0409582f553a3e10d9a,59,NS_WC_Ca_SR_Sn_WF,NoSnow_WinterClothing_Camels_SunRising_Snowman_Fire.webp,4,2,NoSnow,WinterClothing,Camels,SunRising,Snowman,Fire,2026-07-27T13:53:45.212Z
6266b0409582f553a3e10d9a,60,S_WC_Pe_SM_Sa_NF,Snow_WinterClothing_Penguins_SunMid_Sandcastle_NoFire.webp,2,6,Snow,WinterClothing,Penguins,SunMid,Sandcastle,NoFire,2026-07-27T13:53:57.177Z
6266b0409582f553a3e10d9a,61,S_WC_Ca_SM_Sa_WF,Snow_WinterClothing_Camels_SunMid_Sandcastle_Fire.webp,5,6,Snow,WinterClothing,Camels,SunMid,Sandcastle,Fire,2026-07-27T13:54:05.835Z
6266b0409582f553a3e10d9a,62,S_SC_Ca_SM_Sa_NF,Snow_SummerClothing_Camels_SunMid_Sandcastle_NoFire.webp,6,7,Snow,SummerClothing,Camels,SunMid,Sandcastle,NoFire,2026-07-27T13:54:14.055Z
6266b0409582f553a3e10d9a,63,S_WC_Ca_SR_Sn_NF,Snow_WinterClothing_Camels_SunRising_Snowman_NoFire.webp,4,3,Snow,WinterClothing,Camels,SunRising,Snowman,NoFire,2026-07-27T13:54:22.831Z
5e3891a0ffe78b000a8a4124,0,NS_WC_Pe_SR_Sn_WF,NoSnow_WinterClothing_Penguins_SunRising_Snowman_Fire.webp,4,2,NoSnow,WinterClothing,Penguins,SunRising,Snowman,Fire,2026-07-27T13:42:40.599Z
5e3891a0ffe78b000a8a4124,1,NS_SC_Ca_SM_Sa_NF,NoSnow_SummerClothing_Camels_SunMid_Sandcastle_NoFire.webp,6,2,NoSnow,SummerClothing,Camels,SunMid,Sandcastle,NoFire,2026-07-27T13:43:02.155Z
5e3891a0ffe78b000a8a4124,2,S_WC_Pe_SM_Sa_NF,Snow_WinterClothing_Penguins_SunMid_Sandcastle_NoFire.webp,4,2,Snow,WinterClothing,Penguins,SunMid,Sandcastle,NoFire,2026-07-27T13:43:43.452Z
5e3891a0ffe78b000a8a4124,3,NS_WC_Pe_SR_Sn_NF,NoSnow_WinterClothing_Penguins_SunRising_Snowman_NoFire.webp,3,2,NoSnow,WinterClothing,Penguins,SunRising,Snowman,NoFire,2026-07-27T13:46:07.170Z
5e3891a0ffe78b000a8a4124,4,NS_SC_Ca_SR_Sa_WF,NoSnow_SummerClothing_Camels_SunRising_Sandcastle_Fire.webp,6,2,NoSnow,SummerClothing,Camels,SunRising,Sandcastle,Fire,2026-07-27T13:46:44.755Z
5e3891a0ffe78b000a8a4124,5,S_WC_Ca_SR_Sa_NF,Snow_WinterClothing_Camels_SunRising_Sandcastle_NoFire.webp,4,2,Snow,WinterClothing,Camels,SunRising,Sandcastle,NoFire,2026-07-27T13:51:00.597Z
5e3891a0ffe78b000a8a4124,6,S_SC_Pe_SM_Sa_WF,Snow_SummerClothing_Penguins_SunMid_Sandcastle_Fire.webp,5,2,Snow,SummerClothing,Penguins,SunMid,Sandcastle,Fire,2026-07-27T13:51:11.227Z
5e3891a0ffe78b000a8a4124,7,S_WC_Ca_SM_Sa_NF,Snow_WinterClothing_Camels_SunMid_Sandcastle_NoFire.webp,4,2,Snow,WinterClothing,Camels,SunMid,Sandcastle,NoFire,2026-07-27T13:51:17.738Z
5e3891a0ffe78b000a8a4124,8,NS_WC_Ca_SR_Sa_WF,NoSnow_WinterClothing_Camels_SunRising_Sandcastle_Fire.webp,4,2,NoSnow,WinterClothing,Camels,SunRising,Sandcastle,Fire,2026-07-27T13:51:28.181Z
5e3891a0ffe78b000a8a4124,9,NS_SC_Pe_SR_Sa_WF,NoSnow_SummerClothing_Penguins_SunRising_Sandcastle_Fire.webp,5,2,NoSnow,SummerClothing,Penguins,SunRising,Sandcastle,Fire,2026-07-27T13:51:36.653Z
5e3891a0ffe78b000a8a4124,10,S_WC_Ca_SR_Sa_WF,Snow_WinterClothing_Camels_SunRising_Sandcastle_Fire.webp,4,2,Snow,WinterClothing,Camels,SunRising,Sandcastle,Fire,2026-07-27T13:52:29.520Z
5e3891a0ffe78b000a8a4124,11,NS_WC_Ca_SM_Sn_NF,NoSnow_WinterClothing_Camels_SunMid_Snowman_NoFire.webp,3,2,NoSnow,WinterClothing,Camels,SunMid,Snowman,NoFire,2026-07-27T13:52:39.264Z
5e3891a0ffe78b000a8a4124,12,S_SC_Ca_SR_Sn_WF,Snow_SummerClothing_Camels_SunRising_Snowman_Fire.webp,5,2,Snow,SummerClothing,Camels,SunRising,Snowman,Fire,2026-07-27T13:52:49.796Z
5e3891a0ffe78b000a8a4124,13,NS_WC_Ca_SM_Sa_WF,NoSnow_WinterClothing_Camels_SunMid_Sandcastle_Fire.webp,4,2,NoSnow,WinterClothing,Camels,SunMid,Sandcastle,Fire,2026-07-27T13:53:45.749Z
5e3891a0ffe78b000a8a4124,14,S_WC_Pe_SM_Sn_WF,Snow_WinterClothing_Penguins_SunMid_Snowman_Fire.webp,3,2,Snow,WinterClothing,Penguins,SunMid,Snowman,Fire,2026-07-27T13:54:07.967Z
5e3891a0ffe78b000a8a4124,15,NS_WC_Pe_SM_Sa_WF,NoSnow_WinterClothing_Penguins_SunMid_Sandcastle_Fire.webp,3,2,NoSnow,WinterClothing,Penguins,SunMid,Sandcastle,Fire,2026-07-27T13:55:06.362Z
5e3891a0ffe78b000a8a4124,16,S_WC_Ca_SM_Sn_WF,Snow_WinterClothing_Camels_SunMid_Snowman_Fire.webp,4,2,Snow,WinterClothing,Camels,SunMid,Snowman,Fire,2026-07-27T13:55:13.995Z
5e3891a0ffe78b000a8a4124,17,S_SC_Pe_SM_Sa_NF,Snow_SummerClothing_Penguins_SunMid_Sandcastle_NoFire.webp,5,2,Snow,SummerClothing,Penguins,SunMid,Sandcastle,NoFire,2026-07-27T13:55:37.924Z
5e3891a0ffe78b000a8a4124,18,NS_SC_Ca_SR_Sa_NF,NoSnow_SummerClothing_Camels_SunRising_Sandcastle_NoFire.webp,6,3,NoSnow,SummerClothing,Camels,SunRising,Sandcastle,NoFire,2026-07-27T13:56:12.481Z
5e3891a0ffe78b000a8a4124,19,NS_WC_Ca_SR_Sn_WF,NoSnow_WinterClothing_Camels_SunRising_Snowman_Fire.webp,4,2,NoSnow,WinterClothing,Camels,SunRising,Snowman,Fire,2026-07-27T13:56:34.521Z
5e3891a0ffe78b000a8a4124,20,S_WC_Ca_SR_Sn_NF,Snow_WinterClothing_Camels_SunRising_Snowman_NoFire.webp,4,2,Snow,WinterClothing,Camels,SunRising,Snowman,NoFire,2026-07-27T13:57:42.748Z
5e3891a0ffe78b000a8a4124,21,S_SC_Pe_SR_Sa_NF,Snow_SummerClothing_Penguins_SunRising_Sandcastle_NoFire.webp,5,2,Snow,SummerClothing,Penguins,SunRising,Sandcastle,NoFire,2026-07-27T13:57:50.969Z
5e3891a0ffe78b000a8a4124,22,NS_SC_Pe_SM_Sa_WF,NoSnow_SummerClothing_Penguins_SunMid_Sandcastle_Fire.webp,5,2,NoSnow,SummerClothing,Penguins,SunMid,Sandcastle,Fire,2026-07-27T13:59:10.473Z
5e3891a0ffe78b000a8a4124,23,NS_SC_Pe_SM_Sn_NF,NoSnow_SummerClothing_Penguins_SunMid_Snowman_NoFire.webp,5,2,NoSnow,SummerClothing,Penguins,SunMid,Snowman,NoFire,2026-07-27T13:59:34.516Z
5e3891a0ffe78b000a8a4124,24,S_SC_Pe_SM_Sn_WF,Snow_SummerClothing_Penguins_SunMid_Snowman_Fire.webp,5,2,Snow,SummerClothing,Penguins,SunMid,Snowman,Fire,2026-07-27T14:00:12.104Z
5e3891a0ffe78b000a8a4124,25,S_WC_Ca_SM_Sn_NF,Snow_WinterClothing_Camels_SunMid_Snowman_NoFire.webp,3,2,Snow,WinterClothing,Camels,SunMid,Snowman,NoFire,2026-07-27T14:01:38.479Z
5e3891a0ffe78b000a8a4124,26,NS_SC_Ca_SM_Sn_WF,NoSnow_SummerClothing_Camels_SunMid_Snowman_Fire.webp,5,2,NoSnow,SummerClothing,Camels,SunMid,Snowman,Fire,2026-07-27T14:02:33.805Z
5e3891a0ffe78b000a8a4124,27,NS_WC_Pe_SR_Sa_NF,NoSnow_WinterClothing_Penguins_SunRising_Sandcastle_NoFire.webp,3,2,NoSnow,WinterClothing,Penguins,SunRising,Sandcastle,NoFire,2026-07-27T14:03:10.076Z
5e3891a0ffe78b000a8a4124,28,NS_SC_Ca_SM_Sn_NF,NoSnow_SummerClothing_Camels_SunMid_Snowman_NoFire.webp,5,2,NoSnow,SummerClothing,Camels,SunMid,Snowman,NoFire,2026-07-27T14:04:10.912Z
5e3891a0ffe78b000a8a4124,29,S_SC_Ca_SM_Sa_NF,Snow_SummerClothing_Camels_SunMid_Sandcastle_NoFire.webp,6,3,Snow,SummerClothing,Camels,SunMid,Sandcastle,NoFire,2026-07-27T14:04:18.339Z
5e3891a0ffe78b000a8a4124,30,NS_SC_Ca_SR_Sn_WF,NoSnow_SummerClothing_Camels_SunRising_Snowman_Fire.webp,5,2,NoSnow,SummerClothing,Camels,SunRising,Snowman,Fire,2026-07-27T14:05:00.325Z
5e3891a0ffe78b000a8a4124,31,S_SC_Ca_SM_Sn_NF,Snow_SummerClothing_Camels_SunMid_Snowman_NoFire.webp,5,2,Snow,SummerClothing,Camels,SunMid,Snowman,NoFire,2026-07-27T14:05:14.385Z
5e3891a0ffe78b000a8a4124,32,NS_SC_Pe_SR_Sa_NF,NoSnow_SummerClothing_Penguins_SunRising_Sandcastle_NoFire.webp,5,2,NoSnow,SummerClothing,Penguins,SunRising,Sandcastle,NoFire,2026-07-27T14:06:20.247Z
5e3891a0ffe78b000a8a4124,33,S_SC_Ca_SR_Sa_WF,Snow_SummerClothing_Camels_SunRising_Sandcastle_Fire.webp,6,4,Snow,SummerClothing,Camels,SunRising,Sandcastle,Fire,2026-07-27T14:06:32.243Z
5e3891a0ffe78b000a8a4124,34,NS_SC_Pe_SM_Sa_NF,NoSnow_SummerClothing_Penguins_SunMid_Sandcastle_NoFire.webp,5,2,NoSnow,SummerClothing,Penguins,SunMid,Sandcastle,NoFire,2026-07-27T14:07:04.002Z
5e3891a0ffe78b000a8a4124,35,S_SC_Ca_SR_Sn_NF,Snow_SummerClothing_Camels_SunRising_Snowman_NoFire.webp,5,2,Snow,SummerClothing,Camels,SunRising,Snowman,NoFire,2026-07-27T14:07:19.651Z
5e3891a0ffe78b000a8a4124,36,NS_WC_Pe_SM_Sn_WF,NoSnow_WinterClothing_Penguins_SunMid_Snowman_Fire.webp,3,2,NoSnow,WinterClothing,Penguins,SunMid,Snowman,Fire,2026-07-27T14:07:29.421Z
5e3891a0ffe78b000a8a4124,37,NS_SC_Pe_SR_Sn_NF,NoSnow_SummerClothing_Penguins_SunRising_Snowman_NoFire.webp,5,2,NoSnow,SummerClothing,Penguins,SunRising,Snowman,NoFire,2026-07-27T14:07:40.692Z
5e3891a0ffe78b000a8a4124,38,NS_SC_Ca_SR_Sn_NF,NoSnow_SummerClothing_Camels_SunRising_Snowman_NoFire.webp,5,2,NoSnow,SummerClothing,Camels,SunRising,Snowman,NoFire,2026-07-27T14:08:03.503Z
5e3891a0ffe78b000a8a4124,39,S_SC_Ca_SR_Sa_NF,Snow_SummerClothing_Camels_SunRising_Sandcastle_NoFire.webp,6,5,Snow,SummerClothing,Camels,SunRising,Sandcastle,NoFire,2026-07-27T14:08:20.540Z
5e3891a0ffe78b000a8a4124,40,NS_WC_Ca_SM_Sa_NF,NoSnow_WinterClothing_Camels_SunMid_Sandcastle_NoFire.webp,4,2,NoSnow,WinterClothing,Camels,SunMid,Sandcastle,NoFire,2026-07-27T14:08:43.527Z
5e3891a0ffe78b000a8a4124,41,S_WC_Pe_SM_Sa_WF,Snow_WinterClothing_Penguins_SunMid_Sandcastle_Fire.webp,3,2,Snow,WinterClothing,Penguins,SunMid,Sandcastle,Fire,2026-07-27T14:08:52.951Z
5e3891a0ffe78b000a8a4124,42,NS_WC_Ca_SR_Sa_NF,NoSnow_WinterClothing_Camels_SunRising_Sandcastle_NoFire.webp,4,3,NoSnow,WinterClothing,Camels,SunRising,Sandcastle,NoFire,2026-07-27T14:09:03.897Z
5e3891a0ffe78b000a8a4124,43,S_SC_Pe_SR_Sa_WF,Snow_SummerClothing_Penguins_SunRising_Sandcastle_Fire.webp,5,2,Snow,SummerClothing,Penguins,SunRising,Sandcastle,Fire,2026-07-27T14:10:10.804Z
5e3891a0ffe78b000a8a4124,44,S_WC_Pe_SM_Sn_NF,Snow_WinterClothing_Penguins_SunMid_Snowman_NoFire.webp,3,2,Snow,WinterClothing,Penguins,SunMid,Snowman,NoFire,2026-07-27T14:10:22.240Z
5e3891a0ffe78b000a8a4124,45,S_WC_Pe_SR_Sn_WF,Snow_WinterClothing_Penguins_SunRising_Snowman_Fire.webp,3,3,Snow,WinterClothing,Penguins,SunRising,Snowman,Fire,2026-07-27T14:10:46.276Z
5e3891a0ffe78b000a8a4124,46,NS_WC_Pe_SR_Sa_WF,NoSnow_WinterClothing_Penguins_SunRising_Sandcastle_Fire.webp,4,2,NoSnow,WinterClothing,Penguins,SunRising,Sandcastle,Fire,2026-07-27T14:10:53.390Z
5e3891a0ffe78b000a8a4124,47,S_SC_Ca_SM_Sn_WF,Snow_SummerClothing_Camels_SunMid_Snowman_Fire.webp,4,2,Snow,SummerClothing,Camels,SunMid,Snowman,Fire,2026-07-27T14:11:21.954Z
5e3891a0ffe78b000a8a4124,48,S_WC_Ca_SM_Sa_WF,Snow_WinterClothing_Camels_SunMid_Sandcastle_Fire.webp,4,2,Snow,WinterClothing,Camels,SunMid,Sandcastle,Fire,2026-07-27T14:11:56.085Z
5e3891a0ffe78b000a8a4124,49,NS_WC_Pe_SM_Sa_NF,NoSnow_WinterClothing_Penguins_SunMid_Sandcastle_NoFire.webp,4,2,NoSnow,WinterClothing,Penguins,SunMid,Sandcastle,NoFire,2026-07-27T14:12:09.453Z
5e3891a0ffe78b000a8a4124,50,S_SC_Pe_SR_Sn_WF,Snow_SummerClothing_Penguins_SunRising_Snowman_Fire.webp,4,3,Snow,SummerClothing,Penguins,SunRising,Snowman,Fire,2026-07-27T14:12:19.561Z
5e3891a0ffe78b000a8a4124,51,NS_SC_Ca_SM_Sa_WF,NoSnow_SummerClothing_Camels_SunMid_Sandcastle_Fire.webp,6,5,NoSnow,SummerClothing,Camels,SunMid,Sandcastle,Fire,2026-07-27T14:12:45.155Z
5e3891a0ffe78b000a8a4124,52,S_SC_Pe_SM_Sn_NF,Snow_SummerClothing_Penguins_SunMid_Snowman_NoFire.webp,4,2,Snow,SummerClothing,Penguins,SunMid,Snowman,NoFire,2026-07-27T14:12:57.147Z
5e3891a0ffe78b000a8a4124,53,NS_WC_Ca_SM_Sn_WF,NoSnow_WinterClothing_Camels_SunMid_Snowman_Fire.webp,3,2,NoSnow,WinterClothing,Camels,SunMid,Snowman,Fire,2026-07-27T14:13:12.332Z
5e3891a0ffe78b000a8a4124,54,S_SC_Ca_SM_Sa_WF,Snow_SummerClothing_Camels_SunMid_Sandcastle_Fire.webp,6,5,Snow,SummerClothing,Camels,SunMid,Sandcastle,Fire,2026-07-27T14:14:23.966Z
5e3891a0ffe78b000a8a4124,55,NS_WC_Ca_SR_Sn_NF,NoSnow_WinterClothing_Camels_SunRising_Snowman_NoFire.webp,3,2,NoSnow,WinterClothing,Camels,SunRising,Snowman,NoFire,2026-07-27T14:14:38.506Z
5e3891a0ffe78b000a8a4124,56,S_WC_Pe_SR_Sn_NF,Snow_WinterClothing_Penguins_SunRising_Snowman_NoFire.webp,3,3,Snow,WinterClothing,Penguins,SunRising,Snowman,NoFire,2026-07-27T14:14:55.060Z
5e3891a0ffe78b000a8a4124,57,S_WC_Pe_SR_Sa_WF,Snow_WinterClothing_Penguins_SunRising_Sandcastle_Fire.webp,4,2,Snow,WinterClothing,Penguins,SunRising,Sandcastle,Fire,2026-07-27T14:15:05.244Z
5e3891a0ffe78b000a8a4124,58,S_WC_Pe_SR_Sa_NF,Snow_WinterClothing_Penguins_SunRising_Sandcastle_NoFire.webp,3,2,Snow,WinterClothing,Penguins,SunRising,Sandcastle,NoFire,2026-07-27T14:15:21.952Z
5e3891a0ffe78b000a8a4124,59,NS_SC_Pe_SR_Sn_WF,NoSnow_SummerClothing_Penguins_SunRising_Snowman_Fire.webp,4,2,NoSnow,SummerClothing,Penguins,SunRising,Snowman,Fire,2026-07-27T14:15:32.625Z
5e3891a0ffe78b000a8a4124,60,S_WC_Ca_SR_Sn_WF,Snow_WinterClothing_Camels_SunRising_Snowman_Fire.webp,4,3,Snow,WinterClothing,Camels,SunRising,Snowman,Fire,2026-07-27T14:15:44.589Z
5e3891a0ffe78b000a8a4124,61,NS_SC_Pe_SM_Sn_WF,NoSnow_SummerClothing_Penguins_SunMid_Snowman_Fire.webp,4,2,NoSnow,SummerClothing,Penguins,SunMid,Snowman,Fire,2026-07-27T14:15:58.983Z
5e3891a0ffe78b000a8a4124,62,S_SC_Pe_SR_Sn_NF,Snow_SummerClothing_Penguins_SunRising_Snowman_NoFire.webp,4,3,Snow,SummerClothing,Penguins,SunRising,Snowman,NoFire,2026-07-27T14:16:08.248Z
5e3891a0ffe78b000a8a4124,63,NS_WC_Pe_SM_Sn_NF,NoSnow_WinterClothing_Penguins_SunMid_Snowman_NoFire.webp,3,2,NoSnow,WinterClothing,Penguins,SunMid,Snowman,NoFire,2026-07-27T14:16:20.964Z
6a14537a6dd95ac984cf6888,0,NS_SC_Ca_SR_Sn_WF,NoSnow_SummerClothing_Camels_SunRising_Snowman_Fire.webp,4,1,NoSnow,SummerClothing,Camels,SunRising,Snowman,Fire,2026-07-27T13:41:12.450Z
6a14537a6dd95ac984cf6888,1,NS_WC_Ca_SM_Sa_NF,NoSnow_WinterClothing_Camels_SunMid_Sandcastle_NoFire.webp,5,3,NoSnow,WinterClothing,Camels,SunMid,Sandcastle,NoFire,2026-07-27T13:41:24.318Z
6a14537a6dd95ac984cf6888,2,S_WC_Ca_SM_Sn_WF,Snow_WinterClothing_Camels_SunMid_Snowman_Fire.webp,2,2,Snow,WinterClothing,Camels,SunMid,Snowman,Fire,2026-07-27T13:41:36.336Z
6a14537a6dd95ac984cf6888,3,NS_SC_Pe_SM_Sa_WF,NoSnow_SummerClothing_Penguins_SunMid_Sandcastle_Fire.webp,4,2,NoSnow,SummerClothing,Penguins,SunMid,Sandcastle,Fire,2026-07-27T13:41:50.787Z
6a14537a6dd95ac984cf6888,4,NS_SC_Ca_SM_Sn_NF,NoSnow_SummerClothing_Camels_SunMid_Snowman_NoFire.webp,4,1,NoSnow,SummerClothing,Camels,SunMid,Snowman,NoFire,2026-07-27T13:42:00.270Z
6a14537a6dd95ac984cf6888,5,S_SC_Pe_SR_Sa_NF,Snow_SummerClothing_Penguins_SunRising_Sandcastle_NoFire.webp,2,1,Snow,SummerClothing,Penguins,SunRising,Sandcastle,NoFire,2026-07-27T13:42:11.146Z
6a14537a6dd95ac984cf6888,6,S_SC_Pe_SM_Sa_WF,Snow_SummerClothing_Penguins_SunMid_Sandcastle_Fire.webp,2,1,Snow,SummerClothing,Penguins,SunMid,Sandcastle,Fire,2026-07-27T13:42:35.200Z
6a14537a6dd95ac984cf6888,7,NS_WC_Pe_SM_Sa_NF,NoSnow_WinterClothing_Penguins_SunMid_Sandcastle_NoFire.webp,5,3,NoSnow,WinterClothing,Penguins,SunMid,Sandcastle,NoFire,2026-07-27T13:42:44.161Z
6a14537a6dd95ac984cf6888,8,S_WC_Pe_SM_Sn_WF,Snow_WinterClothing_Penguins_SunMid_Snowman_Fire.webp,2,2,Snow,WinterClothing,Penguins,SunMid,Snowman,Fire,2026-07-27T13:43:05.767Z
6a14537a6dd95ac984cf6888,9,S_SC_Ca_SR_Sn_WF,Snow_SummerClothing_Camels_SunRising_Snowman_Fire.webp,2,1,Snow,SummerClothing,Camels,SunRising,Snowman,Fire,2026-07-27T13:43:16.163Z
6a14537a6dd95ac984cf6888,10,S_SC_Ca_SR_Sa_WF,Snow_SummerClothing_Camels_SunRising_Sandcastle_Fire.webp,2,1,Snow,SummerClothing,Camels,SunRising,Sandcastle,Fire,2026-07-27T13:43:25.260Z
6a14537a6dd95ac984cf6888,11,S_WC_Ca_SM_Sa_NF,Snow_WinterClothing_Camels_SunMid_Sandcastle_NoFire.webp,3,1,Snow,WinterClothing,Camels,SunMid,Sandcastle,NoFire,2026-07-27T13:43:34.586Z
6a14537a6dd95ac984cf6888,12,S_SC_Pe_SM_Sn_NF,Snow_SummerClothing_Penguins_SunMid_Snowman_NoFire.webp,1,4,Snow,SummerClothing,Penguins,SunMid,Snowman,NoFire,2026-07-27T13:43:44.714Z
6a14537a6dd95ac984cf6888,13,NS_WC_Ca_SR_Sn_NF,NoSnow_WinterClothing_Camels_SunRising_Snowman_NoFire.webp,4,2,NoSnow,WinterClothing,Camels,SunRising,Snowman,NoFire,2026-07-27T13:44:12.978Z
6a14537a6dd95ac984cf6888,14,NS_WC_Ca_SM_Sn_WF,NoSnow_WinterClothing_Camels_SunMid_Snowman_Fire.webp,4,2,NoSnow,WinterClothing,Camels,SunMid,Snowman,Fire,2026-07-27T13:44:49.986Z
6a14537a6dd95ac984cf6888,15,NS_WC_Ca_SR_Sa_WF,NoSnow_WinterClothing_Camels_SunRising_Sandcastle_Fire.webp,5,5,NoSnow,WinterClothing,Camels,SunRising,Sandcastle,Fire,2026-07-27T13:45:03.422Z
6a14537a6dd95ac984cf6888,16,S_WC_Ca_SM_Sa_WF,Snow_WinterClothing_Camels_SunMid_Sandcastle_Fire.webp,4,2,Snow,WinterClothing,Camels,SunMid,Sandcastle,Fire,2026-07-27T13:45:46.508Z
6a14537a6dd95ac984cf6888,17,NS_WC_Pe_SR_Sn_NF,NoSnow_WinterClothing_Penguins_SunRising_Snowman_NoFire.webp,4,1,NoSnow,WinterClothing,Penguins,SunRising,Snowman,NoFire,2026-07-27T13:45:55.775Z
6a14537a6dd95ac984cf6888,18,S_WC_Ca_SR_Sa_NF,Snow_WinterClothing_Camels_SunRising_Sandcastle_NoFire.webp,3,2,Snow,WinterClothing,Camels,SunRising,Sandcastle,NoFire,2026-07-27T13:46:05.991Z
6a14537a6dd95ac984cf6888,19,S_SC_Ca_SR_Sa_NF,Snow_SummerClothing_Camels_SunRising_Sandcastle_NoFire.webp,2,3,Snow,SummerClothing,Camels,SunRising,Sandcastle,NoFire,2026-07-27T13:46:15.832Z
6a14537a6dd95ac984cf6888,20,NS_SC_Ca_SR_Sa_NF,NoSnow_SummerClothing_Camels_SunRising_Sandcastle_NoFire.webp,4,6,NoSnow,SummerClothing,Camels,SunRising,Sandcastle,NoFire,2026-07-27T13:46:33.190Z
6a14537a6dd95ac984cf6888,21,S_SC_Ca_SM_Sa_WF,Snow_SummerClothing_Camels_SunMid_Sandcastle_Fire.webp,2,2,Snow,SummerClothing,Camels,SunMid,Sandcastle,Fire,2026-07-27T13:46:42.699Z
6a14537a6dd95ac984cf6888,22,NS_SC_Pe_SR_Sa_NF,NoSnow_SummerClothing_Penguins_SunRising_Sandcastle_NoFire.webp,5,3,NoSnow,SummerClothing,Penguins,SunRising,Sandcastle,NoFire,2026-07-27T13:46:50.161Z
6a14537a6dd95ac984cf6888,23,NS_SC_Ca_SM_Sa_NF,NoSnow_SummerClothing_Camels_SunMid_Sandcastle_NoFire.webp,5,6,NoSnow,SummerClothing,Camels,SunMid,Sandcastle,NoFire,2026-07-27T13:46:59.970Z
6a14537a6dd95ac984cf6888,24,S_SC_Ca_SM_Sa_NF,Snow_SummerClothing_Camels_SunMid_Sandcastle_NoFire.webp,2,2,Snow,SummerClothing,Camels,SunMid,Sandcastle,NoFire,2026-07-27T13:47:11.156Z
6a14537a6dd95ac984cf6888,25,S_WC_Ca_SM_Sn_NF,Snow_WinterClothing_Camels_SunMid_Snowman_NoFire.webp,4,3,Snow,WinterClothing,Camels,SunMid,Snowman,NoFire,2026-07-27T13:47:20.463Z
6a14537a6dd95ac984cf6888,26,S_SC_Pe_SR_Sa_WF,Snow_SummerClothing_Penguins_SunRising_Sandcastle_Fire.webp,2,3,Snow,SummerClothing,Penguins,SunRising,Sandcastle,Fire,2026-07-27T13:47:29.733Z
6a14537a6dd95ac984cf6888,27,S_WC_Ca_SR_Sn_NF,Snow_WinterClothing_Camels_SunRising_Snowman_NoFire.webp,4,3,Snow,WinterClothing,Camels,SunRising,Snowman,NoFire,2026-07-27T13:47:36.132Z
6a14537a6dd95ac984cf6888,28,NS_SC_Pe_SM_Sn_WF,NoSnow_SummerClothing_Penguins_SunMid_Snowman_Fire.webp,6,2,NoSnow,SummerClothing,Penguins,SunMid,Snowman,Fire,2026-07-27T13:47:49.420Z
6a14537a6dd95ac984cf6888,29,S_WC_Pe_SM_Sn_NF,Snow_WinterClothing_Penguins_SunMid_Snowman_NoFire.webp,4,5,Snow,WinterClothing,Penguins,SunMid,Snowman,NoFire,2026-07-27T13:52:21.130Z
6a14537a6dd95ac984cf6888,30,NS_WC_Pe_SM_Sn_WF,NoSnow_WinterClothing_Penguins_SunMid_Snowman_Fire.webp,6,2,NoSnow,WinterClothing,Penguins,SunMid,Snowman,Fire,2026-07-27T13:52:30.324Z
6a14537a6dd95ac984cf6888,31,S_SC_Ca_SM_Sn_WF,Snow_SummerClothing_Camels_SunMid_Snowman_Fire.webp,2,4,Snow,SummerClothing,Camels,SunMid,Snowman,Fire,2026-07-27T13:52:38.043Z
6a14537a6dd95ac984cf6888,32,S_SC_Pe_SM_Sn_WF,Snow_SummerClothing_Penguins_SunMid_Snowman_Fire.webp,2,5,Snow,SummerClothing,Penguins,SunMid,Snowman,Fire,2026-07-27T13:52:47.551Z
6a14537a6dd95ac984cf6888,33,S_SC_Pe_SM_Sa_NF,Snow_SummerClothing_Penguins_SunMid_Sandcastle_NoFire.webp,2,3,Snow,SummerClothing,Penguins,SunMid,Sandcastle,NoFire,2026-07-27T13:52:58.177Z
6a14537a6dd95ac984cf6888,34,NS_WC_Ca_SR_Sn_WF,NoSnow_WinterClothing_Camels_SunRising_Snowman_Fire.webp,6,2,NoSnow,WinterClothing,Camels,SunRising,Snowman,Fire,2026-07-27T13:53:05.541Z
6a14537a6dd95ac984cf6888,35,S_WC_Ca_SR_Sa_WF,Snow_WinterClothing_Camels_SunRising_Sandcastle_Fire.webp,4,3,Snow,WinterClothing,Camels,SunRising,Sandcastle,Fire,2026-07-27T13:53:14.581Z
6a14537a6dd95ac984cf6888,36,S_SC_Ca_SR_Sn_NF,Snow_SummerClothing_Camels_SunRising_Snowman_NoFire.webp,2,3,Snow,SummerClothing,Camels,SunRising,Snowman,NoFire,2026-07-27T13:53:21.415Z
6a14537a6dd95ac984cf6888,37,S_WC_Pe_SR_Sn_NF,Snow_WinterClothing_Penguins_SunRising_Snowman_NoFire.webp,4,5,Snow,WinterClothing,Penguins,SunRising,Snowman,NoFire,2026-07-27T13:53:27.771Z
6a14537a6dd95ac984cf6888,38,NS_SC_Pe_SM_Sn_NF,NoSnow_SummerClothing_Penguins_SunMid_Snowman_NoFire.webp,4,2,NoSnow,SummerClothing,Penguins,SunMid,Snowman,NoFire,2026-07-27T13:53:36.548Z
6a14537a6dd95ac984cf6888,39,NS_WC_Pe_SM_Sn_NF,NoSnow_WinterClothing_Penguins_SunMid_Snowman_NoFire.webp,6,2,NoSnow,WinterClothing,Penguins,SunMid,Snowman,NoFire,2026-07-27T13:53:43.460Z
6a14537a6dd95ac984cf6888,40,NS_WC_Pe_SR_Sn_WF,NoSnow_WinterClothing_Penguins_SunRising_Snowman_Fire.webp,6,2,NoSnow,WinterClothing,Penguins,SunRising,Snowman,Fire,2026-07-27T13:53:52.135Z
6a14537a6dd95ac984cf6888,41,NS_WC_Pe_SR_Sa_NF,NoSnow_WinterClothing_Penguins_SunRising_Sandcastle_NoFire.webp,5,3,NoSnow,WinterClothing,Penguins,SunRising,Sandcastle,NoFire,2026-07-27T13:54:04.647Z
6a14537a6dd95ac984cf6888,42,S_WC_Pe_SR_Sn_WF,Snow_WinterClothing_Penguins_SunRising_Snowman_Fire.webp,5,5,Snow,WinterClothing,Penguins,SunRising,Snowman,Fire,2026-07-27T13:54:12.845Z
6a14537a6dd95ac984cf6888,43,NS_SC_Pe_SR_Sn_WF,NoSnow_SummerClothing_Penguins_SunRising_Snowman_Fire.webp,5,2,NoSnow,SummerClothing,Penguins,SunRising,Snowman,Fire,2026-07-27T13:54:27.214Z
6a14537a6dd95ac984cf6888,44,NS_SC_Ca_SM_Sn_WF,NoSnow_SummerClothing_Camels_SunMid_Snowman_Fire.webp,5,3,NoSnow,SummerClothing,Camels,SunMid,Snowman,Fire,2026-07-27T13:54:42.054Z
6a14537a6dd95ac984cf6888,45,S_WC_Pe_SR_Sa_NF,Snow_WinterClothing_Penguins_SunRising_Sandcastle_NoFire.webp,4,3,Snow,WinterClothing,Penguins,SunRising,Sandcastle,NoFire,2026-07-27T13:54:51.287Z
6a14537a6dd95ac984cf6888,46,S_WC_Pe_SM_Sa_NF,Snow_WinterClothing_Penguins_SunMid_Sandcastle_NoFire.webp,4,3,Snow,WinterClothing,Penguins,SunMid,Sandcastle,NoFire,2026-07-27T13:54:58.948Z
6a14537a6dd95ac984cf6888,47,NS_SC_Pe_SR_Sa_WF,NoSnow_SummerClothing_Penguins_SunRising_Sandcastle_Fire.webp,5,3,NoSnow,SummerClothing,Penguins,SunRising,Sandcastle,Fire,2026-07-27T13:55:04.955Z
6a14537a6dd95ac984cf6888,48,S_SC_Pe_SR_Sn_WF,Snow_SummerClothing_Penguins_SunRising_Snowman_Fire.webp,2,5,Snow,SummerClothing,Penguins,SunRising,Snowman,Fire,2026-07-27T13:55:14.645Z
6a14537a6dd95ac984cf6888,49,NS_WC_Ca_SR_Sa_NF,NoSnow_WinterClothing_Camels_SunRising_Sandcastle_NoFire.webp,6,6,NoSnow,WinterClothing,Camels,SunRising,Sandcastle,NoFire,2026-07-27T13:55:36.063Z
6a14537a6dd95ac984cf6888,50,S_WC_Pe_SR_Sa_WF,Snow_WinterClothing_Penguins_SunRising_Sandcastle_Fire.webp,4,3,Snow,WinterClothing,Penguins,SunRising,Sandcastle,Fire,2026-07-27T13:55:43.752Z
6a14537a6dd95ac984cf6888,51,NS_WC_Ca_SM_Sa_WF,NoSnow_WinterClothing_Camels_SunMid_Sandcastle_Fire.webp,6,6,NoSnow,WinterClothing,Camels,SunMid,Sandcastle,Fire,2026-07-27T13:55:54.105Z
6a14537a6dd95ac984cf6888,52,S_WC_Pe_SM_Sa_WF,Snow_WinterClothing_Penguins_SunMid_Sandcastle_Fire.webp,5,4,Snow,WinterClothing,Penguins,SunMid,Sandcastle,Fire,2026-07-27T13:56:03.132Z
6a14537a6dd95ac984cf6888,53,NS_SC_Ca_SR_Sn_NF,NoSnow_SummerClothing_Camels_SunRising_Snowman_NoFire.webp,4,3,NoSnow,SummerClothing,Camels,SunRising,Snowman,NoFire,2026-07-27T13:56:09.733Z
6a14537a6dd95ac984cf6888,54,NS_SC_Ca_SM_Sa_WF,NoSnow_SummerClothing_Camels_SunMid_Sandcastle_Fire.webp,6,6,NoSnow,SummerClothing,Camels,SunMid,Sandcastle,Fire,2026-07-27T13:56:17.813Z
6a14537a6dd95ac984cf6888,55,NS_SC_Pe_SR_Sn_NF,NoSnow_SummerClothing_Penguins_SunRising_Snowman_NoFire.webp,4,2,NoSnow,SummerClothing,Penguins,SunRising,Snowman,NoFire,2026-07-27T13:56:27.784Z
6a14537a6dd95ac984cf6888,56,NS_SC_Ca_SR_Sa_WF,NoSnow_SummerClothing_Camels_SunRising_Sandcastle_Fire.webp,6,6,NoSnow,SummerClothing,Camels,SunRising,Sandcastle,Fire,2026-07-27T13:56:36.869Z
6a14537a6dd95ac984cf6888,57,S_SC_Pe_SR_Sn_NF,Snow_SummerClothing_Penguins_SunRising_Snowman_NoFire.webp,2,5,Snow,SummerClothing,Penguins,SunRising,Snowman,NoFire,2026-07-27T13:56:45.531Z
6a14537a6dd95ac984cf6888,58,S_SC_Ca_SM_Sn_NF,Snow_SummerClothing_Camels_SunMid_Snowman_NoFire.webp,2,3,Snow,SummerClothing,Camels,SunMid,Snowman,NoFire,2026-07-27T13:56:55.265Z
6a14537a6dd95ac984cf6888,59,S_WC_Ca_SR_Sn_WF,Snow_WinterClothing_Camels_SunRising_Snowman_Fire.webp,4,3,Snow,WinterClothing,Camels,SunRising,Snowman,Fire,2026-07-27T13:57:01.796Z
6a14537a6dd95ac984cf6888,60,NS_WC_Pe_SR_Sa_WF,NoSnow_WinterClothing_Penguins_SunRising_Sandcastle_Fire.webp,7,3,NoSnow,WinterClothing,Penguins,SunRising,Sandcastle,Fire,2026-07-27T13:57:14.137Z
6a14537a6dd95ac984cf6888,61,NS_WC_Ca_SM_Sn_NF,NoSnow_WinterClothing_Camels_SunMid_Snowman_NoFire.webp,6,3,NoSnow,WinterClothing,Camels,SunMid,Snowman,NoFire,2026-07-27T13:57:23.523Z
6a14537a6dd95ac984cf6888,62,NS_SC_Pe_SM_Sa_NF,NoSnow_SummerClothing_Penguins_SunMid_Sandcastle_NoFire.webp,4,3,NoSnow,SummerClothing,Penguins,SunMid,Sandcastle,NoFire,2026-07-27T13:57:29.887Z
6a14537a6dd95ac984cf6888,63,NS_WC_Pe_SM_Sa_WF,NoSnow_WinterClothing_Penguins_SunMid_Sandcastle_Fire.webp,6,3,NoSnow,WinterClothing,Penguins,SunMid,Sandcastle,Fire,2026-07-27T13:57:40.334Z
6a26063caa01a9aa4baf76fe,0,NS_SC_Pe_SM_Sa_WF,NoSnow_SummerClothing_Penguins_SunMid_Sandcastle_Fire.webp,2,2,NoSnow,SummerClothing,Penguins,SunMid,Sandcastle,Fire,2026-07-27T13:42:59.486Z
6a26063caa01a9aa4baf76fe,1,S_WC_Ca_SR_Sn_NF,Snow_WinterClothing_Camels_SunRising_Snowman_NoFire.webp,1,1,Snow,WinterClothing,Camels,SunRising,Snowman,NoFire,2026-07-27T13:43:25.141Z
6a26063caa01a9aa4baf76fe,2,S_SC_Pe_SM_Sn_NF,Snow_SummerClothing_Penguins_SunMid_Snowman_NoFire.webp,2,2,Snow,SummerClothing,Penguins,SunMid,Snowman,NoFire,2026-07-27T13:43:45.141Z
6a26063caa01a9aa4baf76fe,3,NS_WC_Pe_SM_Sa_WF,NoSnow_WinterClothing_Penguins_SunMid_Sandcastle_Fire.webp,2,2,NoSnow,WinterClothing,Penguins,SunMid,Sandcastle,Fire,2026-07-27T13:44:00.893Z
6a26063caa01a9aa4baf76fe,4,S_SC_Pe_SR_Sa_NF,Snow_SummerClothing_Penguins_SunRising_Sandcastle_NoFire.webp,2,2,Snow,SummerClothing,Penguins,SunRising,Sandcastle,NoFire,2026-07-27T13:44:14.981Z
6a26063caa01a9aa4baf76fe,5,S_WC_Pe_SR_Sa_WF,Snow_WinterClothing_Penguins_SunRising_Sandcastle_Fire.webp,2,2,Snow,WinterClothing,Penguins,SunRising,Sandcastle,Fire,2026-07-27T13:44:30.069Z
6a26063caa01a9aa4baf76fe,6,S_WC_Ca_SR_Sn_WF,Snow_WinterClothing_Camels_SunRising_Snowman_Fire.webp,3,2,Snow,WinterClothing,Camels,SunRising,Snowman,Fire,2026-07-27T13:44:56.365Z
6a26063caa01a9aa4baf76fe,7,S_SC_Ca_SR_Sn_NF,Snow_SummerClothing_Camels_SunRising_Snowman_NoFire.webp,2,2,Snow,SummerClothing,Camels,SunRising,Snowman,NoFire,2026-07-27T13:45:39.077Z
6a26063caa01a9aa4baf76fe,8,S_SC_Ca_SR_Sa_NF,Snow_SummerClothing_Camels_SunRising_Sandcastle_NoFire.webp,3,1,Snow,SummerClothing,Camels,SunRising,Sandcastle,NoFire,2026-07-27T13:46:40.405Z
6a26063caa01a9aa4baf76fe,9,S_WC_Ca_SM_Sa_NF,Snow_WinterClothing_Camels_SunMid_Sandcastle_NoFire.webp,2,2,Snow,WinterClothing,Camels,SunMid,Sandcastle,NoFire,2026-07-27T13:46:58.998Z
6a26063caa01a9aa4baf76fe,10,NS_WC_Pe_SR_Sa_NF,NoSnow_WinterClothing_Penguins_SunRising_Sandcastle_NoFire.webp,2,3,NoSnow,WinterClothing,Penguins,SunRising,Sandcastle,NoFire,2026-07-27T13:47:08.988Z
6a26063caa01a9aa4baf76fe,11,S_SC_Ca_SM_Sa_WF,Snow_SummerClothing_Camels_SunMid_Sandcastle_Fire.webp,4,2,Snow,SummerClothing,Camels,SunMid,Sandcastle,Fire,2026-07-27T13:47:22.139Z
6a26063caa01a9aa4baf76fe,12,S_WC_Ca_SM_Sn_NF,Snow_WinterClothing_Camels_SunMid_Snowman_NoFire.webp,2,2,Snow,WinterClothing,Camels,SunMid,Snowman,NoFire,2026-07-27T13:47:35.821Z
6a26063caa01a9aa4baf76fe,13,S_WC_Pe_SR_Sn_WF,Snow_WinterClothing_Penguins_SunRising_Snowman_Fire.webp,2,2,Snow,WinterClothing,Penguins,SunRising,Snowman,Fire,2026-07-27T13:47:49.549Z
6a26063caa01a9aa4baf76fe,14,NS_SC_Pe_SM_Sn_NF,NoSnow_SummerClothing_Penguins_SunMid_Snowman_NoFire.webp,4,3,NoSnow,SummerClothing,Penguins,SunMid,Snowman,NoFire,2026-07-27T13:48:03.429Z
6a26063caa01a9aa4baf76fe,15,S_SC_Pe_SM_Sa_WF,Snow_SummerClothing_Penguins_SunMid_Sandcastle_Fire.webp,3,3,Snow,SummerClothing,Penguins,SunMid,Sandcastle,Fire,2026-07-27T13:48:20.750Z
6a26063caa01a9aa4baf76fe,16,NS_WC_Pe_SR_Sa_WF,NoSnow_WinterClothing_Penguins_SunRising_Sandcastle_Fire.webp,2,3,NoSnow,WinterClothing,Penguins,SunRising,Sandcastle,Fire,2026-07-27T13:48:33.109Z
6a26063caa01a9aa4baf76fe,17,NS_WC_Pe_SM_Sn_WF,NoSnow_WinterClothing_Penguins_SunMid_Snowman_Fire.webp,2,2,NoSnow,WinterClothing,Penguins,SunMid,Snowman,Fire,2026-07-27T13:48:46.502Z
6a26063caa01a9aa4baf76fe,18,S_WC_Ca_SR_Sa_WF,Snow_WinterClothing_Camels_SunRising_Sandcastle_Fire.webp,2,3,Snow,WinterClothing,Camels,SunRising,Sandcastle,Fire,2026-07-27T13:49:03.717Z
6a26063caa01a9aa4baf76fe,19,NS_WC_Ca_SR_Sa_NF,NoSnow_WinterClothing_Camels_SunRising_Sandcastle_NoFire.webp,3,3,NoSnow,WinterClothing,Camels,SunRising,Sandcastle,NoFire,2026-07-27T13:49:19.429Z
6a26063caa01a9aa4baf76fe,20,NS_WC_Ca_SR_Sn_NF,NoSnow_WinterClothing_Camels_SunRising_Snowman_NoFire.webp,3,4,NoSnow,WinterClothing,Camels,SunRising,Snowman,NoFire,2026-07-27T13:49:32.101Z
6a26063caa01a9aa4baf76fe,21,S_SC_Ca_SM_Sa_NF,Snow_SummerClothing_Camels_SunMid_Sandcastle_NoFire.webp,5,4,Snow,SummerClothing,Camels,SunMid,Sandcastle,NoFire,2026-07-27T13:49:44.909Z
6a26063caa01a9aa4baf76fe,22,NS_SC_Ca_SR_Sn_NF,NoSnow_SummerClothing_Camels_SunRising_Snowman_NoFire.webp,5,5,NoSnow,SummerClothing,Camels,SunRising,Snowman,NoFire,2026-07-27T13:49:57.861Z
6a26063caa01a9aa4baf76fe,23,NS_SC_Ca_SM_Sn_WF,NoSnow_SummerClothing_Camels_SunMid_Snowman_Fire.webp,5,5,NoSnow,SummerClothing,Camels,SunMid,Snowman,Fire,2026-07-27T13:50:07.301Z
6a26063caa01a9aa4baf76fe,24,S_WC_Ca_SM_Sn_WF,Snow_WinterClothing_Camels_SunMid_Snowman_Fire.webp,3,4,Snow,WinterClothing,Camels,SunMid,Snowman,Fire,2026-07-27T13:50:22.565Z
6a26063caa01a9aa4baf76fe,25,NS_SC_Pe_SR_Sa_NF,NoSnow_SummerClothing_Penguins_SunRising_Sandcastle_NoFire.webp,5,4,NoSnow,SummerClothing,Penguins,SunRising,Sandcastle,NoFire,2026-07-27T13:50:34.084Z
6a26063caa01a9aa4baf76fe,26,NS_SC_Pe_SR_Sn_NF,NoSnow_SummerClothing_Penguins_SunRising_Snowman_NoFire.webp,5,5,NoSnow,SummerClothing,Penguins,SunRising,Snowman,NoFire,2026-07-27T13:50:42.661Z
6a26063caa01a9aa4baf76fe,27,NS_SC_Ca_SM_Sn_NF,NoSnow_SummerClothing_Camels_SunMid_Snowman_NoFire.webp,5,5,NoSnow,SummerClothing,Camels,SunMid,Snowman,NoFire,2026-07-27T13:50:58.725Z
6a26063caa01a9aa4baf76fe,28,S_SC_Pe_SM_Sn_WF,Snow_SummerClothing_Penguins_SunMid_Snowman_Fire.webp,5,4,Snow,SummerClothing,Penguins,SunMid,Snowman,Fire,2026-07-27T13:51:07.629Z
6a26063caa01a9aa4baf76fe,29,NS_SC_Ca_SR_Sa_WF,NoSnow_SummerClothing_Camels_SunRising_Sandcastle_Fire.webp,5,4,NoSnow,SummerClothing,Camels,SunRising,Sandcastle,Fire,2026-07-27T13:51:19.869Z
6a26063caa01a9aa4baf76fe,30,NS_WC_Ca_SM_Sa_WF,NoSnow_WinterClothing_Camels_SunMid_Sandcastle_Fire.webp,3,5,NoSnow,WinterClothing,Camels,SunMid,Sandcastle,Fire,2026-07-27T13:51:32.589Z
6a26063caa01a9aa4baf76fe,31,NS_WC_Ca_SR_Sn_WF,NoSnow_WinterClothing_Camels_SunRising_Snowman_Fire.webp,3,4,NoSnow,WinterClothing,Camels,SunRising,Snowman,Fire,2026-07-27T13:51:58.396Z
6a26063caa01a9aa4baf76fe,32,NS_SC_Pe_SR_Sa_WF,NoSnow_SummerClothing_Penguins_SunRising_Sandcastle_Fire.webp,5,5,NoSnow,SummerClothing,Penguins,SunRising,Sandcastle,Fire,2026-07-27T13:52:11.077Z
6a26063caa01a9aa4baf76fe,33,NS_WC_Ca_SM_Sn_NF,NoSnow_WinterClothing_Camels_SunMid_Snowman_NoFire.webp,5,5,NoSnow,WinterClothing,Camels,SunMid,Snowman,NoFire,2026-07-27T13:52:21.749Z
6a26063caa01a9aa4baf76fe,34,S_SC_Pe_SR_Sa_WF,Snow_SummerClothing_Penguins_SunRising_Sandcastle_Fire.webp,5,5,Snow,SummerClothing,Penguins,SunRising,Sandcastle,Fire,2026-07-27T13:52:47.493Z
6a26063caa01a9aa4baf76fe,35,S_WC_Pe_SM_Sn_NF,Snow_WinterClothing_Penguins_SunMid_Snowman_NoFire.webp,3,5,Snow,WinterClothing,Penguins,SunMid,Snowman,NoFire,2026-07-27T13:52:59.373Z
6a26063caa01a9aa4baf76fe,36,NS_SC_Ca_SR_Sa_NF,NoSnow_SummerClothing_Camels_SunRising_Sandcastle_NoFire.webp,5,4,NoSnow,SummerClothing,Camels,SunRising,Sandcastle,NoFire,2026-07-27T13:53:16.381Z
6a26063caa01a9aa4baf76fe,37,NS_WC_Pe_SM_Sn_NF,NoSnow_WinterClothing_Penguins_SunMid_Snowman_NoFire.webp,3,5,NoSnow,WinterClothing,Penguins,SunMid,Snowman,NoFire,2026-07-27T13:53:32.893Z
6a26063caa01a9aa4baf76fe,38,NS_WC_Pe_SR_Sn_NF,NoSnow_WinterClothing_Penguins_SunRising_Snowman_NoFire.webp,4,5,NoSnow,WinterClothing,Penguins,SunRising,Snowman,NoFire,2026-07-27T13:53:46.813Z
6a26063caa01a9aa4baf76fe,39,S_SC_Pe_SR_Sn_NF,Snow_SummerClothing_Penguins_SunRising_Snowman_NoFire.webp,6,5,Snow,SummerClothing,Penguins,SunRising,Snowman,NoFire,2026-07-27T13:54:01.285Z
6a26063caa01a9aa4baf76fe,40,S_SC_Ca_SM_Sn_NF,Snow_SummerClothing_Camels_SunMid_Snowman_NoFire.webp,6,5,Snow,SummerClothing,Camels,SunMid,Snowman,NoFire,2026-07-27T13:54:13.437Z
6a26063caa01a9aa4baf76fe,41,S_WC_Ca_SR_Sa_NF,Snow_WinterClothing_Camels_SunRising_Sandcastle_NoFire.webp,4,5,Snow,WinterClothing,Camels,SunRising,Sandcastle,NoFire,2026-07-27T13:54:29.445Z
6a26063caa01a9aa4baf76fe,42,S_SC_Pe_SM_Sa_NF,Snow_SummerClothing_Penguins_SunMid_Sandcastle_NoFire.webp,6,5,Snow,SummerClothing,Penguins,SunMid,Sandcastle,NoFire,2026-07-27T13:54:41.605Z
6a26063caa01a9aa4baf76fe,43,S_SC_Ca_SR_Sa_WF,Snow_SummerClothing_Camels_SunRising_Sandcastle_Fire.webp,6,5,Snow,SummerClothing,Camels,SunRising,Sandcastle,Fire,2026-07-27T13:54:53.653Z
6a26063caa01a9aa4baf76fe,44,S_WC_Pe_SR_Sa_NF,Snow_WinterClothing_Penguins_SunRising_Sandcastle_NoFire.webp,4,6,Snow,WinterClothing,Penguins,SunRising,Sandcastle,NoFire,2026-07-27T13:55:11.589Z
6a26063caa01a9aa4baf76fe,45,S_WC_Ca_SM_Sa_WF,Snow_WinterClothing_Camels_SunMid_Sandcastle_Fire.webp,3,5,Snow,WinterClothing,Camels,SunMid,Sandcastle,Fire,2026-07-27T13:55:33.725Z
6a26063caa01a9aa4baf76fe,46,NS_WC_Pe_SR_Sn_WF,NoSnow_WinterClothing_Penguins_SunRising_Snowman_Fire.webp,3,5,NoSnow,WinterClothing,Penguins,SunRising,Snowman,Fire,2026-07-27T13:55:47.045Z
6a26063caa01a9aa4baf76fe,47,S_WC_Pe_SM_Sn_WF,Snow_WinterClothing_Penguins_SunMid_Snowman_Fire.webp,3,5,Snow,WinterClothing,Penguins,SunMid,Snowman,Fire,2026-07-27T13:55:59.086Z
6a26063caa01a9aa4baf76fe,48,NS_WC_Pe_SM_Sa_NF,NoSnow_WinterClothing_Penguins_SunMid_Sandcastle_NoFire.webp,4,5,NoSnow,WinterClothing,Penguins,SunMid,Sandcastle,NoFire,2026-07-27T13:56:10.709Z
6a26063caa01a9aa4baf76fe,49,NS_SC_Pe_SR_Sn_WF,NoSnow_SummerClothing_Penguins_SunRising_Snowman_Fire.webp,5,5,NoSnow,SummerClothing,Penguins,SunRising,Snowman,Fire,2026-07-27T13:56:24.461Z
6a26063caa01a9aa4baf76fe,50,NS_SC_Ca_SR_Sn_WF,NoSnow_SummerClothing_Camels_SunRising_Snowman_Fire.webp,5,5,NoSnow,SummerClothing,Camels,SunRising,Snowman,Fire,2026-07-27T13:56:35.117Z
6a26063caa01a9aa4baf76fe,51,NS_SC_Pe_SM_Sn_WF,NoSnow_SummerClothing_Penguins_SunMid_Snowman_Fire.webp,6,5,NoSnow,SummerClothing,Penguins,SunMid,Snowman,Fire,2026-07-27T13:56:54.981Z
6a26063caa01a9aa4baf76fe,52,NS_SC_Ca_SM_Sa_NF,NoSnow_SummerClothing_Camels_SunMid_Sandcastle_NoFire.webp,4,6,NoSnow,SummerClothing,Camels,SunMid,Sandcastle,NoFire,2026-07-27T13:57:14.645Z
6a26063caa01a9aa4baf76fe,53,S_SC_Ca_SR_Sn_WF,Snow_SummerClothing_Camels_SunRising_Snowman_Fire.webp,5,6,Snow,SummerClothing,Camels,SunRising,Snowman,Fire,2026-07-27T13:57:26.403Z
6a26063caa01a9aa4baf76fe,54,S_SC_Pe_SR_Sn_WF,Snow_SummerClothing_Penguins_SunRising_Snowman_Fire.webp,6,5,Snow,SummerClothing,Penguins,SunRising,Snowman,Fire,2026-07-27T13:57:37.317Z
6a26063caa01a9aa4baf76fe,55,NS_WC_Ca_SM_Sn_WF,NoSnow_WinterClothing_Camels_SunMid_Snowman_Fire.webp,4,6,NoSnow,WinterClothing,Camels,SunMid,Snowman,Fire,2026-07-27T13:57:47.773Z
6a26063caa01a9aa4baf76fe,56,NS_WC_Ca_SR_Sa_WF,NoSnow_WinterClothing_Camels_SunRising_Sandcastle_Fire.webp,4,5,NoSnow,WinterClothing,Camels,SunRising,Sandcastle,Fire,2026-07-27T13:58:30.030Z
6a26063caa01a9aa4baf76fe,57,NS_SC_Ca_SM_Sa_WF,NoSnow_SummerClothing_Camels_SunMid_Sandcastle_Fire.webp,7,6,NoSnow,SummerClothing,Camels,SunMid,Sandcastle,Fire,2026-07-27T13:58:44.254Z
6a26063caa01a9aa4baf76fe,58,S_SC_Ca_SM_Sn_WF,Snow_SummerClothing_Camels_SunMid_Snowman_Fire.webp,7,6,Snow,SummerClothing,Camels,SunMid,Snowman,Fire,2026-07-27T13:58:53.117Z
6a26063caa01a9aa4baf76fe,59,NS_SC_Pe_SM_Sa_NF,NoSnow_SummerClothing_Penguins_SunMid_Sandcastle_NoFire.webp,6,6,NoSnow,SummerClothing,Penguins,SunMid,Sandcastle,NoFire,2026-07-27T13:59:02.822Z
6a26063caa01a9aa4baf76fe,60,S_WC_Pe_SM_Sa_WF,Snow_WinterClothing_Penguins_SunMid_Sandcastle_Fire.webp,4,5,Snow,WinterClothing,Penguins,SunMid,Sandcastle,Fire,2026-07-27T13:59:21.277Z
6a26063caa01a9aa4baf76fe,61,NS_WC_Ca_SM_Sa_NF,NoSnow_WinterClothing_Camels_SunMid_Sandcastle_NoFire.webp,4,6,NoSnow,WinterClothing,Camels,SunMid,Sandcastle,NoFire,2026-07-27T13:59:34.341Z
6a26063caa01a9aa4baf76fe,62,S_WC_Pe_SM_Sa_NF,Snow_WinterClothing_Penguins_SunMid_Sandcastle_NoFire.webp,4,5,Snow,WinterClothing,Penguins,SunMid,Sandcastle,NoFire,2026-07-27T13:59:48.477Z
6a26063caa01a9aa4baf76fe,63,S_WC_Pe_SR_Sn_NF,Snow_WinterClothing_Penguins_SunRising_Snowman_NoFire.webp,3,5,Snow,WinterClothing,Penguins,SunRising,Snowman,NoFire,2026-07-27T14:00:01.548Z
6a181dbaafc993917f2db744,0,S_SC_Ca_SM_Sn_NF,Snow_SummerClothing_Camels_SunMid_Snowman_NoFire.webp,1,1,Snow,SummerClothing,Camels,SunMid,Snowman,NoFire,2026-07-27T13:41:34.579Z
6a181dbaafc993917f2db744,1,NS_SC_Ca_SR_Sn_WF,NoSnow_SummerClothing_Camels_SunRising_Snowman_Fire.webp,2,2,NoSnow,SummerClothing,Camels,SunRising,Snowman,Fire,2026-07-27T13:41:45.028Z
6a181dbaafc993917f2db744,2,S_SC_Ca_SR_Sa_WF,Snow_SummerClothing_Camels_SunRising_Sandcastle_Fire.webp,5,5,Snow,SummerClothing,Camels,SunRising,Sandcastle,Fire,2026-07-27T13:41:55.379Z
6a181dbaafc993917f2db744,3,S_SC_Pe_SR_Sn_NF,Snow_SummerClothing_Penguins_SunRising_Snowman_NoFire.webp,1,2,Snow,SummerClothing,Penguins,SunRising,Snowman,NoFire,2026-07-27T13:42:05.483Z
6a181dbaafc993917f2db744,4,S_SC_Ca_SM_Sa_NF,Snow_SummerClothing_Camels_SunMid_Sandcastle_NoFire.webp,4,5,Snow,SummerClothing,Camels,SunMid,Sandcastle,NoFire,2026-07-27T13:42:14.483Z
6a181dbaafc993917f2db744,5,S_WC_Ca_SR_Sn_NF,Snow_WinterClothing_Camels_SunRising_Snowman_NoFire.webp,3,6,Snow,WinterClothing,Camels,SunRising,Snowman,NoFire,2026-07-27T13:42:25.347Z
6a181dbaafc993917f2db744,6,S_SC_Pe_SM_Sa_WF,Snow_SummerClothing_Penguins_SunMid_Sandcastle_Fire.webp,5,2,Snow,SummerClothing,Penguins,SunMid,Sandcastle,Fire,2026-07-27T13:42:41.923Z
6a181dbaafc993917f2db744,7,NS_SC_Pe_SM_Sn_NF,NoSnow_SummerClothing_Penguins_SunMid_Snowman_NoFire.webp,1,5,NoSnow,SummerClothing,Penguins,SunMid,Snowman,NoFire,2026-07-27T13:42:57.738Z
6a181dbaafc993917f2db744,8,NS_WC_Ca_SR_Sn_NF,NoSnow_WinterClothing_Camels_SunRising_Snowman_NoFire.webp,3,5,NoSnow,WinterClothing,Camels,SunRising,Snowman,NoFire,2026-07-27T13:43:08.915Z
6a181dbaafc993917f2db744,9,NS_SC_Pe_SR_Sa_WF,NoSnow_SummerClothing_Penguins_SunRising_Sandcastle_Fire.webp,5,5,NoSnow,SummerClothing,Penguins,SunRising,Sandcastle,Fire,2026-07-27T13:43:20.002Z
6a181dbaafc993917f2db744,10,S_WC_Pe_SR_Sa_NF,Snow_WinterClothing_Penguins_SunRising_Sandcastle_NoFire.webp,6,2,Snow,WinterClothing,Penguins,SunRising,Sandcastle,NoFire,2026-07-27T13:43:32.578Z
6a181dbaafc993917f2db744,11,NS_WC_Pe_SR_Sn_WF,NoSnow_WinterClothing_Penguins_SunRising_Snowman_Fire.webp,5,6,NoSnow,WinterClothing,Penguins,SunRising,Snowman,Fire,2026-07-27T13:43:39.787Z
6a181dbaafc993917f2db744,12,S_SC_Ca_SR_Sn_WF,Snow_SummerClothing_Camels_SunRising_Snowman_Fire.webp,2,3,Snow,SummerClothing,Camels,SunRising,Snowman,Fire,2026-07-27T13:43:57.042Z
6a181dbaafc993917f2db744,13,S_WC_Ca_SR_Sa_WF,Snow_WinterClothing_Camels_SunRising_Sandcastle_Fire.webp,7,5,Snow,WinterClothing,Camels,SunRising,Sandcastle,Fire,2026-07-27T13:44:08.618Z
6a181dbaafc993917f2db744,14,S_SC_Pe_SM_Sn_NF,Snow_SummerClothing_Penguins_SunMid_Snowman_NoFire.webp,1,6,Snow,SummerClothing,Penguins,SunMid,Snowman,NoFire,2026-07-27T13:44:26.818Z
6a181dbaafc993917f2db744,15,NS_SC_Pe_SR_Sn_NF,NoSnow_SummerClothing_Penguins_SunRising_Snowman_NoFire.webp,2,6,NoSnow,SummerClothing,Penguins,SunRising,Snowman,NoFire,2026-07-27T13:44:43.274Z
6a181dbaafc993917f2db744,16,NS_SC_Ca_SR_Sn_NF,NoSnow_SummerClothing_Camels_SunRising_Snowman_NoFire.webp,2,2,NoSnow,SummerClothing,Camels,SunRising,Snowman,NoFire,2026-07-27T13:44:55.482Z
6a181dbaafc993917f2db744,17,S_SC_Pe_SR_Sa_NF,Snow_SummerClothing_Penguins_SunRising_Sandcastle_NoFire.webp,3,2,Snow,SummerClothing,Penguins,SunRising,Sandcastle,NoFire,2026-07-27T13:45:05.578Z
6a181dbaafc993917f2db744,18,NS_WC_Ca_SR_Sn_WF,NoSnow_WinterClothing_Camels_SunRising_Snowman_Fire.webp,3,2,NoSnow,WinterClothing,Camels,SunRising,Snowman,Fire,2026-07-27T13:45:19.322Z
6a181dbaafc993917f2db744,19,S_WC_Pe_SR_Sn_NF,Snow_WinterClothing_Penguins_SunRising_Snowman_NoFire.webp,3,7,Snow,WinterClothing,Penguins,SunRising,Snowman,NoFire,2026-07-27T13:45:26.954Z
6a181dbaafc993917f2db744,20,NS_SC_Pe_SM_Sa_WF,NoSnow_SummerClothing_Penguins_SunMid_Sandcastle_Fire.webp,5,3,NoSnow,SummerClothing,Penguins,SunMid,Sandcastle,Fire,2026-07-27T13:45:35.218Z
6a181dbaafc993917f2db744,21,NS_SC_Ca_SM_Sa_NF,NoSnow_SummerClothing_Camels_SunMid_Sandcastle_NoFire.webp,5,6,NoSnow,SummerClothing,Camels,SunMid,Sandcastle,NoFire,2026-07-27T13:45:46.522Z
6a181dbaafc993917f2db744,22,S_WC_Ca_SM_Sa_NF,Snow_WinterClothing_Camels_SunMid_Sandcastle_NoFire.webp,2,2,Snow,WinterClothing,Camels,SunMid,Sandcastle,NoFire,2026-07-27T13:45:58.121Z
6a181dbaafc993917f2db744,23,S_WC_Pe_SR_Sa_WF,Snow_WinterClothing_Penguins_SunRising_Sandcastle_Fire.webp,3,3,Snow,WinterClothing,Penguins,SunRising,Sandcastle,Fire,2026-07-27T13:46:06.169Z
6a181dbaafc993917f2db744,24,NS_WC_Pe_SR_Sn_NF,NoSnow_WinterClothing_Penguins_SunRising_Snowman_NoFire.webp,2,6,NoSnow,WinterClothing,Penguins,SunRising,Snowman,NoFire,2026-07-27T13:46:16.833Z
6a181dbaafc993917f2db744,25,NS_WC_Pe_SR_Sa_NF,NoSnow_WinterClothing_Penguins_SunRising_Sandcastle_NoFire.webp,6,3,NoSnow,WinterClothing,Penguins,SunRising,Sandcastle,NoFire,2026-07-27T13:46:34.489Z
6a181dbaafc993917f2db744,26,NS_SC_Ca_SM_Sn_NF,NoSnow_SummerClothing_Camels_SunMid_Snowman_NoFire.webp,5,2,NoSnow,SummerClothing,Camels,SunMid,Snowman,NoFire,2026-07-27T13:46:53.537Z
6a181dbaafc993917f2db744,27,S_WC_Pe_SR_Sn_WF,Snow_WinterClothing_Penguins_SunRising_Snowman_Fire.webp,4,7,Snow,WinterClothing,Penguins,SunRising,Snowman,Fire,2026-07-27T13:47:03.969Z
6a181dbaafc993917f2db744,28,NS_SC_Ca_SM_Sn_WF,NoSnow_SummerClothing_Camels_SunMid_Snowman_Fire.webp,6,3,NoSnow,SummerClothing,Camels,SunMid,Snowman,Fire,2026-07-27T13:47:20.201Z
6a181dbaafc993917f2db744,29,NS_WC_Pe_SM_Sn_WF,NoSnow_WinterClothing_Penguins_SunMid_Snowman_Fire.webp,6,2,NoSnow,WinterClothing,Penguins,SunMid,Snowman,Fire,2026-07-27T13:47:28.425Z
6a181dbaafc993917f2db744,30,S_SC_Ca_SR_Sa_NF,Snow_SummerClothing_Camels_SunRising_Sandcastle_NoFire.webp,1,2,Snow,SummerClothing,Camels,SunRising,Sandcastle,NoFire,2026-07-27T13:47:37.425Z
6a181dbaafc993917f2db744,31,S_WC_Ca_SM_Sn_WF,Snow_WinterClothing_Camels_SunMid_Snowman_Fire.webp,3,3,Snow,WinterClothing,Camels,SunMid,Snowman,Fire,2026-07-27T13:47:45.817Z
6a181dbaafc993917f2db744,32,S_WC_Pe_SM_Sa_NF,Snow_WinterClothing_Penguins_SunMid_Sandcastle_NoFire.webp,2,3,Snow,WinterClothing,Penguins,SunMid,Sandcastle,NoFire,2026-07-27T13:48:05.329Z
6a181dbaafc993917f2db744,33,NS_WC_Ca_SM_Sn_WF,NoSnow_WinterClothing_Camels_SunMid_Snowman_Fire.webp,7,3,NoSnow,WinterClothing,Camels,SunMid,Snowman,Fire,2026-07-27T13:48:17.241Z
6a181dbaafc993917f2db744,34,NS_WC_Ca_SM_Sa_WF,NoSnow_WinterClothing_Camels_SunMid_Sandcastle_Fire.webp,7,7,NoSnow,WinterClothing,Camels,SunMid,Sandcastle,Fire,2026-07-27T13:48:28.857Z
6a181dbaafc993917f2db744,35,S_WC_Ca_SR_Sa_NF,Snow_WinterClothing_Camels_SunRising_Sandcastle_NoFire.webp,2,2,Snow,WinterClothing,Camels,SunRising,Sandcastle,NoFire,2026-07-27T13:48:36.489Z
6a181dbaafc993917f2db744,36,S_WC_Pe_SM_Sa_WF,Snow_WinterClothing_Penguins_SunMid_Sandcastle_Fire.webp,3,3,Snow,WinterClothing,Penguins,SunMid,Sandcastle,Fire,2026-07-27T13:48:47.017Z
6a181dbaafc993917f2db744,37,NS_SC_Ca_SR_Sa_NF,NoSnow_SummerClothing_Camels_SunRising_Sandcastle_NoFire.webp,4,6,NoSnow,SummerClothing,Camels,SunRising,Sandcastle,NoFire,2026-07-27T13:49:09.000Z
6a181dbaafc993917f2db744,38,NS_SC_Ca_SM_Sa_WF,NoSnow_SummerClothing_Camels_SunMid_Sandcastle_Fire.webp,6,6,NoSnow,SummerClothing,Camels,SunMid,Sandcastle,Fire,2026-07-27T13:49:24.432Z
6a181dbaafc993917f2db744,39,S_WC_Pe_SM_Sn_WF,Snow_WinterClothing_Penguins_SunMid_Snowman_Fire.webp,4,7,Snow,WinterClothing,Penguins,SunMid,Snowman,Fire,2026-07-27T13:49:31.160Z
6a181dbaafc993917f2db744,40,S_SC_Pe_SM_Sa_NF,Snow_SummerClothing_Penguins_SunMid_Sandcastle_NoFire.webp,1,3,Snow,SummerClothing,Penguins,SunMid,Sandcastle,NoFire,2026-07-27T13:49:39.488Z
6a181dbaafc993917f2db744,41,NS_WC_Pe_SR_Sa_WF,NoSnow_WinterClothing_Penguins_SunRising_Sandcastle_Fire.webp,6,3,NoSnow,WinterClothing,Penguins,SunRising,Sandcastle,Fire,2026-07-27T13:49:48.504Z
6a181dbaafc993917f2db744,42,S_WC_Ca_SM_Sn_NF,Snow_WinterClothing_Camels_SunMid_Snowman_NoFire.webp,2,2,Snow,WinterClothing,Camels,SunMid,Snowman,NoFire,2026-07-27T13:50:28.432Z
6a181dbaafc993917f2db744,43,S_WC_Pe_SM_Sn_NF,Snow_WinterClothing_Penguins_SunMid_Snowman_NoFire.webp,2,6,Snow,WinterClothing,Penguins,SunMid,Snowman,NoFire,2026-07-27T13:50:36.120Z
6a181dbaafc993917f2db744,44,S_SC_Ca_SM_Sn_WF,Snow_SummerClothing_Camels_SunMid_Snowman_Fire.webp,2,2,Snow,SummerClothing,Camels,SunMid,Snowman,Fire,2026-07-27T13:50:43.544Z
6a181dbaafc993917f2db744,45,NS_WC_Ca_SR_Sa_NF,NoSnow_WinterClothing_Camels_SunRising_Sandcastle_NoFire.webp,6,6,NoSnow,WinterClothing,Camels,SunRising,Sandcastle,NoFire,2026-07-27T13:50:51.528Z
6a181dbaafc993917f2db744,46,NS_WC_Ca_SM_Sn_NF,NoSnow_WinterClothing_Camels_SunMid_Snowman_NoFire.webp,6,3,NoSnow,WinterClothing,Camels,SunMid,Snowman,NoFire,2026-07-27T13:51:06.928Z
6a181dbaafc993917f2db744,47,S_SC_Ca_SR_Sn_NF,Snow_SummerClothing_Camels_SunRising_Snowman_NoFire.webp,1,2,Snow,SummerClothing,Camels,SunRising,Snowman,NoFire,2026-07-27T13:51:15.304Z
6a181dbaafc993917f2db744,48,NS_SC_Pe_SM_Sn_WF,NoSnow_SummerClothing_Penguins_SunMid_Snowman_Fire.webp,6,2,NoSnow,SummerClothing,Penguins,SunMid,Snowman,Fire,2026-07-27T13:51:26.440Z
6a181dbaafc993917f2db744,49,NS_WC_Ca_SM_Sa_NF,NoSnow_WinterClothing_Camels_SunMid_Sandcastle_NoFire.webp,6,6,NoSnow,WinterClothing,Camels,SunMid,Sandcastle,NoFire,2026-07-27T13:51:39.504Z
6a181dbaafc993917f2db744,50,S_SC_Pe_SM_Sn_WF,Snow_SummerClothing_Penguins_SunMid_Snowman_Fire.webp,2,6,Snow,SummerClothing,Penguins,SunMid,Snowman,Fire,2026-07-27T13:51:48.215Z
6a181dbaafc993917f2db744,51,S_SC_Pe_SR_Sn_WF,Snow_SummerClothing_Penguins_SunRising_Snowman_Fire.webp,2,7,Snow,SummerClothing,Penguins,SunRising,Snowman,Fire,2026-07-27T13:51:54.871Z
6a181dbaafc993917f2db744,52,S_SC_Pe_SR_Sa_WF,Snow_SummerClothing_Penguins_SunRising_Sandcastle_Fire.webp,2,2,Snow,SummerClothing,Penguins,SunRising,Sandcastle,Fire,2026-07-27T13:52:15.415Z
6a181dbaafc993917f2db744,53,S_WC_Ca_SR_Sn_WF,Snow_WinterClothing_Camels_SunRising_Snowman_Fire.webp,4,3,Snow,WinterClothing,Camels,SunRising,Snowman,Fire,2026-07-27T13:52:24.327Z
6a181dbaafc993917f2db744,54,NS_WC_Pe_SM_Sa_WF,NoSnow_WinterClothing_Penguins_SunMid_Sandcastle_Fire.webp,7,3,NoSnow,WinterClothing,Penguins,SunMid,Sandcastle,Fire,2026-07-27T13:52:33.159Z
6a181dbaafc993917f2db744,55,NS_SC_Ca_SR_Sa_WF,NoSnow_SummerClothing_Camels_SunRising_Sandcastle_Fire.webp,5,7,NoSnow,SummerClothing,Camels,SunRising,Sandcastle,Fire,2026-07-27T13:52:45.191Z
6a181dbaafc993917f2db744,56,NS_WC_Pe_SM_Sa_NF,NoSnow_WinterClothing_Penguins_SunMid_Sandcastle_NoFire.webp,6,3,NoSnow,WinterClothing,Penguins,SunMid,Sandcastle,NoFire,2026-07-27T13:52:55.343Z
6a181dbaafc993917f2db744,57,NS_SC_Pe_SR_Sa_NF,NoSnow_SummerClothing_Penguins_SunRising_Sandcastle_NoFire.webp,5,3,NoSnow,SummerClothing,Penguins,SunRising,Sandcastle,NoFire,2026-07-27T13:53:14.503Z
6a181dbaafc993917f2db744,58,NS_WC_Ca_SR_Sa_WF,NoSnow_WinterClothing_Camels_SunRising_Sandcastle_Fire.webp,6,6,NoSnow,WinterClothing,Camels,SunRising,Sandcastle,Fire,2026-07-27T13:53:22.007Z
6a181dbaafc993917f2db744,59,NS_SC_Pe_SM_Sa_NF,NoSnow_SummerClothing_Penguins_SunMid_Sandcastle_NoFire.webp,4,3,NoSnow,SummerClothing,Penguins,SunMid,Sandcastle,NoFire,2026-07-27T13:53:32.655Z
6a181dbaafc993917f2db744,60,S_SC_Ca_SM_Sa_WF,Snow_SummerClothing_Camels_SunMid_Sandcastle_Fire.webp,6,7,Snow,SummerClothing,Camels,SunMid,Sandcastle,Fire,2026-07-27T13:53:44.103Z
6a181dbaafc993917f2db744,61,NS_WC_Pe_SM_Sn_NF,NoSnow_WinterClothing_Penguins_SunMid_Snowman_NoFire.webp,6,2,NoSnow,WinterClothing,Penguins,SunMid,Snowman,NoFire,2026-07-27T13:53:52.343Z
6a181dbaafc993917f2db744,62,NS_SC_Pe_SR_Sn_WF,NoSnow_SummerClothing_Penguins_SunRising_Snowman_Fire.webp,6,2,NoSnow,SummerClothing,Penguins,SunRising,Snowman,Fire,2026-07-27T13:54:01.679Z
6a181dbaafc993917f2db744,63,S_WC_Ca_SM_Sa_WF,Snow_WinterClothing_Camels_SunMid_Sandcastle_Fire.webp,4,3,Snow,WinterClothing,Camels,SunMid,Sandcastle,Fire,2026-07-27T13:54:09.415Z
6a0c4895cd389983452cf249,0,S_WC_Ca_SM_Sa_NF,Snow_WinterClothing_Camels_SunMid_Sandcastle_NoFire.webp,2,1,Snow,WinterClothing,Camels,SunMid,Sandcastle,NoFire,2026-07-27T13:42:27.375Z
6a0c4895cd389983452cf249,1,NS_SC_Ca_SR_Sa_NF,NoSnow_SummerClothing_Camels_SunRising_Sandcastle_NoFire.webp,6,6,NoSnow,SummerClothing,Camels,SunRising,Sandcastle,NoFire,2026-07-27T13:42:47.745Z
6a0c4895cd389983452cf249,2,NS_WC_Ca_SM_Sn_NF,NoSnow_WinterClothing_Camels_SunMid_Snowman_NoFire.webp,2,1,NoSnow,WinterClothing,Camels,SunMid,Snowman,NoFire,2026-07-27T13:43:08.069Z
6a0c4895cd389983452cf249,3,NS_SC_Pe_SM_Sa_WF,NoSnow_SummerClothing_Penguins_SunMid_Sandcastle_Fire.webp,6,6,NoSnow,SummerClothing,Penguins,SunMid,Sandcastle,Fire,2026-07-27T13:43:25.319Z
6a0c4895cd389983452cf249,4,S_WC_Pe_SR_Sa_NF,Snow_WinterClothing_Penguins_SunRising_Sandcastle_NoFire.webp,3,6,Snow,WinterClothing,Penguins,SunRising,Sandcastle,NoFire,2026-07-27T13:43:42.937Z
6a0c4895cd389983452cf249,5,NS_WC_Ca_SR_Sa_WF,NoSnow_WinterClothing_Camels_SunRising_Sandcastle_Fire.webp,4,1,NoSnow,WinterClothing,Camels,SunRising,Sandcastle,Fire,2026-07-27T13:43:59.422Z
6a0c4895cd389983452cf249,6,NS_WC_Pe_SR_Sa_NF,NoSnow_WinterClothing_Penguins_SunRising_Sandcastle_NoFire.webp,3,6,NoSnow,WinterClothing,Penguins,SunRising,Sandcastle,NoFire,2026-07-27T13:44:18.606Z
6a0c4895cd389983452cf249,7,NS_SC_Pe_SM_Sn_NF,NoSnow_SummerClothing_Penguins_SunMid_Snowman_NoFire.webp,6,1,NoSnow,SummerClothing,Penguins,SunMid,Snowman,NoFire,2026-07-27T13:44:29.924Z
6a0c4895cd389983452cf249,8,NS_WC_Ca_SR_Sa_NF,NoSnow_WinterClothing_Camels_SunRising_Sandcastle_NoFire.webp,4,5,NoSnow,WinterClothing,Camels,SunRising,Sandcastle,NoFire,2026-07-27T13:44:46.266Z
6a0c4895cd389983452cf249,9,NS_SC_Ca_SM_Sa_NF,NoSnow_SummerClothing_Camels_SunMid_Sandcastle_NoFire.webp,7,6,NoSnow,SummerClothing,Camels,SunMid,Sandcastle,NoFire,2026-07-27T13:45:03.306Z
6a0c4895cd389983452cf249,10,S_WC_Pe_SM_Sa_WF,Snow_WinterClothing_Penguins_SunMid_Sandcastle_Fire.webp,2,6,Snow,WinterClothing,Penguins,SunMid,Sandcastle,Fire,2026-07-27T13:45:19.371Z
6a0c4895cd389983452cf249,11,S_WC_Pe_SR_Sa_WF,Snow_WinterClothing_Penguins_SunRising_Sandcastle_Fire.webp,3,5,Snow,WinterClothing,Penguins,SunRising,Sandcastle,Fire,2026-07-27T13:45:47.564Z
6a0c4895cd389983452cf249,12,NS_SC_Ca_SR_Sn_NF,NoSnow_SummerClothing_Camels_SunRising_Snowman_NoFire.webp,6,5,NoSnow,SummerClothing,Camels,SunRising,Snowman,NoFire,2026-07-27T13:45:58.349Z
6a0c4895cd389983452cf249,13,S_WC_Ca_SR_Sa_WF,Snow_WinterClothing_Camels_SunRising_Sandcastle_Fire.webp,3,5,Snow,WinterClothing,Camels,SunRising,Sandcastle,Fire,2026-07-27T13:46:21.576Z
6a0c4895cd389983452cf249,14,NS_SC_Pe_SM_Sa_NF,NoSnow_SummerClothing_Penguins_SunMid_Sandcastle_NoFire.webp,6,6,NoSnow,SummerClothing,Penguins,SunMid,Sandcastle,NoFire,2026-07-27T13:46:35.953Z
6a0c4895cd389983452cf249,15,S_SC_Pe_SM_Sa_WF,Snow_SummerClothing_Penguins_SunMid_Sandcastle_Fire.webp,5,2,Snow,SummerClothing,Penguins,SunMid,Sandcastle,Fire,2026-07-27T13:46:54.381Z
6a0c4895cd389983452cf249,16,NS_SC_Pe_SR_Sa_WF,NoSnow_SummerClothing_Penguins_SunRising_Sandcastle_Fire.webp,5,6,NoSnow,SummerClothing,Penguins,SunRising,Sandcastle,Fire,2026-07-27T13:47:07.056Z
6a0c4895cd389983452cf249,17,S_SC_Ca_SM_Sn_WF,Snow_SummerClothing_Camels_SunMid_Snowman_Fire.webp,2,5,Snow,SummerClothing,Camels,SunMid,Snowman,Fire,2026-07-27T13:47:38.046Z
6a0c4895cd389983452cf249,18,NS_WC_Ca_SM_Sa_WF,NoSnow_WinterClothing_Camels_SunMid_Sandcastle_Fire.webp,3,6,NoSnow,WinterClothing,Camels,SunMid,Sandcastle,Fire,2026-07-27T13:47:55.461Z
6a0c4895cd389983452cf249,19,NS_SC_Pe_SM_Sn_WF,NoSnow_SummerClothing_Penguins_SunMid_Snowman_Fire.webp,6,5,NoSnow,SummerClothing,Penguins,SunMid,Snowman,Fire,2026-07-27T13:48:22.423Z
6a0c4895cd389983452cf249,20,S_SC_Pe_SM_Sn_NF,Snow_SummerClothing_Penguins_SunMid_Snowman_NoFire.webp,2,3,Snow,SummerClothing,Penguins,SunMid,Snowman,NoFire,2026-07-27T13:48:33.448Z
6a0c4895cd389983452cf249,21,NS_SC_Pe_SR_Sn_WF,NoSnow_SummerClothing_Penguins_SunRising_Snowman_Fire.webp,5,3,NoSnow,SummerClothing,Penguins,SunRising,Snowman,Fire,2026-07-27T13:48:49.370Z
6a0c4895cd389983452cf249,22,NS_WC_Pe_SM_Sa_NF,NoSnow_WinterClothing_Penguins_SunMid_Sandcastle_NoFire.webp,3,7,NoSnow,WinterClothing,Penguins,SunMid,Sandcastle,NoFire,2026-07-27T13:49:03.628Z
6a0c4895cd389983452cf249,23,S_SC_Pe_SR_Sa_NF,Snow_SummerClothing_Penguins_SunRising_Sandcastle_NoFire.webp,2,2,Snow,SummerClothing,Penguins,SunRising,Sandcastle,NoFire,2026-07-27T13:49:22.625Z
6a0c4895cd389983452cf249,24,NS_SC_Ca_SM_Sn_WF,NoSnow_SummerClothing_Camels_SunMid_Snowman_Fire.webp,6,5,NoSnow,SummerClothing,Camels,SunMid,Snowman,Fire,2026-07-27T13:49:39.117Z
6a0c4895cd389983452cf249,25,NS_WC_Pe_SR_Sa_WF,NoSnow_WinterClothing_Penguins_SunRising_Sandcastle_Fire.webp,4,7,NoSnow,WinterClothing,Penguins,SunRising,Sandcastle,Fire,2026-07-27T13:49:50.510Z
6a0c4895cd389983452cf249,26,S_WC_Ca_SM_Sn_NF,Snow_WinterClothing_Camels_SunMid_Snowman_NoFire.webp,2,6,Snow,WinterClothing,Camels,SunMid,Snowman,NoFire,2026-07-27T13:50:05.427Z
6a0c4895cd389983452cf249,27,NS_SC_Pe_SR_Sn_NF,NoSnow_SummerClothing_Penguins_SunRising_Snowman_NoFire.webp,5,4,NoSnow,SummerClothing,Penguins,SunRising,Snowman,NoFire,2026-07-27T13:50:23.802Z
6a0c4895cd389983452cf249,28,S_WC_Ca_SR_Sn_NF,Snow_WinterClothing_Camels_SunRising_Snowman_NoFire.webp,2,6,Snow,WinterClothing,Camels,SunRising,Snowman,NoFire,2026-07-27T13:50:35.134Z
6a0c4895cd389983452cf249,29,S_SC_Pe_SR_Sa_WF,Snow_SummerClothing_Penguins_SunRising_Sandcastle_Fire.webp,2,2,Snow,SummerClothing,Penguins,SunRising,Sandcastle,Fire,2026-07-27T13:50:48.537Z
6a0c4895cd389983452cf249,30,NS_WC_Pe_SM_Sn_WF,NoSnow_WinterClothing_Penguins_SunMid_Snowman_Fire.webp,3,4,NoSnow,WinterClothing,Penguins,SunMid,Snowman,Fire,2026-07-27T13:51:01.219Z
6a0c4895cd389983452cf249,31,S_SC_Ca_SR_Sa_NF,Snow_SummerClothing_Camels_SunRising_Sandcastle_NoFire.webp,2,2,Snow,SummerClothing,Camels,SunRising,Sandcastle,NoFire,2026-07-27T13:51:12.274Z
6a0c4895cd389983452cf249,32,S_SC_Ca_SM_Sa_NF,Snow_SummerClothing_Camels_SunMid_Sandcastle_NoFire.webp,3,1,Snow,SummerClothing,Camels,SunMid,Sandcastle,NoFire,2026-07-27T13:51:35.457Z
6a0c4895cd389983452cf249,33,S_WC_Ca_SR_Sn_WF,Snow_WinterClothing_Camels_SunRising_Snowman_Fire.webp,2,6,Snow,WinterClothing,Camels,SunRising,Snowman,Fire,2026-07-27T13:51:49.009Z
6a0c4895cd389983452cf249,34,NS_SC_Ca_SM_Sn_NF,NoSnow_SummerClothing_Camels_SunMid_Snowman_NoFire.webp,6,3,NoSnow,SummerClothing,Camels,SunMid,Snowman,NoFire,2026-07-27T13:52:18.994Z
6a0c4895cd389983452cf249,35,S_WC_Ca_SM_Sn_WF,Snow_WinterClothing_Camels_SunMid_Snowman_Fire.webp,3,6,Snow,WinterClothing,Camels,SunMid,Snowman,Fire,2026-07-27T13:52:29.974Z
6a0c4895cd389983452cf249,36,S_WC_Ca_SR_Sa_NF,Snow_WinterClothing_Camels_SunRising_Sandcastle_NoFire.webp,2,6,Snow,WinterClothing,Camels,SunRising,Sandcastle,NoFire,2026-07-27T13:52:42.799Z
6a0c4895cd389983452cf249,37,S_SC_Pe_SR_Sn_NF,Snow_SummerClothing_Penguins_SunRising_Snowman_NoFire.webp,2,3,Snow,SummerClothing,Penguins,SunRising,Snowman,NoFire,2026-07-27T13:52:53.846Z
6a0c4895cd389983452cf249,38,S_SC_Ca_SM_Sa_WF,Snow_SummerClothing_Camels_SunMid_Sandcastle_Fire.webp,2,2,Snow,SummerClothing,Camels,SunMid,Sandcastle,Fire,2026-07-27T13:53:04.901Z
6a0c4895cd389983452cf249,39,NS_WC_Pe_SR_Sn_NF,NoSnow_WinterClothing_Penguins_SunRising_Snowman_NoFire.webp,4,3,NoSnow,WinterClothing,Penguins,SunRising,Snowman,NoFire,2026-07-27T13:53:53.711Z
6a0c4895cd389983452cf249,40,S_WC_Pe_SM_Sa_NF,Snow_WinterClothing_Penguins_SunMid_Sandcastle_NoFire.webp,3,5,Snow,WinterClothing,Penguins,SunMid,Sandcastle,NoFire,2026-07-27T13:54:03.109Z
6a0c4895cd389983452cf249,41,S_WC_Pe_SM_Sn_WF,Snow_WinterClothing_Penguins_SunMid_Snowman_Fire.webp,4,6,Snow,WinterClothing,Penguins,SunMid,Snowman,Fire,2026-07-27T13:54:15.521Z
6a0c4895cd389983452cf249,42,NS_WC_Ca_SM_Sa_NF,NoSnow_WinterClothing_Camels_SunMid_Sandcastle_NoFire.webp,5,6,NoSnow,WinterClothing,Camels,SunMid,Sandcastle,NoFire,2026-07-27T13:54:32.891Z
6a0c4895cd389983452cf249,43,NS_WC_Ca_SR_Sn_NF,NoSnow_WinterClothing_Camels_SunRising_Snowman_NoFire.webp,4,3,NoSnow,WinterClothing,Camels,SunRising,Snowman,NoFire,2026-07-27T13:54:43.128Z
6a0c4895cd389983452cf249,44,S_SC_Pe_SM_Sa_NF,Snow_SummerClothing_Penguins_SunMid_Sandcastle_NoFire.webp,2,2,Snow,SummerClothing,Penguins,SunMid,Sandcastle,NoFire,2026-07-27T13:54:59.501Z
6a0c4895cd389983452cf249,45,NS_WC_Ca_SM_Sn_WF,NoSnow_WinterClothing_Camels_SunMid_Snowman_Fire.webp,5,3,NoSnow,WinterClothing,Camels,SunMid,Snowman,Fire,2026-07-27T13:55:20.823Z
6a0c4895cd389983452cf249,46,S_WC_Ca_SM_Sa_WF,Snow_WinterClothing_Camels_SunMid_Sandcastle_Fire.webp,3,5,Snow,WinterClothing,Camels,SunMid,Sandcastle,Fire,2026-07-27T13:56:16.540Z
6a0c4895cd389983452cf249,47,NS_SC_Ca_SM_Sa_WF,NoSnow_SummerClothing_Camels_SunMid_Sandcastle_Fire.webp,5,6,NoSnow,SummerClothing,Camels,SunMid,Sandcastle,Fire,2026-07-27T13:56:33.408Z
6a0c4895cd389983452cf249,48,S_SC_Ca_SR_Sn_WF,Snow_SummerClothing_Camels_SunRising_Snowman_Fire.webp,3,1,Snow,SummerClothing,Camels,SunRising,Snowman,Fire,2026-07-27T13:56:47.928Z
6a0c4895cd389983452cf249,49,S_SC_Ca_SR_Sn_NF,Snow_SummerClothing_Camels_SunRising_Snowman_NoFire.webp,2,3,Snow,SummerClothing,Camels,SunRising,Snowman,NoFire,2026-07-27T13:57:04.465Z
6a0c4895cd389983452cf249,50,NS_SC_Pe_SR_Sa_NF,NoSnow_SummerClothing_Penguins_SunRising_Sandcastle_NoFire.webp,5,6,NoSnow,SummerClothing,Penguins,SunRising,Sandcastle,NoFire,2026-07-27T13:57:18.175Z
6a0c4895cd389983452cf249,51,S_SC_Ca_SR_Sa_WF,Snow_SummerClothing_Camels_SunRising_Sandcastle_Fire.webp,4,4,Snow,SummerClothing,Camels,SunRising,Sandcastle,Fire,2026-07-27T13:57:37.352Z
6a0c4895cd389983452cf249,52,NS_WC_Pe_SM_Sn_NF,NoSnow_WinterClothing_Penguins_SunMid_Snowman_NoFire.webp,3,5,NoSnow,WinterClothing,Penguins,SunMid,Snowman,NoFire,2026-07-27T13:57:50.545Z
6a0c4895cd389983452cf249,53,S_WC_Pe_SR_Sn_WF,Snow_WinterClothing_Penguins_SunRising_Snowman_Fire.webp,2,4,Snow,WinterClothing,Penguins,SunRising,Snowman,Fire,2026-07-27T13:58:03.310Z
6a0c4895cd389983452cf249,54,NS_WC_Pe_SR_Sn_WF,NoSnow_WinterClothing_Penguins_SunRising_Snowman_Fire.webp,3,4,NoSnow,WinterClothing,Penguins,SunRising,Snowman,Fire,2026-07-27T13:58:27.601Z
6a0c4895cd389983452cf249,55,NS_SC_Ca_SR_Sn_WF,NoSnow_SummerClothing_Camels_SunRising_Snowman_Fire.webp,5,3,NoSnow,SummerClothing,Camels,SunRising,Snowman,Fire,2026-07-27T13:58:37.960Z
6a0c4895cd389983452cf249,56,NS_WC_Ca_SR_Sn_WF,NoSnow_WinterClothing_Camels_SunRising_Snowman_Fire.webp,4,4,NoSnow,WinterClothing,Camels,SunRising,Snowman,Fire,2026-07-27T13:58:48.166Z
6a0c4895cd389983452cf249,57,S_SC_Pe_SM_Sn_WF,Snow_SummerClothing_Penguins_SunMid_Snowman_Fire.webp,3,3,Snow,SummerClothing,Penguins,SunMid,Snowman,Fire,2026-07-27T13:58:59.484Z
6a0c4895cd389983452cf249,58,NS_SC_Ca_SR_Sa_WF,NoSnow_SummerClothing_Camels_SunRising_Sandcastle_Fire.webp,7,6,NoSnow,SummerClothing,Camels,SunRising,Sandcastle,Fire,2026-07-27T13:59:10.351Z
6a0c4895cd389983452cf249,59,S_SC_Pe_SR_Sn_WF,Snow_SummerClothing_Penguins_SunRising_Snowman_Fire.webp,2,2,Snow,SummerClothing,Penguins,SunRising,Snowman,Fire,2026-07-27T13:59:29.296Z
6a0c4895cd389983452cf249,60,S_SC_Ca_SM_Sn_NF,Snow_SummerClothing_Camels_SunMid_Snowman_NoFire.webp,2,5,Snow,SummerClothing,Camels,SunMid,Snowman,NoFire,2026-07-27T13:59:39.121Z
6a0c4895cd389983452cf249,61,NS_WC_Pe_SM_Sa_WF,NoSnow_WinterClothing_Penguins_SunMid_Sandcastle_Fire.webp,4,7,NoSnow,WinterClothing,Penguins,SunMid,Sandcastle,Fire,2026-07-27T13:59:54.991Z
6a0c4895cd389983452cf249,62,S_WC_Pe_SR_Sn_NF,Snow_WinterClothing_Penguins_SunRising_Snowman_NoFire.webp,2,7,Snow,WinterClothing,Penguins,SunRising,Snowman,NoFire,2026-07-27T14:00:13.913Z
6a0c4895cd389983452cf249,63,S_WC_Pe_SM_Sn_NF,Snow_WinterClothing_Penguins_SunMid_Snowman_NoFire.webp,3,7,Snow,WinterClothing,Penguins,SunMid,Snowman,NoFire,2026-07-27T14:00:25.651Z
6a211840444dae0827e0c0f7,0,NS_WC_Ca_SM_Sn_NF,NoSnow_WinterClothing_Camels_SunMid_Snowman_NoFire.webp,1,1,NoSnow,WinterClothing,Camels,SunMid,Snowman,NoFire,2026-07-27T13:41:16.440Z
6a211840444dae0827e0c0f7,1,NS_SC_Pe_SM_Sa_WF,NoSnow_SummerClothing_Penguins_SunMid_Sandcastle_Fire.webp,5,1,NoSnow,SummerClothing,Penguins,SunMid,Sandcastle,Fire,2026-07-27T13:41:34.693Z
6a211840444dae0827e0c0f7,2,NS_WC_Ca_SR_Sn_WF,NoSnow_WinterClothing_Camels_SunRising_Snowman_Fire.webp,4,1,NoSnow,WinterClothing,Camels,SunRising,Snowman,Fire,2026-07-27T13:41:48.296Z
6a211840444dae0827e0c0f7,3,S_SC_Pe_SR_Sa_NF,Snow_SummerClothing_Penguins_SunRising_Sandcastle_NoFire.webp,5,1,Snow,SummerClothing,Penguins,SunRising,Sandcastle,NoFire,2026-07-27T13:42:00.807Z
6a211840444dae0827e0c0f7,4,NS_WC_Pe_SR_Sa_NF,NoSnow_WinterClothing_Penguins_SunRising_Sandcastle_NoFire.webp,4,1,NoSnow,WinterClothing,Penguins,SunRising,Sandcastle,NoFire,2026-07-27T13:42:10.095Z
6a211840444dae0827e0c0f7,5,S_WC_Ca_SR_Sa_WF,Snow_WinterClothing_Camels_SunRising_Sandcastle_Fire.webp,3,1,Snow,WinterClothing,Camels,SunRising,Sandcastle,Fire,2026-07-27T13:42:36.161Z
6a211840444dae0827e0c0f7,6,NS_WC_Ca_SR_Sn_NF,NoSnow_WinterClothing_Camels_SunRising_Snowman_NoFire.webp,4,2,NoSnow,WinterClothing,Camels,SunRising,Snowman,NoFire,2026-07-27T13:42:47.295Z
6a211840444dae0827e0c0f7,7,S_SC_Ca_SR_Sn_NF,Snow_SummerClothing_Camels_SunRising_Snowman_NoFire.webp,5,2,Snow,SummerClothing,Camels,SunRising,Snowman,NoFire,2026-07-27T13:43:02.892Z
6a211840444dae0827e0c0f7,8,S_SC_Ca_SM_Sn_WF,Snow_SummerClothing_Camels_SunMid_Snowman_Fire.webp,5,1,Snow,SummerClothing,Camels,SunMid,Snowman,Fire,2026-07-27T13:43:13.186Z
6a211840444dae0827e0c0f7,9,S_WC_Pe_SM_Sn_WF,Snow_WinterClothing_Penguins_SunMid_Snowman_Fire.webp,3,5,Snow,WinterClothing,Penguins,SunMid,Snowman,Fire,2026-07-27T13:43:27.213Z
6a211840444dae0827e0c0f7,10,NS_SC_Ca_SM_Sa_WF,NoSnow_SummerClothing_Camels_SunMid_Sandcastle_Fire.webp,5,6,NoSnow,SummerClothing,Camels,SunMid,Sandcastle,Fire,2026-07-27T13:43:36.395Z
6a211840444dae0827e0c0f7,11,S_SC_Ca_SM_Sa_NF,Snow_SummerClothing_Camels_SunMid_Sandcastle_NoFire.webp,2,2,Snow,SummerClothing,Camels,SunMid,Sandcastle,NoFire,2026-07-27T13:43:49.903Z
6a211840444dae0827e0c0f7,12,S_SC_Pe_SM_Sn_WF,Snow_SummerClothing_Penguins_SunMid_Snowman_Fire.webp,1,5,Snow,SummerClothing,Penguins,SunMid,Snowman,Fire,2026-07-27T13:44:05.664Z
6a211840444dae0827e0c0f7,13,S_WC_Pe_SR_Sn_WF,Snow_WinterClothing_Penguins_SunRising_Snowman_Fire.webp,3,6,Snow,WinterClothing,Penguins,SunRising,Snowman,Fire,2026-07-27T13:44:14.888Z
6a211840444dae0827e0c0f7,14,NS_SC_Ca_SM_Sn_NF,NoSnow_SummerClothing_Camels_SunMid_Snowman_NoFire.webp,5,2,NoSnow,SummerClothing,Camels,SunMid,Snowman,NoFire,2026-07-27T13:44:27.872Z
6a211840444dae0827e0c0f7,15,S_SC_Ca_SM_Sn_NF,Snow_SummerClothing_Camels_SunMid_Snowman_NoFire.webp,2,2,Snow,SummerClothing,Camels,SunMid,Snowman,NoFire,2026-07-27T13:44:44.198Z
6a211840444dae0827e0c0f7,16,NS_SC_Pe_SM_Sn_WF,NoSnow_SummerClothing_Penguins_SunMid_Snowman_Fire.webp,6,1,NoSnow,SummerClothing,Penguins,SunMid,Snowman,Fire,2026-07-27T13:44:56.065Z
6a211840444dae0827e0c0f7,17,NS_SC_Ca_SM_Sn_WF,NoSnow_SummerClothing_Camels_SunMid_Snowman_Fire.webp,6,1,NoSnow,SummerClothing,Camels,SunMid,Snowman,Fire,2026-07-27T13:45:09.669Z
6a211840444dae0827e0c0f7,18,S_SC_Pe_SM_Sa_WF,Snow_SummerClothing_Penguins_SunMid_Sandcastle_Fire.webp,1,5,Snow,SummerClothing,Penguins,SunMid,Sandcastle,Fire,2026-07-27T13:45:25.080Z
6a211840444dae0827e0c0f7,19,S_WC_Ca_SM_Sa_WF,Snow_WinterClothing_Camels_SunMid_Sandcastle_Fire.webp,3,2,Snow,WinterClothing,Camels,SunMid,Sandcastle,Fire,2026-07-27T13:45:33.740Z
6a211840444dae0827e0c0f7,20,S_WC_Pe_SM_Sa_NF,Snow_WinterClothing_Penguins_SunMid_Sandcastle_NoFire.webp,3,6,Snow,WinterClothing,Penguins,SunMid,Sandcastle,NoFire,2026-07-27T13:45:44.765Z
6a211840444dae0827e0c0f7,21,NS_SC_Pe_SR_Sa_WF,NoSnow_SummerClothing_Penguins_SunRising_Sandcastle_Fire.webp,5,2,NoSnow,SummerClothing,Penguins,SunRising,Sandcastle,Fire,2026-07-27T13:45:57.412Z
6a211840444dae0827e0c0f7,22,NS_SC_Ca_SR_Sn_NF,NoSnow_SummerClothing_Camels_SunRising_Snowman_NoFire.webp,4,2,NoSnow,SummerClothing,Camels,SunRising,Snowman,NoFire,2026-07-27T13:46:08.248Z
6a211840444dae0827e0c0f7,23,NS_WC_Pe_SM_Sa_NF,NoSnow_WinterClothing_Penguins_SunMid_Sandcastle_NoFire.webp,7,3,NoSnow,WinterClothing,Penguins,SunMid,Sandcastle,NoFire,2026-07-27T13:46:21.758Z
6a211840444dae0827e0c0f7,24,NS_WC_Ca_SR_Sa_NF,NoSnow_WinterClothing_Camels_SunRising_Sandcastle_NoFire.webp,5,6,NoSnow,WinterClothing,Camels,SunRising,Sandcastle,NoFire,2026-07-27T13:46:33.331Z
6a211840444dae0827e0c0f7,25,NS_SC_Pe_SM_Sn_NF,NoSnow_SummerClothing_Penguins_SunMid_Snowman_NoFire.webp,5,1,NoSnow,SummerClothing,Penguins,SunMid,Snowman,NoFire,2026-07-27T13:46:46.323Z
6a211840444dae0827e0c0f7,26,S_WC_Ca_SR_Sn_WF,Snow_WinterClothing_Camels_SunRising_Snowman_Fire.webp,3,2,Snow,WinterClothing,Camels,SunRising,Snowman,Fire,2026-07-27T13:46:56.268Z
6a211840444dae0827e0c0f7,27,S_WC_Pe_SR_Sa_WF,Snow_WinterClothing_Penguins_SunRising_Sandcastle_Fire.webp,3,6,Snow,WinterClothing,Penguins,SunRising,Sandcastle,Fire,2026-07-27T13:47:05.283Z
6a211840444dae0827e0c0f7,28,S_WC_Ca_SR_Sn_NF,Snow_WinterClothing_Camels_SunRising_Snowman_NoFire.webp,3,2,Snow,WinterClothing,Camels,SunRising,Snowman,NoFire,2026-07-27T13:47:15.675Z
6a211840444dae0827e0c0f7,29,S_WC_Ca_SR_Sa_NF,Snow_WinterClothing_Camels_SunRising_Sandcastle_NoFire.webp,3,2,Snow,WinterClothing,Camels,SunRising,Sandcastle,NoFire,2026-07-27T13:47:26.915Z
6a211840444dae0827e0c0f7,30,NS_WC_Pe_SM_Sa_WF,NoSnow_WinterClothing_Penguins_SunMid_Sandcastle_Fire.webp,6,3,NoSnow,WinterClothing,Penguins,SunMid,Sandcastle,Fire,2026-07-27T13:47:41.383Z
6a211840444dae0827e0c0f7,31,NS_SC_Ca_SM_Sa_NF,NoSnow_SummerClothing_Camels_SunMid_Sandcastle_NoFire.webp,5,6,NoSnow,SummerClothing,Camels,SunMid,Sandcastle,NoFire,2026-07-27T13:47:50.629Z
6a211840444dae0827e0c0f7,32,NS_WC_Pe_SM_Sn_NF,NoSnow_WinterClothing_Penguins_SunMid_Snowman_NoFire.webp,7,1,NoSnow,WinterClothing,Penguins,SunMid,Snowman,NoFire,2026-07-27T13:48:00.524Z
6a211840444dae0827e0c0f7,33,S_SC_Pe_SR_Sn_NF,Snow_SummerClothing_Penguins_SunRising_Snowman_NoFire.webp,1,6,Snow,SummerClothing,Penguins,SunRising,Snowman,NoFire,2026-07-27T13:48:14.633Z
6a211840444dae0827e0c0f7,34,S_SC_Ca_SR_Sa_NF,Snow_SummerClothing_Camels_SunRising_Sandcastle_NoFire.webp,1,1,Snow,SummerClothing,Camels,SunRising,Sandcastle,NoFire,2026-07-27T13:48:24.693Z
6a211840444dae0827e0c0f7,35,NS_SC_Ca_SR_Sa_WF,NoSnow_SummerClothing_Camels_SunRising_Sandcastle_Fire.webp,5,6,NoSnow,SummerClothing,Camels,SunRising,Sandcastle,Fire,2026-07-27T13:48:32.933Z
6a211840444dae0827e0c0f7,36,NS_WC_Ca_SM_Sa_NF,NoSnow_WinterClothing_Camels_SunMid_Sandcastle_NoFire.webp,7,6,NoSnow,WinterClothing,Camels,SunMid,Sandcastle,NoFire,2026-07-27T13:48:41.007Z
6a211840444dae0827e0c0f7,37,S_SC_Pe_SR_Sn_WF,Snow_SummerClothing_Penguins_SunRising_Snowman_Fire.webp,1,6,Snow,SummerClothing,Penguins,SunRising,Snowman,Fire,2026-07-27T13:48:53.051Z
6a211840444dae0827e0c0f7,38,S_SC_Pe_SR_Sa_WF,Snow_SummerClothing_Penguins_SunRising_Sandcastle_Fire.webp,1,3,Snow,SummerClothing,Penguins,SunRising,Sandcastle,Fire,2026-07-27T13:49:07.341Z
6a211840444dae0827e0c0f7,39,NS_WC_Pe_SR_Sa_WF,NoSnow_WinterClothing_Penguins_SunRising_Sandcastle_Fire.webp,5,2,NoSnow,WinterClothing,Penguins,SunRising,Sandcastle,Fire,2026-07-27T13:49:17.734Z
6a211840444dae0827e0c0f7,40,NS_WC_Pe_SM_Sn_WF,NoSnow_WinterClothing_Penguins_SunMid_Snowman_Fire.webp,7,1,NoSnow,WinterClothing,Penguins,SunMid,Snowman,Fire,2026-07-27T13:49:27.984Z
6a211840444dae0827e0c0f7,41,NS_SC_Ca_SR_Sa_NF,NoSnow_SummerClothing_Camels_SunRising_Sandcastle_NoFire.webp,4,6,NoSnow,SummerClothing,Camels,SunRising,Sandcastle,NoFire,2026-07-27T13:49:38.652Z
6a211840444dae0827e0c0f7,42,S_SC_Pe_SM_Sn_NF,Snow_SummerClothing_Penguins_SunMid_Snowman_NoFire.webp,1,6,Snow,SummerClothing,Penguins,SunMid,Snowman,NoFire,2026-07-27T13:49:47.735Z
6a211840444dae0827e0c0f7,43,S_SC_Ca_SR_Sa_WF,Snow_SummerClothing_Camels_SunRising_Sandcastle_Fire.webp,1,1,Snow,SummerClothing,Camels,SunRising,Sandcastle,Fire,2026-07-27T13:49:56.149Z
6a211840444dae0827e0c0f7,44,S_WC_Pe_SM_Sa_WF,Snow_WinterClothing_Penguins_SunMid_Sandcastle_Fire.webp,3,3,Snow,WinterClothing,Penguins,SunMid,Sandcastle,Fire,2026-07-27T13:50:07.093Z
6a211840444dae0827e0c0f7,45,NS_SC_Pe_SR_Sa_NF,NoSnow_SummerClothing_Penguins_SunRising_Sandcastle_NoFire.webp,4,2,NoSnow,SummerClothing,Penguins,SunRising,Sandcastle,NoFire,2026-07-27T13:50:24.052Z
6a211840444dae0827e0c0f7,46,S_SC_Pe_SM_Sa_NF,Snow_SummerClothing_Penguins_SunMid_Sandcastle_NoFire.webp,1,3,Snow,SummerClothing,Penguins,SunMid,Sandcastle,NoFire,2026-07-27T13:50:36.185Z
6a211840444dae0827e0c0f7,47,NS_SC_Pe_SR_Sn_NF,NoSnow_SummerClothing_Penguins_SunRising_Snowman_NoFire.webp,4,1,NoSnow,SummerClothing,Penguins,SunRising,Snowman,NoFire,2026-07-27T13:50:44.994Z
6a211840444dae0827e0c0f7,48,NS_SC_Ca_SR_Sn_WF,NoSnow_SummerClothing_Camels_SunRising_Snowman_Fire.webp,5,2,NoSnow,SummerClothing,Camels,SunRising,Snowman,Fire,2026-07-27T13:50:56.844Z
6a211840444dae0827e0c0f7,49,S_WC_Ca_SM_Sa_NF,Snow_WinterClothing_Camels_SunMid_Sandcastle_NoFire.webp,3,2,Snow,WinterClothing,Camels,SunMid,Sandcastle,NoFire,2026-07-27T13:51:05.369Z
6a211840444dae0827e0c0f7,50,NS_WC_Ca_SM_Sa_WF,NoSnow_WinterClothing_Camels_SunMid_Sandcastle_Fire.webp,7,6,NoSnow,WinterClothing,Camels,SunMid,Sandcastle,Fire,2026-07-27T13:51:13.087Z
6a211840444dae0827e0c0f7,51,S_WC_Ca_SM_Sn_NF,Snow_WinterClothing_Camels_SunMid_Snowman_NoFire.webp,3,3,Snow,WinterClothing,Camels,SunMid,Snowman,NoFire,2026-07-27T13:51:22.911Z
6a211840444dae0827e0c0f7,52,S_SC_Ca_SM_Sa_WF,Snow_SummerClothing_Camels_SunMid_Sandcastle_Fire.webp,1,1,Snow,SummerClothing,Camels,SunMid,Sandcastle,Fire,2026-07-27T13:51:31.985Z
6a211840444dae0827e0c0f7,53,S_SC_Ca_SR_Sn_WF,Snow_SummerClothing_Camels_SunRising_Snowman_Fire.webp,1,2,Snow,SummerClothing,Camels,SunRising,Snowman,Fire,2026-07-27T13:51:40.534Z
6a211840444dae0827e0c0f7,54,NS_WC_Pe_SR_Sn_NF,NoSnow_WinterClothing_Penguins_SunRising_Snowman_NoFire.webp,5,1,NoSnow,WinterClothing,Penguins,SunRising,Snowman,NoFire,2026-07-27T13:51:49.827Z
6a211840444dae0827e0c0f7,55,S_WC_Ca_SM_Sn_WF,Snow_WinterClothing_Camels_SunMid_Snowman_Fire.webp,3,2,Snow,WinterClothing,Camels,SunMid,Snowman,Fire,2026-07-27T13:51:58.143Z
6a211840444dae0827e0c0f7,56,NS_WC_Ca_SR_Sa_WF,NoSnow_WinterClothing_Camels_SunRising_Sandcastle_Fire.webp,5,6,NoSnow,WinterClothing,Camels,SunRising,Sandcastle,Fire,2026-07-27T13:52:08.452Z
6a211840444dae0827e0c0f7,57,NS_WC_Ca_SM_Sn_WF,NoSnow_WinterClothing_Camels_SunMid_Snowman_Fire.webp,6,1,NoSnow,WinterClothing,Camels,SunMid,Snowman,Fire,2026-07-27T13:52:17.285Z
6a211840444dae0827e0c0f7,58,S_WC_Pe_SM_Sn_NF,Snow_WinterClothing_Penguins_SunMid_Snowman_NoFire.webp,3,6,Snow,WinterClothing,Penguins,SunMid,Snowman,NoFire,2026-07-27T13:52:26.704Z
6a211840444dae0827e0c0f7,59,NS_SC_Pe_SM_Sa_NF,NoSnow_SummerClothing_Penguins_SunMid_Sandcastle_NoFire.webp,5,2,NoSnow,SummerClothing,Penguins,SunMid,Sandcastle,NoFire,2026-07-27T13:52:36.121Z
6a211840444dae0827e0c0f7,60,S_WC_Pe_SR_Sa_NF,Snow_WinterClothing_Penguins_SunRising_Sandcastle_NoFire.webp,2,3,Snow,WinterClothing,Penguins,SunRising,Sandcastle,NoFire,2026-07-27T13:52:54.636Z
6a211840444dae0827e0c0f7,61,S_WC_Pe_SR_Sn_NF,Snow_WinterClothing_Penguins_SunRising_Snowman_NoFire.webp,2,6,Snow,WinterClothing,Penguins,SunRising,Snowman,NoFire,2026-07-27T13:53:05.422Z
6a211840444dae0827e0c0f7,62,NS_WC_Pe_SR_Sn_WF,NoSnow_WinterClothing_Penguins_SunRising_Snowman_Fire.webp,5,1,NoSnow,WinterClothing,Penguins,SunRising,Snowman,Fire,2026-07-27T13:53:13.632Z
6a211840444dae0827e0c0f7,63,NS_SC_Pe_SR_Sn_WF,NoSnow_SummerClothing_Penguins_SunRising_Snowman_Fire.webp,5,1,NoSnow,SummerClothing,Penguins,SunRising,Snowman,Fire,2026-07-27T13:53:23.054Z
6a0e1cfa7c6e09a5e513b604,0,NS_SC_Ca_SM_Sa_WF,NoSnow_SummerClothing_Camels_SunMid_Sandcastle_Fire.webp,7,2,NoSnow,SummerClothing,Camels,SunMid,Sandcastle,Fire,2026-07-27T13:46:02.040Z
6a0e1cfa7c6e09a5e513b604,1,S_SC_Pe_SM_Sn_WF,Snow_SummerClothing_Penguins_SunMid_Snowman_Fire.webp,6,2,Snow,SummerClothing,Penguins,SunMid,Snowman,Fire,2026-07-27T13:46:18.333Z
6a0e1cfa7c6e09a5e513b604,2,S_WC_Ca_SM_Sn_WF,Snow_WinterClothing_Camels_SunMid_Snowman_Fire.webp,2,2,Snow,WinterClothing,Camels,SunMid,Snowman,Fire,2026-07-27T13:46:29.416Z
6a0e1cfa7c6e09a5e513b604,3,NS_WC_Ca_SM_Sn_NF,NoSnow_WinterClothing_Camels_SunMid_Snowman_NoFire.webp,2,2,NoSnow,WinterClothing,Camels,SunMid,Snowman,NoFire,2026-07-27T13:46:38.676Z
6a0e1cfa7c6e09a5e513b604,4,NS_WC_Ca_SM_Sn_WF,NoSnow_WinterClothing_Camels_SunMid_Snowman_Fire.webp,2,2,NoSnow,WinterClothing,Camels,SunMid,Snowman,Fire,2026-07-27T13:46:47.779Z
6a0e1cfa7c6e09a5e513b604,5,NS_WC_Ca_SR_Sn_WF,NoSnow_WinterClothing_Camels_SunRising_Snowman_Fire.webp,3,2,NoSnow,WinterClothing,Camels,SunRising,Snowman,Fire,2026-07-27T13:47:03.606Z
6a0e1cfa7c6e09a5e513b604,6,S_WC_Ca_SR_Sa_WF,Snow_WinterClothing_Camels_SunRising_Sandcastle_Fire.webp,3,3,Snow,WinterClothing,Camels,SunRising,Sandcastle,Fire,2026-07-27T13:47:13.981Z
6a0e1cfa7c6e09a5e513b604,7,S_SC_Pe_SR_Sa_WF,Snow_SummerClothing_Penguins_SunRising_Sandcastle_Fire.webp,4,3,Snow,SummerClothing,Penguins,SunRising,Sandcastle,Fire,2026-07-27T13:47:27.037Z
6a0e1cfa7c6e09a5e513b604,8,S_SC_Ca_SR_Sa_NF,Snow_SummerClothing_Camels_SunRising_Sandcastle_NoFire.webp,3,2,Snow,SummerClothing,Camels,SunRising,Sandcastle,NoFire,2026-07-27T13:47:39.179Z
6a0e1cfa7c6e09a5e513b604,9,NS_SC_Pe_SM_Sn_NF,NoSnow_SummerClothing_Penguins_SunMid_Snowman_NoFire.webp,3,3,NoSnow,SummerClothing,Penguins,SunMid,Snowman,NoFire,2026-07-27T13:47:51.435Z
6a0e1cfa7c6e09a5e513b604,10,NS_SC_Pe_SM_Sn_WF,NoSnow_SummerClothing_Penguins_SunMid_Snowman_Fire.webp,4,3,NoSnow,SummerClothing,Penguins,SunMid,Snowman,Fire,2026-07-27T13:48:04.529Z
6a0e1cfa7c6e09a5e513b604,11,NS_SC_Pe_SR_Sa_WF,NoSnow_SummerClothing_Penguins_SunRising_Sandcastle_Fire.webp,3,3,NoSnow,SummerClothing,Penguins,SunRising,Sandcastle,Fire,2026-07-27T13:48:11.890Z
6a0e1cfa7c6e09a5e513b604,12,NS_WC_Pe_SR_Sn_NF,NoSnow_WinterClothing_Penguins_SunRising_Snowman_NoFire.webp,2,2,NoSnow,WinterClothing,Penguins,SunRising,Snowman,NoFire,2026-07-27T13:48:19.506Z
6a0e1cfa7c6e09a5e513b604,13,NS_WC_Pe_SR_Sa_NF,NoSnow_WinterClothing_Penguins_SunRising_Sandcastle_NoFire.webp,2,2,NoSnow,WinterClothing,Penguins,SunRising,Sandcastle,NoFire,2026-07-27T13:48:28.608Z
6a0e1cfa7c6e09a5e513b604,14,NS_WC_Pe_SR_Sa_WF,NoSnow_WinterClothing_Penguins_SunRising_Sandcastle_Fire.webp,2,2,NoSnow,WinterClothing,Penguins,SunRising,Sandcastle,Fire,2026-07-27T13:48:34.969Z
6a0e1cfa7c6e09a5e513b604,15,NS_SC_Ca_SR_Sa_NF,NoSnow_SummerClothing_Camels_SunRising_Sandcastle_NoFire.webp,3,3,NoSnow,SummerClothing,Camels,SunRising,Sandcastle,NoFire,2026-07-27T13:48:44.198Z
6a0e1cfa7c6e09a5e513b604,16,S_SC_Ca_SM_Sn_WF,Snow_SummerClothing_Camels_SunMid_Snowman_Fire.webp,4,4,Snow,SummerClothing,Camels,SunMid,Snowman,Fire,2026-07-27T13:48:53.999Z
6a0e1cfa7c6e09a5e513b604,17,NS_SC_Pe_SR_Sn_WF,NoSnow_SummerClothing_Penguins_SunRising_Snowman_Fire.webp,4,4,NoSnow,SummerClothing,Penguins,SunRising,Snowman,Fire,2026-07-27T13:49:02.532Z
6a0e1cfa7c6e09a5e513b604,18,S_WC_Ca_SM_Sa_WF,Snow_WinterClothing_Camels_SunMid_Sandcastle_Fire.webp,2,2,Snow,WinterClothing,Camels,SunMid,Sandcastle,Fire,2026-07-27T13:49:09.325Z
6a0e1cfa7c6e09a5e513b604,19,NS_WC_Ca_SR_Sn_NF,NoSnow_WinterClothing_Camels_SunRising_Snowman_NoFire.webp,3,2,NoSnow,WinterClothing,Camels,SunRising,Snowman,NoFire,2026-07-27T13:49:19.770Z
6a0e1cfa7c6e09a5e513b604,20,NS_WC_Pe_SM_Sa_WF,NoSnow_WinterClothing_Penguins_SunMid_Sandcastle_Fire.webp,3,3,NoSnow,WinterClothing,Penguins,SunMid,Sandcastle,Fire,2026-07-27T13:49:28.668Z
6a0e1cfa7c6e09a5e513b604,21,NS_WC_Pe_SM_Sn_NF,NoSnow_WinterClothing_Penguins_SunMid_Snowman_NoFire.webp,2,2,NoSnow,WinterClothing,Penguins,SunMid,Snowman,NoFire,2026-07-27T13:49:35.398Z
6a0e1cfa7c6e09a5e513b604,22,NS_WC_Ca_SM_Sa_NF,NoSnow_WinterClothing_Camels_SunMid_Sandcastle_NoFire.webp,2,2,NoSnow,WinterClothing,Camels,SunMid,Sandcastle,NoFire,2026-07-27T13:49:41.323Z
6a0e1cfa7c6e09a5e513b604,23,S_WC_Pe_SM_Sn_NF,Snow_WinterClothing_Penguins_SunMid_Snowman_NoFire.webp,2,2,Snow,WinterClothing,Penguins,SunMid,Snowman,NoFire,2026-07-27T13:49:47.639Z
6a0e1cfa7c6e09a5e513b604,24,S_SC_Ca_SR_Sn_WF,Snow_SummerClothing_Camels_SunRising_Snowman_Fire.webp,4,4,Snow,SummerClothing,Camels,SunRising,Snowman,Fire,2026-07-27T13:49:54.969Z
6a0e1cfa7c6e09a5e513b604,25,S_SC_Pe_SR_Sn_WF,Snow_SummerClothing_Penguins_SunRising_Snowman_Fire.webp,4,4,Snow,SummerClothing,Penguins,SunRising,Snowman,Fire,2026-07-27T13:50:02.393Z
6a0e1cfa7c6e09a5e513b604,26,NS_SC_Ca_SR_Sn_WF,NoSnow_SummerClothing_Camels_SunRising_Snowman_Fire.webp,5,5,NoSnow,SummerClothing,Camels,SunRising,Snowman,Fire,2026-07-27T13:50:09.107Z
6a0e1cfa7c6e09a5e513b604,27,NS_SC_Ca_SM_Sn_WF,NoSnow_SummerClothing_Camels_SunMid_Snowman_Fire.webp,5,5,NoSnow,SummerClothing,Camels,SunMid,Snowman,Fire,2026-07-27T13:50:16.220Z
6a0e1cfa7c6e09a5e513b604,28,S_WC_Ca_SM_Sn_NF,Snow_WinterClothing_Camels_SunMid_Snowman_NoFire.webp,2,2,Snow,WinterClothing,Camels,SunMid,Snowman,NoFire,2026-07-27T13:50:23.741Z
6a0e1cfa7c6e09a5e513b604,29,NS_SC_Pe_SM_Sa_NF,NoSnow_SummerClothing_Penguins_SunMid_Sandcastle_NoFire.webp,6,2,NoSnow,SummerClothing,Penguins,SunMid,Sandcastle,NoFire,2026-07-27T13:50:36.490Z
6a0e1cfa7c6e09a5e513b604,30,S_SC_Ca_SM_Sa_NF,Snow_SummerClothing_Camels_SunMid_Sandcastle_NoFire.webp,4,2,Snow,SummerClothing,Camels,SunMid,Sandcastle,NoFire,2026-07-27T13:50:45.600Z
6a0e1cfa7c6e09a5e513b604,31,NS_SC_Ca_SR_Sn_NF,NoSnow_SummerClothing_Camels_SunRising_Snowman_NoFire.webp,4,2,NoSnow,SummerClothing,Camels,SunRising,Snowman,NoFire,2026-07-27T13:50:54.179Z
6a0e1cfa7c6e09a5e513b604,32,S_SC_Ca_SR_Sn_NF,Snow_SummerClothing_Camels_SunRising_Snowman_NoFire.webp,4,2,Snow,SummerClothing,Camels,SunRising,Snowman,NoFire,2026-07-27T13:51:00.723Z
6a0e1cfa7c6e09a5e513b604,33,NS_SC_Ca_SR_Sa_WF,NoSnow_SummerClothing_Camels_SunRising_Sandcastle_Fire.webp,4,2,NoSnow,SummerClothing,Camels,SunRising,Sandcastle,Fire,2026-07-27T13:51:08.662Z
6a0e1cfa7c6e09a5e513b604,34,S_SC_Ca_SM_Sa_WF,Snow_SummerClothing_Camels_SunMid_Sandcastle_Fire.webp,6,2,Snow,SummerClothing,Camels,SunMid,Sandcastle,Fire,2026-07-27T13:51:15.492Z
6a0e1cfa7c6e09a5e513b604,35,NS_WC_Ca_SM_Sa_WF,NoSnow_WinterClothing_Camels_SunMid_Sandcastle_Fire.webp,2,2,NoSnow,WinterClothing,Camels,SunMid,Sandcastle,Fire,2026-07-27T13:51:21.489Z
6a0e1cfa7c6e09a5e513b604,36,NS_SC_Ca_SM_Sn_NF,NoSnow_SummerClothing_Camels_SunMid_Snowman_NoFire.webp,4,2,NoSnow,SummerClothing,Camels,SunMid,Snowman,NoFire,2026-07-27T13:51:28.150Z
6a0e1cfa7c6e09a5e513b604,37,S_WC_Pe_SM_Sn_WF,Snow_WinterClothing_Penguins_SunMid_Snowman_Fire.webp,2,2,Snow,WinterClothing,Penguins,SunMid,Snowman,Fire,2026-07-27T13:51:35.974Z
6a0e1cfa7c6e09a5e513b604,38,NS_SC_Ca_SM_Sa_NF,NoSnow_SummerClothing_Camels_SunMid_Sandcastle_NoFire.webp,4,2,NoSnow,SummerClothing,Camels,SunMid,Sandcastle,NoFire,2026-07-27T13:51:43.348Z
6a0e1cfa7c6e09a5e513b604,39,S_WC_Pe_SR_Sn_NF,Snow_WinterClothing_Penguins_SunRising_Snowman_NoFire.webp,2,2,Snow,WinterClothing,Penguins,SunRising,Snowman,NoFire,2026-07-27T13:51:49.889Z
6a0e1cfa7c6e09a5e513b604,40,S_SC_Ca_SR_Sa_WF,Snow_SummerClothing_Camels_SunRising_Sandcastle_Fire.webp,4,2,Snow,SummerClothing,Camels,SunRising,Sandcastle,Fire,2026-07-27T13:51:58.582Z
6a0e1cfa7c6e09a5e513b604,41,S_SC_Pe_SM_Sa_NF,Snow_SummerClothing_Penguins_SunMid_Sandcastle_NoFire.webp,4,2,Snow,SummerClothing,Penguins,SunMid,Sandcastle,NoFire,2026-07-27T13:52:06.549Z
6a0e1cfa7c6e09a5e513b604,42,S_WC_Ca_SR_Sa_NF,Snow_WinterClothing_Camels_SunRising_Sandcastle_NoFire.webp,3,2,Snow,WinterClothing,Camels,SunRising,Sandcastle,NoFire,2026-07-27T13:52:15.362Z
6a0e1cfa7c6e09a5e513b604,43,S_WC_Pe_SR_Sa_WF,Snow_WinterClothing_Penguins_SunRising_Sandcastle_Fire.webp,4,2,Snow,WinterClothing,Penguins,SunRising,Sandcastle,Fire,2026-07-27T13:52:20.675Z
6a0e1cfa7c6e09a5e513b604,44,S_WC_Pe_SM_Sa_WF,Snow_WinterClothing_Penguins_SunMid_Sandcastle_Fire.webp,3,2,Snow,WinterClothing,Penguins,SunMid,Sandcastle,Fire,2026-07-27T13:52:26.888Z
6a0e1cfa7c6e09a5e513b604,45,S_WC_Pe_SM_Sa_NF,Snow_WinterClothing_Penguins_SunMid_Sandcastle_NoFire.webp,2,2,Snow,WinterClothing,Penguins,SunMid,Sandcastle,NoFire,2026-07-27T13:52:31.895Z
6a0e1cfa7c6e09a5e513b604,46,S_WC_Ca_SR_Sn_NF,Snow_WinterClothing_Camels_SunRising_Snowman_NoFire.webp,2,2,Snow,WinterClothing,Camels,SunRising,Snowman,NoFire,2026-07-27T13:52:36.994Z
6a0e1cfa7c6e09a5e513b604,47,S_WC_Ca_SM_Sa_NF,Snow_WinterClothing_Camels_SunMid_Sandcastle_NoFire.webp,2,2,Snow,WinterClothing,Camels,SunMid,Sandcastle,NoFire,2026-07-27T13:52:43.609Z
6a0e1cfa7c6e09a5e513b604,48,NS_WC_Pe_SM_Sa_NF,NoSnow_WinterClothing_Penguins_SunMid_Sandcastle_NoFire.webp,3,2,NoSnow,WinterClothing,Penguins,SunMid,Sandcastle,NoFire,2026-07-27T13:52:50.550Z
6a0e1cfa7c6e09a5e513b604,49,S_WC_Pe_SR_Sn_WF,Snow_WinterClothing_Penguins_SunRising_Snowman_Fire.webp,2,2,Snow,WinterClothing,Penguins,SunRising,Snowman,Fire,2026-07-27T13:52:56.046Z
6a0e1cfa7c6e09a5e513b604,50,S_SC_Pe_SM_Sa_WF,Snow_SummerClothing_Penguins_SunMid_Sandcastle_Fire.webp,4,2,Snow,SummerClothing,Penguins,SunMid,Sandcastle,Fire,2026-07-27T13:53:03.047Z
6a0e1cfa7c6e09a5e513b604,51,NS_SC_Pe_SR_Sa_NF,NoSnow_SummerClothing_Penguins_SunRising_Sandcastle_NoFire.webp,5,2,NoSnow,SummerClothing,Penguins,SunRising,Sandcastle,NoFire,2026-07-27T13:53:10.351Z
6a0e1cfa7c6e09a5e513b604,52,S_SC_Pe_SR_Sa_NF,Snow_SummerClothing_Penguins_SunRising_Sandcastle_NoFire.webp,4,2,Snow,SummerClothing,Penguins,SunRising,Sandcastle,NoFire,2026-07-27T13:53:15.620Z
6a0e1cfa7c6e09a5e513b604,53,S_SC_Pe_SR_Sn_NF,Snow_SummerClothing_Penguins_SunRising_Snowman_NoFire.webp,4,2,Snow,SummerClothing,Penguins,SunRising,Snowman,NoFire,2026-07-27T13:53:21.166Z
6a0e1cfa7c6e09a5e513b604,54,NS_SC_Pe_SR_Sn_NF,NoSnow_SummerClothing_Penguins_SunRising_Snowman_NoFire.webp,4,2,NoSnow,SummerClothing,Penguins,SunRising,Snowman,NoFire,2026-07-27T13:53:27.700Z
6a0e1cfa7c6e09a5e513b604,55,NS_WC_Ca_SR_Sa_WF,NoSnow_WinterClothing_Camels_SunRising_Sandcastle_Fire.webp,3,2,NoSnow,WinterClothing,Camels,SunRising,Sandcastle,Fire,2026-07-27T13:53:33.109Z
6a0e1cfa7c6e09a5e513b604,56,NS_WC_Pe_SM_Sn_WF,NoSnow_WinterClothing_Penguins_SunMid_Snowman_Fire.webp,4,2,NoSnow,WinterClothing,Penguins,SunMid,Snowman,Fire,2026-07-27T13:53:39.307Z
6a0e1cfa7c6e09a5e513b604,57,S_WC_Ca_SR_Sn_WF,Snow_WinterClothing_Camels_SunRising_Snowman_Fire.webp,2,2,Snow,WinterClothing,Camels,SunRising,Snowman,Fire,2026-07-27T13:53:44.187Z
6a0e1cfa7c6e09a5e513b604,58,S_WC_Pe_SR_Sa_NF,Snow_WinterClothing_Penguins_SunRising_Sandcastle_NoFire.webp,3,2,Snow,WinterClothing,Penguins,SunRising,Sandcastle,NoFire,2026-07-27T13:53:49.477Z
6a0e1cfa7c6e09a5e513b604,59,NS_WC_Pe_SR_Sn_WF,NoSnow_WinterClothing_Penguins_SunRising_Snowman_Fire.webp,4,2,NoSnow,WinterClothing,Penguins,SunRising,Snowman,Fire,2026-07-27T13:53:56.337Z
6a0e1cfa7c6e09a5e513b604,60,NS_SC_Pe_SM_Sa_WF,NoSnow_SummerClothing_Penguins_SunMid_Sandcastle_Fire.webp,5,2,NoSnow,SummerClothing,Penguins,SunMid,Sandcastle,Fire,2026-07-27T13:54:04.939Z
6a0e1cfa7c6e09a5e513b604,61,S_SC_Pe_SM_Sn_NF,Snow_SummerClothing_Penguins_SunMid_Snowman_NoFire.webp,4,2,Snow,SummerClothing,Penguins,SunMid,Snowman,NoFire,2026-07-27T13:54:09.926Z
6a0e1cfa7c6e09a5e513b604,62,S_SC_Ca_SM_Sn_NF,Snow_SummerClothing_Camels_SunMid_Snowman_NoFire.webp,4,2,Snow,SummerClothing,Camels,SunMid,Snowman,NoFire,2026-07-27T13:54:16.157Z
6a0e1cfa7c6e09a5e513b604,63,NS_WC_Ca_SR_Sa_NF,NoSnow_WinterClothing_Camels_SunRising_Sandcastle_NoFire.webp,3,2,NoSnow,WinterClothing,Camels,SunRising,Sandcastle,NoFire,2026-07-27T13:54:21.255Z
6a156dd3fcee99466c091d56,0,S_SC_Pe_SR_Sn_WF,Snow_SummerClothing_Penguins_SunRising_Snowman_Fire.webp,1,5,Snow,SummerClothing,Penguins,SunRising,Snowman,Fire,2026-07-27T13:41:39.586Z
6a156dd3fcee99466c091d56,1,NS_SC_Ca_SM_Sn_WF,NoSnow_SummerClothing_Camels_SunMid_Snowman_Fire.webp,2,3,NoSnow,SummerClothing,Camels,SunMid,Snowman,Fire,2026-07-27T13:41:47.818Z
6a156dd3fcee99466c091d56,2,S_SC_Ca_SM_Sa_NF,Snow_SummerClothing_Camels_SunMid_Sandcastle_NoFire.webp,6,5,Snow,SummerClothing,Camels,SunMid,Sandcastle,NoFire,2026-07-27T13:41:54.834Z
6a156dd3fcee99466c091d56,3,S_WC_Ca_SM_Sa_WF,Snow_WinterClothing_Camels_SunMid_Sandcastle_Fire.webp,6,5,Snow,WinterClothing,Camels,SunMid,Sandcastle,Fire,2026-07-27T13:42:00.891Z
6a156dd3fcee99466c091d56,4,S_WC_Ca_SR_Sa_WF,Snow_WinterClothing_Camels_SunRising_Sandcastle_Fire.webp,5,5,Snow,WinterClothing,Camels,SunRising,Sandcastle,Fire,2026-07-27T13:42:11.058Z
6a156dd3fcee99466c091d56,5,S_WC_Pe_SR_Sa_WF,Snow_WinterClothing_Penguins_SunRising_Sandcastle_Fire.webp,4,3,Snow,WinterClothing,Penguins,SunRising,Sandcastle,Fire,2026-07-27T13:42:17.826Z
6a156dd3fcee99466c091d56,6,S_SC_Ca_SR_Sn_WF,Snow_SummerClothing_Camels_SunRising_Snowman_Fire.webp,4,2,Snow,SummerClothing,Camels,SunRising,Snowman,Fire,2026-07-27T13:42:24.274Z
6a156dd3fcee99466c091d56,7,S_WC_Ca_SR_Sn_WF,Snow_WinterClothing_Camels_SunRising_Snowman_Fire.webp,4,2,Snow,WinterClothing,Camels,SunRising,Snowman,Fire,2026-07-27T13:42:31.602Z
6a156dd3fcee99466c091d56,8,NS_WC_Ca_SR_Sa_WF,NoSnow_WinterClothing_Camels_SunRising_Sandcastle_Fire.webp,6,6,NoSnow,WinterClothing,Camels,SunRising,Sandcastle,Fire,2026-07-27T13:42:37.099Z
6a156dd3fcee99466c091d56,9,NS_WC_Ca_SR_Sa_NF,NoSnow_WinterClothing_Camels_SunRising_Sandcastle_NoFire.webp,5,5,NoSnow,WinterClothing,Camels,SunRising,Sandcastle,NoFire,2026-07-27T13:42:43.737Z
6a156dd3fcee99466c091d56,10,S_WC_Pe_SM_Sn_WF,Snow_WinterClothing_Penguins_SunMid_Snowman_Fire.webp,2,5,Snow,WinterClothing,Penguins,SunMid,Snowman,Fire,2026-07-27T13:42:51.194Z
6a156dd3fcee99466c091d56,11,NS_SC_Ca_SM_Sa_NF,NoSnow_SummerClothing_Camels_SunMid_Sandcastle_NoFire.webp,6,6,NoSnow,SummerClothing,Camels,SunMid,Sandcastle,NoFire,2026-07-27T13:42:59.186Z
6a156dd3fcee99466c091d56,12,NS_SC_Pe_SM_Sn_NF,NoSnow_SummerClothing_Penguins_SunMid_Snowman_NoFire.webp,3,5,NoSnow,SummerClothing,Penguins,SunMid,Snowman,NoFire,2026-07-27T13:43:06.481Z
6a156dd3fcee99466c091d56,13,S_WC_Ca_SR_Sn_NF,Snow_WinterClothing_Camels_SunRising_Snowman_NoFire.webp,2,2,Snow,WinterClothing,Camels,SunRising,Snowman,NoFire,2026-07-27T13:43:19.186Z
6a156dd3fcee99466c091d56,14,NS_WC_Pe_SM_Sn_NF,NoSnow_WinterClothing_Penguins_SunMid_Snowman_NoFire.webp,2,6,NoSnow,WinterClothing,Penguins,SunMid,Snowman,NoFire,2026-07-27T13:43:28.146Z
6a156dd3fcee99466c091d56,15,NS_SC_Pe_SR_Sa_WF,NoSnow_SummerClothing_Penguins_SunRising_Sandcastle_Fire.webp,4,2,NoSnow,SummerClothing,Penguins,SunRising,Sandcastle,Fire,2026-07-27T13:43:43.242Z
6a156dd3fcee99466c091d56,16,NS_SC_Ca_SM_Sa_WF,NoSnow_SummerClothing_Camels_SunMid_Sandcastle_Fire.webp,6,6,NoSnow,SummerClothing,Camels,SunMid,Sandcastle,Fire,2026-07-27T13:43:48.818Z
6a156dd3fcee99466c091d56,17,S_SC_Ca_SM_Sn_NF,Snow_SummerClothing_Camels_SunMid_Snowman_NoFire.webp,2,3,Snow,SummerClothing,Camels,SunMid,Snowman,NoFire,2026-07-27T13:43:55.089Z
6a156dd3fcee99466c091d56,18,S_WC_Ca_SM_Sn_NF,Snow_WinterClothing_Camels_SunMid_Snowman_NoFire.webp,3,2,Snow,WinterClothing,Camels,SunMid,Snowman,NoFire,2026-07-27T13:44:10.874Z
6a156dd3fcee99466c091d56,19,NS_WC_Ca_SM_Sn_NF,NoSnow_WinterClothing_Camels_SunMid_Snowman_NoFire.webp,4,2,NoSnow,WinterClothing,Camels,SunMid,Snowman,NoFire,2026-07-27T13:44:17.090Z
6a156dd3fcee99466c091d56,20,S_SC_Ca_SM_Sa_WF,Snow_SummerClothing_Camels_SunMid_Sandcastle_Fire.webp,6,4,Snow,SummerClothing,Camels,SunMid,Sandcastle,Fire,2026-07-27T13:44:24.626Z
6a156dd3fcee99466c091d56,21,S_SC_Pe_SR_Sn_NF,Snow_SummerClothing_Penguins_SunRising_Snowman_NoFire.webp,2,6,Snow,SummerClothing,Penguins,SunRising,Snowman,NoFire,2026-07-27T13:44:30.682Z
6a156dd3fcee99466c091d56,22,NS_SC_Ca_SM_Sn_NF,NoSnow_SummerClothing_Camels_SunMid_Snowman_NoFire.webp,5,3,NoSnow,SummerClothing,Camels,SunMid,Snowman,NoFire,2026-07-27T13:44:40.658Z
6a156dd3fcee99466c091d56,23,NS_SC_Pe_SR_Sa_NF,NoSnow_SummerClothing_Penguins_SunRising_Sandcastle_NoFire.webp,6,4,NoSnow,SummerClothing,Penguins,SunRising,Sandcastle,NoFire,2026-07-27T13:44:48.354Z
6a156dd3fcee99466c091d56,24,S_SC_Pe_SR_Sa_WF,Snow_SummerClothing_Penguins_SunRising_Sandcastle_Fire.webp,3,3,Snow,SummerClothing,Penguins,SunRising,Sandcastle,Fire,2026-07-27T13:44:54.514Z
6a156dd3fcee99466c091d56,25,S_SC_Ca_SR_Sa_WF,Snow_SummerClothing_Camels_SunRising_Sandcastle_Fire.webp,5,5,Snow,SummerClothing,Camels,SunRising,Sandcastle,Fire,2026-07-27T13:45:01.945Z
6a156dd3fcee99466c091d56,26,S_WC_Ca_SM_Sa_NF,Snow_WinterClothing_Camels_SunMid_Sandcastle_NoFire.webp,4,4,Snow,WinterClothing,Camels,SunMid,Sandcastle,NoFire,2026-07-27T13:45:12.753Z
6a156dd3fcee99466c091d56,27,NS_WC_Pe_SM_Sa_NF,NoSnow_WinterClothing_Penguins_SunMid_Sandcastle_NoFire.webp,5,2,NoSnow,WinterClothing,Penguins,SunMid,Sandcastle,NoFire,2026-07-27T13:45:20.354Z
6a156dd3fcee99466c091d56,28,S_SC_Pe_SM_Sa_NF,Snow_SummerClothing_Penguins_SunMid_Sandcastle_NoFire.webp,4,2,Snow,SummerClothing,Penguins,SunMid,Sandcastle,NoFire,2026-07-27T13:45:26.970Z
6a156dd3fcee99466c091d56,29,NS_WC_Pe_SR_Sa_WF,NoSnow_WinterClothing_Penguins_SunRising_Sandcastle_Fire.webp,6,2,NoSnow,WinterClothing,Penguins,SunRising,Sandcastle,Fire,2026-07-27T13:45:33.241Z
6a156dd3fcee99466c091d56,30,NS_SC_Pe_SM_Sa_WF,NoSnow_SummerClothing_Penguins_SunMid_Sandcastle_Fire.webp,6,3,NoSnow,SummerClothing,Penguins,SunMid,Sandcastle,Fire,2026-07-27T13:45:39.346Z
6a156dd3fcee99466c091d56,31,NS_WC_Ca_SM_Sn_WF,NoSnow_WinterClothing_Camels_SunMid_Snowman_Fire.webp,6,2,NoSnow,WinterClothing,Camels,SunMid,Snowman,Fire,2026-07-27T13:45:47.626Z
6a156dd3fcee99466c091d56,32,NS_SC_Ca_SR_Sa_NF,NoSnow_SummerClothing_Camels_SunRising_Sandcastle_NoFire.webp,5,6,NoSnow,SummerClothing,Camels,SunRising,Sandcastle,NoFire,2026-07-27T13:45:54.906Z
6a156dd3fcee99466c091d56,33,S_SC_Pe_SR_Sa_NF,Snow_SummerClothing_Penguins_SunRising_Sandcastle_NoFire.webp,3,5,Snow,SummerClothing,Penguins,SunRising,Sandcastle,NoFire,2026-07-27T13:46:05.162Z
6a156dd3fcee99466c091d56,34,NS_SC_Pe_SM_Sn_WF,NoSnow_SummerClothing_Penguins_SunMid_Snowman_Fire.webp,5,2,NoSnow,SummerClothing,Penguins,SunMid,Snowman,Fire,2026-07-27T13:46:11.457Z
6a156dd3fcee99466c091d56,35,S_WC_Ca_SR_Sa_NF,Snow_WinterClothing_Camels_SunRising_Sandcastle_NoFire.webp,5,5,Snow,WinterClothing,Camels,SunRising,Sandcastle,NoFire,2026-07-27T13:46:17.426Z
6a156dd3fcee99466c091d56,36,S_SC_Ca_SM_Sn_WF,Snow_SummerClothing_Camels_SunMid_Snowman_Fire.webp,4,2,Snow,SummerClothing,Camels,SunMid,Snowman,Fire,2026-07-27T13:46:24.697Z
6a156dd3fcee99466c091d56,37,NS_SC_Pe_SM_Sa_NF,NoSnow_SummerClothing_Penguins_SunMid_Sandcastle_NoFire.webp,6,3,NoSnow,SummerClothing,Penguins,SunMid,Sandcastle,NoFire,2026-07-27T13:46:31.915Z
6a156dd3fcee99466c091d56,38,NS_SC_Pe_SR_Sn_NF,NoSnow_SummerClothing_Penguins_SunRising_Snowman_NoFire.webp,4,3,NoSnow,SummerClothing,Penguins,SunRising,Snowman,NoFire,2026-07-27T13:46:39.657Z
6a156dd3fcee99466c091d56,39,S_WC_Pe_SM_Sn_NF,Snow_WinterClothing_Penguins_SunMid_Snowman_NoFire.webp,2,6,Snow,WinterClothing,Penguins,SunMid,Snowman,NoFire,2026-07-27T13:46:46.154Z
6a156dd3fcee99466c091d56,40,S_WC_Pe_SM_Sa_WF,Snow_WinterClothing_Penguins_SunMid_Sandcastle_Fire.webp,5,5,Snow,WinterClothing,Penguins,SunMid,Sandcastle,Fire,2026-07-27T13:46:53.977Z
6a156dd3fcee99466c091d56,41,S_WC_Pe_SR_Sa_NF,Snow_WinterClothing_Penguins_SunRising_Sandcastle_NoFire.webp,4,4,Snow,WinterClothing,Penguins,SunRising,Sandcastle,NoFire,2026-07-27T13:47:02.450Z
6a156dd3fcee99466c091d56,42,S_SC_Ca_SR_Sn_NF,Snow_SummerClothing_Camels_SunRising_Snowman_NoFire.webp,3,3,Snow,SummerClothing,Camels,SunRising,Snowman,NoFire,2026-07-27T13:47:09.153Z
6a156dd3fcee99466c091d56,43,S_WC_Ca_SM_Sn_WF,Snow_WinterClothing_Camels_SunMid_Snowman_Fire.webp,4,2,Snow,WinterClothing,Camels,SunMid,Snowman,Fire,2026-07-27T13:47:19.146Z
6a156dd3fcee99466c091d56,44,NS_WC_Pe_SM_Sn_WF,NoSnow_WinterClothing_Penguins_SunMid_Snowman_Fire.webp,4,2,NoSnow,WinterClothing,Penguins,SunMid,Snowman,Fire,2026-07-27T13:47:26.465Z
6a156dd3fcee99466c091d56,45,NS_WC_Pe_SR_Sn_NF,NoSnow_WinterClothing_Penguins_SunRising_Snowman_NoFire.webp,3,2,NoSnow,WinterClothing,Penguins,SunRising,Snowman,NoFire,2026-07-27T13:47:36.530Z
6a156dd3fcee99466c091d56,46,NS_SC_Ca_SR_Sa_WF,NoSnow_SummerClothing_Camels_SunRising_Sandcastle_Fire.webp,5,6,NoSnow,SummerClothing,Camels,SunRising,Sandcastle,Fire,2026-07-27T13:47:44.698Z
6a156dd3fcee99466c091d56,47,NS_WC_Ca_SM_Sa_NF,NoSnow_WinterClothing_Camels_SunMid_Sandcastle_NoFire.webp,6,6,NoSnow,WinterClothing,Camels,SunMid,Sandcastle,NoFire,2026-07-27T13:47:50.586Z
6a156dd3fcee99466c091d56,48,NS_SC_Pe_SR_Sn_WF,NoSnow_SummerClothing_Penguins_SunRising_Snowman_Fire.webp,4,2,NoSnow,SummerClothing,Penguins,SunRising,Snowman,Fire,2026-07-27T13:47:58.498Z
6a156dd3fcee99466c091d56,49,S_SC_Pe_SM_Sn_NF,Snow_SummerClothing_Penguins_SunMid_Snowman_NoFire.webp,2,6,Snow,SummerClothing,Penguins,SunMid,Snowman,NoFire,2026-07-27T13:48:04.737Z
6a156dd3fcee99466c091d56,50,S_SC_Pe_SM_Sa_WF,Snow_SummerClothing_Penguins_SunMid_Sandcastle_Fire.webp,3,3,Snow,SummerClothing,Penguins,SunMid,Sandcastle,Fire,2026-07-27T13:48:13.937Z
6a156dd3fcee99466c091d56,51,NS_WC_Pe_SR_Sa_NF,NoSnow_WinterClothing_Penguins_SunRising_Sandcastle_NoFire.webp,4,3,NoSnow,WinterClothing,Penguins,SunRising,Sandcastle,NoFire,2026-07-27T13:48:21.561Z
6a156dd3fcee99466c091d56,52,NS_WC_Ca_SM_Sa_WF,NoSnow_WinterClothing_Camels_SunMid_Sandcastle_Fire.webp,7,6,NoSnow,WinterClothing,Camels,SunMid,Sandcastle,Fire,2026-07-27T13:48:26.857Z
6a156dd3fcee99466c091d56,53,S_SC_Pe_SM_Sn_WF,Snow_SummerClothing_Penguins_SunMid_Snowman_Fire.webp,3,2,Snow,SummerClothing,Penguins,SunMid,Snowman,Fire,2026-07-27T13:48:33.410Z
6a156dd3fcee99466c091d56,54,S_WC_Pe_SR_Sn_WF,Snow_WinterClothing_Penguins_SunRising_Snowman_Fire.webp,3,3,Snow,WinterClothing,Penguins,SunRising,Snowman,Fire,2026-07-27T13:48:39.858Z
6a156dd3fcee99466c091d56,55,NS_SC_Ca_SR_Sn_NF,NoSnow_SummerClothing_Camels_SunRising_Snowman_NoFire.webp,5,5,NoSnow,SummerClothing,Camels,SunRising,Snowman,NoFire,2026-07-27T13:48:48.274Z
6a156dd3fcee99466c091d56,56,S_SC_Ca_SR_Sa_NF,Snow_SummerClothing_Camels_SunRising_Sandcastle_NoFire.webp,3,4,Snow,SummerClothing,Camels,SunRising,Sandcastle,NoFire,2026-07-27T13:48:55.289Z
6a156dd3fcee99466c091d56,57,NS_SC_Ca_SR_Sn_WF,NoSnow_SummerClothing_Camels_SunRising_Snowman_Fire.webp,5,3,NoSnow,SummerClothing,Camels,SunRising,Snowman,Fire,2026-07-27T13:49:01.505Z
6a156dd3fcee99466c091d56,58,NS_WC_Pe_SM_Sa_WF,NoSnow_WinterClothing_Penguins_SunMid_Sandcastle_Fire.webp,6,3,NoSnow,WinterClothing,Penguins,SunMid,Sandcastle,Fire,2026-07-27T13:49:07.145Z
6a156dd3fcee99466c091d56,59,NS_WC_Ca_SR_Sn_WF,NoSnow_WinterClothing_Camels_SunRising_Snowman_Fire.webp,5,4,NoSnow,WinterClothing,Camels,SunRising,Snowman,Fire,2026-07-27T13:49:12.834Z
6a156dd3fcee99466c091d56,60,NS_WC_Ca_SR_Sn_NF,NoSnow_WinterClothing_Camels_SunRising_Snowman_NoFire.webp,5,3,NoSnow,WinterClothing,Camels,SunRising,Snowman,NoFire,2026-07-27T13:49:21.794Z
6a156dd3fcee99466c091d56,61,NS_WC_Pe_SR_Sn_WF,NoSnow_WinterClothing_Penguins_SunRising_Snowman_Fire.webp,4,3,NoSnow,WinterClothing,Penguins,SunRising,Snowman,Fire,2026-07-27T13:49:30.370Z
6a156dd3fcee99466c091d56,62,S_WC_Pe_SR_Sn_NF,Snow_WinterClothing_Penguins_SunRising_Snowman_NoFire.webp,2,5,Snow,WinterClothing,Penguins,SunRising,Snowman,NoFire,2026-07-27T13:49:39.178Z
6a156dd3fcee99466c091d56,63,S_WC_Pe_SM_Sa_NF,Snow_WinterClothing_Penguins_SunMid_Sandcastle_NoFire.webp,1,6,Snow,WinterClothing,Penguins,SunMid,Sandcastle,NoFire,2026-07-27T13:49:46.073Z
5eca46c6c1e2c601290bab15,0,NS_WC_Ca_SR_Sn_NF,NoSnow_WinterClothing_Camels_SunRising_Snowman_NoFire.webp,4,1,NoSnow,WinterClothing,Camels,SunRising,Snowman,NoFire,2026-07-27T13:41:11.887Z
69f4b1499e10481b90e1b69d,0,S_SC_Ca_SR_Sa_NF,Snow_SummerClothing_Camels_SunRising_Sandcastle_NoFire.webp,4,2,Snow,SummerClothing,Camels,SunRising,Sandcastle,NoFire,2026-07-27T13:56:09.045Z
69f4b1499e10481b90e1b69d,1,NS_SC_Ca_SR_Sa_NF,NoSnow_SummerClothing_Camels_SunRising_Sandcastle_NoFire.webp,2,2,NoSnow,SummerClothing,Camels,SunRising,Sandcastle,NoFire,2026-07-27T13:56:21.653Z
69f4b1499e10481b90e1b69d,2,NS_SC_Pe_SR_Sn_WF,NoSnow_SummerClothing_Penguins_SunRising_Snowman_Fire.webp,2,3,NoSnow,SummerClothing,Penguins,SunRising,Snowman,Fire,2026-07-27T13:57:29.175Z
69f4b1499e10481b90e1b69d,3,S_SC_Pe_SR_Sa_WF,Snow_SummerClothing_Penguins_SunRising_Sandcastle_Fire.webp,4,4,Snow,SummerClothing,Penguins,SunRising,Sandcastle,Fire,2026-07-27T13:59:04.460Z
69f4b1499e10481b90e1b69d,4,NS_WC_Pe_SM_Sa_NF,NoSnow_WinterClothing_Penguins_SunMid_Sandcastle_NoFire.webp,2,2,NoSnow,WinterClothing,Penguins,SunMid,Sandcastle,NoFire,2026-07-27T13:59:17.932Z
69f4b1499e10481b90e1b69d,5,NS_SC_Pe_SM_Sn_WF,NoSnow_SummerClothing_Penguins_SunMid_Snowman_Fire.webp,1,3,NoSnow,SummerClothing,Penguins,SunMid,Snowman,Fire,2026-07-27T14:04:32.519Z
69f378f38de4398a754a1733,0,NS_WC_Ca_SM_Sa_WF,NoSnow_WinterClothing_Camels_SunMid_Sandcastle_Fire.webp,3,6,NoSnow,WinterClothing,Camels,SunMid,Sandcastle,Fire,2026-07-27T13:43:07.968Z
69f378f38de4398a754a1733,1,NS_SC_Pe_SM_Sa_NF,NoSnow_SummerClothing_Penguins_SunMid_Sandcastle_NoFire.webp,5,4,NoSnow,SummerClothing,Penguins,SunMid,Sandcastle,NoFire,2026-07-27T13:43:26.303Z
69f378f38de4398a754a1733,2,NS_WC_Pe_SM_Sa_WF,NoSnow_WinterClothing_Penguins_SunMid_Sandcastle_Fire.webp,3,5,NoSnow,WinterClothing,Penguins,SunMid,Sandcastle,Fire,2026-07-27T13:43:42.841Z
69f378f38de4398a754a1733,3,S_SC_Ca_SR_Sa_WF,Snow_SummerClothing_Camels_SunRising_Sandcastle_Fire.webp,5,6,Snow,SummerClothing,Camels,SunRising,Sandcastle,Fire,2026-07-27T13:44:04.842Z
69f378f38de4398a754a1733,4,NS_SC_Pe_SR_Sn_NF,NoSnow_SummerClothing_Penguins_SunRising_Snowman_NoFire.webp,4,2,NoSnow,SummerClothing,Penguins,SunRising,Snowman,NoFire,2026-07-27T13:44:21.532Z
69f378f38de4398a754a1733,5,NS_WC_Ca_SR_Sa_NF,NoSnow_WinterClothing_Camels_SunRising_Sandcastle_NoFire.webp,4,6,NoSnow,WinterClothing,Camels,SunRising,Sandcastle,NoFire,2026-07-27T13:44:36.853Z
69f378f38de4398a754a1733,6,NS_WC_Pe_SR_Sa_NF,NoSnow_WinterClothing_Penguins_SunRising_Sandcastle_NoFire.webp,4,6,NoSnow,WinterClothing,Penguins,SunRising,Sandcastle,NoFire,2026-07-27T13:44:53.184Z
69f378f38de4398a754a1733,7,NS_WC_Pe_SM_Sn_NF,NoSnow_WinterClothing_Penguins_SunMid_Snowman_NoFire.webp,2,6,NoSnow,WinterClothing,Penguins,SunMid,Snowman,NoFire,2026-07-27T13:45:21.852Z
69f378f38de4398a754a1733,8,S_WC_Ca_SR_Sn_WF,Snow_WinterClothing_Camels_SunRising_Snowman_Fire.webp,4,1,Snow,WinterClothing,Camels,SunRising,Snowman,Fire,2026-07-27T13:45:34.183Z
69f378f38de4398a754a1733,9,S_WC_Pe_SM_Sn_NF,Snow_WinterClothing_Penguins_SunMid_Snowman_NoFire.webp,1,7,Snow,WinterClothing,Penguins,SunMid,Snowman,NoFire,2026-07-27T13:45:44.904Z
69f378f38de4398a754a1733,10,NS_WC_Ca_SM_Sa_NF,NoSnow_WinterClothing_Camels_SunMid_Sandcastle_NoFire.webp,5,7,NoSnow,WinterClothing,Camels,SunMid,Sandcastle,NoFire,2026-07-27T13:46:01.943Z
69f378f38de4398a754a1733,11,S_WC_Ca_SM_Sn_WF,Snow_WinterClothing_Camels_SunMid_Snowman_Fire.webp,3,6,Snow,WinterClothing,Camels,SunMid,Snowman,Fire,2026-07-27T13:46:19.193Z
69f378f38de4398a754a1733,12,NS_WC_Pe_SR_Sn_NF,NoSnow_WinterClothing_Penguins_SunRising_Snowman_NoFire.webp,3,5,NoSnow,WinterClothing,Penguins,SunRising,Snowman,NoFire,2026-07-27T13:46:35.682Z
69f378f38de4398a754a1733,13,S_SC_Ca_SM_Sn_WF,Snow_SummerClothing_Camels_SunMid_Snowman_Fire.webp,5,1,Snow,SummerClothing,Camels,SunMid,Snowman,Fire,2026-07-27T13:47:03.313Z
69f378f38de4398a754a1733,14,NS_SC_Ca_SR_Sa_NF,NoSnow_SummerClothing_Camels_SunRising_Sandcastle_NoFire.webp,5,7,NoSnow,SummerClothing,Camels,SunRising,Sandcastle,NoFire,2026-07-27T13:47:15.232Z
69f378f38de4398a754a1733,15,S_WC_Ca_SM_Sa_NF,Snow_WinterClothing_Camels_SunMid_Sandcastle_NoFire.webp,4,2,Snow,WinterClothing,Camels,SunMid,Sandcastle,NoFire,2026-07-27T13:47:35.271Z
69f378f38de4398a754a1733,16,S_WC_Pe_SR_Sa_WF,Snow_WinterClothing_Penguins_SunRising_Sandcastle_Fire.webp,3,7,Snow,WinterClothing,Penguins,SunRising,Sandcastle,Fire,2026-07-27T13:47:50.141Z
69f378f38de4398a754a1733,17,S_WC_Ca_SM_Sa_WF,Snow_WinterClothing_Camels_SunMid_Sandcastle_Fire.webp,3,2,Snow,WinterClothing,Camels,SunMid,Sandcastle,Fire,2026-07-27T13:48:02.681Z
69f378f38de4398a754a1733,18,NS_SC_Pe_SM_Sa_WF,NoSnow_SummerClothing_Penguins_SunMid_Sandcastle_Fire.webp,5,5,NoSnow,SummerClothing,Penguins,SunMid,Sandcastle,Fire,2026-07-27T13:48:11.672Z
69f378f38de4398a754a1733,19,NS_SC_Ca_SR_Sn_WF,NoSnow_SummerClothing_Camels_SunRising_Snowman_Fire.webp,5,1,NoSnow,SummerClothing,Camels,SunRising,Snowman,Fire,2026-07-27T13:48:24.481Z
69f378f38de4398a754a1733,20,NS_SC_Pe_SM_Sn_NF,NoSnow_SummerClothing_Penguins_SunMid_Snowman_NoFire.webp,5,2,NoSnow,SummerClothing,Penguins,SunMid,Snowman,NoFire,2026-07-27T13:48:36.731Z
69f378f38de4398a754a1733,21,NS_SC_Pe_SR_Sa_NF,NoSnow_SummerClothing_Penguins_SunRising_Sandcastle_NoFire.webp,5,4,NoSnow,SummerClothing,Penguins,SunRising,Sandcastle,NoFire,2026-07-27T13:48:50.482Z
69f378f38de4398a754a1733,22,S_WC_Ca_SR_Sn_NF,Snow_WinterClothing_Camels_SunRising_Snowman_NoFire.webp,3,1,Snow,WinterClothing,Camels,SunRising,Snowman,NoFire,2026-07-27T13:48:59.712Z
69f378f38de4398a754a1733,23,S_WC_Pe_SM_Sn_WF,Snow_WinterClothing_Penguins_SunMid_Snowman_Fire.webp,3,7,Snow,WinterClothing,Penguins,SunMid,Snowman,Fire,2026-07-27T13:49:09.161Z
69f378f38de4398a754a1733,24,NS_WC_Ca_SR_Sa_WF,NoSnow_WinterClothing_Camels_SunRising_Sandcastle_Fire.webp,3,7,NoSnow,WinterClothing,Camels,SunRising,Sandcastle,Fire,2026-07-27T13:49:40.662Z
69f378f38de4398a754a1733,25,S_SC_Pe_SR_Sa_WF,Snow_SummerClothing_Penguins_SunRising_Sandcastle_Fire.webp,5,4,Snow,SummerClothing,Penguins,SunRising,Sandcastle,Fire,2026-07-27T13:50:00.635Z
69f378f38de4398a754a1733,26,NS_SC_Pe_SM_Sn_WF,NoSnow_SummerClothing_Penguins_SunMid_Snowman_Fire.webp,5,1,NoSnow,SummerClothing,Penguins,SunMid,Snowman,Fire,2026-07-27T13:50:11.351Z
69f378f38de4398a754a1733,27,NS_WC_Pe_SR_Sn_WF,NoSnow_WinterClothing_Penguins_SunRising_Snowman_Fire.webp,3,2,NoSnow,WinterClothing,Penguins,SunRising,Snowman,Fire,2026-07-27T13:50:30.690Z
69f378f38de4398a754a1733,28,S_WC_Ca_SM_Sn_NF,Snow_WinterClothing_Camels_SunMid_Snowman_NoFire.webp,3,1,Snow,WinterClothing,Camels,SunMid,Snowman,NoFire,2026-07-27T13:50:42.392Z
69f378f38de4398a754a1733,29,S_WC_Pe_SM_Sa_WF,Snow_WinterClothing_Penguins_SunMid_Sandcastle_Fire.webp,3,1,Snow,WinterClothing,Penguins,SunMid,Sandcastle,Fire,2026-07-27T13:50:56.712Z
69f378f38de4398a754a1733,30,S_SC_Pe_SM_Sa_WF,Snow_SummerClothing_Penguins_SunMid_Sandcastle_Fire.webp,5,1,Snow,SummerClothing,Penguins,SunMid,Sandcastle,Fire,2026-07-27T13:51:04.811Z
69f378f38de4398a754a1733,31,NS_WC_Ca_SR_Sn_WF,NoSnow_WinterClothing_Camels_SunRising_Snowman_Fire.webp,3,1,NoSnow,WinterClothing,Camels,SunRising,Snowman,Fire,2026-07-27T13:51:13.720Z
69f378f38de4398a754a1733,32,NS_SC_Ca_SM_Sa_NF,NoSnow_SummerClothing_Camels_SunMid_Sandcastle_NoFire.webp,5,7,NoSnow,SummerClothing,Camels,SunMid,Sandcastle,NoFire,2026-07-27T13:51:23.051Z
69f378f38de4398a754a1733,33,S_SC_Ca_SR_Sn_NF,Snow_SummerClothing_Camels_SunRising_Snowman_NoFire.webp,5,1,Snow,SummerClothing,Camels,SunRising,Snowman,NoFire,2026-07-27T13:51:37.051Z
69f378f38de4398a754a1733,34,NS_WC_Ca_SR_Sn_NF,NoSnow_WinterClothing_Camels_SunRising_Snowman_NoFire.webp,3,1,NoSnow,WinterClothing,Camels,SunRising,Snowman,NoFire,2026-07-27T13:51:46.962Z
69f378f38de4398a754a1733,35,S_WC_Ca_SR_Sa_WF,Snow_WinterClothing_Camels_SunRising_Sandcastle_Fire.webp,3,1,Snow,WinterClothing,Camels,SunRising,Sandcastle,Fire,2026-07-27T13:51:56.722Z
69f378f38de4398a754a1733,36,NS_SC_Pe_SR_Sa_WF,NoSnow_SummerClothing_Penguins_SunRising_Sandcastle_Fire.webp,5,3,NoSnow,SummerClothing,Penguins,SunRising,Sandcastle,Fire,2026-07-27T13:52:09.702Z
69f378f38de4398a754a1733,37,S_WC_Pe_SM_Sa_NF,Snow_WinterClothing_Penguins_SunMid_Sandcastle_NoFire.webp,3,1,Snow,WinterClothing,Penguins,SunMid,Sandcastle,NoFire,2026-07-27T13:52:19.682Z
69f378f38de4398a754a1733,38,S_WC_Pe_SR_Sn_WF,Snow_WinterClothing_Penguins_SunRising_Snowman_Fire.webp,3,7,Snow,WinterClothing,Penguins,SunRising,Snowman,Fire,2026-07-27T13:52:30.120Z
69f378f38de4398a754a1733,39,S_SC_Pe_SM_Sn_WF,Snow_SummerClothing_Penguins_SunMid_Snowman_Fire.webp,5,3,Snow,SummerClothing,Penguins,SunMid,Snowman,Fire,2026-07-27T13:52:41.071Z
69f378f38de4398a754a1733,40,S_SC_Pe_SR_Sn_WF,Snow_SummerClothing_Penguins_SunRising_Snowman_Fire.webp,5,2,Snow,SummerClothing,Penguins,SunRising,Snowman,Fire,2026-07-27T13:53:03.121Z
69f378f38de4398a754a1733,41,NS_SC_Pe_SR_Sn_WF,NoSnow_SummerClothing_Penguins_SunRising_Snowman_Fire.webp,5,1,NoSnow,SummerClothing,Penguins,SunRising,Snowman,Fire,2026-07-27T13:53:14.922Z
69f378f38de4398a754a1733,42,NS_WC_Pe_SM_Sa_NF,NoSnow_WinterClothing_Penguins_SunMid_Sandcastle_NoFire.webp,3,3,NoSnow,WinterClothing,Penguins,SunMid,Sandcastle,NoFire,2026-07-27T13:53:28.802Z
69f378f38de4398a754a1733,43,S_WC_Pe_SR_Sn_NF,Snow_WinterClothing_Penguins_SunRising_Snowman_NoFire.webp,3,7,Snow,WinterClothing,Penguins,SunRising,Snowman,NoFire,2026-07-27T13:53:50.552Z
69f378f38de4398a754a1733,44,S_SC_Ca_SM_Sa_WF,Snow_SummerClothing_Camels_SunMid_Sandcastle_Fire.webp,5,1,Snow,SummerClothing,Camels,SunMid,Sandcastle,Fire,2026-07-27T13:54:01.862Z
69f378f38de4398a754a1733,45,NS_SC_Ca_SR_Sn_NF,NoSnow_SummerClothing_Camels_SunRising_Snowman_NoFire.webp,5,1,NoSnow,SummerClothing,Camels,SunRising,Snowman,NoFire,2026-07-27T13:54:14.312Z
69f378f38de4398a754a1733,46,S_SC_Pe_SR_Sa_NF,Snow_SummerClothing_Penguins_SunRising_Sandcastle_NoFire.webp,5,1,Snow,SummerClothing,Penguins,SunRising,Sandcastle,NoFire,2026-07-27T13:54:22.802Z
69f378f38de4398a754a1733,47,NS_SC_Ca_SM_Sn_NF,NoSnow_SummerClothing_Camels_SunMid_Snowman_NoFire.webp,5,1,NoSnow,SummerClothing,Camels,SunMid,Snowman,NoFire,2026-07-27T13:54:31.532Z
69f378f38de4398a754a1733,48,S_WC_Ca_SR_Sa_NF,Snow_WinterClothing_Camels_SunRising_Sandcastle_NoFire.webp,3,1,Snow,WinterClothing,Camels,SunRising,Sandcastle,NoFire,2026-07-27T13:54:47.642Z
69f378f38de4398a754a1733,49,NS_SC_Ca_SR_Sa_WF,NoSnow_SummerClothing_Camels_SunRising_Sandcastle_Fire.webp,5,7,NoSnow,SummerClothing,Camels,SunRising,Sandcastle,Fire,2026-07-27T13:54:56.017Z
69f378f38de4398a754a1733,50,S_SC_Ca_SR_Sn_WF,Snow_SummerClothing_Camels_SunRising_Snowman_Fire.webp,5,1,Snow,SummerClothing,Camels,SunRising,Snowman,Fire,2026-07-27T13:55:06.731Z
69f378f38de4398a754a1733,51,S_SC_Ca_SR_Sa_NF,Snow_SummerClothing_Camels_SunRising_Sandcastle_NoFire.webp,5,1,Snow,SummerClothing,Camels,SunRising,Sandcastle,NoFire,2026-07-27T13:55:15.732Z
69f378f38de4398a754a1733,52,S_SC_Ca_SM_Sa_NF,Snow_SummerClothing_Camels_SunMid_Sandcastle_NoFire.webp,5,1,Snow,SummerClothing,Camels,SunMid,Sandcastle,NoFire,2026-07-27T13:55:24.552Z
69f378f38de4398a754a1733,53,S_SC_Ca_SM_Sn_NF,Snow_SummerClothing_Camels_SunMid_Snowman_NoFire.webp,5,1,Snow,SummerClothing,Camels,SunMid,Snowman,NoFire,2026-07-27T13:55:42.992Z
69f378f38de4398a754a1733,54,S_SC_Pe_SR_Sn_NF,Snow_SummerClothing_Penguins_SunRising_Snowman_NoFire.webp,5,7,Snow,SummerClothing,Penguins,SunRising,Snowman,NoFire,2026-07-27T13:55:54.232Z
69f378f38de4398a754a1733,55,NS_SC_Ca_SM_Sn_WF,NoSnow_SummerClothing_Camels_SunMid_Snowman_Fire.webp,5,1,NoSnow,SummerClothing,Camels,SunMid,Snowman,Fire,2026-07-27T13:56:02.942Z
69f378f38de4398a754a1733,56,NS_WC_Ca_SM_Sn_WF,NoSnow_WinterClothing_Camels_SunMid_Snowman_Fire.webp,3,1,NoSnow,WinterClothing,Camels,SunMid,Snowman,Fire,2026-07-27T13:56:22.842Z
69f378f38de4398a754a1733,57,NS_SC_Ca_SM_Sa_WF,NoSnow_SummerClothing_Camels_SunMid_Sandcastle_Fire.webp,5,7,NoSnow,SummerClothing,Camels,SunMid,Sandcastle,Fire,2026-07-27T13:56:32.632Z
69f378f38de4398a754a1733,58,NS_WC_Pe_SM_Sn_WF,NoSnow_WinterClothing_Penguins_SunMid_Snowman_Fire.webp,3,2,NoSnow,WinterClothing,Penguins,SunMid,Snowman,Fire,2026-07-27T13:56:46.912Z
69f378f38de4398a754a1733,59,NS_WC_Ca_SM_Sn_NF,NoSnow_WinterClothing_Camels_SunMid_Snowman_NoFire.webp,3,1,NoSnow,WinterClothing,Camels,SunMid,Snowman,NoFire,2026-07-27T13:56:55.401Z
69f378f38de4398a754a1733,60,NS_WC_Pe_SR_Sa_WF,NoSnow_WinterClothing_Penguins_SunRising_Sandcastle_Fire.webp,3,3,NoSnow,WinterClothing,Penguins,SunRising,Sandcastle,Fire,2026-07-27T13:57:09.392Z
69f378f38de4398a754a1733,61,S_SC_Pe_SM_Sn_NF,Snow_SummerClothing_Penguins_SunMid_Snowman_NoFire.webp,5,6,Snow,SummerClothing,Penguins,SunMid,Snowman,NoFire,2026-07-27T13:57:27.360Z
69f378f38de4398a754a1733,62,S_SC_Pe_SM_Sa_NF,Snow_SummerClothing_Penguins_SunMid_Sandcastle_NoFire.webp,5,1,Snow,SummerClothing,Penguins,SunMid,Sandcastle,NoFire,2026-07-27T13:57:37.382Z
69f378f38de4398a754a1733,63,S_WC_Pe_SR_Sa_NF,Snow_WinterClothing_Penguins_SunRising_Sandcastle_NoFire.webp,3,1,Snow,WinterClothing,Penguins,SunRising,Sandcastle,NoFire,2026-07-27T13:57:46.942Z
6a22a9392a9d3d1a063fbb00,0,NS_WC_Ca_SR_Sa_NF,NoSnow_WinterClothing_Camels_SunRising_Sandcastle_NoFire.webp,3,1,NoSnow,WinterClothing,Camels,SunRising,Sandcastle,NoFire,2026-07-27T13:41:12.814Z
6a22a9392a9d3d1a063fbb00,1,NS_WC_Pe_SR_Sa_NF,NoSnow_WinterClothing_Penguins_SunRising_Sandcastle_NoFire.webp,3,1,NoSnow,WinterClothing,Penguins,SunRising,Sandcastle,NoFire,2026-07-27T13:41:32.266Z
6a22a9392a9d3d1a063fbb00,2,NS_WC_Ca_SR_Sn_NF,NoSnow_WinterClothing_Camels_SunRising_Snowman_NoFire.webp,3,1,NoSnow,WinterClothing,Camels,SunRising,Snowman,NoFire,2026-07-27T13:41:45.692Z
6a22a9392a9d3d1a063fbb00,3,NS_WC_Ca_SM_Sa_WF,NoSnow_WinterClothing_Camels_SunMid_Sandcastle_Fire.webp,3,1,NoSnow,WinterClothing,Camels,SunMid,Sandcastle,Fire,2026-07-27T13:42:00.484Z
6a22a9392a9d3d1a063fbb00,4,NS_WC_Pe_SM_Sn_NF,NoSnow_WinterClothing_Penguins_SunMid_Snowman_NoFire.webp,3,5,NoSnow,WinterClothing,Penguins,SunMid,Snowman,NoFire,2026-07-27T13:42:26.660Z
6a22a9392a9d3d1a063fbb00,5,S_SC_Pe_SR_Sa_WF,Snow_SummerClothing_Penguins_SunRising_Sandcastle_Fire.webp,3,2,Snow,SummerClothing,Penguins,SunRising,Sandcastle,Fire,2026-07-27T13:42:49.155Z
6a22a9392a9d3d1a063fbb00,6,NS_SC_Ca_SM_Sn_WF,NoSnow_SummerClothing_Camels_SunMid_Snowman_Fire.webp,3,1,NoSnow,SummerClothing,Camels,SunMid,Snowman,Fire,2026-07-27T13:43:21.109Z
6a22a9392a9d3d1a063fbb00,7,NS_WC_Pe_SR_Sa_WF,NoSnow_WinterClothing_Penguins_SunRising_Sandcastle_Fire.webp,2,6,NoSnow,WinterClothing,Penguins,SunRising,Sandcastle,Fire,2026-07-27T13:43:40.026Z
6a22a9392a9d3d1a063fbb00,8,S_SC_Ca_SM_Sa_WF,Snow_SummerClothing_Camels_SunMid_Sandcastle_Fire.webp,5,1,Snow,SummerClothing,Camels,SunMid,Sandcastle,Fire,2026-07-27T13:43:59.006Z
6a22a9392a9d3d1a063fbb00,9,NS_SC_Ca_SM_Sa_WF,NoSnow_SummerClothing_Camels_SunMid_Sandcastle_Fire.webp,5,1,NoSnow,SummerClothing,Camels,SunMid,Sandcastle,Fire,2026-07-27T13:44:11.290Z
6a22a9392a9d3d1a063fbb00,10,NS_WC_Pe_SM_Sa_WF,NoSnow_WinterClothing_Penguins_SunMid_Sandcastle_Fire.webp,1,6,NoSnow,WinterClothing,Penguins,SunMid,Sandcastle,Fire,2026-07-27T13:44:30.643Z
6a22a9392a9d3d1a063fbb00,11,NS_SC_Pe_SR_Sa_WF,NoSnow_SummerClothing_Penguins_SunRising_Sandcastle_Fire.webp,3,1,NoSnow,SummerClothing,Penguins,SunRising,Sandcastle,Fire,2026-07-27T13:44:50.239Z
6a22a9392a9d3d1a063fbb00,12,NS_WC_Pe_SM_Sn_WF,NoSnow_WinterClothing_Penguins_SunMid_Snowman_Fire.webp,1,7,NoSnow,WinterClothing,Penguins,SunMid,Snowman,Fire,2026-07-27T13:45:09.808Z
6a22a9392a9d3d1a063fbb00,13,NS_SC_Pe_SM_Sn_NF,NoSnow_SummerClothing_Penguins_SunMid_Snowman_NoFire.webp,5,1,NoSnow,SummerClothing,Penguins,SunMid,Snowman,NoFire,2026-07-27T13:45:39.713Z
6a22a9392a9d3d1a063fbb00,14,S_WC_Pe_SR_Sa_NF,Snow_WinterClothing_Penguins_SunRising_Sandcastle_NoFire.webp,1,6,Snow,WinterClothing,Penguins,SunRising,Sandcastle,NoFire,2026-07-27T13:45:56.186Z
6a22a9392a9d3d1a063fbb00,15,S_WC_Pe_SR_Sn_WF,Snow_WinterClothing_Penguins_SunRising_Snowman_Fire.webp,1,6,Snow,WinterClothing,Penguins,SunRising,Snowman,Fire,2026-07-27T13:46:06.292Z
6a22a9392a9d3d1a063fbb00,16,NS_SC_Ca_SM_Sa_NF,NoSnow_SummerClothing_Camels_SunMid_Sandcastle_NoFire.webp,5,2,NoSnow,SummerClothing,Camels,SunMid,Sandcastle,NoFire,2026-07-27T13:46:27.356Z
6a22a9392a9d3d1a063fbb00,17,S_WC_Ca_SR_Sn_WF,Snow_WinterClothing_Camels_SunRising_Snowman_Fire.webp,3,4,Snow,WinterClothing,Camels,SunRising,Snowman,Fire,2026-07-27T13:46:52.787Z
6a22a9392a9d3d1a063fbb00,18,NS_WC_Ca_SM_Sa_NF,NoSnow_WinterClothing_Camels_SunMid_Sandcastle_NoFire.webp,2,5,NoSnow,WinterClothing,Camels,SunMid,Sandcastle,NoFire,2026-07-27T13:47:15.390Z
6a22a9392a9d3d1a063fbb00,19,S_WC_Ca_SM_Sa_NF,Snow_WinterClothing_Camels_SunMid_Sandcastle_NoFire.webp,2,3,Snow,WinterClothing,Camels,SunMid,Sandcastle,NoFire,2026-07-27T13:47:40.763Z
6a22a9392a9d3d1a063fbb00,20,NS_WC_Ca_SM_Sn_WF,NoSnow_WinterClothing_Camels_SunMid_Snowman_Fire.webp,2,1,NoSnow,WinterClothing,Camels,SunMid,Snowman,Fire,2026-07-27T13:48:01.351Z
6a22a9392a9d3d1a063fbb00,21,S_WC_Pe_SM_Sn_NF,Snow_WinterClothing_Penguins_SunMid_Snowman_NoFire.webp,1,6,Snow,WinterClothing,Penguins,SunMid,Snowman,NoFire,2026-07-27T13:48:17.004Z
6a22a9392a9d3d1a063fbb00,22,S_SC_Pe_SM_Sa_NF,Snow_SummerClothing_Penguins_SunMid_Sandcastle_NoFire.webp,6,1,Snow,SummerClothing,Penguins,SunMid,Sandcastle,NoFire,2026-07-27T13:49:45.778Z
6a22a9392a9d3d1a063fbb00,23,NS_SC_Pe_SM_Sn_WF,NoSnow_SummerClothing_Penguins_SunMid_Snowman_Fire.webp,5,1,NoSnow,SummerClothing,Penguins,SunMid,Snowman,Fire,2026-07-27T13:50:09.456Z
6a22a9392a9d3d1a063fbb00,24,S_WC_Pe_SM_Sn_WF,Snow_WinterClothing_Penguins_SunMid_Snowman_Fire.webp,2,5,Snow,WinterClothing,Penguins,SunMid,Snowman,Fire,2026-07-27T13:50:30.793Z
6a22a9392a9d3d1a063fbb00,25,NS_WC_Pe_SR_Sn_WF,NoSnow_WinterClothing_Penguins_SunRising_Snowman_Fire.webp,1,5,NoSnow,WinterClothing,Penguins,SunRising,Snowman,Fire,2026-07-27T13:50:45.657Z
6a22a9392a9d3d1a063fbb00,26,S_WC_Pe_SM_Sa_WF,Snow_WinterClothing_Penguins_SunMid_Sandcastle_Fire.webp,1,6,Snow,WinterClothing,Penguins,SunMid,Sandcastle,Fire,2026-07-27T13:50:52.740Z
6a22a9392a9d3d1a063fbb00,27,NS_SC_Ca_SM_Sn_NF,NoSnow_SummerClothing_Camels_SunMid_Snowman_NoFire.webp,6,1,NoSnow,SummerClothing,Camels,SunMid,Snowman,NoFire,2026-07-27T13:51:09.958Z
6a22a9392a9d3d1a063fbb00,28,NS_SC_Pe_SR_Sa_NF,NoSnow_SummerClothing_Penguins_SunRising_Sandcastle_NoFire.webp,6,1,NoSnow,SummerClothing,Penguins,SunRising,Sandcastle,NoFire,2026-07-27T13:51:23.171Z
6a22a9392a9d3d1a063fbb00,29,NS_SC_Ca_SR_Sa_NF,NoSnow_SummerClothing_Camels_SunRising_Sandcastle_NoFire.webp,6,5,NoSnow,SummerClothing,Camels,SunRising,Sandcastle,NoFire,2026-07-27T13:51:36.369Z
6a22a9392a9d3d1a063fbb00,30,S_WC_Ca_SR_Sa_WF,Snow_WinterClothing_Camels_SunRising_Sandcastle_Fire.webp,1,1,Snow,WinterClothing,Camels,SunRising,Sandcastle,Fire,2026-07-27T13:51:53.554Z
6a22a9392a9d3d1a063fbb00,31,NS_WC_Ca_SR_Sn_WF,NoSnow_WinterClothing_Camels_SunRising_Snowman_Fire.webp,1,2,NoSnow,WinterClothing,Camels,SunRising,Snowman,Fire,2026-07-27T13:52:20.404Z
6a22a9392a9d3d1a063fbb00,32,NS_WC_Pe_SM_Sa_NF,NoSnow_WinterClothing_Penguins_SunMid_Sandcastle_NoFire.webp,2,5,NoSnow,WinterClothing,Penguins,SunMid,Sandcastle,NoFire,2026-07-27T13:52:50.235Z
6a22a9392a9d3d1a063fbb00,33,NS_WC_Ca_SR_Sa_WF,NoSnow_WinterClothing_Camels_SunRising_Sandcastle_Fire.webp,1,1,NoSnow,WinterClothing,Camels,SunRising,Sandcastle,Fire,2026-07-27T13:53:03.184Z
6a22a9392a9d3d1a063fbb00,34,S_SC_Ca_SR_Sn_WF,Snow_SummerClothing_Camels_SunRising_Snowman_Fire.webp,6,1,Snow,SummerClothing,Camels,SunRising,Snowman,Fire,2026-07-27T13:53:25.694Z
6a22a9392a9d3d1a063fbb00,35,S_WC_Ca_SR_Sa_NF,Snow_WinterClothing_Camels_SunRising_Sandcastle_NoFire.webp,1,1,Snow,WinterClothing,Camels,SunRising,Sandcastle,NoFire,2026-07-27T13:53:34.165Z
6a22a9392a9d3d1a063fbb00,36,NS_SC_Pe_SM_Sa_WF,NoSnow_SummerClothing_Penguins_SunMid_Sandcastle_Fire.webp,6,1,NoSnow,SummerClothing,Penguins,SunMid,Sandcastle,Fire,2026-07-27T13:53:53.301Z
6a22a9392a9d3d1a063fbb00,37,NS_SC_Pe_SR_Sn_WF,NoSnow_SummerClothing_Penguins_SunRising_Snowman_Fire.webp,6,1,NoSnow,SummerClothing,Penguins,SunRising,Snowman,Fire,2026-07-27T13:54:15.944Z
6a22a9392a9d3d1a063fbb00,38,NS_SC_Ca_SR_Sa_WF,NoSnow_SummerClothing_Camels_SunRising_Sandcastle_Fire.webp,6,6,NoSnow,SummerClothing,Camels,SunRising,Sandcastle,Fire,2026-07-27T13:54:35.968Z
6a22a9392a9d3d1a063fbb00,39,S_WC_Pe_SR_Sa_WF,Snow_WinterClothing_Penguins_SunRising_Sandcastle_Fire.webp,1,6,Snow,WinterClothing,Penguins,SunRising,Sandcastle,Fire,2026-07-27T13:54:50.063Z
6a22a9392a9d3d1a063fbb00,40,NS_SC_Ca_SR_Sn_NF,NoSnow_SummerClothing_Camels_SunRising_Snowman_NoFire.webp,6,1,NoSnow,SummerClothing,Camels,SunRising,Snowman,NoFire,2026-07-27T13:55:19.536Z
6a22a9392a9d3d1a063fbb00,41,S_WC_Ca_SM_Sn_NF,Snow_WinterClothing_Camels_SunMid_Snowman_NoFire.webp,1,1,Snow,WinterClothing,Camels,SunMid,Snowman,NoFire,2026-07-27T13:55:28.154Z
6a22a9392a9d3d1a063fbb00,42,S_SC_Pe_SR_Sn_NF,Snow_SummerClothing_Penguins_SunRising_Snowman_NoFire.webp,6,1,Snow,SummerClothing,Penguins,SunRising,Snowman,NoFire,2026-07-27T13:55:39.351Z
6a22a9392a9d3d1a063fbb00,43,NS_SC_Pe_SR_Sn_NF,NoSnow_SummerClothing_Penguins_SunRising_Snowman_NoFire.webp,6,1,NoSnow,SummerClothing,Penguins,SunRising,Snowman,NoFire,2026-07-27T13:55:50.903Z
6a22a9392a9d3d1a063fbb00,44,S_SC_Pe_SR_Sa_NF,Snow_SummerClothing_Penguins_SunRising_Sandcastle_NoFire.webp,6,1,Snow,SummerClothing,Penguins,SunRising,Sandcastle,NoFire,2026-07-27T13:56:01.417Z
6a22a9392a9d3d1a063fbb00,45,NS_SC_Pe_SM_Sa_NF,NoSnow_SummerClothing_Penguins_SunMid_Sandcastle_NoFire.webp,6,1,NoSnow,SummerClothing,Penguins,SunMid,Sandcastle,NoFire,2026-07-27T13:56:09.209Z
6a22a9392a9d3d1a063fbb00,46,S_SC_Pe_SM_Sn_WF,Snow_SummerClothing_Penguins_SunMid_Snowman_Fire.webp,1,1,Snow,SummerClothing,Penguins,SunMid,Snowman,Fire,2026-07-27T13:56:17.983Z
6a22a9392a9d3d1a063fbb00,47,S_WC_Ca_SR_Sn_NF,Snow_WinterClothing_Camels_SunRising_Snowman_NoFire.webp,1,1,Snow,WinterClothing,Camels,SunRising,Snowman,NoFire,2026-07-27T13:56:30.714Z
6a22a9392a9d3d1a063fbb00,48,S_WC_Ca_SM_Sa_WF,Snow_WinterClothing_Camels_SunMid_Sandcastle_Fire.webp,1,1,Snow,WinterClothing,Camels,SunMid,Sandcastle,Fire,2026-07-27T13:56:40.164Z
6a22a9392a9d3d1a063fbb00,49,NS_SC_Ca_SR_Sn_WF,NoSnow_SummerClothing_Camels_SunRising_Snowman_Fire.webp,6,1,NoSnow,SummerClothing,Camels,SunRising,Snowman,Fire,2026-07-27T13:57:06.599Z
6a22a9392a9d3d1a063fbb00,50,S_SC_Ca_SM_Sn_WF,Snow_SummerClothing_Camels_SunMid_Snowman_Fire.webp,7,1,Snow,SummerClothing,Camels,SunMid,Snowman,Fire,2026-07-27T13:57:16.553Z
6a22a9392a9d3d1a063fbb00,51,S_SC_Pe_SM_Sa_WF,Snow_SummerClothing_Penguins_SunMid_Sandcastle_Fire.webp,6,1,Snow,SummerClothing,Penguins,SunMid,Sandcastle,Fire,2026-07-27T13:57:24.415Z
6a22a9392a9d3d1a063fbb00,52,S_WC_Pe_SM_Sa_NF,Snow_WinterClothing_Penguins_SunMid_Sandcastle_NoFire.webp,1,6,Snow,WinterClothing,Penguins,SunMid,Sandcastle,NoFire,2026-07-27T13:57:45.874Z
6a22a9392a9d3d1a063fbb00,53,S_SC_Ca_SR_Sa_NF,Snow_SummerClothing_Camels_SunRising_Sandcastle_NoFire.webp,6,1,Snow,SummerClothing,Camels,SunRising,Sandcastle,NoFire,2026-07-27T13:57:53.514Z
6a22a9392a9d3d1a063fbb00,54,S_SC_Ca_SR_Sn_NF,Snow_SummerClothing_Camels_SunRising_Snowman_NoFire.webp,6,1,Snow,SummerClothing,Camels,SunRising,Snowman,NoFire,2026-07-27T13:58:00.829Z
6a22a9392a9d3d1a063fbb00,55,S_SC_Ca_SR_Sa_WF,Snow_SummerClothing_Camels_SunRising_Sandcastle_Fire.webp,6,6,Snow,SummerClothing,Camels,SunRising,Sandcastle,Fire,2026-07-27T13:58:12.251Z
6a22a9392a9d3d1a063fbb00,56,S_SC_Pe_SR_Sn_WF,Snow_SummerClothing_Penguins_SunRising_Snowman_Fire.webp,6,1,Snow,SummerClothing,Penguins,SunRising,Snowman,Fire,2026-07-27T13:58:23.013Z
6a22a9392a9d3d1a063fbb00,57,S_SC_Ca_SM_Sa_NF,Snow_SummerClothing_Camels_SunMid_Sandcastle_NoFire.webp,6,5,Snow,SummerClothing,Camels,SunMid,Sandcastle,NoFire,2026-07-27T13:58:32.334Z
6a22a9392a9d3d1a063fbb00,58,NS_WC_Ca_SM_Sn_NF,NoSnow_WinterClothing_Camels_SunMid_Snowman_NoFire.webp,1,1,NoSnow,WinterClothing,Camels,SunMid,Snowman,NoFire,2026-07-27T13:58:41.106Z
6a22a9392a9d3d1a063fbb00,59,S_WC_Pe_SR_Sn_NF,Snow_WinterClothing_Penguins_SunRising_Snowman_NoFire.webp,1,1,Snow,WinterClothing,Penguins,SunRising,Snowman,NoFire,2026-07-27T13:58:52.488Z
6a22a9392a9d3d1a063fbb00,60,S_SC_Ca_SM_Sn_NF,Snow_SummerClothing_Camels_SunMid_Snowman_NoFire.webp,6,1,Snow,SummerClothing,Camels,SunMid,Snowman,NoFire,2026-07-27T13:59:01.602Z
6a22a9392a9d3d1a063fbb00,61,NS_WC_Pe_SR_Sn_NF,NoSnow_WinterClothing_Penguins_SunRising_Snowman_NoFire.webp,1,5,NoSnow,WinterClothing,Penguins,SunRising,Snowman,NoFire,2026-07-27T13:59:09.646Z
6a22a9392a9d3d1a063fbb00,62,S_WC_Ca_SM_Sn_WF,Snow_WinterClothing_Camels_SunMid_Snowman_Fire.webp,1,1,Snow,WinterClothing,Camels,SunMid,Snowman,Fire,2026-07-27T13:59:17.743Z
6a22a9392a9d3d1a063fbb00,63,S_SC_Pe_SM_Sn_NF,Snow_SummerClothing_Penguins_SunMid_Snowman_NoFire.webp,6,1,Snow,SummerClothing,Penguins,SunMid,Snowman,NoFire,2026-07-27T13:59:31.789Z
63d3ff7455fe68b811ef6b57,0,S_SC_Pe_SM_Sa_WF,Snow_SummerClothing_Penguins_SunMid_Sandcastle_Fire.webp,2,1,Snow,SummerClothing,Penguins,SunMid,Sandcastle,Fire,2026-07-27T13:41:11.276Z
63d3ff7455fe68b811ef6b57,1,NS_WC_Ca_SR_Sa_WF,NoSnow_WinterClothing_Camels_SunRising_Sandcastle_Fire.webp,6,3,NoSnow,WinterClothing,Camels,SunRising,Sandcastle,Fire,2026-07-27T13:41:26.410Z
63d3ff7455fe68b811ef6b57,2,NS_SC_Ca_SM_Sa_NF,NoSnow_SummerClothing_Camels_SunMid_Sandcastle_NoFire.webp,5,6,NoSnow,SummerClothing,Camels,SunMid,Sandcastle,NoFire,2026-07-27T13:41:35.786Z
63d3ff7455fe68b811ef6b57,3,S_SC_Pe_SR_Sn_NF,Snow_SummerClothing_Penguins_SunRising_Snowman_NoFire.webp,1,1,Snow,SummerClothing,Penguins,SunRising,Snowman,NoFire,2026-07-27T13:41:43.228Z
63d3ff7455fe68b811ef6b57,4,NS_SC_Pe_SR_Sn_WF,NoSnow_SummerClothing_Penguins_SunRising_Snowman_Fire.webp,2,1,NoSnow,SummerClothing,Penguins,SunRising,Snowman,Fire,2026-07-27T13:41:53.438Z
63d3ff7455fe68b811ef6b57,5,NS_SC_Pe_SR_Sa_WF,NoSnow_SummerClothing_Penguins_SunRising_Sandcastle_Fire.webp,4,1,NoSnow,SummerClothing,Penguins,SunRising,Sandcastle,Fire,2026-07-27T13:42:08.021Z
63d3ff7455fe68b811ef6b57,6,S_WC_Pe_SR_Sa_NF,Snow_WinterClothing_Penguins_SunRising_Sandcastle_NoFire.webp,2,4,Snow,WinterClothing,Penguins,SunRising,Sandcastle,NoFire,2026-07-27T13:42:15.231Z
63d3ff7455fe68b811ef6b57,7,S_SC_Ca_SM_Sn_NF,Snow_SummerClothing_Camels_SunMid_Snowman_NoFire.webp,1,1,Snow,SummerClothing,Camels,SunMid,Snowman,NoFire,2026-07-27T13:42:22.624Z
63d3ff7455fe68b811ef6b57,8,NS_WC_Pe_SR_Sa_NF,NoSnow_WinterClothing_Penguins_SunRising_Sandcastle_NoFire.webp,4,2,NoSnow,WinterClothing,Penguins,SunRising,Sandcastle,NoFire,2026-07-27T13:42:34.109Z
63d3ff7455fe68b811ef6b57,9,S_WC_Ca_SR_Sa_WF,Snow_WinterClothing_Camels_SunRising_Sandcastle_Fire.webp,3,3,Snow,WinterClothing,Camels,SunRising,Sandcastle,Fire,2026-07-27T13:42:47.704Z
63d3ff7455fe68b811ef6b57,10,S_SC_Ca_SR_Sa_NF,Snow_SummerClothing_Camels_SunRising_Sandcastle_NoFire.webp,1,1,Snow,SummerClothing,Camels,SunRising,Sandcastle,NoFire,2026-07-27T13:42:53.951Z
63d3ff7455fe68b811ef6b57,11,NS_SC_Pe_SM_Sa_WF,NoSnow_SummerClothing_Penguins_SunMid_Sandcastle_Fire.webp,5,1,NoSnow,SummerClothing,Penguins,SunMid,Sandcastle,Fire,2026-07-27T13:43:05.068Z
63d3ff7455fe68b811ef6b57,12,S_SC_Pe_SM_Sn_WF,Snow_SummerClothing_Penguins_SunMid_Snowman_Fire.webp,2,4,Snow,SummerClothing,Penguins,SunMid,Snowman,Fire,2026-07-27T13:43:14.131Z
63d3ff7455fe68b811ef6b57,13,NS_SC_Ca_SM_Sa_WF,NoSnow_SummerClothing_Camels_SunMid_Sandcastle_Fire.webp,4,6,NoSnow,SummerClothing,Camels,SunMid,Sandcastle,Fire,2026-07-27T13:43:24.778Z
63d3ff7455fe68b811ef6b57,14,S_WC_Pe_SM_Sn_WF,Snow_WinterClothing_Penguins_SunMid_Snowman_Fire.webp,3,6,Snow,WinterClothing,Penguins,SunMid,Snowman,Fire,2026-07-27T13:43:32.156Z
63d3ff7455fe68b811ef6b57,15,NS_WC_Pe_SR_Sn_WF,NoSnow_WinterClothing_Penguins_SunRising_Snowman_Fire.webp,5,2,NoSnow,WinterClothing,Penguins,SunRising,Snowman,Fire,2026-07-27T13:43:44.389Z
63d3ff7455fe68b811ef6b57,16,S_SC_Ca_SM_Sa_NF,Snow_SummerClothing_Camels_SunMid_Sandcastle_NoFire.webp,1,2,Snow,SummerClothing,Camels,SunMid,Sandcastle,NoFire,2026-07-27T13:43:52.054Z
63d3ff7455fe68b811ef6b57,17,NS_SC_Pe_SR_Sn_NF,NoSnow_SummerClothing_Penguins_SunRising_Snowman_NoFire.webp,3,2,NoSnow,SummerClothing,Penguins,SunRising,Snowman,NoFire,2026-07-27T13:44:00.516Z
63d3ff7455fe68b811ef6b57,18,S_WC_Pe_SR_Sn_WF,Snow_WinterClothing_Penguins_SunRising_Snowman_Fire.webp,4,6,Snow,WinterClothing,Penguins,SunRising,Snowman,Fire,2026-07-27T13:44:06.808Z
63d3ff7455fe68b811ef6b57,19,S_SC_Ca_SM_Sa_WF,Snow_SummerClothing_Camels_SunMid_Sandcastle_Fire.webp,2,4,Snow,SummerClothing,Camels,SunMid,Sandcastle,Fire,2026-07-27T13:44:28.472Z
63d3ff7455fe68b811ef6b57,20,NS_WC_Pe_SR_Sa_WF,NoSnow_WinterClothing_Penguins_SunRising_Sandcastle_Fire.webp,4,5,NoSnow,WinterClothing,Penguins,SunRising,Sandcastle,Fire,2026-07-27T13:44:41.162Z
63d3ff7455fe68b811ef6b57,21,S_WC_Ca_SM_Sa_WF,Snow_WinterClothing_Camels_SunMid_Sandcastle_Fire.webp,3,3,Snow,WinterClothing,Camels,SunMid,Sandcastle,Fire,2026-07-27T13:44:51.347Z
63d3ff7455fe68b811ef6b57,22,NS_WC_Pe_SM_Sn_NF,NoSnow_WinterClothing_Penguins_SunMid_Snowman_NoFire.webp,5,4,NoSnow,WinterClothing,Penguins,SunMid,Snowman,NoFire,2026-07-27T13:45:00.144Z
63d3ff7455fe68b811ef6b57,23,S_SC_Ca_SR_Sa_WF,Snow_SummerClothing_Camels_SunRising_Sandcastle_Fire.webp,2,2,Snow,SummerClothing,Camels,SunRising,Sandcastle,Fire,2026-07-27T13:45:12.741Z
63d3ff7455fe68b811ef6b57,24,NS_WC_Pe_SM_Sa_NF,NoSnow_WinterClothing_Penguins_SunMid_Sandcastle_NoFire.webp,5,2,NoSnow,WinterClothing,Penguins,SunMid,Sandcastle,NoFire,2026-07-27T13:45:19.729Z
63d3ff7455fe68b811ef6b57,25,S_SC_Ca_SR_Sn_NF,Snow_SummerClothing_Camels_SunRising_Snowman_NoFire.webp,1,1,Snow,SummerClothing,Camels,SunRising,Snowman,NoFire,2026-07-27T13:45:28.266Z
63d3ff7455fe68b811ef6b57,26,S_SC_Pe_SR_Sn_WF,Snow_SummerClothing_Penguins_SunRising_Snowman_Fire.webp,1,1,Snow,SummerClothing,Penguins,SunRising,Snowman,Fire,2026-07-27T13:45:34.466Z
63d3ff7455fe68b811ef6b57,27,NS_SC_Ca_SR_Sa_WF,NoSnow_SummerClothing_Camels_SunRising_Sandcastle_Fire.webp,5,6,NoSnow,SummerClothing,Camels,SunRising,Sandcastle,Fire,2026-07-27T13:45:39.539Z
63d3ff7455fe68b811ef6b57,28,S_WC_Ca_SR_Sn_WF,Snow_WinterClothing_Camels_SunRising_Snowman_Fire.webp,3,3,Snow,WinterClothing,Camels,SunRising,Snowman,Fire,2026-07-27T13:45:50.745Z
63d3ff7455fe68b811ef6b57,29,NS_SC_Pe_SM_Sn_WF,NoSnow_SummerClothing_Penguins_SunMid_Snowman_Fire.webp,3,3,NoSnow,SummerClothing,Penguins,SunMid,Snowman,Fire,2026-07-27T13:45:59.798Z
63d3ff7455fe68b811ef6b57,30,S_WC_Pe_SR_Sn_NF,Snow_WinterClothing_Penguins_SunRising_Snowman_NoFire.webp,4,6,Snow,WinterClothing,Penguins,SunRising,Snowman,NoFire,2026-07-27T13:46:15.375Z
63d3ff7455fe68b811ef6b57,31,NS_SC_Ca_SR_Sn_NF,NoSnow_SummerClothing_Camels_SunRising_Snowman_NoFire.webp,4,5,NoSnow,SummerClothing,Camels,SunRising,Snowman,NoFire,2026-07-27T13:46:20.723Z
63d3ff7455fe68b811ef6b57,32,S_SC_Pe_SM_Sa_NF,Snow_SummerClothing_Penguins_SunMid_Sandcastle_NoFire.webp,1,4,Snow,SummerClothing,Penguins,SunMid,Sandcastle,NoFire,2026-07-27T13:46:27.719Z
63d3ff7455fe68b811ef6b57,33,NS_WC_Pe_SM_Sa_WF,NoSnow_WinterClothing_Penguins_SunMid_Sandcastle_Fire.webp,6,2,NoSnow,WinterClothing,Penguins,SunMid,Sandcastle,Fire,2026-07-27T13:46:41.679Z
63d3ff7455fe68b811ef6b57,34,NS_WC_Ca_SM_Sn_WF,NoSnow_WinterClothing_Camels_SunMid_Snowman_Fire.webp,5,3,NoSnow,WinterClothing,Camels,SunMid,Snowman,Fire,2026-07-27T13:46:50.789Z
63d3ff7455fe68b811ef6b57,35,S_SC_Pe_SR_Sa_NF,Snow_SummerClothing_Penguins_SunRising_Sandcastle_NoFire.webp,1,1,Snow,SummerClothing,Penguins,SunRising,Sandcastle,NoFire,2026-07-27T13:46:56.872Z
63d3ff7455fe68b811ef6b57,36,S_WC_Pe_SR_Sa_WF,Snow_WinterClothing_Penguins_SunRising_Sandcastle_Fire.webp,3,5,Snow,WinterClothing,Penguins,SunRising,Sandcastle,Fire,2026-07-27T13:47:05.702Z
63d3ff7455fe68b811ef6b57,37,NS_WC_Ca_SM_Sa_WF,NoSnow_WinterClothing_Camels_SunMid_Sandcastle_Fire.webp,6,2,NoSnow,WinterClothing,Camels,SunMid,Sandcastle,Fire,2026-07-27T13:47:26.112Z
63d3ff7455fe68b811ef6b57,38,NS_WC_Pe_SM_Sn_WF,NoSnow_WinterClothing_Penguins_SunMid_Snowman_Fire.webp,3,2,NoSnow,WinterClothing,Penguins,SunMid,Snowman,Fire,2026-07-27T13:47:37.368Z
63d3ff7455fe68b811ef6b57,39,NS_WC_Ca_SM_Sn_NF,NoSnow_WinterClothing_Camels_SunMid_Snowman_NoFire.webp,6,3,NoSnow,WinterClothing,Camels,SunMid,Snowman,NoFire,2026-07-27T13:47:45.021Z
63d3ff7455fe68b811ef6b57,40,S_SC_Pe_SM_Sn_NF,Snow_SummerClothing_Penguins_SunMid_Snowman_NoFire.webp,1,1,Snow,SummerClothing,Penguins,SunMid,Snowman,NoFire,2026-07-27T13:47:52.818Z
63d3ff7455fe68b811ef6b57,41,NS_SC_Ca_SM_Sn_WF,NoSnow_SummerClothing_Camels_SunMid_Snowman_Fire.webp,4,3,NoSnow,SummerClothing,Camels,SunMid,Snowman,Fire,2026-07-27T13:48:00.307Z
63d3ff7455fe68b811ef6b57,42,S_WC_Ca_SR_Sa_NF,Snow_WinterClothing_Camels_SunRising_Sandcastle_NoFire.webp,3,3,Snow,WinterClothing,Camels,SunRising,Sandcastle,NoFire,2026-07-27T13:48:06.991Z
63d3ff7455fe68b811ef6b57,43,S_WC_Pe_SM_Sa_NF,Snow_WinterClothing_Penguins_SunMid_Sandcastle_NoFire.webp,3,5,Snow,WinterClothing,Penguins,SunMid,Sandcastle,NoFire,2026-07-27T13:48:12.906Z
63d3ff7455fe68b811ef6b57,44,NS_SC_Ca_SR_Sa_NF,NoSnow_SummerClothing_Camels_SunRising_Sandcastle_NoFire.webp,5,7,NoSnow,SummerClothing,Camels,SunRising,Sandcastle,NoFire,2026-07-27T13:48:17.944Z
63d3ff7455fe68b811ef6b57,45,S_WC_Ca_SR_Sn_NF,Snow_WinterClothing_Camels_SunRising_Snowman_NoFire.webp,3,4,Snow,WinterClothing,Camels,SunRising,Snowman,NoFire,2026-07-27T13:48:25.610Z
63d3ff7455fe68b811ef6b57,46,S_WC_Ca_SM_Sn_NF,Snow_WinterClothing_Camels_SunMid_Snowman_NoFire.webp,3,4,Snow,WinterClothing,Camels,SunMid,Snowman,NoFire,2026-07-27T13:48:31.355Z
63d3ff7455fe68b811ef6b57,47,NS_WC_Ca_SR_Sn_WF,NoSnow_WinterClothing_Camels_SunRising_Snowman_Fire.webp,6,4,NoSnow,WinterClothing,Camels,SunRising,Snowman,Fire,2026-07-27T13:48:37.644Z
63d3ff7455fe68b811ef6b57,48,NS_SC_Ca_SR_Sn_WF,NoSnow_SummerClothing_Camels_SunRising_Snowman_Fire.webp,4,3,NoSnow,SummerClothing,Camels,SunRising,Snowman,Fire,2026-07-27T13:48:43.001Z
63d3ff7455fe68b811ef6b57,49,NS_SC_Ca_SM_Sn_NF,NoSnow_SummerClothing_Camels_SunMid_Snowman_NoFire.webp,4,3,NoSnow,SummerClothing,Camels,SunMid,Snowman,NoFire,2026-07-27T13:49:09.903Z
63d3ff7455fe68b811ef6b57,50,S_SC_Pe_SR_Sa_WF,Snow_SummerClothing_Penguins_SunRising_Sandcastle_Fire.webp,1,1,Snow,SummerClothing,Penguins,SunRising,Sandcastle,Fire,2026-07-27T13:49:15.721Z
63d3ff7455fe68b811ef6b57,51,NS_WC_Pe_SR_Sn_NF,NoSnow_WinterClothing_Penguins_SunRising_Snowman_NoFire.webp,6,3,NoSnow,WinterClothing,Penguins,SunRising,Snowman,NoFire,2026-07-27T13:49:22.146Z
63d3ff7455fe68b811ef6b57,52,S_WC_Pe_SM_Sa_WF,Snow_WinterClothing_Penguins_SunMid_Sandcastle_Fire.webp,3,5,Snow,WinterClothing,Penguins,SunMid,Sandcastle,Fire,2026-07-27T13:49:35.244Z
63d3ff7455fe68b811ef6b57,53,NS_WC_Ca_SM_Sa_NF,NoSnow_WinterClothing_Camels_SunMid_Sandcastle_NoFire.webp,6,5,NoSnow,WinterClothing,Camels,SunMid,Sandcastle,NoFire,2026-07-27T13:49:40.640Z
63d3ff7455fe68b811ef6b57,54,S_SC_Ca_SR_Sn_WF,Snow_SummerClothing_Camels_SunRising_Snowman_Fire.webp,1,3,Snow,SummerClothing,Camels,SunRising,Snowman,Fire,2026-07-27T13:49:50.523Z
63d3ff7455fe68b811ef6b57,55,S_SC_Ca_SM_Sn_WF,Snow_SummerClothing_Camels_SunMid_Snowman_Fire.webp,1,3,Snow,SummerClothing,Camels,SunMid,Snowman,Fire,2026-07-27T13:49:56.115Z
63d3ff7455fe68b811ef6b57,56,NS_SC_Pe_SM_Sa_NF,NoSnow_SummerClothing_Penguins_SunMid_Sandcastle_NoFire.webp,5,3,NoSnow,SummerClothing,Penguins,SunMid,Sandcastle,NoFire,2026-07-27T13:50:01.342Z
63d3ff7455fe68b811ef6b57,57,S_WC_Ca_SM_Sa_NF,Snow_WinterClothing_Camels_SunMid_Sandcastle_NoFire.webp,3,3,Snow,WinterClothing,Camels,SunMid,Sandcastle,NoFire,2026-07-27T13:50:06.546Z
63d3ff7455fe68b811ef6b57,58,NS_SC_Pe_SR_Sa_NF,NoSnow_SummerClothing_Penguins_SunRising_Sandcastle_NoFire.webp,5,4,NoSnow,SummerClothing,Penguins,SunRising,Sandcastle,NoFire,2026-07-27T13:50:11.525Z
63d3ff7455fe68b811ef6b57,59,NS_WC_Ca_SR_Sa_NF,NoSnow_WinterClothing_Camels_SunRising_Sandcastle_NoFire.webp,6,4,NoSnow,WinterClothing,Camels,SunRising,Sandcastle,NoFire,2026-07-27T13:50:16.750Z
63d3ff7455fe68b811ef6b57,60,NS_WC_Ca_SR_Sn_NF,NoSnow_WinterClothing_Camels_SunRising_Snowman_NoFire.webp,6,4,NoSnow,WinterClothing,Camels,SunRising,Snowman,NoFire,2026-07-27T13:50:21.736Z
63d3ff7455fe68b811ef6b57,61,S_WC_Pe_SM_Sn_NF,Snow_WinterClothing_Penguins_SunMid_Snowman_NoFire.webp,3,7,Snow,WinterClothing,Penguins,SunMid,Snowman,NoFire,2026-07-27T13:50:27.666Z
63d3ff7455fe68b811ef6b57,62,NS_SC_Pe_SM_Sn_NF,NoSnow_SummerClothing_Penguins_SunMid_Snowman_NoFire.webp,4,2,NoSnow,SummerClothing,Penguins,SunMid,Snowman,NoFire,2026-07-27T13:50:33.390Z
63d3ff7455fe68b811ef6b57,63,S_WC_Ca_SM_Sn_WF,Snow_WinterClothing_Camels_SunMid_Snowman_Fire.webp,3,3,Snow,WinterClothing,Camels,SunMid,Snowman,Fire,2026-07-27T13:50:39.998Z
69f0bd80162888b7965b7eec,0,NS_WC_Ca_SM_Sn_WF,NoSnow_WinterClothing_Camels_SunMid_Snowman_Fire.webp,4,1,NoSnow,WinterClothing,Camels,SunMid,Snowman,Fire,2026-07-27T13:43:06.663Z
69f0bd80162888b7965b7eec,1,NS_WC_Pe_SM_Sa_NF,NoSnow_WinterClothing_Penguins_SunMid_Sandcastle_NoFire.webp,4,2,NoSnow,WinterClothing,Penguins,SunMid,Sandcastle,NoFire,2026-07-27T13:43:16.174Z
69f0bd80162888b7965b7eec,2,S_WC_Pe_SR_Sa_WF,Snow_WinterClothing_Penguins_SunRising_Sandcastle_Fire.webp,2,3,Snow,WinterClothing,Penguins,SunRising,Sandcastle,Fire,2026-07-27T13:43:28.902Z
69f0bd80162888b7965b7eec,3,NS_WC_Pe_SR_Sn_NF,NoSnow_WinterClothing_Penguins_SunRising_Snowman_NoFire.webp,2,3,NoSnow,WinterClothing,Penguins,SunRising,Snowman,NoFire,2026-07-27T13:43:35.711Z
69f0bd80162888b7965b7eec,4,S_SC_Ca_SM_Sn_NF,Snow_SummerClothing_Camels_SunMid_Snowman_NoFire.webp,4,1,Snow,SummerClothing,Camels,SunMid,Snowman,NoFire,2026-07-27T13:43:43.327Z
69f0bd80162888b7965b7eec,5,S_SC_Pe_SM_Sa_WF,Snow_SummerClothing_Penguins_SunMid_Sandcastle_Fire.webp,5,2,Snow,SummerClothing,Penguins,SunMid,Sandcastle,Fire,2026-07-27T13:43:53.518Z
69f0bd80162888b7965b7eec,6,S_SC_Ca_SR_Sn_WF,Snow_SummerClothing_Camels_SunRising_Snowman_Fire.webp,5,2,Snow,SummerClothing,Camels,SunRising,Snowman,Fire,2026-07-27T13:44:00.127Z
69f0bd80162888b7965b7eec,7,S_WC_Ca_SR_Sn_NF,Snow_WinterClothing_Camels_SunRising_Snowman_NoFire.webp,4,3,Snow,WinterClothing,Camels,SunRising,Snowman,NoFire,2026-07-27T13:44:06.398Z
69f0bd80162888b7965b7eec,8,S_WC_Pe_SM_Sa_WF,Snow_WinterClothing_Penguins_SunMid_Sandcastle_Fire.webp,4,2,Snow,WinterClothing,Penguins,SunMid,Sandcastle,Fire,2026-07-27T13:44:12.727Z
69f0bd80162888b7965b7eec,9,S_WC_Pe_SR_Sa_NF,Snow_WinterClothing_Penguins_SunRising_Sandcastle_NoFire.webp,4,3,Snow,WinterClothing,Penguins,SunRising,Sandcastle,NoFire,2026-07-27T13:44:18.279Z
69f0bd80162888b7965b7eec,10,NS_SC_Ca_SR_Sn_WF,NoSnow_SummerClothing_Camels_SunRising_Snowman_Fire.webp,6,2,NoSnow,SummerClothing,Camels,SunRising,Snowman,Fire,2026-07-27T13:44:27.182Z
69f0bd80162888b7965b7eec,11,S_SC_Pe_SM_Sn_WF,Snow_SummerClothing_Penguins_SunMid_Snowman_Fire.webp,5,2,Snow,SummerClothing,Penguins,SunMid,Snowman,Fire,2026-07-27T13:44:33.271Z
69f0bd80162888b7965b7eec,12,NS_SC_Pe_SR_Sn_NF,NoSnow_SummerClothing_Penguins_SunRising_Snowman_NoFire.webp,6,2,NoSnow,SummerClothing,Penguins,SunRising,Snowman,NoFire,2026-07-27T13:44:42.087Z
69f0bd80162888b7965b7eec,13,NS_WC_Ca_SR_Sn_WF,NoSnow_WinterClothing_Camels_SunRising_Snowman_Fire.webp,6,2,NoSnow,WinterClothing,Camels,SunRising,Snowman,Fire,2026-07-27T13:44:48.462Z
69f0bd80162888b7965b7eec,14,S_WC_Ca_SR_Sa_NF,Snow_WinterClothing_Camels_SunRising_Sandcastle_NoFire.webp,3,3,Snow,WinterClothing,Camels,SunRising,Sandcastle,NoFire,2026-07-27T13:44:56.095Z
69f0bd80162888b7965b7eec,15,S_SC_Pe_SR_Sn_WF,Snow_SummerClothing_Penguins_SunRising_Snowman_Fire.webp,6,2,Snow,SummerClothing,Penguins,SunRising,Snowman,Fire,2026-07-27T13:45:02.247Z
69f0bd80162888b7965b7eec,16,S_WC_Pe_SM_Sn_NF,Snow_WinterClothing_Penguins_SunMid_Snowman_NoFire.webp,4,3,Snow,WinterClothing,Penguins,SunMid,Snowman,NoFire,2026-07-27T13:45:10.271Z
69f0bd80162888b7965b7eec,17,NS_WC_Ca_SM_Sn_NF,NoSnow_WinterClothing_Camels_SunMid_Snowman_NoFire.webp,4,3,NoSnow,WinterClothing,Camels,SunMid,Snowman,NoFire,2026-07-27T13:45:16.743Z
69f0bd80162888b7965b7eec,18,S_SC_Pe_SM_Sa_NF,Snow_SummerClothing_Penguins_SunMid_Sandcastle_NoFire.webp,5,2,Snow,SummerClothing,Penguins,SunMid,Sandcastle,NoFire,2026-07-27T13:45:22.839Z
69f0bd80162888b7965b7eec,19,S_SC_Pe_SR_Sa_WF,Snow_SummerClothing_Penguins_SunRising_Sandcastle_Fire.webp,6,3,Snow,SummerClothing,Penguins,SunRising,Sandcastle,Fire,2026-07-27T13:45:29.591Z
69f0bd80162888b7965b7eec,20,NS_WC_Ca_SM_Sa_NF,NoSnow_WinterClothing_Camels_SunMid_Sandcastle_NoFire.webp,4,5,NoSnow,WinterClothing,Camels,SunMid,Sandcastle,NoFire,2026-07-27T13:45:40.551Z
69f0bd80162888b7965b7eec,21,S_WC_Pe_SM_Sn_WF,Snow_WinterClothing_Penguins_SunMid_Snowman_Fire.webp,3,3,Snow,WinterClothing,Penguins,SunMid,Snowman,Fire,2026-07-27T13:45:47.886Z
69f0bd80162888b7965b7eec,22,NS_SC_Ca_SM_Sa_WF,NoSnow_SummerClothing_Camels_SunMid_Sandcastle_Fire.webp,7,6,NoSnow,SummerClothing,Camels,SunMid,Sandcastle,Fire,2026-07-27T13:45:57.695Z
69f0bd80162888b7965b7eec,23,S_WC_Ca_SM_Sn_WF,Snow_WinterClothing_Camels_SunMid_Snowman_Fire.webp,4,4,Snow,WinterClothing,Camels,SunMid,Snowman,Fire,2026-07-27T13:46:06.103Z
69f0bd80162888b7965b7eec,24,NS_SC_Ca_SR_Sa_NF,NoSnow_SummerClothing_Camels_SunRising_Sandcastle_NoFire.webp,6,6,NoSnow,SummerClothing,Camels,SunRising,Sandcastle,NoFire,2026-07-27T13:46:13.071Z
69f0bd80162888b7965b7eec,25,NS_SC_Pe_SM_Sn_NF,NoSnow_SummerClothing_Penguins_SunMid_Snowman_NoFire.webp,5,2,NoSnow,SummerClothing,Penguins,SunMid,Snowman,NoFire,2026-07-27T13:46:19.639Z
69f0bd80162888b7965b7eec,26,S_WC_Ca_SR_Sa_WF,Snow_WinterClothing_Camels_SunRising_Sandcastle_Fire.webp,6,6,Snow,WinterClothing,Camels,SunRising,Sandcastle,Fire,2026-07-27T13:46:26.231Z
69f0bd80162888b7965b7eec,27,S_SC_Ca_SR_Sa_WF,Snow_SummerClothing_Camels_SunRising_Sandcastle_Fire.webp,6,6,Snow,SummerClothing,Camels,SunRising,Sandcastle,Fire,2026-07-27T13:46:32.567Z
69f0bd80162888b7965b7eec,28,NS_SC_Ca_SR_Sn_NF,NoSnow_SummerClothing_Camels_SunRising_Snowman_NoFire.webp,5,2,NoSnow,SummerClothing,Camels,SunRising,Snowman,NoFire,2026-07-27T13:46:40.439Z
69f0bd80162888b7965b7eec,29,NS_WC_Pe_SR_Sn_WF,NoSnow_WinterClothing_Penguins_SunRising_Snowman_Fire.webp,4,3,NoSnow,WinterClothing,Penguins,SunRising,Snowman,Fire,2026-07-27T13:46:51.183Z
69f0bd80162888b7965b7eec,30,S_WC_Pe_SR_Sn_WF,Snow_WinterClothing_Penguins_SunRising_Snowman_Fire.webp,4,3,Snow,WinterClothing,Penguins,SunRising,Snowman,Fire,2026-07-27T13:46:57.634Z
69f0bd80162888b7965b7eec,31,NS_WC_Ca_SR_Sa_WF,NoSnow_WinterClothing_Camels_SunRising_Sandcastle_Fire.webp,6,6,NoSnow,WinterClothing,Camels,SunRising,Sandcastle,Fire,2026-07-27T13:47:03.407Z
69f0bd80162888b7965b7eec,32,NS_WC_Ca_SR_Sa_NF,NoSnow_WinterClothing_Camels_SunRising_Sandcastle_NoFire.webp,6,6,NoSnow,WinterClothing,Camels,SunRising,Sandcastle,NoFire,2026-07-27T13:47:08.847Z
69f0bd80162888b7965b7eec,33,NS_SC_Ca_SM_Sn_NF,NoSnow_SummerClothing_Camels_SunMid_Snowman_NoFire.webp,6,2,NoSnow,SummerClothing,Camels,SunMid,Snowman,NoFire,2026-07-27T13:47:31.503Z
69f0bd80162888b7965b7eec,34,NS_WC_Pe_SR_Sa_NF,NoSnow_WinterClothing_Penguins_SunRising_Sandcastle_NoFire.webp,5,3,NoSnow,WinterClothing,Penguins,SunRising,Sandcastle,NoFire,2026-07-27T13:47:37.319Z
69f0bd80162888b7965b7eec,35,S_SC_Pe_SR_Sn_NF,Snow_SummerClothing_Penguins_SunRising_Snowman_NoFire.webp,5,2,Snow,SummerClothing,Penguins,SunRising,Snowman,NoFire,2026-07-27T13:47:45.527Z
69f0bd80162888b7965b7eec,36,S_SC_Ca_SM_Sn_WF,Snow_SummerClothing_Camels_SunMid_Snowman_Fire.webp,6,2,Snow,SummerClothing,Camels,SunMid,Snowman,Fire,2026-07-27T13:47:53.519Z
69f0bd80162888b7965b7eec,37,NS_WC_Pe_SR_Sa_WF,NoSnow_WinterClothing_Penguins_SunRising_Sandcastle_Fire.webp,4,3,NoSnow,WinterClothing,Penguins,SunRising,Sandcastle,Fire,2026-07-27T13:47:58.798Z
69f0bd80162888b7965b7eec,38,NS_WC_Pe_SM_Sa_WF,NoSnow_WinterClothing_Penguins_SunMid_Sandcastle_Fire.webp,6,2,NoSnow,WinterClothing,Penguins,SunMid,Sandcastle,Fire,2026-07-27T13:48:04.807Z
69f0bd80162888b7965b7eec,39,S_WC_Ca_SR_Sn_WF,Snow_WinterClothing_Camels_SunRising_Snowman_Fire.webp,6,2,Snow,WinterClothing,Camels,SunRising,Snowman,Fire,2026-07-27T13:48:12.719Z
69f0bd80162888b7965b7eec,40,NS_WC_Pe_SM_Sn_NF,NoSnow_WinterClothing_Penguins_SunMid_Snowman_NoFire.webp,6,3,NoSnow,WinterClothing,Penguins,SunMid,Snowman,NoFire,2026-07-27T13:48:19.759Z
69f0bd80162888b7965b7eec,41,S_WC_Pe_SM_Sa_NF,Snow_WinterClothing_Penguins_SunMid_Sandcastle_NoFire.webp,4,4,Snow,WinterClothing,Penguins,SunMid,Sandcastle,NoFire,2026-07-27T13:48:25.159Z
69f0bd80162888b7965b7eec,42,NS_SC_Pe_SR_Sa_NF,NoSnow_SummerClothing_Penguins_SunRising_Sandcastle_NoFire.webp,5,2,NoSnow,SummerClothing,Penguins,SunRising,Sandcastle,NoFire,2026-07-27T13:48:31.415Z
69f0bd80162888b7965b7eec,43,S_WC_Ca_SM_Sa_WF,Snow_WinterClothing_Camels_SunMid_Sandcastle_Fire.webp,7,6,Snow,WinterClothing,Camels,SunMid,Sandcastle,Fire,2026-07-27T13:48:37.407Z
69f0bd80162888b7965b7eec,44,S_SC_Pe_SM_Sn_NF,Snow_SummerClothing_Penguins_SunMid_Snowman_NoFire.webp,5,3,Snow,SummerClothing,Penguins,SunMid,Snowman,NoFire,2026-07-27T13:48:43.175Z
69f0bd80162888b7965b7eec,45,S_SC_Ca_SR_Sn_NF,Snow_SummerClothing_Camels_SunRising_Snowman_NoFire.webp,2,3,Snow,SummerClothing,Camels,SunRising,Snowman,NoFire,2026-07-27T13:48:53.927Z
69f0bd80162888b7965b7eec,46,NS_SC_Pe_SM_Sn_WF,NoSnow_SummerClothing_Penguins_SunMid_Snowman_Fire.webp,5,3,NoSnow,SummerClothing,Penguins,SunMid,Snowman,Fire,2026-07-27T13:48:59.543Z
69f0bd80162888b7965b7eec,47,S_SC_Ca_SM_Sa_WF,Snow_SummerClothing_Camels_SunMid_Sandcastle_Fire.webp,7,6,Snow,SummerClothing,Camels,SunMid,Sandcastle,Fire,2026-07-27T13:49:05.239Z
69f0bd80162888b7965b7eec,48,NS_WC_Pe_SM_Sn_WF,NoSnow_WinterClothing_Penguins_SunMid_Snowman_Fire.webp,4,4,NoSnow,WinterClothing,Penguins,SunMid,Snowman,Fire,2026-07-27T13:49:11.383Z
69f0bd80162888b7965b7eec,49,NS_SC_Pe_SR_Sa_WF,NoSnow_SummerClothing_Penguins_SunRising_Sandcastle_Fire.webp,5,3,NoSnow,SummerClothing,Penguins,SunRising,Sandcastle,Fire,2026-07-27T13:49:17.255Z
69f0bd80162888b7965b7eec,50,NS_SC_Pe_SM_Sa_WF,NoSnow_SummerClothing_Penguins_SunMid_Sandcastle_Fire.webp,6,2,NoSnow,SummerClothing,Penguins,SunMid,Sandcastle,Fire,2026-07-27T13:49:23.671Z
69f0bd80162888b7965b7eec,51,NS_WC_Ca_SM_Sa_WF,NoSnow_WinterClothing_Camels_SunMid_Sandcastle_Fire.webp,7,6,NoSnow,WinterClothing,Camels,SunMid,Sandcastle,Fire,2026-07-27T13:49:28.759Z
69f0bd80162888b7965b7eec,52,S_WC_Pe_SR_Sn_NF,Snow_WinterClothing_Penguins_SunRising_Snowman_NoFire.webp,1,6,Snow,WinterClothing,Penguins,SunRising,Snowman,NoFire,2026-07-27T13:49:38.399Z
69f0bd80162888b7965b7eec,53,NS_WC_Ca_SR_Sn_NF,NoSnow_WinterClothing_Camels_SunRising_Snowman_NoFire.webp,3,3,NoSnow,WinterClothing,Camels,SunRising,Snowman,NoFire,2026-07-27T13:49:44.103Z
69f0bd80162888b7965b7eec,54,S_SC_Pe_SR_Sa_NF,Snow_SummerClothing_Penguins_SunRising_Sandcastle_NoFire.webp,5,2,Snow,SummerClothing,Penguins,SunRising,Sandcastle,NoFire,2026-07-27T13:49:49.559Z
69f0bd80162888b7965b7eec,55,NS_SC_Pe_SM_Sa_NF,NoSnow_SummerClothing_Penguins_SunMid_Sandcastle_NoFire.webp,5,2,NoSnow,SummerClothing,Penguins,SunMid,Sandcastle,NoFire,2026-07-27T13:49:55.319Z
69f0bd80162888b7965b7eec,56,S_SC_Ca_SM_Sa_NF,Snow_SummerClothing_Camels_SunMid_Sandcastle_NoFire.webp,6,6,Snow,SummerClothing,Camels,SunMid,Sandcastle,NoFire,2026-07-27T13:50:02.191Z
69f0bd80162888b7965b7eec,57,NS_SC_Pe_SR_Sn_WF,NoSnow_SummerClothing_Penguins_SunRising_Snowman_Fire.webp,6,2,NoSnow,SummerClothing,Penguins,SunRising,Snowman,Fire,2026-07-27T13:50:08.143Z
69f0bd80162888b7965b7eec,58,NS_SC_Ca_SM_Sa_NF,NoSnow_SummerClothing_Camels_SunMid_Sandcastle_NoFire.webp,6,6,NoSnow,SummerClothing,Camels,SunMid,Sandcastle,NoFire,2026-07-27T13:50:17.383Z
69f0bd80162888b7965b7eec,59,S_SC_Ca_SR_Sa_NF,Snow_SummerClothing_Camels_SunRising_Sandcastle_NoFire.webp,5,5,Snow,SummerClothing,Camels,SunRising,Sandcastle,NoFire,2026-07-27T13:50:23.327Z
69f0bd80162888b7965b7eec,60,NS_SC_Ca_SM_Sn_WF,NoSnow_SummerClothing_Camels_SunMid_Snowman_Fire.webp,5,3,NoSnow,SummerClothing,Camels,SunMid,Snowman,Fire,2026-07-27T13:50:29.071Z
69f0bd80162888b7965b7eec,61,S_WC_Ca_SM_Sa_NF,Snow_WinterClothing_Camels_SunMid_Sandcastle_NoFire.webp,6,5,Snow,WinterClothing,Camels,SunMid,Sandcastle,NoFire,2026-07-27T13:50:34.327Z
69f0bd80162888b7965b7eec,62,NS_SC_Ca_SR_Sa_WF,NoSnow_SummerClothing_Camels_SunRising_Sandcastle_Fire.webp,5,4,NoSnow,SummerClothing,Camels,SunRising,Sandcastle,Fire,2026-07-27T13:50:39.887Z
69f0bd80162888b7965b7eec,63,S_WC_Ca_SM_Sn_NF,Snow_WinterClothing_Camels_SunMid_Snowman_NoFire.webp,4,4,Snow,WinterClothing,Camels,SunMid,Snowman,NoFire,2026-07-27T13:50:45.215Z
57509aade19ee9000680df04,0,S_SC_Ca_SM_Sa_WF,Snow_SummerClothing_Camels_SunMid_Sandcastle_Fire.webp,7,3,Snow,SummerClothing,Camels,SunMid,Sandcastle,Fire,2026-07-27T13:42:51.251Z
57509aade19ee9000680df04,1,S_WC_Ca_SM_Sa_NF,Snow_WinterClothing_Camels_SunMid_Sandcastle_NoFire.webp,7,1,Snow,WinterClothing,Camels,SunMid,Sandcastle,NoFire,2026-07-27T13:43:08.319Z
57509aade19ee9000680df04,2,S_SC_Pe_SR_Sn_NF,Snow_SummerClothing_Penguins_SunRising_Snowman_NoFire.webp,6,1,Snow,SummerClothing,Penguins,SunRising,Snowman,NoFire,2026-07-27T13:43:18.295Z
57509aade19ee9000680df04,3,NS_WC_Ca_SR_Sn_NF,NoSnow_WinterClothing_Camels_SunRising_Snowman_NoFire.webp,6,1,NoSnow,WinterClothing,Camels,SunRising,Snowman,NoFire,2026-07-27T13:43:27.171Z
57509aade19ee9000680df04,4,S_WC_Pe_SR_Sn_WF,Snow_WinterClothing_Penguins_SunRising_Snowman_Fire.webp,7,1,Snow,WinterClothing,Penguins,SunRising,Snowman,Fire,2026-07-27T13:43:36.083Z
57509aade19ee9000680df04,5,S_WC_Ca_SM_Sn_WF,Snow_WinterClothing_Camels_SunMid_Snowman_Fire.webp,7,1,Snow,WinterClothing,Camels,SunMid,Snowman,Fire,2026-07-27T13:43:43.528Z
57509aade19ee9000680df04,6,NS_WC_Ca_SR_Sn_WF,NoSnow_WinterClothing_Camels_SunRising_Snowman_Fire.webp,7,1,NoSnow,WinterClothing,Camels,SunRising,Snowman,Fire,2026-07-27T13:43:51.300Z
57509aade19ee9000680df04,7,S_SC_Ca_SR_Sa_NF,Snow_SummerClothing_Camels_SunRising_Sandcastle_NoFire.webp,7,2,Snow,SummerClothing,Camels,SunRising,Sandcastle,NoFire,2026-07-27T13:44:00.792Z
57509aade19ee9000680df04,8,NS_SC_Pe_SM_Sa_NF,NoSnow_SummerClothing_Penguins_SunMid_Sandcastle_NoFire.webp,7,1,NoSnow,SummerClothing,Penguins,SunMid,Sandcastle,NoFire,2026-07-27T13:44:07.690Z
57509aade19ee9000680df04,9,S_SC_Ca_SM_Sn_NF,Snow_SummerClothing_Camels_SunMid_Snowman_NoFire.webp,7,1,Snow,SummerClothing,Camels,SunMid,Snowman,NoFire,2026-07-27T13:44:15.319Z
57509aade19ee9000680df04,10,S_WC_Ca_SR_Sn_NF,Snow_WinterClothing_Camels_SunRising_Snowman_NoFire.webp,7,1,Snow,WinterClothing,Camels,SunRising,Snowman,NoFire,2026-07-27T13:44:23.175Z
57509aade19ee9000680df04,11,NS_WC_Pe_SM_Sn_WF,NoSnow_WinterClothing_Penguins_SunMid_Snowman_Fire.webp,7,1,NoSnow,WinterClothing,Penguins,SunMid,Snowman,Fire,2026-07-27T13:44:30.572Z
57509aade19ee9000680df04,12,S_WC_Ca_SR_Sa_WF,Snow_WinterClothing_Camels_SunRising_Sandcastle_Fire.webp,7,1,Snow,WinterClothing,Camels,SunRising,Sandcastle,Fire,2026-07-27T13:44:39.547Z
57509aade19ee9000680df04,13,NS_WC_Ca_SM_Sn_WF,NoSnow_WinterClothing_Camels_SunMid_Snowman_Fire.webp,7,1,NoSnow,WinterClothing,Camels,SunMid,Snowman,Fire,2026-07-27T13:44:46.576Z
57509aade19ee9000680df04,14,NS_WC_Ca_SM_Sa_WF,NoSnow_WinterClothing_Camels_SunMid_Sandcastle_Fire.webp,7,1,NoSnow,WinterClothing,Camels,SunMid,Sandcastle,Fire,2026-07-27T13:44:53.484Z
57509aade19ee9000680df04,15,NS_SC_Pe_SM_Sn_NF,NoSnow_SummerClothing_Penguins_SunMid_Snowman_NoFire.webp,7,1,NoSnow,SummerClothing,Penguins,SunMid,Snowman,NoFire,2026-07-27T13:45:09.626Z
57509aade19ee9000680df04,16,S_WC_Ca_SM_Sa_WF,Snow_WinterClothing_Camels_SunMid_Sandcastle_Fire.webp,7,1,Snow,WinterClothing,Camels,SunMid,Sandcastle,Fire,2026-07-27T13:45:16.760Z
57509aade19ee9000680df04,17,S_WC_Ca_SR_Sn_WF,Snow_WinterClothing_Camels_SunRising_Snowman_Fire.webp,7,1,Snow,WinterClothing,Camels,SunRising,Snowman,Fire,2026-07-27T13:50:10.393Z
57509aade19ee9000680df04,18,NS_SC_Ca_SR_Sn_NF,NoSnow_SummerClothing_Camels_SunRising_Snowman_NoFire.webp,7,1,NoSnow,SummerClothing,Camels,SunRising,Snowman,NoFire,2026-07-27T13:50:17.159Z
57509aade19ee9000680df04,19,NS_WC_Pe_SR_Sa_NF,NoSnow_WinterClothing_Penguins_SunRising_Sandcastle_NoFire.webp,7,1,NoSnow,WinterClothing,Penguins,SunRising,Sandcastle,NoFire,2026-07-27T13:50:23.487Z
57509aade19ee9000680df04,20,S_SC_Ca_SR_Sn_NF,Snow_SummerClothing_Camels_SunRising_Snowman_NoFire.webp,7,1,Snow,SummerClothing,Camels,SunRising,Snowman,NoFire,2026-07-27T13:50:30.285Z
57509aade19ee9000680df04,21,S_SC_Pe_SR_Sa_WF,Snow_SummerClothing_Penguins_SunRising_Sandcastle_Fire.webp,7,1,Snow,SummerClothing,Penguins,SunRising,Sandcastle,Fire,2026-07-27T13:50:40.425Z
57509aade19ee9000680df04,22,S_WC_Pe_SM_Sa_NF,Snow_WinterClothing_Penguins_SunMid_Sandcastle_NoFire.webp,7,1,Snow,WinterClothing,Penguins,SunMid,Sandcastle,NoFire,2026-07-27T13:50:47.030Z
57509aade19ee9000680df04,23,NS_SC_Pe_SR_Sn_NF,NoSnow_SummerClothing_Penguins_SunRising_Snowman_NoFire.webp,7,1,NoSnow,SummerClothing,Penguins,SunRising,Snowman,NoFire,2026-07-27T13:50:53.789Z
57509aade19ee9000680df04,24,S_SC_Pe_SR_Sn_WF,Snow_SummerClothing_Penguins_SunRising_Snowman_Fire.webp,7,1,Snow,SummerClothing,Penguins,SunRising,Snowman,Fire,2026-07-27T13:51:00.315Z
57509aade19ee9000680df04,25,NS_WC_Ca_SM_Sn_NF,NoSnow_WinterClothing_Camels_SunMid_Snowman_NoFire.webp,7,1,NoSnow,WinterClothing,Camels,SunMid,Snowman,NoFire,2026-07-27T13:51:06.781Z
57509aade19ee9000680df04,26,NS_SC_Pe_SR_Sa_WF,NoSnow_SummerClothing_Penguins_SunRising_Sandcastle_Fire.webp,7,1,NoSnow,SummerClothing,Penguins,SunRising,Sandcastle,Fire,2026-07-27T13:51:13.371Z
57509aade19ee9000680df04,27,NS_WC_Ca_SM_Sa_NF,NoSnow_WinterClothing_Camels_SunMid_Sandcastle_NoFire.webp,7,1,NoSnow,WinterClothing,Camels,SunMid,Sandcastle,NoFire,2026-07-27T13:51:20.330Z
57509aade19ee9000680df04,28,S_SC_Pe_SM_Sa_NF,Snow_SummerClothing_Penguins_SunMid_Sandcastle_NoFire.webp,7,1,Snow,SummerClothing,Penguins,SunMid,Sandcastle,NoFire,2026-07-27T13:51:28.154Z
57509aade19ee9000680df04,29,NS_WC_Pe_SR_Sa_WF,NoSnow_WinterClothing_Penguins_SunRising_Sandcastle_Fire.webp,7,1,NoSnow,WinterClothing,Penguins,SunRising,Sandcastle,Fire,2026-07-27T13:51:34.907Z
57509aade19ee9000680df04,30,S_SC_Pe_SR_Sa_NF,Snow_SummerClothing_Penguins_SunRising_Sandcastle_NoFire.webp,7,1,Snow,SummerClothing,Penguins,SunRising,Sandcastle,NoFire,2026-07-27T13:51:46.541Z
57509aade19ee9000680df04,31,NS_SC_Ca_SM_Sn_WF,NoSnow_SummerClothing_Camels_SunMid_Snowman_Fire.webp,7,1,NoSnow,SummerClothing,Camels,SunMid,Snowman,Fire,2026-07-27T13:51:53.727Z
57509aade19ee9000680df04,32,S_WC_Pe_SM_Sn_NF,Snow_WinterClothing_Penguins_SunMid_Snowman_NoFire.webp,7,1,Snow,WinterClothing,Penguins,SunMid,Snowman,NoFire,2026-07-27T13:52:00.035Z
57509aade19ee9000680df04,33,NS_WC_Pe_SM_Sa_NF,NoSnow_WinterClothing_Penguins_SunMid_Sandcastle_NoFire.webp,7,1,NoSnow,WinterClothing,Penguins,SunMid,Sandcastle,NoFire,2026-07-27T13:52:06.432Z
57509aade19ee9000680df04,34,S_WC_Pe_SM_Sn_WF,Snow_WinterClothing_Penguins_SunMid_Snowman_Fire.webp,7,1,Snow,WinterClothing,Penguins,SunMid,Snowman,Fire,2026-07-27T13:52:13.158Z
57509aade19ee9000680df04,35,NS_WC_Pe_SR_Sn_NF,NoSnow_WinterClothing_Penguins_SunRising_Snowman_NoFire.webp,7,1,NoSnow,WinterClothing,Penguins,SunRising,Snowman,NoFire,2026-07-27T13:52:21.310Z
57509aade19ee9000680df04,36,NS_SC_Ca_SR_Sa_NF,NoSnow_SummerClothing_Camels_SunRising_Sandcastle_NoFire.webp,7,1,NoSnow,SummerClothing,Camels,SunRising,Sandcastle,NoFire,2026-07-27T13:52:39.790Z
57509aade19ee9000680df04,37,NS_WC_Ca_SR_Sa_WF,NoSnow_WinterClothing_Camels_SunRising_Sandcastle_Fire.webp,7,1,NoSnow,WinterClothing,Camels,SunRising,Sandcastle,Fire,2026-07-27T13:52:46.402Z
57509aade19ee9000680df04,38,S_SC_Pe_SM_Sn_NF,Snow_SummerClothing_Penguins_SunMid_Snowman_NoFire.webp,7,1,Snow,SummerClothing,Penguins,SunMid,Snowman,NoFire,2026-07-27T13:52:53.457Z
57509aade19ee9000680df04,39,S_SC_Pe_SM_Sa_WF,Snow_SummerClothing_Penguins_SunMid_Sandcastle_Fire.webp,7,1,Snow,SummerClothing,Penguins,SunMid,Sandcastle,Fire,2026-07-27T13:52:59.966Z
57509aade19ee9000680df04,40,S_WC_Pe_SR_Sa_WF,Snow_WinterClothing_Penguins_SunRising_Sandcastle_Fire.webp,7,1,Snow,WinterClothing,Penguins,SunRising,Sandcastle,Fire,2026-07-27T13:53:12.053Z
57509aade19ee9000680df04,41,NS_WC_Pe_SM_Sa_WF,NoSnow_WinterClothing_Penguins_SunMid_Sandcastle_Fire.webp,7,1,NoSnow,WinterClothing,Penguins,SunMid,Sandcastle,Fire,2026-07-27T13:53:18.665Z
57509aade19ee9000680df04,42,NS_SC_Pe_SM_Sa_WF,NoSnow_SummerClothing_Penguins_SunMid_Sandcastle_Fire.webp,7,1,NoSnow,SummerClothing,Penguins,SunMid,Sandcastle,Fire,2026-07-27T13:53:27.327Z
57509aade19ee9000680df04,43,NS_SC_Ca_SM_Sn_NF,NoSnow_SummerClothing_Camels_SunMid_Snowman_NoFire.webp,7,1,NoSnow,SummerClothing,Camels,SunMid,Snowman,NoFire,2026-07-27T13:54:00.121Z
57509aade19ee9000680df04,44,S_SC_Ca_SR_Sn_WF,Snow_SummerClothing_Camels_SunRising_Snowman_Fire.webp,7,1,Snow,SummerClothing,Camels,SunRising,Snowman,Fire,2026-07-27T13:54:06.286Z
57509aade19ee9000680df04,45,S_WC_Pe_SR_Sa_NF,Snow_WinterClothing_Penguins_SunRising_Sandcastle_NoFire.webp,7,1,Snow,WinterClothing,Penguins,SunRising,Sandcastle,NoFire,2026-07-27T13:54:12.941Z
57509aade19ee9000680df04,46,NS_SC_Ca_SR_Sa_WF,NoSnow_SummerClothing_Camels_SunRising_Sandcastle_Fire.webp,7,1,NoSnow,SummerClothing,Camels,SunRising,Sandcastle,Fire,2026-07-27T13:54:19.526Z
57509aade19ee9000680df04,47,NS_WC_Ca_SR_Sa_NF,NoSnow_WinterClothing_Camels_SunRising_Sandcastle_NoFire.webp,7,1,NoSnow,WinterClothing,Camels,SunRising,Sandcastle,NoFire,2026-07-27T13:54:36.926Z
57509aade19ee9000680df04,48,S_WC_Pe_SR_Sn_NF,Snow_WinterClothing_Penguins_SunRising_Snowman_NoFire.webp,7,1,Snow,WinterClothing,Penguins,SunRising,Snowman,NoFire,2026-07-27T13:54:44.577Z
57509aade19ee9000680df04,49,S_SC_Ca_SR_Sa_WF,Snow_SummerClothing_Camels_SunRising_Sandcastle_Fire.webp,6,2,Snow,SummerClothing,Camels,SunRising,Sandcastle,Fire,2026-07-27T13:55:14.645Z
57509aade19ee9000680df04,50,NS_WC_Pe_SM_Sn_NF,NoSnow_WinterClothing_Penguins_SunMid_Snowman_NoFire.webp,7,1,NoSnow,WinterClothing,Penguins,SunMid,Snowman,NoFire,2026-07-27T13:55:22.167Z
57509aade19ee9000680df04,51,S_WC_Ca_SR_Sa_NF,Snow_WinterClothing_Camels_SunRising_Sandcastle_NoFire.webp,7,2,Snow,WinterClothing,Camels,SunRising,Sandcastle,NoFire,2026-07-27T13:55:30.805Z
57509aade19ee9000680df04,52,NS_SC_Pe_SM_Sn_WF,NoSnow_SummerClothing_Penguins_SunMid_Snowman_Fire.webp,6,1,NoSnow,SummerClothing,Penguins,SunMid,Snowman,Fire,2026-07-27T13:55:37.442Z
57509aade19ee9000680df04,53,NS_SC_Ca_SM_Sa_NF,NoSnow_SummerClothing_Camels_SunMid_Sandcastle_NoFire.webp,7,2,NoSnow,SummerClothing,Camels,SunMid,Sandcastle,NoFire,2026-07-27T13:55:44.197Z
57509aade19ee9000680df04,54,S_WC_Pe_SM_Sa_WF,Snow_WinterClothing_Penguins_SunMid_Sandcastle_Fire.webp,7,1,Snow,WinterClothing,Penguins,SunMid,Sandcastle,Fire,2026-07-27T13:56:00.613Z
57509aade19ee9000680df04,55,S_SC_Ca_SM_Sn_WF,Snow_SummerClothing_Camels_SunMid_Snowman_Fire.webp,7,1,Snow,SummerClothing,Camels,SunMid,Snowman,Fire,2026-07-27T13:58:12.342Z
57509aade19ee9000680df04,56,NS_SC_Ca_SR_Sn_WF,NoSnow_SummerClothing_Camels_SunRising_Snowman_Fire.webp,7,1,NoSnow,SummerClothing,Camels,SunRising,Snowman,Fire,2026-07-27T13:58:19.449Z
57509aade19ee9000680df04,57,NS_WC_Pe_SR_Sn_WF,NoSnow_WinterClothing_Penguins_SunRising_Snowman_Fire.webp,7,1,NoSnow,WinterClothing,Penguins,SunRising,Snowman,Fire,2026-07-27T13:58:27.214Z
57509aade19ee9000680df04,58,S_SC_Ca_SM_Sa_NF,Snow_SummerClothing_Camels_SunMid_Sandcastle_NoFire.webp,7,1,Snow,SummerClothing,Camels,SunMid,Sandcastle,NoFire,2026-07-27T13:58:34.778Z
57509aade19ee9000680df04,59,NS_SC_Pe_SR_Sa_NF,NoSnow_SummerClothing_Penguins_SunRising_Sandcastle_NoFire.webp,6,2,NoSnow,SummerClothing,Penguins,SunRising,Sandcastle,NoFire,2026-07-27T13:58:42.782Z
57509aade19ee9000680df04,60,S_SC_Pe_SM_Sn_WF,Snow_SummerClothing_Penguins_SunMid_Snowman_Fire.webp,6,1,Snow,SummerClothing,Penguins,SunMid,Snowman,Fire,2026-07-27T13:58:49.349Z
57509aade19ee9000680df04,61,NS_SC_Ca_SM_Sa_WF,NoSnow_SummerClothing_Camels_SunMid_Sandcastle_Fire.webp,7,3,NoSnow,SummerClothing,Camels,SunMid,Sandcastle,Fire,2026-07-27T13:58:56.913Z
57509aade19ee9000680df04,62,S_WC_Ca_SM_Sn_NF,Snow_WinterClothing_Camels_SunMid_Snowman_NoFire.webp,7,1,Snow,WinterClothing,Camels,SunMid,Snowman,NoFire,2026-07-27T13:59:03.530Z
57509aade19ee9000680df04,63,NS_SC_Pe_SR_Sn_WF,NoSnow_SummerClothing_Penguins_SunRising_Snowman_Fire.webp,7,1,NoSnow,SummerClothing,Penguins,SunRising,Snowman,Fire,2026-07-27T13:59:09.473Z
6a221582ea51aa3a697a3886,0,S_WC_Pe_SM_Sn_WF,Snow_WinterClothing_Penguins_SunMid_Snowman_Fire.webp,1,1,Snow,WinterClothing,Penguins,SunMid,Snowman,Fire,2026-07-27T13:42:23.954Z
6a221582ea51aa3a697a3886,1,S_SC_Pe_SM_Sa_WF,Snow_SummerClothing_Penguins_SunMid_Sandcastle_Fire.webp,4,2,Snow,SummerClothing,Penguins,SunMid,Sandcastle,Fire,2026-07-27T13:42:37.160Z
6a221582ea51aa3a697a3886,2,NS_SC_Ca_SR_Sa_NF,NoSnow_SummerClothing_Camels_SunRising_Sandcastle_NoFire.webp,5,1,NoSnow,SummerClothing,Camels,SunRising,Sandcastle,NoFire,2026-07-27T13:42:46.870Z
6a221582ea51aa3a697a3886,3,NS_WC_Pe_SM_Sn_NF,NoSnow_WinterClothing_Penguins_SunMid_Snowman_NoFire.webp,1,2,NoSnow,WinterClothing,Penguins,SunMid,Snowman,NoFire,2026-07-27T13:42:57.140Z
6a221582ea51aa3a697a3886,4,NS_WC_Ca_SM_Sn_NF,NoSnow_WinterClothing_Camels_SunMid_Snowman_NoFire.webp,3,1,NoSnow,WinterClothing,Camels,SunMid,Snowman,NoFire,2026-07-27T13:43:09.135Z
6a221582ea51aa3a697a3886,5,NS_SC_Ca_SR_Sn_WF,NoSnow_SummerClothing_Camels_SunRising_Snowman_Fire.webp,4,1,NoSnow,SummerClothing,Camels,SunRising,Snowman,Fire,2026-07-27T13:43:29.800Z
6a221582ea51aa3a697a3886,6,NS_WC_Pe_SR_Sn_NF,NoSnow_WinterClothing_Penguins_SunRising_Snowman_NoFire.webp,3,1,NoSnow,WinterClothing,Penguins,SunRising,Snowman,NoFire,2026-07-27T13:43:42.939Z
6a221582ea51aa3a697a3886,7,S_SC_Pe_SM_Sa_NF,Snow_SummerClothing_Penguins_SunMid_Sandcastle_NoFire.webp,5,1,Snow,SummerClothing,Penguins,SunMid,Sandcastle,NoFire,2026-07-27T13:43:52.376Z
6a221582ea51aa3a697a3886,8,NS_WC_Ca_SR_Sn_NF,NoSnow_WinterClothing_Camels_SunRising_Snowman_NoFire.webp,3,1,NoSnow,WinterClothing,Camels,SunRising,Snowman,NoFire,2026-07-27T13:44:03.475Z
6a221582ea51aa3a697a3886,9,NS_WC_Pe_SM_Sa_NF,NoSnow_WinterClothing_Penguins_SunMid_Sandcastle_NoFire.webp,3,1,NoSnow,WinterClothing,Penguins,SunMid,Sandcastle,NoFire,2026-07-27T13:44:17.840Z
6a221582ea51aa3a697a3886,10,NS_WC_Ca_SR_Sa_WF,NoSnow_WinterClothing_Camels_SunRising_Sandcastle_Fire.webp,4,1,NoSnow,WinterClothing,Camels,SunRising,Sandcastle,Fire,2026-07-27T13:44:33.258Z
6a221582ea51aa3a697a3886,11,NS_SC_Pe_SR_Sn_NF,NoSnow_SummerClothing_Penguins_SunRising_Snowman_NoFire.webp,4,1,NoSnow,SummerClothing,Penguins,SunRising,Snowman,NoFire,2026-07-27T13:44:48.974Z
6a221582ea51aa3a697a3886,12,S_WC_Ca_SM_Sn_NF,Snow_WinterClothing_Camels_SunMid_Snowman_NoFire.webp,4,1,Snow,WinterClothing,Camels,SunMid,Snowman,NoFire,2026-07-27T13:44:59.864Z
6a221582ea51aa3a697a3886,13,S_WC_Pe_SM_Sa_NF,Snow_WinterClothing_Penguins_SunMid_Sandcastle_NoFire.webp,4,1,Snow,WinterClothing,Penguins,SunMid,Sandcastle,NoFire,2026-07-27T13:45:08.617Z
6a221582ea51aa3a697a3886,14,NS_SC_Pe_SM_Sn_NF,NoSnow_SummerClothing_Penguins_SunMid_Snowman_NoFire.webp,5,1,NoSnow,SummerClothing,Penguins,SunMid,Snowman,NoFire,2026-07-27T13:45:26.105Z
6a221582ea51aa3a697a3886,15,S_WC_Ca_SR_Sa_NF,Snow_WinterClothing_Camels_SunRising_Sandcastle_NoFire.webp,3,1,Snow,WinterClothing,Camels,SunRising,Sandcastle,NoFire,2026-07-27T13:45:52.427Z
6a221582ea51aa3a697a3886,16,S_SC_Pe_SM_Sn_WF,Snow_SummerClothing_Penguins_SunMid_Snowman_Fire.webp,5,1,Snow,SummerClothing,Penguins,SunMid,Snowman,Fire,2026-07-27T13:46:15.092Z
6a221582ea51aa3a697a3886,17,S_SC_Ca_SR_Sn_WF,Snow_SummerClothing_Camels_SunRising_Snowman_Fire.webp,4,1,Snow,SummerClothing,Camels,SunRising,Snowman,Fire,2026-07-27T13:46:40.271Z
6a221582ea51aa3a697a3886,18,S_SC_Ca_SR_Sa_NF,Snow_SummerClothing_Camels_SunRising_Sandcastle_NoFire.webp,5,1,Snow,SummerClothing,Camels,SunRising,Sandcastle,NoFire,2026-07-27T13:46:50.496Z
6a221582ea51aa3a697a3886,19,S_WC_Ca_SR_Sa_WF,Snow_WinterClothing_Camels_SunRising_Sandcastle_Fire.webp,3,1,Snow,WinterClothing,Camels,SunRising,Sandcastle,Fire,2026-07-27T13:47:07.647Z
6a221582ea51aa3a697a3886,20,S_WC_Pe_SR_Sa_NF,Snow_WinterClothing_Penguins_SunRising_Sandcastle_NoFire.webp,3,1,Snow,WinterClothing,Penguins,SunRising,Sandcastle,NoFire,2026-07-27T13:47:24.275Z
6a221582ea51aa3a697a3886,21,NS_SC_Pe_SM_Sa_WF,NoSnow_SummerClothing_Penguins_SunMid_Sandcastle_Fire.webp,6,1,NoSnow,SummerClothing,Penguins,SunMid,Sandcastle,Fire,2026-07-27T13:47:36.869Z
6a221582ea51aa3a697a3886,22,S_SC_Pe_SR_Sa_WF,Snow_SummerClothing_Penguins_SunRising_Sandcastle_Fire.webp,5,1,Snow,SummerClothing,Penguins,SunRising,Sandcastle,Fire,2026-07-27T13:47:48.471Z
6a221582ea51aa3a697a3886,23,NS_WC_Ca_SR_Sa_NF,NoSnow_WinterClothing_Camels_SunRising_Sandcastle_NoFire.webp,3,1,NoSnow,WinterClothing,Camels,SunRising,Sandcastle,NoFire,2026-07-27T13:48:04.876Z
6a221582ea51aa3a697a3886,24,S_WC_Pe_SR_Sn_NF,Snow_WinterClothing_Penguins_SunRising_Snowman_NoFire.webp,3,1,Snow,WinterClothing,Penguins,SunRising,Snowman,NoFire,2026-07-27T13:48:17.155Z
6a221582ea51aa3a697a3886,25,S_WC_Pe_SR_Sa_WF,Snow_WinterClothing_Penguins_SunRising_Sandcastle_Fire.webp,4,1,Snow,WinterClothing,Penguins,SunRising,Sandcastle,Fire,2026-07-27T13:48:31.339Z
6a221582ea51aa3a697a3886,26,NS_SC_Ca_SM_Sn_WF,NoSnow_SummerClothing_Camels_SunMid_Snowman_Fire.webp,4,1,NoSnow,SummerClothing,Camels,SunMid,Snowman,Fire,2026-07-27T13:48:44.457Z
6a221582ea51aa3a697a3886,27,NS_WC_Ca_SM_Sa_WF,NoSnow_WinterClothing_Camels_SunMid_Sandcastle_Fire.webp,4,1,NoSnow,WinterClothing,Camels,SunMid,Sandcastle,Fire,2026-07-27T13:48:56.152Z
6a221582ea51aa3a697a3886,28,S_WC_Pe_SM_Sa_WF,Snow_WinterClothing_Penguins_SunMid_Sandcastle_Fire.webp,3,1,Snow,WinterClothing,Penguins,SunMid,Sandcastle,Fire,2026-07-27T13:49:14.294Z
6a221582ea51aa3a697a3886,29,S_SC_Ca_SR_Sa_WF,Snow_SummerClothing_Camels_SunRising_Sandcastle_Fire.webp,5,1,Snow,SummerClothing,Camels,SunRising,Sandcastle,Fire,2026-07-27T13:49:24.495Z
6a221582ea51aa3a697a3886,30,S_SC_Ca_SM_Sn_WF,Snow_SummerClothing_Camels_SunMid_Snowman_Fire.webp,5,1,Snow,SummerClothing,Camels,SunMid,Snowman,Fire,2026-07-27T13:49:38.819Z
6a221582ea51aa3a697a3886,31,NS_SC_Ca_SR_Sa_WF,NoSnow_SummerClothing_Camels_SunRising_Sandcastle_Fire.webp,4,1,NoSnow,SummerClothing,Camels,SunRising,Sandcastle,Fire,2026-07-27T13:49:56.528Z
6a221582ea51aa3a697a3886,32,NS_WC_Pe_SM_Sa_WF,NoSnow_WinterClothing_Penguins_SunMid_Sandcastle_Fire.webp,3,1,NoSnow,WinterClothing,Penguins,SunMid,Sandcastle,Fire,2026-07-27T13:50:10.060Z
6a221582ea51aa3a697a3886,33,S_WC_Ca_SM_Sa_WF,Snow_WinterClothing_Camels_SunMid_Sandcastle_Fire.webp,3,1,Snow,WinterClothing,Camels,SunMid,Sandcastle,Fire,2026-07-27T13:50:29.621Z
6a221582ea51aa3a697a3886,34,NS_SC_Pe_SR_Sn_WF,NoSnow_SummerClothing_Penguins_SunRising_Snowman_Fire.webp,5,1,NoSnow,SummerClothing,Penguins,SunRising,Snowman,Fire,2026-07-27T13:50:41.697Z
6a221582ea51aa3a697a3886,35,NS_SC_Pe_SR_Sa_NF,NoSnow_SummerClothing_Penguins_SunRising_Sandcastle_NoFire.webp,5,1,NoSnow,SummerClothing,Penguins,SunRising,Sandcastle,NoFire,2026-07-27T13:50:52.914Z
6a221582ea51aa3a697a3886,36,S_SC_Pe_SR_Sn_WF,Snow_SummerClothing_Penguins_SunRising_Snowman_Fire.webp,4,1,Snow,SummerClothing,Penguins,SunRising,Snowman,Fire,2026-07-27T13:51:29.312Z
6a221582ea51aa3a697a3886,37,NS_SC_Pe_SM_Sn_WF,NoSnow_SummerClothing_Penguins_SunMid_Snowman_Fire.webp,5,1,NoSnow,SummerClothing,Penguins,SunMid,Snowman,Fire,2026-07-27T13:51:42.284Z
6a221582ea51aa3a697a3886,38,S_WC_Pe_SM_Sn_NF,Snow_WinterClothing_Penguins_SunMid_Snowman_NoFire.webp,1,3,Snow,WinterClothing,Penguins,SunMid,Snowman,NoFire,2026-07-27T13:51:59.095Z
6a221582ea51aa3a697a3886,39,NS_SC_Pe_SR_Sa_WF,NoSnow_SummerClothing_Penguins_SunRising_Sandcastle_Fire.webp,6,1,NoSnow,SummerClothing,Penguins,SunRising,Sandcastle,Fire,2026-07-27T13:52:08.101Z
6a221582ea51aa3a697a3886,40,NS_WC_Ca_SR_Sn_WF,NoSnow_WinterClothing_Camels_SunRising_Snowman_Fire.webp,3,1,NoSnow,WinterClothing,Camels,SunRising,Snowman,Fire,2026-07-27T13:52:21.051Z
6a221582ea51aa3a697a3886,41,S_WC_Ca_SR_Sn_WF,Snow_WinterClothing_Camels_SunRising_Snowman_Fire.webp,2,1,Snow,WinterClothing,Camels,SunRising,Snowman,Fire,2026-07-27T13:52:34.451Z
6a221582ea51aa3a697a3886,42,NS_SC_Ca_SR_Sn_NF,NoSnow_SummerClothing_Camels_SunRising_Snowman_NoFire.webp,5,2,NoSnow,SummerClothing,Camels,SunRising,Snowman,NoFire,2026-07-27T13:52:43.519Z
6a221582ea51aa3a697a3886,43,S_SC_Ca_SM_Sa_WF,Snow_SummerClothing_Camels_SunMid_Sandcastle_Fire.webp,2,1,Snow,SummerClothing,Camels,SunMid,Sandcastle,Fire,2026-07-27T13:52:55.994Z
6a221582ea51aa3a697a3886,44,S_SC_Pe_SM_Sn_NF,Snow_SummerClothing_Penguins_SunMid_Snowman_NoFire.webp,1,1,Snow,SummerClothing,Penguins,SunMid,Snowman,NoFire,2026-07-27T13:53:08.441Z
6a221582ea51aa3a697a3886,45,S_SC_Ca_SM_Sa_NF,Snow_SummerClothing_Camels_SunMid_Sandcastle_NoFire.webp,2,1,Snow,SummerClothing,Camels,SunMid,Sandcastle,NoFire,2026-07-27T13:53:15.827Z
6a221582ea51aa3a697a3886,46,NS_WC_Pe_SR_Sa_WF,NoSnow_WinterClothing_Penguins_SunRising_Sandcastle_Fire.webp,3,2,NoSnow,WinterClothing,Penguins,SunRising,Sandcastle,Fire,2026-07-27T13:53:25.725Z
6a221582ea51aa3a697a3886,47,NS_SC_Pe_SM_Sa_NF,NoSnow_SummerClothing_Penguins_SunMid_Sandcastle_NoFire.webp,5,3,NoSnow,SummerClothing,Penguins,SunMid,Sandcastle,NoFire,2026-07-27T13:53:35.826Z
6a221582ea51aa3a697a3886,48,NS_WC_Ca_SM_Sa_NF,NoSnow_WinterClothing_Camels_SunMid_Sandcastle_NoFire.webp,4,4,NoSnow,WinterClothing,Camels,SunMid,Sandcastle,NoFire,2026-07-27T13:53:42.505Z
6a221582ea51aa3a697a3886,49,NS_SC_Ca_SM_Sn_NF,NoSnow_SummerClothing_Camels_SunMid_Snowman_NoFire.webp,5,3,NoSnow,SummerClothing,Camels,SunMid,Snowman,NoFire,2026-07-27T13:53:53.849Z
6a221582ea51aa3a697a3886,50,NS_SC_Ca_SM_Sa_NF,NoSnow_SummerClothing_Camels_SunMid_Sandcastle_NoFire.webp,5,5,NoSnow,SummerClothing,Camels,SunMid,Sandcastle,NoFire,2026-07-27T13:54:02.328Z
6a221582ea51aa3a697a3886,51,NS_SC_Ca_SM_Sa_WF,NoSnow_SummerClothing_Camels_SunMid_Sandcastle_Fire.webp,5,5,NoSnow,SummerClothing,Camels,SunMid,Sandcastle,Fire,2026-07-27T13:54:11.349Z
6a221582ea51aa3a697a3886,52,S_WC_Ca_SR_Sn_NF,Snow_WinterClothing_Camels_SunRising_Snowman_NoFire.webp,2,2,Snow,WinterClothing,Camels,SunRising,Snowman,NoFire,2026-07-27T13:54:21.874Z
6a221582ea51aa3a697a3886,53,NS_WC_Ca_SM_Sn_WF,NoSnow_WinterClothing_Camels_SunMid_Snowman_Fire.webp,6,2,NoSnow,WinterClothing,Camels,SunMid,Snowman,Fire,2026-07-27T13:54:31.771Z
6a221582ea51aa3a697a3886,54,S_SC_Pe_SR_Sa_NF,Snow_SummerClothing_Penguins_SunRising_Sandcastle_NoFire.webp,4,1,Snow,SummerClothing,Penguins,SunRising,Sandcastle,NoFire,2026-07-27T13:54:42.146Z
6a221582ea51aa3a697a3886,55,S_WC_Pe_SR_Sn_WF,Snow_WinterClothing_Penguins_SunRising_Snowman_Fire.webp,2,5,Snow,WinterClothing,Penguins,SunRising,Snowman,Fire,2026-07-27T13:54:52.311Z
6a221582ea51aa3a697a3886,56,S_SC_Pe_SR_Sn_NF,Snow_SummerClothing_Penguins_SunRising_Snowman_NoFire.webp,1,5,Snow,SummerClothing,Penguins,SunRising,Snowman,NoFire,2026-07-27T13:55:01.220Z
6a221582ea51aa3a697a3886,57,S_SC_Ca_SR_Sn_NF,Snow_SummerClothing_Camels_SunRising_Snowman_NoFire.webp,2,1,Snow,SummerClothing,Camels,SunRising,Snowman,NoFire,2026-07-27T13:55:13.033Z
6a221582ea51aa3a697a3886,58,S_WC_Ca_SM_Sa_NF,Snow_WinterClothing_Camels_SunMid_Sandcastle_NoFire.webp,2,1,Snow,WinterClothing,Camels,SunMid,Sandcastle,NoFire,2026-07-27T13:55:24.941Z
6a221582ea51aa3a697a3886,59,NS_WC_Pe_SR_Sn_WF,NoSnow_WinterClothing_Penguins_SunRising_Snowman_Fire.webp,7,2,NoSnow,WinterClothing,Penguins,SunRising,Snowman,Fire,2026-07-27T13:55:34.331Z
6a221582ea51aa3a697a3886,60,S_WC_Ca_SM_Sn_WF,Snow_WinterClothing_Camels_SunMid_Snowman_Fire.webp,3,2,Snow,WinterClothing,Camels,SunMid,Snowman,Fire,2026-07-27T13:55:42.993Z
6a221582ea51aa3a697a3886,61,NS_WC_Pe_SR_Sa_NF,NoSnow_WinterClothing_Penguins_SunRising_Sandcastle_NoFire.webp,4,5,NoSnow,WinterClothing,Penguins,SunRising,Sandcastle,NoFire,2026-07-27T13:55:52.299Z
6a221582ea51aa3a697a3886,62,S_SC_Ca_SM_Sn_NF,Snow_SummerClothing_Camels_SunMid_Snowman_NoFire.webp,2,2,Snow,SummerClothing,Camels,SunMid,Snowman,NoFire,2026-07-27T13:55:59.120Z
6a221582ea51aa3a697a3886,63,NS_WC_Pe_SM_Sn_WF,NoSnow_WinterClothing_Penguins_SunMid_Snowman_Fire.webp,6,3,NoSnow,WinterClothing,Penguins,SunMid,Snowman,Fire,2026-07-27T13:56:09.332Z
66e42249ff3f1be588b9bf04,0,NS_WC_Ca_SR_Sa_WF,NoSnow_WinterClothing_Camels_SunRising_Sandcastle_Fire.webp,6,3,NoSnow,WinterClothing,Camels,SunRising,Sandcastle,Fire,2026-07-27T13:40:59.618Z
66e42249ff3f1be588b9bf04,1,NS_SC_Pe_SR_Sn_WF,NoSnow_SummerClothing_Penguins_SunRising_Snowman_Fire.webp,2,1,NoSnow,SummerClothing,Penguins,SunRising,Snowman,Fire,2026-07-27T13:41:20.373Z
66e42249ff3f1be588b9bf04,2,S_SC_Ca_SR_Sa_NF,Snow_SummerClothing_Camels_SunRising_Sandcastle_NoFire.webp,5,2,Snow,SummerClothing,Camels,SunRising,Sandcastle,NoFire,2026-07-27T13:41:36.994Z
66e42249ff3f1be588b9bf04,3,S_WC_Pe_SM_Sn_WF,Snow_WinterClothing_Penguins_SunMid_Snowman_Fire.webp,4,1,Snow,WinterClothing,Penguins,SunMid,Snowman,Fire,2026-07-27T13:41:48.397Z
66e42249ff3f1be588b9bf04,4,S_SC_Pe_SR_Sa_WF,Snow_SummerClothing_Penguins_SunRising_Sandcastle_Fire.webp,4,1,Snow,SummerClothing,Penguins,SunRising,Sandcastle,Fire,2026-07-27T13:41:58.330Z
66e42249ff3f1be588b9bf04,5,NS_WC_Ca_SM_Sn_NF,NoSnow_WinterClothing_Camels_SunMid_Snowman_NoFire.webp,6,1,NoSnow,WinterClothing,Camels,SunMid,Snowman,NoFire,2026-07-27T13:42:12.683Z
66e42249ff3f1be588b9bf04,6,S_WC_Ca_SR_Sa_NF,Snow_WinterClothing_Camels_SunRising_Sandcastle_NoFire.webp,5,2,Snow,WinterClothing,Camels,SunRising,Sandcastle,NoFire,2026-07-27T13:42:26.219Z
66e42249ff3f1be588b9bf04,7,NS_SC_Ca_SR_Sn_NF,NoSnow_SummerClothing_Camels_SunRising_Snowman_NoFire.webp,4,1,NoSnow,SummerClothing,Camels,SunRising,Snowman,NoFire,2026-07-27T13:42:35.337Z
66e42249ff3f1be588b9bf04,8,S_SC_Ca_SR_Sn_NF,Snow_SummerClothing_Camels_SunRising_Snowman_NoFire.webp,4,1,Snow,SummerClothing,Camels,SunRising,Snowman,NoFire,2026-07-27T13:42:45.856Z
66e42249ff3f1be588b9bf04,9,NS_WC_Ca_SM_Sa_WF,NoSnow_WinterClothing_Camels_SunMid_Sandcastle_Fire.webp,6,1,NoSnow,WinterClothing,Camels,SunMid,Sandcastle,Fire,2026-07-27T13:42:55.359Z
66e42249ff3f1be588b9bf04,10,S_SC_Ca_SR_Sn_WF,Snow_SummerClothing_Camels_SunRising_Snowman_Fire.webp,4,1,Snow,SummerClothing,Camels,SunRising,Snowman,Fire,2026-07-27T13:43:04.129Z
66e42249ff3f1be588b9bf04,11,NS_WC_Pe_SR_Sn_NF,NoSnow_WinterClothing_Penguins_SunRising_Snowman_NoFire.webp,4,3,NoSnow,WinterClothing,Penguins,SunRising,Snowman,NoFire,2026-07-27T13:43:15.864Z
66e42249ff3f1be588b9bf04,12,S_WC_Ca_SM_Sn_WF,Snow_WinterClothing_Camels_SunMid_Snowman_Fire.webp,5,1,Snow,WinterClothing,Camels,SunMid,Snowman,Fire,2026-07-27T13:43:23.850Z
66e42249ff3f1be588b9bf04,13,NS_WC_Pe_SR_Sn_WF,NoSnow_WinterClothing_Penguins_SunRising_Snowman_Fire.webp,4,1,NoSnow,WinterClothing,Penguins,SunRising,Snowman,Fire,2026-07-27T13:43:31.668Z
66e42249ff3f1be588b9bf04,14,S_WC_Pe_SR_Sa_WF,Snow_WinterClothing_Penguins_SunRising_Sandcastle_Fire.webp,4,1,Snow,WinterClothing,Penguins,SunRising,Sandcastle,Fire,2026-07-27T13:43:41.938Z
66e42249ff3f1be588b9bf04,15,NS_SC_Ca_SR_Sa_WF,NoSnow_SummerClothing_Camels_SunRising_Sandcastle_Fire.webp,6,3,NoSnow,SummerClothing,Camels,SunRising,Sandcastle,Fire,2026-07-27T13:43:50.439Z
66e42249ff3f1be588b9bf04,16,NS_WC_Ca_SM_Sn_WF,NoSnow_WinterClothing_Camels_SunMid_Snowman_Fire.webp,5,1,NoSnow,WinterClothing,Camels,SunMid,Snowman,Fire,2026-07-27T13:43:58.392Z
66e42249ff3f1be588b9bf04,17,NS_WC_Ca_SR_Sn_WF,NoSnow_WinterClothing_Camels_SunRising_Snowman_Fire.webp,5,1,NoSnow,WinterClothing,Camels,SunRising,Snowman,Fire,2026-07-27T13:44:10.661Z
66e42249ff3f1be588b9bf04,18,NS_WC_Pe_SM_Sa_NF,NoSnow_WinterClothing_Penguins_SunMid_Sandcastle_NoFire.webp,4,1,NoSnow,WinterClothing,Penguins,SunMid,Sandcastle,NoFire,2026-07-27T13:44:18.980Z
66e42249ff3f1be588b9bf04,19,NS_WC_Pe_SM_Sn_WF,NoSnow_WinterClothing_Penguins_SunMid_Snowman_Fire.webp,4,1,NoSnow,WinterClothing,Penguins,SunMid,Snowman,Fire,2026-07-27T13:44:27.382Z
66e42249ff3f1be588b9bf04,20,S_SC_Pe_SM_Sn_WF,Snow_SummerClothing_Penguins_SunMid_Snowman_Fire.webp,3,1,Snow,SummerClothing,Penguins,SunMid,Snowman,Fire,2026-07-27T13:44:38.135Z
66e42249ff3f1be588b9bf04,21,S_WC_Pe_SM_Sa_WF,Snow_WinterClothing_Penguins_SunMid_Sandcastle_Fire.webp,4,1,Snow,WinterClothing,Penguins,SunMid,Sandcastle,Fire,2026-07-27T13:44:46.288Z
66e42249ff3f1be588b9bf04,22,NS_WC_Ca_SR_Sa_NF,NoSnow_WinterClothing_Camels_SunRising_Sandcastle_NoFire.webp,5,4,NoSnow,WinterClothing,Camels,SunRising,Sandcastle,NoFire,2026-07-27T13:44:56.307Z
66e42249ff3f1be588b9bf04,23,NS_SC_Pe_SM_Sn_NF,NoSnow_SummerClothing_Penguins_SunMid_Snowman_NoFire.webp,2,4,NoSnow,SummerClothing,Penguins,SunMid,Snowman,NoFire,2026-07-27T13:45:10.643Z
66e42249ff3f1be588b9bf04,24,NS_SC_Ca_SM_Sn_WF,NoSnow_SummerClothing_Camels_SunMid_Snowman_Fire.webp,5,1,NoSnow,SummerClothing,Camels,SunMid,Snowman,Fire,2026-07-27T13:45:19.829Z
66e42249ff3f1be588b9bf04,25,NS_WC_Pe_SR_Sa_NF,NoSnow_WinterClothing_Penguins_SunRising_Sandcastle_NoFire.webp,4,1,NoSnow,WinterClothing,Penguins,SunRising,Sandcastle,NoFire,2026-07-27T13:45:32.115Z
66e42249ff3f1be588b9bf04,26,NS_WC_Pe_SM_Sa_WF,NoSnow_WinterClothing_Penguins_SunMid_Sandcastle_Fire.webp,4,4,NoSnow,WinterClothing,Penguins,SunMid,Sandcastle,Fire,2026-07-27T13:45:46.969Z
66e42249ff3f1be588b9bf04,27,NS_SC_Pe_SM_Sa_WF,NoSnow_SummerClothing_Penguins_SunMid_Sandcastle_Fire.webp,4,1,NoSnow,SummerClothing,Penguins,SunMid,Sandcastle,Fire,2026-07-27T13:45:55.271Z
66e42249ff3f1be588b9bf04,28,S_SC_Ca_SM_Sa_WF,Snow_SummerClothing_Camels_SunMid_Sandcastle_Fire.webp,6,4,Snow,SummerClothing,Camels,SunMid,Sandcastle,Fire,2026-07-27T13:46:04.323Z
66e42249ff3f1be588b9bf04,29,S_SC_Pe_SR_Sn_WF,Snow_SummerClothing_Penguins_SunRising_Snowman_Fire.webp,4,1,Snow,SummerClothing,Penguins,SunRising,Snowman,Fire,2026-07-27T13:46:13.859Z
66e42249ff3f1be588b9bf04,30,S_WC_Pe_SM_Sn_NF,Snow_WinterClothing_Penguins_SunMid_Snowman_NoFire.webp,3,4,Snow,WinterClothing,Penguins,SunMid,Snowman,NoFire,2026-07-27T13:46:23.728Z
66e42249ff3f1be588b9bf04,31,S_WC_Pe_SR_Sn_WF,Snow_WinterClothing_Penguins_SunRising_Snowman_Fire.webp,5,1,Snow,WinterClothing,Penguins,SunRising,Snowman,Fire,2026-07-27T13:46:34.714Z
66e42249ff3f1be588b9bf04,32,S_SC_Pe_SR_Sa_NF,Snow_SummerClothing_Penguins_SunRising_Sandcastle_NoFire.webp,3,1,Snow,SummerClothing,Penguins,SunRising,Sandcastle,NoFire,2026-07-27T13:46:44.983Z
66e42249ff3f1be588b9bf04,33,NS_SC_Ca_SR_Sn_WF,NoSnow_SummerClothing_Camels_SunRising_Snowman_Fire.webp,4,1,NoSnow,SummerClothing,Camels,SunRising,Snowman,Fire,2026-07-27T13:47:00.470Z
66e42249ff3f1be588b9bf04,34,S_WC_Ca_SM_Sa_WF,Snow_WinterClothing_Camels_SunMid_Sandcastle_Fire.webp,6,4,Snow,WinterClothing,Camels,SunMid,Sandcastle,Fire,2026-07-27T13:47:11.790Z
66e42249ff3f1be588b9bf04,35,NS_WC_Pe_SM_Sn_NF,NoSnow_WinterClothing_Penguins_SunMid_Snowman_NoFire.webp,3,4,NoSnow,WinterClothing,Penguins,SunMid,Snowman,NoFire,2026-07-27T13:47:19.842Z
66e42249ff3f1be588b9bf04,36,NS_WC_Ca_SR_Sn_NF,NoSnow_WinterClothing_Camels_SunRising_Snowman_NoFire.webp,4,1,NoSnow,WinterClothing,Camels,SunRising,Snowman,NoFire,2026-07-27T13:47:36.297Z
66e42249ff3f1be588b9bf04,37,S_SC_Ca_SM_Sa_NF,Snow_SummerClothing_Camels_SunMid_Sandcastle_NoFire.webp,6,4,Snow,SummerClothing,Camels,SunMid,Sandcastle,NoFire,2026-07-27T13:47:46.599Z
66e42249ff3f1be588b9bf04,38,NS_SC_Pe_SM_Sa_NF,NoSnow_SummerClothing_Penguins_SunMid_Sandcastle_NoFire.webp,4,1,NoSnow,SummerClothing,Penguins,SunMid,Sandcastle,NoFire,2026-07-27T13:48:03.337Z
66e42249ff3f1be588b9bf04,39,S_SC_Ca_SM_Sn_WF,Snow_SummerClothing_Camels_SunMid_Snowman_Fire.webp,5,1,Snow,SummerClothing,Camels,SunMid,Snowman,Fire,2026-07-27T13:48:20.657Z
66e42249ff3f1be588b9bf04,40,S_WC_Pe_SR_Sn_NF,Snow_WinterClothing_Penguins_SunRising_Snowman_NoFire.webp,3,4,Snow,WinterClothing,Penguins,SunRising,Snowman,NoFire,2026-07-27T13:48:54.116Z
66e42249ff3f1be588b9bf04,41,NS_SC_Ca_SM_Sa_NF,NoSnow_SummerClothing_Camels_SunMid_Sandcastle_NoFire.webp,6,4,NoSnow,SummerClothing,Camels,SunMid,Sandcastle,NoFire,2026-07-27T13:49:02.752Z
66e42249ff3f1be588b9bf04,42,S_WC_Ca_SR_Sn_NF,Snow_WinterClothing_Camels_SunRising_Snowman_NoFire.webp,6,1,Snow,WinterClothing,Camels,SunRising,Snowman,NoFire,2026-07-27T13:49:38.077Z
66e42249ff3f1be588b9bf04,43,NS_SC_Pe_SR_Sa_WF,NoSnow_SummerClothing_Penguins_SunRising_Sandcastle_Fire.webp,4,1,NoSnow,SummerClothing,Penguins,SunRising,Sandcastle,Fire,2026-07-27T13:50:00.615Z
66e42249ff3f1be588b9bf04,44,S_WC_Ca_SM_Sn_NF,Snow_WinterClothing_Camels_SunMid_Snowman_NoFire.webp,5,1,Snow,WinterClothing,Camels,SunMid,Snowman,NoFire,2026-07-27T13:50:25.255Z
66e42249ff3f1be588b9bf04,45,NS_SC_Pe_SM_Sn_WF,NoSnow_SummerClothing_Penguins_SunMid_Snowman_Fire.webp,4,1,NoSnow,SummerClothing,Penguins,SunMid,Snowman,Fire,2026-07-27T13:50:41.009Z
66e42249ff3f1be588b9bf04,46,S_WC_Pe_SR_Sa_NF,Snow_WinterClothing_Penguins_SunRising_Sandcastle_NoFire.webp,4,2,Snow,WinterClothing,Penguins,SunRising,Sandcastle,NoFire,2026-07-27T13:50:56.230Z
66e42249ff3f1be588b9bf04,47,S_SC_Ca_SM_Sn_NF,Snow_SummerClothing_Camels_SunMid_Snowman_NoFire.webp,5,1,Snow,SummerClothing,Camels,SunMid,Snowman,NoFire,2026-07-27T13:51:16.402Z
66e42249ff3f1be588b9bf04,48,NS_WC_Pe_SR_Sa_WF,NoSnow_WinterClothing_Penguins_SunRising_Sandcastle_Fire.webp,4,1,NoSnow,WinterClothing,Penguins,SunRising,Sandcastle,Fire,2026-07-27T13:51:32.439Z
66e42249ff3f1be588b9bf04,49,S_WC_Ca_SM_Sa_NF,Snow_WinterClothing_Camels_SunMid_Sandcastle_NoFire.webp,6,4,Snow,WinterClothing,Camels,SunMid,Sandcastle,NoFire,2026-07-27T13:52:04.496Z
66e42249ff3f1be588b9bf04,50,S_SC_Pe_SM_Sa_WF,Snow_SummerClothing_Penguins_SunMid_Sandcastle_Fire.webp,5,1,Snow,SummerClothing,Penguins,SunMid,Sandcastle,Fire,2026-07-27T13:52:14.566Z
66e42249ff3f1be588b9bf04,51,S_WC_Ca_SR_Sn_WF,Snow_WinterClothing_Camels_SunRising_Snowman_Fire.webp,5,1,Snow,WinterClothing,Camels,SunRising,Snowman,Fire,2026-07-27T13:53:00.761Z
66e42249ff3f1be588b9bf04,52,NS_SC_Pe_SR_Sa_NF,NoSnow_SummerClothing_Penguins_SunRising_Sandcastle_NoFire.webp,5,1,NoSnow,SummerClothing,Penguins,SunRising,Sandcastle,NoFire,2026-07-27T13:53:08.263Z
66e42249ff3f1be588b9bf04,53,S_SC_Pe_SR_Sn_NF,Snow_SummerClothing_Penguins_SunRising_Snowman_NoFire.webp,2,4,Snow,SummerClothing,Penguins,SunRising,Snowman,NoFire,2026-07-27T13:53:44.838Z
66e42249ff3f1be588b9bf04,54,NS_SC_Pe_SR_Sn_NF,NoSnow_SummerClothing_Penguins_SunRising_Snowman_NoFire.webp,2,4,NoSnow,SummerClothing,Penguins,SunRising,Snowman,NoFire,2026-07-27T13:53:54.124Z
66e42249ff3f1be588b9bf04,55,S_WC_Ca_SR_Sa_WF,Snow_WinterClothing_Camels_SunRising_Sandcastle_Fire.webp,6,4,Snow,WinterClothing,Camels,SunRising,Sandcastle,Fire,2026-07-27T13:54:02.760Z
66e42249ff3f1be588b9bf04,56,NS_WC_Ca_SM_Sa_NF,NoSnow_WinterClothing_Camels_SunMid_Sandcastle_NoFire.webp,6,4,NoSnow,WinterClothing,Camels,SunMid,Sandcastle,NoFire,2026-07-27T13:54:14.062Z
66e42249ff3f1be588b9bf04,57,NS_SC_Ca_SM_Sn_NF,NoSnow_SummerClothing_Camels_SunMid_Snowman_NoFire.webp,5,1,NoSnow,SummerClothing,Camels,SunMid,Snowman,NoFire,2026-07-27T13:54:31.684Z
66e42249ff3f1be588b9bf04,58,S_SC_Ca_SR_Sa_WF,Snow_SummerClothing_Camels_SunRising_Sandcastle_Fire.webp,6,4,Snow,SummerClothing,Camels,SunRising,Sandcastle,Fire,2026-07-27T13:54:47.838Z
66e42249ff3f1be588b9bf04,59,S_SC_Pe_SM_Sa_NF,Snow_SummerClothing_Penguins_SunMid_Sandcastle_NoFire.webp,5,1,Snow,SummerClothing,Penguins,SunMid,Sandcastle,NoFire,2026-07-27T13:54:56.974Z
66e42249ff3f1be588b9bf04,60,NS_SC_Ca_SR_Sa_NF,NoSnow_SummerClothing_Camels_SunRising_Sandcastle_NoFire.webp,5,4,NoSnow,SummerClothing,Camels,SunRising,Sandcastle,NoFire,2026-07-27T13:55:06.426Z
66e42249ff3f1be588b9bf04,61,S_SC_Pe_SM_Sn_NF,Snow_SummerClothing_Penguins_SunMid_Snowman_NoFire.webp,2,4,Snow,SummerClothing,Penguins,SunMid,Snowman,NoFire,2026-07-27T13:55:14.844Z
66e42249ff3f1be588b9bf04,62,S_WC_Pe_SM_Sa_NF,Snow_WinterClothing_Penguins_SunMid_Sandcastle_NoFire.webp,5,1,Snow,WinterClothing,Penguins,SunMid,Sandcastle,NoFire,2026-07-27T13:55:30.431Z
66e42249ff3f1be588b9bf04,63,NS_SC_Ca_SM_Sa_WF,NoSnow_SummerClothing_Camels_SunMid_Sandcastle_Fire.webp,6,4,NoSnow,SummerClothing,Camels,SunMid,Sandcastle,Fire,2026-07-27T13:55:38.400Z
6a055bd0cc3e5dfe595a28d5,0,S_WC_Ca_SM_Sn_WF,Snow_WinterClothing_Camels_SunMid_Snowman_Fire.webp,1,1,Snow,WinterClothing,Camels,SunMid,Snowman,Fire,2026-07-27T13:45:25.609Z
6a055bd0cc3e5dfe595a28d5,1,NS_SC_Ca_SM_Sn_WF,NoSnow_SummerClothing_Camels_SunMid_Snowman_Fire.webp,5,1,NoSnow,SummerClothing,Camels,SunMid,Snowman,Fire,2026-07-27T13:46:00.655Z
6a055bd0cc3e5dfe595a28d5,2,NS_SC_Ca_SR_Sa_NF,NoSnow_SummerClothing_Camels_SunRising_Sandcastle_NoFire.webp,6,6,NoSnow,SummerClothing,Camels,SunRising,Sandcastle,NoFire,2026-07-27T13:46:15.792Z
6a055bd0cc3e5dfe595a28d5,3,NS_WC_Ca_SM_Sa_NF,NoSnow_WinterClothing_Camels_SunMid_Sandcastle_NoFire.webp,4,3,NoSnow,WinterClothing,Camels,SunMid,Sandcastle,NoFire,2026-07-27T13:46:32.887Z
6a055bd0cc3e5dfe595a28d5,4,NS_SC_Ca_SM_Sa_NF,NoSnow_SummerClothing_Camels_SunMid_Sandcastle_NoFire.webp,5,6,NoSnow,SummerClothing,Camels,SunMid,Sandcastle,NoFire,2026-07-27T13:46:50.649Z
6a055bd0cc3e5dfe595a28d5,5,NS_SC_Pe_SM_Sn_WF,NoSnow_SummerClothing_Penguins_SunMid_Snowman_Fire.webp,5,1,NoSnow,SummerClothing,Penguins,SunMid,Snowman,Fire,2026-07-27T13:47:15.789Z
6a055bd0cc3e5dfe595a28d5,6,NS_WC_Ca_SM_Sn_NF,NoSnow_WinterClothing_Camels_SunMid_Snowman_NoFire.webp,3,2,NoSnow,WinterClothing,Camels,SunMid,Snowman,NoFire,2026-07-27T13:47:33.757Z
6a055bd0cc3e5dfe595a28d5,7,S_WC_Pe_SM_Sa_WF,Snow_WinterClothing_Penguins_SunMid_Sandcastle_Fire.webp,3,6,Snow,WinterClothing,Penguins,SunMid,Sandcastle,Fire,2026-07-27T13:48:05.557Z
6a055bd0cc3e5dfe595a28d5,8,NS_SC_Pe_SR_Sa_NF,NoSnow_SummerClothing_Penguins_SunRising_Sandcastle_NoFire.webp,5,2,NoSnow,SummerClothing,Penguins,SunRising,Sandcastle,NoFire,2026-07-27T13:48:18.881Z
6a055bd0cc3e5dfe595a28d5,9,S_SC_Ca_SR_Sn_WF,Snow_SummerClothing_Camels_SunRising_Snowman_Fire.webp,5,1,Snow,SummerClothing,Camels,SunRising,Snowman,Fire,2026-07-27T13:48:43.251Z
6a055bd0cc3e5dfe595a28d5,10,NS_WC_Pe_SR_Sa_WF,NoSnow_WinterClothing_Penguins_SunRising_Sandcastle_Fire.webp,2,6,NoSnow,WinterClothing,Penguins,SunRising,Sandcastle,Fire,2026-07-27T13:48:57.100Z
6a055bd0cc3e5dfe595a28d5,11,S_SC_Pe_SR_Sn_NF,Snow_SummerClothing_Penguins_SunRising_Snowman_NoFire.webp,5,1,Snow,SummerClothing,Penguins,SunRising,Snowman,NoFire,2026-07-27T13:49:28.686Z
6a055bd0cc3e5dfe595a28d5,12,S_SC_Pe_SM_Sa_NF,Snow_SummerClothing_Penguins_SunMid_Sandcastle_NoFire.webp,5,1,Snow,SummerClothing,Penguins,SunMid,Sandcastle,NoFire,2026-07-27T13:49:47.518Z
6a055bd0cc3e5dfe595a28d5,13,S_SC_Ca_SM_Sn_WF,Snow_SummerClothing_Camels_SunMid_Snowman_Fire.webp,5,2,Snow,SummerClothing,Camels,SunMid,Snowman,Fire,2026-07-27T13:50:07.717Z
6a055bd0cc3e5dfe595a28d5,14,S_SC_Pe_SM_Sn_NF,Snow_SummerClothing_Penguins_SunMid_Snowman_NoFire.webp,5,2,Snow,SummerClothing,Penguins,SunMid,Snowman,NoFire,2026-07-27T13:50:23.700Z
6a055bd0cc3e5dfe595a28d5,15,S_WC_Pe_SR_Sa_NF,Snow_WinterClothing_Penguins_SunRising_Sandcastle_NoFire.webp,2,6,Snow,WinterClothing,Penguins,SunRising,Sandcastle,NoFire,2026-07-27T13:50:40.979Z
6a055bd0cc3e5dfe595a28d5,16,S_WC_Ca_SM_Sa_NF,Snow_WinterClothing_Camels_SunMid_Sandcastle_NoFire.webp,3,2,Snow,WinterClothing,Camels,SunMid,Sandcastle,NoFire,2026-07-27T13:51:03.213Z
6a055bd0cc3e5dfe595a28d5,17,S_SC_Pe_SR_Sa_NF,Snow_SummerClothing_Penguins_SunRising_Sandcastle_NoFire.webp,5,6,Snow,SummerClothing,Penguins,SunRising,Sandcastle,NoFire,2026-07-27T13:51:53.221Z
6a055bd0cc3e5dfe595a28d5,18,NS_SC_Pe_SR_Sa_WF,NoSnow_SummerClothing_Penguins_SunRising_Sandcastle_Fire.webp,5,6,NoSnow,SummerClothing,Penguins,SunRising,Sandcastle,Fire,2026-07-27T13:52:08.365Z
6a055bd0cc3e5dfe595a28d5,19,S_SC_Pe_SR_Sn_WF,Snow_SummerClothing_Penguins_SunRising_Snowman_Fire.webp,5,3,Snow,SummerClothing,Penguins,SunRising,Snowman,Fire,2026-07-27T13:52:34.412Z
6a055bd0cc3e5dfe595a28d5,20,S_WC_Ca_SR_Sa_WF,Snow_WinterClothing_Camels_SunRising_Sandcastle_Fire.webp,3,3,Snow,WinterClothing,Camels,SunRising,Sandcastle,Fire,2026-07-27T13:52:48.456Z
6a055bd0cc3e5dfe595a28d5,21,NS_WC_Pe_SR_Sn_WF,NoSnow_WinterClothing_Penguins_SunRising_Snowman_Fire.webp,2,7,NoSnow,WinterClothing,Penguins,SunRising,Snowman,Fire,2026-07-27T13:52:57.517Z
6a055bd0cc3e5dfe595a28d5,22,NS_WC_Ca_SR_Sa_NF,NoSnow_WinterClothing_Camels_SunRising_Sandcastle_NoFire.webp,3,2,NoSnow,WinterClothing,Camels,SunRising,Sandcastle,NoFire,2026-07-27T13:53:25.747Z
6a055bd0cc3e5dfe595a28d5,23,NS_WC_Pe_SR_Sn_NF,NoSnow_WinterClothing_Penguins_SunRising_Snowman_NoFire.webp,2,1,NoSnow,WinterClothing,Penguins,SunRising,Snowman,NoFire,2026-07-27T13:53:49.275Z
6a055bd0cc3e5dfe595a28d5,24,S_WC_Pe_SR_Sn_WF,Snow_WinterClothing_Penguins_SunRising_Snowman_Fire.webp,2,6,Snow,WinterClothing,Penguins,SunRising,Snowman,Fire,2026-07-27T13:54:01.826Z
6a055bd0cc3e5dfe595a28d5,25,NS_WC_Ca_SR_Sn_NF,NoSnow_WinterClothing_Camels_SunRising_Snowman_NoFire.webp,3,1,NoSnow,WinterClothing,Camels,SunRising,Snowman,NoFire,2026-07-27T13:54:14.349Z
6a055bd0cc3e5dfe595a28d5,26,NS_WC_Pe_SM_Sn_NF,NoSnow_WinterClothing_Penguins_SunMid_Snowman_NoFire.webp,2,7,NoSnow,WinterClothing,Penguins,SunMid,Snowman,NoFire,2026-07-27T13:54:23.320Z
6a055bd0cc3e5dfe595a28d5,27,S_WC_Pe_SM_Sn_WF,Snow_WinterClothing_Penguins_SunMid_Snowman_Fire.webp,2,7,Snow,WinterClothing,Penguins,SunMid,Snowman,Fire,2026-07-27T13:54:30.791Z
6a055bd0cc3e5dfe595a28d5,28,S_SC_Ca_SR_Sn_NF,Snow_SummerClothing_Camels_SunRising_Snowman_NoFire.webp,4,1,Snow,SummerClothing,Camels,SunRising,Snowman,NoFire,2026-07-27T13:54:48.198Z
6a055bd0cc3e5dfe595a28d5,29,NS_WC_Ca_SM_Sa_WF,NoSnow_WinterClothing_Camels_SunMid_Sandcastle_Fire.webp,3,5,NoSnow,WinterClothing,Camels,SunMid,Sandcastle,Fire,2026-07-27T13:55:31.808Z
6a055bd0cc3e5dfe595a28d5,30,NS_WC_Pe_SM_Sa_WF,NoSnow_WinterClothing_Penguins_SunMid_Sandcastle_Fire.webp,3,6,NoSnow,WinterClothing,Penguins,SunMid,Sandcastle,Fire,2026-07-27T13:55:52.202Z
6a055bd0cc3e5dfe595a28d5,31,NS_SC_Pe_SM_Sa_WF,NoSnow_SummerClothing_Penguins_SunMid_Sandcastle_Fire.webp,5,3,NoSnow,SummerClothing,Penguins,SunMid,Sandcastle,Fire,2026-07-27T13:56:16.262Z
6a055bd0cc3e5dfe595a28d5,32,S_SC_Ca_SM_Sa_WF,Snow_SummerClothing_Camels_SunMid_Sandcastle_Fire.webp,5,5,Snow,SummerClothing,Camels,SunMid,Sandcastle,Fire,2026-07-27T13:56:39.694Z
6a055bd0cc3e5dfe595a28d5,33,NS_SC_Ca_SR_Sn_WF,NoSnow_SummerClothing_Camels_SunRising_Snowman_Fire.webp,5,2,NoSnow,SummerClothing,Camels,SunRising,Snowman,Fire,2026-07-27T13:56:53.241Z
6a055bd0cc3e5dfe595a28d5,34,S_SC_Ca_SR_Sa_NF,Snow_SummerClothing_Camels_SunRising_Sandcastle_NoFire.webp,6,7,Snow,SummerClothing,Camels,SunRising,Sandcastle,NoFire,2026-07-27T13:57:02.736Z
6a055bd0cc3e5dfe595a28d5,35,S_WC_Ca_SM_Sn_NF,Snow_WinterClothing_Camels_SunMid_Snowman_NoFire.webp,3,1,Snow,WinterClothing,Camels,SunMid,Snowman,NoFire,2026-07-27T13:57:17.494Z
6a055bd0cc3e5dfe595a28d5,36,NS_SC_Pe_SM_Sn_NF,NoSnow_SummerClothing_Penguins_SunMid_Snowman_NoFire.webp,5,2,NoSnow,SummerClothing,Penguins,SunMid,Snowman,NoFire,2026-07-27T13:57:31.497Z
6a055bd0cc3e5dfe595a28d5,37,NS_WC_Ca_SR_Sn_WF,NoSnow_WinterClothing_Camels_SunRising_Snowman_Fire.webp,3,4,NoSnow,WinterClothing,Camels,SunRising,Snowman,Fire,2026-07-27T13:59:25.150Z
6a055bd0cc3e5dfe595a28d5,38,NS_WC_Ca_SM_Sn_WF,NoSnow_WinterClothing_Camels_SunMid_Snowman_Fire.webp,3,4,NoSnow,WinterClothing,Camels,SunMid,Snowman,Fire,2026-07-27T13:59:33.255Z
6a055bd0cc3e5dfe595a28d5,39,S_WC_Ca_SR_Sn_NF,Snow_WinterClothing_Camels_SunRising_Snowman_NoFire.webp,2,2,Snow,WinterClothing,Camels,SunRising,Snowman,NoFire,2026-07-27T13:59:46.204Z
6a055bd0cc3e5dfe595a28d5,40,S_SC_Pe_SM_Sn_WF,Snow_SummerClothing_Penguins_SunMid_Snowman_Fire.webp,5,3,Snow,SummerClothing,Penguins,SunMid,Snowman,Fire,2026-07-27T14:00:06.578Z
6a055bd0cc3e5dfe595a28d5,41,S_WC_Ca_SM_Sa_WF,Snow_WinterClothing_Camels_SunMid_Sandcastle_Fire.webp,3,2,Snow,WinterClothing,Camels,SunMid,Sandcastle,Fire,2026-07-27T14:00:17.349Z
6a055bd0cc3e5dfe595a28d5,42,NS_WC_Pe_SM_Sn_WF,NoSnow_WinterClothing_Penguins_SunMid_Snowman_Fire.webp,1,7,NoSnow,WinterClothing,Penguins,SunMid,Snowman,Fire,2026-07-27T14:00:42.227Z
6a055bd0cc3e5dfe595a28d5,43,S_WC_Pe_SR_Sa_WF,Snow_WinterClothing_Penguins_SunRising_Sandcastle_Fire.webp,2,7,Snow,WinterClothing,Penguins,SunRising,Sandcastle,Fire,2026-07-27T14:00:52.589Z
6a055bd0cc3e5dfe595a28d5,44,NS_SC_Pe_SM_Sa_NF,NoSnow_SummerClothing_Penguins_SunMid_Sandcastle_NoFire.webp,5,2,NoSnow,SummerClothing,Penguins,SunMid,Sandcastle,NoFire,2026-07-27T14:01:04.266Z
6a055bd0cc3e5dfe595a28d5,45,S_SC_Pe_SR_Sa_WF,Snow_SummerClothing_Penguins_SunRising_Sandcastle_Fire.webp,5,2,Snow,SummerClothing,Penguins,SunRising,Sandcastle,Fire,2026-07-27T14:01:19.050Z
6a055bd0cc3e5dfe595a28d5,46,NS_WC_Ca_SR_Sa_WF,NoSnow_WinterClothing_Camels_SunRising_Sandcastle_Fire.webp,3,3,NoSnow,WinterClothing,Camels,SunRising,Sandcastle,Fire,2026-07-27T14:01:27.584Z
6a055bd0cc3e5dfe595a28d5,47,NS_SC_Ca_SR_Sn_NF,NoSnow_SummerClothing_Camels_SunRising_Snowman_NoFire.webp,6,2,NoSnow,SummerClothing,Camels,SunRising,Snowman,NoFire,2026-07-27T14:01:39.762Z
6a055bd0cc3e5dfe595a28d5,48,NS_SC_Ca_SM_Sa_WF,NoSnow_SummerClothing_Camels_SunMid_Sandcastle_Fire.webp,6,7,NoSnow,SummerClothing,Camels,SunMid,Sandcastle,Fire,2026-07-27T14:01:51.033Z
6a055bd0cc3e5dfe595a28d5,49,S_WC_Pe_SM_Sa_NF,Snow_WinterClothing_Penguins_SunMid_Sandcastle_NoFire.webp,1,7,Snow,WinterClothing,Penguins,SunMid,Sandcastle,NoFire,2026-07-27T14:02:02.099Z
6a055bd0cc3e5dfe595a28d5,50,NS_SC_Ca_SM_Sn_NF,NoSnow_SummerClothing_Camels_SunMid_Snowman_NoFire.webp,5,2,NoSnow,SummerClothing,Camels,SunMid,Snowman,NoFire,2026-07-27T14:02:09.595Z
6a055bd0cc3e5dfe595a28d5,51,S_WC_Pe_SR_Sn_NF,Snow_WinterClothing_Penguins_SunRising_Snowman_NoFire.webp,1,7,Snow,WinterClothing,Penguins,SunRising,Snowman,NoFire,2026-07-27T14:02:17.476Z
6a055bd0cc3e5dfe595a28d5,52,NS_SC_Pe_SR_Sn_WF,NoSnow_SummerClothing_Penguins_SunRising_Snowman_Fire.webp,5,1,NoSnow,SummerClothing,Penguins,SunRising,Snowman,Fire,2026-07-27T14:02:26.491Z
6a055bd0cc3e5dfe595a28d5,53,NS_WC_Pe_SR_Sa_NF,NoSnow_WinterClothing_Penguins_SunRising_Sandcastle_NoFire.webp,2,6,NoSnow,WinterClothing,Penguins,SunRising,Sandcastle,NoFire,2026-07-27T14:02:38.762Z
6a055bd0cc3e5dfe595a28d5,54,NS_WC_Pe_SM_Sa_NF,NoSnow_WinterClothing_Penguins_SunMid_Sandcastle_NoFire.webp,2,7,NoSnow,WinterClothing,Penguins,SunMid,Sandcastle,NoFire,2026-07-27T14:02:45.660Z
6a055bd0cc3e5dfe595a28d5,55,NS_SC_Pe_SR_Sn_NF,NoSnow_SummerClothing_Penguins_SunRising_Snowman_NoFire.webp,5,3,NoSnow,SummerClothing,Penguins,SunRising,Snowman,NoFire,2026-07-27T14:03:03.982Z
6a055bd0cc3e5dfe595a28d5,56,S_WC_Ca_SR_Sa_NF,Snow_WinterClothing_Camels_SunRising_Sandcastle_NoFire.webp,3,1,Snow,WinterClothing,Camels,SunRising,Sandcastle,NoFire,2026-07-27T14:03:15.982Z
6a055bd0cc3e5dfe595a28d5,57,S_SC_Pe_SM_Sa_WF,Snow_SummerClothing_Penguins_SunMid_Sandcastle_Fire.webp,5,2,Snow,SummerClothing,Penguins,SunMid,Sandcastle,Fire,2026-07-27T14:03:27.491Z
6a055bd0cc3e5dfe595a28d5,58,NS_SC_Ca_SR_Sa_WF,NoSnow_SummerClothing_Camels_SunRising_Sandcastle_Fire.webp,6,7,NoSnow,SummerClothing,Camels,SunRising,Sandcastle,Fire,2026-07-27T14:03:37.418Z
6a055bd0cc3e5dfe595a28d5,59,S_SC_Ca_SM_Sn_NF,Snow_SummerClothing_Camels_SunMid_Snowman_NoFire.webp,5,2,Snow,SummerClothing,Camels,SunMid,Snowman,NoFire,2026-07-27T14:03:49.003Z
6a055bd0cc3e5dfe595a28d5,60,S_SC_Ca_SR_Sa_WF,Snow_SummerClothing_Camels_SunRising_Sandcastle_Fire.webp,7,7,Snow,SummerClothing,Camels,SunRising,Sandcastle,Fire,2026-07-27T14:03:57.424Z
6a055bd0cc3e5dfe595a28d5,61,S_SC_Ca_SM_Sa_NF,Snow_SummerClothing_Camels_SunMid_Sandcastle_NoFire.webp,5,4,Snow,SummerClothing,Camels,SunMid,Sandcastle,NoFire,2026-07-27T14:04:11.988Z
6a055bd0cc3e5dfe595a28d5,62,S_WC_Pe_SM_Sn_NF,Snow_WinterClothing_Penguins_SunMid_Snowman_NoFire.webp,1,7,Snow,WinterClothing,Penguins,SunMid,Snowman,NoFire,2026-07-27T14:04:19.433Z
6a055bd0cc3e5dfe595a28d5,63,S_WC_Ca_SR_Sn_WF,Snow_WinterClothing_Camels_SunRising_Snowman_Fire.webp,3,1,Snow,WinterClothing,Camels,SunRising,Snowman,Fire,2026-07-27T14:04:31.267Z
65cbbbcc5c1ef8b850c91eb5,0,S_SC_Pe_SM_Sa_NF,Snow_SummerClothing_Penguins_SunMid_Sandcastle_NoFire.webp,1,1,Snow,SummerClothing,Penguins,SunMid,Sandcastle,NoFire,2026-07-27T13:41:52.707Z
65cbbbcc5c1ef8b850c91eb5,1,S_SC_Pe_SM_Sn_NF,Snow_SummerClothing_Penguins_SunMid_Snowman_NoFire.webp,1,1,Snow,SummerClothing,Penguins,SunMid,Snowman,NoFire,2026-07-27T13:42:06.526Z
65cbbbcc5c1ef8b850c91eb5,2,NS_SC_Pe_SR_Sa_NF,NoSnow_SummerClothing_Penguins_SunRising_Sandcastle_NoFire.webp,5,2,NoSnow,SummerClothing,Penguins,SunRising,Sandcastle,NoFire,2026-07-27T13:42:24.926Z
65cbbbcc5c1ef8b850c91eb5,3,NS_WC_Ca_SR_Sn_WF,NoSnow_WinterClothing_Camels_SunRising_Snowman_Fire.webp,5,2,NoSnow,WinterClothing,Camels,SunRising,Snowman,Fire,2026-07-27T13:42:38.581Z
65cbbbcc5c1ef8b850c91eb5,4,S_WC_Ca_SR_Sn_NF,Snow_WinterClothing_Camels_SunRising_Snowman_NoFire.webp,5,2,Snow,WinterClothing,Camels,SunRising,Snowman,NoFire,2026-07-27T13:42:50.147Z
65cbbbcc5c1ef8b850c91eb5,5,S_SC_Ca_SM_Sa_WF,Snow_SummerClothing_Camels_SunMid_Sandcastle_Fire.webp,5,5,Snow,SummerClothing,Camels,SunMid,Sandcastle,Fire,2026-07-27T13:43:12.807Z
65cbbbcc5c1ef8b850c91eb5,6,S_SC_Pe_SR_Sa_NF,Snow_SummerClothing_Penguins_SunRising_Sandcastle_NoFire.webp,4,3,Snow,SummerClothing,Penguins,SunRising,Sandcastle,NoFire,2026-07-27T13:43:23.204Z
65cbbbcc5c1ef8b850c91eb5,7,NS_WC_Pe_SM_Sn_NF,NoSnow_WinterClothing_Penguins_SunMid_Snowman_NoFire.webp,6,3,NoSnow,WinterClothing,Penguins,SunMid,Snowman,NoFire,2026-07-27T13:43:36.526Z
65cbbbcc5c1ef8b850c91eb5,8,S_WC_Ca_SR_Sa_WF,Snow_WinterClothing_Camels_SunRising_Sandcastle_Fire.webp,5,4,Snow,WinterClothing,Camels,SunRising,Sandcastle,Fire,2026-07-27T13:43:54.312Z
65cbbbcc5c1ef8b850c91eb5,9,NS_SC_Ca_SM_Sa_NF,NoSnow_SummerClothing_Camels_SunMid_Sandcastle_NoFire.webp,5,5,NoSnow,SummerClothing,Camels,SunMid,Sandcastle,NoFire,2026-07-27T13:44:04.446Z
65cbbbcc5c1ef8b850c91eb5,10,S_WC_Ca_SM_Sn_NF,Snow_WinterClothing_Camels_SunMid_Snowman_NoFire.webp,6,2,Snow,WinterClothing,Camels,SunMid,Snowman,NoFire,2026-07-27T13:44:24.240Z
65cbbbcc5c1ef8b850c91eb5,11,S_WC_Pe_SR_Sa_WF,Snow_WinterClothing_Penguins_SunRising_Sandcastle_Fire.webp,5,3,Snow,WinterClothing,Penguins,SunRising,Sandcastle,Fire,2026-07-27T13:44:36.924Z
65cbbbcc5c1ef8b850c91eb5,12,NS_WC_Pe_SM_Sa_WF,NoSnow_WinterClothing_Penguins_SunMid_Sandcastle_Fire.webp,6,2,NoSnow,WinterClothing,Penguins,SunMid,Sandcastle,Fire,2026-07-27T13:44:45.695Z
65cbbbcc5c1ef8b850c91eb5,13,S_WC_Pe_SM_Sa_WF,Snow_WinterClothing_Penguins_SunMid_Sandcastle_Fire.webp,3,2,Snow,WinterClothing,Penguins,SunMid,Sandcastle,Fire,2026-07-27T13:45:05.515Z
65cbbbcc5c1ef8b850c91eb5,14,S_SC_Pe_SR_Sa_WF,Snow_SummerClothing_Penguins_SunRising_Sandcastle_Fire.webp,3,3,Snow,SummerClothing,Penguins,SunRising,Sandcastle,Fire,2026-07-27T13:45:21.383Z
65cbbbcc5c1ef8b850c91eb5,15,NS_SC_Ca_SM_Sa_WF,NoSnow_SummerClothing_Camels_SunMid_Sandcastle_Fire.webp,5,4,NoSnow,SummerClothing,Camels,SunMid,Sandcastle,Fire,2026-07-27T13:45:33.127Z
65cbbbcc5c1ef8b850c91eb5,16,S_SC_Ca_SR_Sa_WF,Snow_SummerClothing_Camels_SunRising_Sandcastle_Fire.webp,2,2,Snow,SummerClothing,Camels,SunRising,Sandcastle,Fire,2026-07-27T13:45:43.485Z
65cbbbcc5c1ef8b850c91eb5,17,S_SC_Pe_SM_Sa_WF,Snow_SummerClothing_Penguins_SunMid_Sandcastle_Fire.webp,3,3,Snow,SummerClothing,Penguins,SunMid,Sandcastle,Fire,2026-07-27T13:45:57.266Z
65cbbbcc5c1ef8b850c91eb5,18,S_SC_Ca_SM_Sa_NF,Snow_SummerClothing_Camels_SunMid_Sandcastle_NoFire.webp,3,2,Snow,SummerClothing,Camels,SunMid,Sandcastle,NoFire,2026-07-27T13:46:12.422Z
65cbbbcc5c1ef8b850c91eb5,19,NS_WC_Ca_SR_Sa_WF,NoSnow_WinterClothing_Camels_SunRising_Sandcastle_Fire.webp,4,5,NoSnow,WinterClothing,Camels,SunRising,Sandcastle,Fire,2026-07-27T13:46:33.308Z
65cbbbcc5c1ef8b850c91eb5,20,NS_SC_Pe_SM_Sa_NF,NoSnow_SummerClothing_Penguins_SunMid_Sandcastle_NoFire.webp,5,3,NoSnow,SummerClothing,Penguins,SunMid,Sandcastle,NoFire,2026-07-27T13:46:47.144Z
65cbbbcc5c1ef8b850c91eb5,21,NS_SC_Ca_SR_Sa_NF,NoSnow_SummerClothing_Camels_SunRising_Sandcastle_NoFire.webp,5,5,NoSnow,SummerClothing,Camels,SunRising,Sandcastle,NoFire,2026-07-27T13:46:57.043Z
65cbbbcc5c1ef8b850c91eb5,22,NS_WC_Pe_SR_Sa_NF,NoSnow_WinterClothing_Penguins_SunRising_Sandcastle_NoFire.webp,5,3,NoSnow,WinterClothing,Penguins,SunRising,Sandcastle,NoFire,2026-07-27T13:47:09.902Z
65cbbbcc5c1ef8b850c91eb5,23,S_WC_Pe_SR_Sn_NF,Snow_WinterClothing_Penguins_SunRising_Snowman_NoFire.webp,3,5,Snow,WinterClothing,Penguins,SunRising,Snowman,NoFire,2026-07-27T13:47:26.333Z
65cbbbcc5c1ef8b850c91eb5,24,NS_SC_Pe_SM_Sn_NF,NoSnow_SummerClothing_Penguins_SunMid_Snowman_NoFire.webp,5,2,NoSnow,SummerClothing,Penguins,SunMid,Snowman,NoFire,2026-07-27T13:47:35.230Z
65cbbbcc5c1ef8b850c91eb5,25,S_WC_Pe_SR_Sa_NF,Snow_WinterClothing_Penguins_SunRising_Sandcastle_NoFire.webp,4,3,Snow,WinterClothing,Penguins,SunRising,Sandcastle,NoFire,2026-07-27T13:47:44.103Z
65cbbbcc5c1ef8b850c91eb5,26,NS_WC_Ca_SM_Sa_NF,NoSnow_WinterClothing_Camels_SunMid_Sandcastle_NoFire.webp,6,5,NoSnow,WinterClothing,Camels,SunMid,Sandcastle,NoFire,2026-07-27T13:47:58.656Z
65cbbbcc5c1ef8b850c91eb5,27,NS_WC_Pe_SM_Sa_NF,NoSnow_WinterClothing_Penguins_SunMid_Sandcastle_NoFire.webp,6,3,NoSnow,WinterClothing,Penguins,SunMid,Sandcastle,NoFire,2026-07-27T13:48:09.913Z
65cbbbcc5c1ef8b850c91eb5,28,NS_SC_Pe_SM_Sn_WF,NoSnow_SummerClothing_Penguins_SunMid_Snowman_Fire.webp,5,2,NoSnow,SummerClothing,Penguins,SunMid,Snowman,Fire,2026-07-27T13:48:23.297Z
65cbbbcc5c1ef8b850c91eb5,29,NS_SC_Ca_SM_Sn_NF,NoSnow_SummerClothing_Camels_SunMid_Snowman_NoFire.webp,5,3,NoSnow,SummerClothing,Camels,SunMid,Snowman,NoFire,2026-07-27T13:48:34.596Z
65cbbbcc5c1ef8b850c91eb5,30,NS_SC_Ca_SR_Sa_WF,NoSnow_SummerClothing_Camels_SunRising_Sandcastle_Fire.webp,4,6,NoSnow,SummerClothing,Camels,SunRising,Sandcastle,Fire,2026-07-27T13:48:47.009Z
65cbbbcc5c1ef8b850c91eb5,31,NS_WC_Pe_SR_Sn_NF,NoSnow_WinterClothing_Penguins_SunRising_Snowman_NoFire.webp,4,2,NoSnow,WinterClothing,Penguins,SunRising,Snowman,NoFire,2026-07-27T13:48:58.936Z
65cbbbcc5c1ef8b850c91eb5,32,NS_SC_Pe_SM_Sa_WF,NoSnow_SummerClothing_Penguins_SunMid_Sandcastle_Fire.webp,5,3,NoSnow,SummerClothing,Penguins,SunMid,Sandcastle,Fire,2026-07-27T13:49:12.562Z
65cbbbcc5c1ef8b850c91eb5,33,S_WC_Ca_SR_Sa_NF,Snow_WinterClothing_Camels_SunRising_Sandcastle_NoFire.webp,3,2,Snow,WinterClothing,Camels,SunRising,Sandcastle,NoFire,2026-07-27T13:49:22.995Z
65cbbbcc5c1ef8b850c91eb5,34,NS_WC_Ca_SM_Sn_NF,NoSnow_WinterClothing_Camels_SunMid_Snowman_NoFire.webp,6,3,NoSnow,WinterClothing,Camels,SunMid,Snowman,NoFire,2026-07-27T13:49:32.315Z
65cbbbcc5c1ef8b850c91eb5,35,S_SC_Ca_SR_Sa_NF,Snow_SummerClothing_Camels_SunRising_Sandcastle_NoFire.webp,3,3,Snow,SummerClothing,Camels,SunRising,Sandcastle,NoFire,2026-07-27T13:49:48.577Z
65cbbbcc5c1ef8b850c91eb5,36,NS_SC_Ca_SR_Sn_NF,NoSnow_SummerClothing_Camels_SunRising_Snowman_NoFire.webp,4,3,NoSnow,SummerClothing,Camels,SunRising,Snowman,NoFire,2026-07-27T13:49:58.998Z
65cbbbcc5c1ef8b850c91eb5,37,S_WC_Ca_SM_Sa_WF,Snow_WinterClothing_Camels_SunMid_Sandcastle_Fire.webp,6,6,Snow,WinterClothing,Camels,SunMid,Sandcastle,Fire,2026-07-27T13:50:09.047Z
65cbbbcc5c1ef8b850c91eb5,38,S_WC_Pe_SM_Sn_NF,Snow_WinterClothing_Penguins_SunMid_Snowman_NoFire.webp,4,3,Snow,WinterClothing,Penguins,SunMid,Snowman,NoFire,2026-07-27T13:50:19.914Z
65cbbbcc5c1ef8b850c91eb5,39,S_SC_Ca_SM_Sn_WF,Snow_SummerClothing_Camels_SunMid_Snowman_Fire.webp,2,3,Snow,SummerClothing,Camels,SunMid,Snowman,Fire,2026-07-27T13:50:35.031Z
65cbbbcc5c1ef8b850c91eb5,40,S_WC_Ca_SM_Sa_NF,Snow_WinterClothing_Camels_SunMid_Sandcastle_NoFire.webp,4,2,Snow,WinterClothing,Camels,SunMid,Sandcastle,NoFire,2026-07-27T13:50:47.575Z
65cbbbcc5c1ef8b850c91eb5,41,NS_WC_Pe_SM_Sn_WF,NoSnow_WinterClothing_Penguins_SunMid_Snowman_Fire.webp,4,2,NoSnow,WinterClothing,Penguins,SunMid,Snowman,Fire,2026-07-27T13:51:01.070Z
65cbbbcc5c1ef8b850c91eb5,42,S_SC_Pe_SM_Sn_WF,Snow_SummerClothing_Penguins_SunMid_Snowman_Fire.webp,3,5,Snow,SummerClothing,Penguins,SunMid,Snowman,Fire,2026-07-27T13:51:13.373Z
65cbbbcc5c1ef8b850c91eb5,43,S_WC_Ca_SR_Sn_WF,Snow_WinterClothing_Camels_SunRising_Snowman_Fire.webp,4,3,Snow,WinterClothing,Camels,SunRising,Snowman,Fire,2026-07-27T13:51:25.886Z
65cbbbcc5c1ef8b850c91eb5,44,NS_WC_Ca_SR_Sn_NF,NoSnow_WinterClothing_Camels_SunRising_Snowman_NoFire.webp,4,3,NoSnow,WinterClothing,Camels,SunRising,Snowman,NoFire,2026-07-27T13:51:42.977Z
65cbbbcc5c1ef8b850c91eb5,45,NS_SC_Pe_SR_Sn_WF,NoSnow_SummerClothing_Penguins_SunRising_Snowman_Fire.webp,4,3,NoSnow,SummerClothing,Penguins,SunRising,Snowman,Fire,2026-07-27T13:51:55.847Z
65cbbbcc5c1ef8b850c91eb5,46,NS_SC_Pe_SR_Sn_NF,NoSnow_SummerClothing_Penguins_SunRising_Snowman_NoFire.webp,4,2,NoSnow,SummerClothing,Penguins,SunRising,Snowman,NoFire,2026-07-27T13:52:06.236Z
65cbbbcc5c1ef8b850c91eb5,47,NS_WC_Pe_SR_Sa_WF,NoSnow_WinterClothing_Penguins_SunRising_Sandcastle_Fire.webp,5,3,NoSnow,WinterClothing,Penguins,SunRising,Sandcastle,Fire,2026-07-27T13:52:17.865Z
65cbbbcc5c1ef8b850c91eb5,48,S_WC_Pe_SM_Sa_NF,Snow_WinterClothing_Penguins_SunMid_Sandcastle_NoFire.webp,4,3,Snow,WinterClothing,Penguins,SunMid,Sandcastle,NoFire,2026-07-27T13:52:29.145Z
65cbbbcc5c1ef8b850c91eb5,49,S_SC_Ca_SM_Sn_NF,Snow_SummerClothing_Camels_SunMid_Snowman_NoFire.webp,3,3,Snow,SummerClothing,Camels,SunMid,Snowman,NoFire,2026-07-27T13:52:42.020Z
65cbbbcc5c1ef8b850c91eb5,50,NS_WC_Ca_SM_Sa_WF,NoSnow_WinterClothing_Camels_SunMid_Sandcastle_Fire.webp,6,5,NoSnow,WinterClothing,Camels,SunMid,Sandcastle,Fire,2026-07-27T13:52:52.260Z
65cbbbcc5c1ef8b850c91eb5,51,S_SC_Pe_SR_Sn_WF,Snow_SummerClothing_Penguins_SunRising_Snowman_Fire.webp,5,3,Snow,SummerClothing,Penguins,SunRising,Snowman,Fire,2026-07-27T13:53:04.209Z
65cbbbcc5c1ef8b850c91eb5,52,S_SC_Ca_SR_Sn_NF,Snow_SummerClothing_Camels_SunRising_Snowman_NoFire.webp,2,3,Snow,SummerClothing,Camels,SunRising,Snowman,NoFire,2026-07-27T13:53:13.888Z
65cbbbcc5c1ef8b850c91eb5,53,NS_WC_Pe_SR_Sn_WF,NoSnow_WinterClothing_Penguins_SunRising_Snowman_Fire.webp,4,3,NoSnow,WinterClothing,Penguins,SunRising,Snowman,Fire,2026-07-27T13:53:26.926Z
65cbbbcc5c1ef8b850c91eb5,54,NS_SC_Ca_SR_Sn_WF,NoSnow_SummerClothing_Camels_SunRising_Snowman_Fire.webp,4,3,NoSnow,SummerClothing,Camels,SunRising,Snowman,Fire,2026-07-27T13:53:39.014Z
65cbbbcc5c1ef8b850c91eb5,55,NS_SC_Pe_SR_Sa_WF,NoSnow_SummerClothing_Penguins_SunRising_Sandcastle_Fire.webp,4,3,NoSnow,SummerClothing,Penguins,SunRising,Sandcastle,Fire,2026-07-27T13:53:55.638Z
65cbbbcc5c1ef8b850c91eb5,56,NS_WC_Ca_SM_Sn_WF,NoSnow_WinterClothing_Camels_SunMid_Snowman_Fire.webp,6,3,NoSnow,WinterClothing,Camels,SunMid,Snowman,Fire,2026-07-27T13:54:05.222Z
65cbbbcc5c1ef8b850c91eb5,57,S_SC_Pe_SR_Sn_NF,Snow_SummerClothing_Penguins_SunRising_Snowman_NoFire.webp,2,5,Snow,SummerClothing,Penguins,SunRising,Snowman,NoFire,2026-07-27T13:54:16.614Z
65cbbbcc5c1ef8b850c91eb5,58,S_WC_Pe_SM_Sn_WF,Snow_WinterClothing_Penguins_SunMid_Snowman_Fire.webp,4,5,Snow,WinterClothing,Penguins,SunMid,Snowman,Fire,2026-07-27T13:54:26.144Z
65cbbbcc5c1ef8b850c91eb5,59,S_WC_Ca_SM_Sn_WF,Snow_WinterClothing_Camels_SunMid_Snowman_Fire.webp,4,3,Snow,WinterClothing,Camels,SunMid,Snowman,Fire,2026-07-27T13:54:40.761Z
65cbbbcc5c1ef8b850c91eb5,60,NS_WC_Ca_SR_Sa_NF,NoSnow_WinterClothing_Camels_SunRising_Sandcastle_NoFire.webp,4,6,NoSnow,WinterClothing,Camels,SunRising,Sandcastle,NoFire,2026-07-27T13:54:52.741Z
65cbbbcc5c1ef8b850c91eb5,61,S_WC_Pe_SR_Sn_WF,Snow_WinterClothing_Penguins_SunRising_Snowman_Fire.webp,4,6,Snow,WinterClothing,Penguins,SunRising,Snowman,Fire,2026-07-27T13:55:06.537Z
65cbbbcc5c1ef8b850c91eb5,62,S_SC_Ca_SR_Sn_WF,Snow_SummerClothing_Camels_SunRising_Snowman_Fire.webp,3,3,Snow,SummerClothing,Camels,SunRising,Snowman,Fire,2026-07-27T13:55:15.793Z
65cbbbcc5c1ef8b850c91eb5,63,NS_SC_Ca_SM_Sn_WF,NoSnow_SummerClothing_Camels_SunMid_Snowman_Fire.webp,5,3,NoSnow,SummerClothing,Camels,SunMid,Snowman,Fire,2026-07-27T13:55:23.660Z
6a33b228f4dd3410fb68e733,0,S_WC_Pe_SM_Sn_WF,Snow_WinterClothing_Penguins_SunMid_Snowman_Fire.webp,7,7,Snow,WinterClothing,Penguins,SunMid,Snowman,Fire,2026-07-27T13:41:50.163Z
6a33b228f4dd3410fb68e733,1,S_SC_Pe_SR_Sa_WF,Snow_SummerClothing_Penguins_SunRising_Sandcastle_Fire.webp,2,7,Snow,SummerClothing,Penguins,SunRising,Sandcastle,Fire,2026-07-27T13:42:08.894Z
6a33b228f4dd3410fb68e733,2,NS_SC_Pe_SR_Sa_WF,NoSnow_SummerClothing_Penguins_SunRising_Sandcastle_Fire.webp,5,6,NoSnow,SummerClothing,Penguins,SunRising,Sandcastle,Fire,2026-07-27T13:42:22.303Z
6a33b228f4dd3410fb68e733,3,S_SC_Ca_SR_Sn_WF,Snow_SummerClothing_Camels_SunRising_Snowman_Fire.webp,4,4,Snow,SummerClothing,Camels,SunRising,Snowman,Fire,2026-07-27T13:42:33.054Z
6a33b228f4dd3410fb68e733,4,NS_WC_Pe_SR_Sn_NF,NoSnow_WinterClothing_Penguins_SunRising_Snowman_NoFire.webp,1,5,NoSnow,WinterClothing,Penguins,SunRising,Snowman,NoFire,2026-07-27T13:42:50.450Z
6a33b228f4dd3410fb68e733,5,S_SC_Pe_SR_Sn_WF,Snow_SummerClothing_Penguins_SunRising_Snowman_Fire.webp,2,5,Snow,SummerClothing,Penguins,SunRising,Snowman,Fire,2026-07-27T13:43:03.430Z
6a33b228f4dd3410fb68e733,6,S_SC_Ca_SM_Sn_WF,Snow_SummerClothing_Camels_SunMid_Snowman_Fire.webp,1,6,Snow,SummerClothing,Camels,SunMid,Snowman,Fire,2026-07-27T13:43:14.262Z
6a33b228f4dd3410fb68e733,7,NS_SC_Ca_SR_Sa_WF,NoSnow_SummerClothing_Camels_SunRising_Sandcastle_Fire.webp,4,5,NoSnow,SummerClothing,Camels,SunRising,Sandcastle,Fire,2026-07-27T13:43:25.310Z
6a33b228f4dd3410fb68e733,8,NS_WC_Pe_SR_Sa_WF,NoSnow_WinterClothing_Penguins_SunRising_Sandcastle_Fire.webp,4,5,NoSnow,WinterClothing,Penguins,SunRising,Sandcastle,Fire,2026-07-27T13:43:38.790Z
6a33b228f4dd3410fb68e733,9,NS_WC_Ca_SR_Sn_NF,NoSnow_WinterClothing_Camels_SunRising_Snowman_NoFire.webp,1,6,NoSnow,WinterClothing,Camels,SunRising,Snowman,NoFire,2026-07-27T13:43:53.446Z
6a33b228f4dd3410fb68e733,10,S_SC_Ca_SR_Sa_NF,Snow_SummerClothing_Camels_SunRising_Sandcastle_NoFire.webp,3,5,Snow,SummerClothing,Camels,SunRising,Sandcastle,NoFire,2026-07-27T13:44:05.942Z
6a33b228f4dd3410fb68e733,11,NS_SC_Ca_SR_Sn_NF,NoSnow_SummerClothing_Camels_SunRising_Snowman_NoFire.webp,1,5,NoSnow,SummerClothing,Camels,SunRising,Snowman,NoFire,2026-07-27T13:44:17.050Z
6a33b228f4dd3410fb68e733,12,NS_WC_Ca_SM_Sa_WF,NoSnow_WinterClothing_Camels_SunMid_Sandcastle_Fire.webp,1,6,NoSnow,WinterClothing,Camels,SunMid,Sandcastle,Fire,2026-07-27T13:44:30.747Z
6a33b228f4dd3410fb68e733,13,S_SC_Pe_SM_Sn_NF,Snow_SummerClothing_Penguins_SunMid_Snowman_NoFire.webp,1,5,Snow,SummerClothing,Penguins,SunMid,Snowman,NoFire,2026-07-27T13:44:41.463Z
6a33b228f4dd3410fb68e733,14,S_WC_Ca_SM_Sa_WF,Snow_WinterClothing_Camels_SunMid_Sandcastle_Fire.webp,2,6,Snow,WinterClothing,Camels,SunMid,Sandcastle,Fire,2026-07-27T13:44:49.842Z
6a33b228f4dd3410fb68e733,15,NS_WC_Ca_SM_Sa_NF,NoSnow_WinterClothing_Camels_SunMid_Sandcastle_NoFire.webp,1,5,NoSnow,WinterClothing,Camels,SunMid,Sandcastle,NoFire,2026-07-27T13:45:00.274Z
6a33b228f4dd3410fb68e733,16,NS_SC_Pe_SR_Sn_WF,NoSnow_SummerClothing_Penguins_SunRising_Snowman_Fire.webp,1,4,NoSnow,SummerClothing,Penguins,SunRising,Snowman,Fire,2026-07-27T13:45:10.250Z
6a33b228f4dd3410fb68e733,17,NS_SC_Ca_SM_Sn_WF,NoSnow_SummerClothing_Camels_SunMid_Snowman_Fire.webp,1,5,NoSnow,SummerClothing,Camels,SunMid,Snowman,Fire,2026-07-27T13:45:20.498Z
6a33b228f4dd3410fb68e733,18,NS_WC_Pe_SR_Sn_WF,NoSnow_WinterClothing_Penguins_SunRising_Snowman_Fire.webp,4,7,NoSnow,WinterClothing,Penguins,SunRising,Snowman,Fire,2026-07-27T13:45:32.914Z
6a33b228f4dd3410fb68e733,19,S_WC_Ca_SM_Sa_NF,Snow_WinterClothing_Camels_SunMid_Sandcastle_NoFire.webp,4,6,Snow,WinterClothing,Camels,SunMid,Sandcastle,NoFire,2026-07-27T13:45:40.798Z
6a33b228f4dd3410fb68e733,20,S_SC_Pe_SM_Sa_WF,Snow_SummerClothing_Penguins_SunMid_Sandcastle_Fire.webp,5,5,Snow,SummerClothing,Penguins,SunMid,Sandcastle,Fire,2026-07-27T13:45:52.307Z
6a33b228f4dd3410fb68e733,21,S_SC_Ca_SM_Sa_NF,Snow_SummerClothing_Camels_SunMid_Sandcastle_NoFire.webp,4,5,Snow,SummerClothing,Camels,SunMid,Sandcastle,NoFire,2026-07-27T13:46:00.026Z
6a33b228f4dd3410fb68e733,22,S_SC_Pe_SM_Sn_WF,Snow_SummerClothing_Penguins_SunMid_Snowman_Fire.webp,3,5,Snow,SummerClothing,Penguins,SunMid,Snowman,Fire,2026-07-27T13:46:09.490Z
6a33b228f4dd3410fb68e733,23,NS_SC_Pe_SM_Sn_WF,NoSnow_SummerClothing_Penguins_SunMid_Snowman_Fire.webp,2,6,NoSnow,SummerClothing,Penguins,SunMid,Snowman,Fire,2026-07-27T13:46:21.578Z
6a33b228f4dd3410fb68e733,24,S_WC_Ca_SR_Sa_NF,Snow_WinterClothing_Camels_SunRising_Sandcastle_NoFire.webp,4,6,Snow,WinterClothing,Camels,SunRising,Sandcastle,NoFire,2026-07-27T13:46:31.882Z
6a33b228f4dd3410fb68e733,25,NS_SC_Pe_SM_Sn_NF,NoSnow_SummerClothing_Penguins_SunMid_Snowman_NoFire.webp,2,6,NoSnow,SummerClothing,Penguins,SunMid,Snowman,NoFire,2026-07-27T13:46:40.178Z
6a33b228f4dd3410fb68e733,26,S_SC_Ca_SM_Sa_WF,Snow_SummerClothing_Camels_SunMid_Sandcastle_Fire.webp,2,5,Snow,SummerClothing,Camels,SunMid,Sandcastle,Fire,2026-07-27T13:46:49.887Z
6a33b228f4dd3410fb68e733,27,NS_SC_Ca_SM_Sn_NF,NoSnow_SummerClothing_Camels_SunMid_Snowman_NoFire.webp,1,5,NoSnow,SummerClothing,Camels,SunMid,Snowman,NoFire,2026-07-27T13:46:59.202Z
6a33b228f4dd3410fb68e733,28,S_SC_Pe_SR_Sn_NF,Snow_SummerClothing_Penguins_SunRising_Snowman_NoFire.webp,2,5,Snow,SummerClothing,Penguins,SunRising,Snowman,NoFire,2026-07-27T13:47:06.971Z
6a33b228f4dd3410fb68e733,29,NS_WC_Ca_SR_Sa_NF,NoSnow_WinterClothing_Camels_SunRising_Sandcastle_NoFire.webp,2,6,NoSnow,WinterClothing,Camels,SunRising,Sandcastle,NoFire,2026-07-27T13:47:16.210Z
6a33b228f4dd3410fb68e733,30,S_SC_Pe_SM_Sa_NF,Snow_SummerClothing_Penguins_SunMid_Sandcastle_NoFire.webp,4,5,Snow,SummerClothing,Penguins,SunMid,Sandcastle,NoFire,2026-07-27T13:47:24.126Z
6a33b228f4dd3410fb68e733,31,S_WC_Ca_SM_Sn_NF,Snow_WinterClothing_Camels_SunMid_Snowman_NoFire.webp,1,6,Snow,WinterClothing,Camels,SunMid,Snowman,NoFire,2026-07-27T13:47:33.214Z
6a33b228f4dd3410fb68e733,32,NS_SC_Ca_SM_Sa_WF,NoSnow_SummerClothing_Camels_SunMid_Sandcastle_Fire.webp,4,6,NoSnow,SummerClothing,Camels,SunMid,Sandcastle,Fire,2026-07-27T13:47:41.526Z
6a33b228f4dd3410fb68e733,33,S_WC_Ca_SR_Sa_WF,Snow_WinterClothing_Camels_SunRising_Sandcastle_Fire.webp,3,5,Snow,WinterClothing,Camels,SunRising,Sandcastle,Fire,2026-07-27T13:47:49.790Z
6a33b228f4dd3410fb68e733,34,NS_SC_Pe_SR_Sa_NF,NoSnow_SummerClothing_Penguins_SunRising_Sandcastle_NoFire.webp,4,6,NoSnow,SummerClothing,Penguins,SunRising,Sandcastle,NoFire,2026-07-27T13:47:58.278Z
6a33b228f4dd3410fb68e733,35,S_WC_Ca_SR_Sn_NF,Snow_WinterClothing_Camels_SunRising_Snowman_NoFire.webp,4,5,Snow,WinterClothing,Camels,SunRising,Snowman,NoFire,2026-07-27T13:48:06.887Z
6a33b228f4dd3410fb68e733,36,NS_SC_Ca_SR_Sa_NF,NoSnow_SummerClothing_Camels_SunRising_Sandcastle_NoFire.webp,5,5,NoSnow,SummerClothing,Camels,SunRising,Sandcastle,NoFire,2026-07-27T13:48:21.974Z
6a33b228f4dd3410fb68e733,37,NS_WC_Ca_SR_Sa_WF,NoSnow_WinterClothing_Camels_SunRising_Sandcastle_Fire.webp,5,5,NoSnow,WinterClothing,Camels,SunRising,Sandcastle,Fire,2026-07-27T13:48:28.254Z
6a33b228f4dd3410fb68e733,38,NS_WC_Ca_SM_Sn_NF,NoSnow_WinterClothing_Camels_SunMid_Snowman_NoFire.webp,2,5,NoSnow,WinterClothing,Camels,SunMid,Snowman,NoFire,2026-07-27T13:48:38.334Z
6a33b228f4dd3410fb68e733,39,NS_WC_Pe_SM_Sn_NF,NoSnow_WinterClothing_Penguins_SunMid_Snowman_NoFire.webp,2,5,NoSnow,WinterClothing,Penguins,SunMid,Snowman,NoFire,2026-07-27T13:48:46.510Z
6a33b228f4dd3410fb68e733,40,NS_WC_Pe_SR_Sa_NF,NoSnow_WinterClothing_Penguins_SunRising_Sandcastle_NoFire.webp,4,5,NoSnow,WinterClothing,Penguins,SunRising,Sandcastle,NoFire,2026-07-27T13:48:56.254Z
6a33b228f4dd3410fb68e733,41,NS_SC_Pe_SM_Sa_NF,NoSnow_SummerClothing_Penguins_SunMid_Sandcastle_NoFire.webp,4,5,NoSnow,SummerClothing,Penguins,SunMid,Sandcastle,NoFire,2026-07-27T13:49:03.862Z
6a33b228f4dd3410fb68e733,42,S_WC_Pe_SR_Sa_WF,Snow_WinterClothing_Penguins_SunRising_Sandcastle_Fire.webp,4,5,Snow,WinterClothing,Penguins,SunRising,Sandcastle,Fire,2026-07-27T13:49:12.151Z
6a33b228f4dd3410fb68e733,43,NS_SC_Pe_SR_Sn_NF,NoSnow_SummerClothing_Penguins_SunRising_Snowman_NoFire.webp,4,5,NoSnow,SummerClothing,Penguins,SunRising,Snowman,NoFire,2026-07-27T13:49:19.218Z
6a33b228f4dd3410fb68e733,44,NS_WC_Pe_SM_Sa_WF,NoSnow_WinterClothing_Penguins_SunMid_Sandcastle_Fire.webp,4,6,NoSnow,WinterClothing,Penguins,SunMid,Sandcastle,Fire,2026-07-27T13:49:30.438Z
6a33b228f4dd3410fb68e733,45,S_SC_Ca_SR_Sn_NF,Snow_SummerClothing_Camels_SunRising_Snowman_NoFire.webp,4,6,Snow,SummerClothing,Camels,SunRising,Snowman,NoFire,2026-07-27T13:49:40.670Z
6a33b228f4dd3410fb68e733,46,S_WC_Pe_SM_Sa_NF,Snow_WinterClothing_Penguins_SunMid_Sandcastle_NoFire.webp,4,5,Snow,WinterClothing,Penguins,SunMid,Sandcastle,NoFire,2026-07-27T13:49:48.246Z
6a33b228f4dd3410fb68e733,47,S_WC_Pe_SR_Sn_NF,Snow_WinterClothing_Penguins_SunRising_Snowman_NoFire.webp,4,5,Snow,WinterClothing,Penguins,SunRising,Snowman,NoFire,2026-07-27T13:49:56.030Z
6a33b228f4dd3410fb68e733,48,S_SC_Pe_SR_Sa_NF,Snow_SummerClothing_Penguins_SunRising_Sandcastle_NoFire.webp,5,7,Snow,SummerClothing,Penguins,SunRising,Sandcastle,NoFire,2026-07-27T13:50:05.602Z
6a33b228f4dd3410fb68e733,49,NS_WC_Ca_SR_Sn_WF,NoSnow_WinterClothing_Camels_SunRising_Snowman_Fire.webp,4,5,NoSnow,WinterClothing,Camels,SunRising,Snowman,Fire,2026-07-27T13:50:13.890Z
6a33b228f4dd3410fb68e733,50,S_WC_Pe_SR_Sa_NF,Snow_WinterClothing_Penguins_SunRising_Sandcastle_NoFire.webp,4,5,Snow,WinterClothing,Penguins,SunRising,Sandcastle,NoFire,2026-07-27T13:50:23.110Z
6a33b228f4dd3410fb68e733,51,S_WC_Ca_SM_Sn_WF,Snow_WinterClothing_Camels_SunMid_Snowman_Fire.webp,4,5,Snow,WinterClothing,Camels,SunMid,Snowman,Fire,2026-07-27T13:50:30.202Z
6a33b228f4dd3410fb68e733,52,S_SC_Ca_SR_Sa_WF,Snow_SummerClothing_Camels_SunRising_Sandcastle_Fire.webp,5,5,Snow,SummerClothing,Camels,SunRising,Sandcastle,Fire,2026-07-27T13:50:40.562Z
6a33b228f4dd3410fb68e733,53,NS_SC_Pe_SM_Sa_WF,NoSnow_SummerClothing_Penguins_SunMid_Sandcastle_Fire.webp,5,5,NoSnow,SummerClothing,Penguins,SunMid,Sandcastle,Fire,2026-07-27T13:50:47.321Z
6a33b228f4dd3410fb68e733,54,S_WC_Pe_SM_Sa_WF,Snow_WinterClothing_Penguins_SunMid_Sandcastle_Fire.webp,3,5,Snow,WinterClothing,Penguins,SunMid,Sandcastle,Fire,2026-07-27T13:50:55.490Z
6a33b228f4dd3410fb68e733,55,NS_WC_Ca_SM_Sn_WF,NoSnow_WinterClothing_Camels_SunMid_Snowman_Fire.webp,4,5,NoSnow,WinterClothing,Camels,SunMid,Snowman,Fire,2026-07-27T13:51:04.809Z
6a33b228f4dd3410fb68e733,56,S_WC_Pe_SR_Sn_WF,Snow_WinterClothing_Penguins_SunRising_Snowman_Fire.webp,3,5,Snow,WinterClothing,Penguins,SunRising,Snowman,Fire,2026-07-27T13:51:12.466Z
6a33b228f4dd3410fb68e733,57,S_WC_Pe_SM_Sn_NF,Snow_WinterClothing_Penguins_SunMid_Snowman_NoFire.webp,3,5,Snow,WinterClothing,Penguins,SunMid,Snowman,NoFire,2026-07-27T13:51:21.409Z
6a33b228f4dd3410fb68e733,58,NS_SC_Ca_SM_Sa_NF,NoSnow_SummerClothing_Camels_SunMid_Sandcastle_NoFire.webp,4,5,NoSnow,SummerClothing,Camels,SunMid,Sandcastle,NoFire,2026-07-27T13:51:30.482Z
6a33b228f4dd3410fb68e733,59,S_SC_Ca_SM_Sn_NF,Snow_SummerClothing_Camels_SunMid_Snowman_NoFire.webp,4,5,Snow,SummerClothing,Camels,SunMid,Snowman,NoFire,2026-07-27T13:51:37.730Z
6a33b228f4dd3410fb68e733,60,S_WC_Ca_SR_Sn_WF,Snow_WinterClothing_Camels_SunRising_Snowman_Fire.webp,4,5,Snow,WinterClothing,Camels,SunRising,Snowman,Fire,2026-07-27T13:51:47.281Z
6a33b228f4dd3410fb68e733,61,NS_WC_Pe_SM_Sa_NF,NoSnow_WinterClothing_Penguins_SunMid_Sandcastle_NoFire.webp,4,5,NoSnow,WinterClothing,Penguins,SunMid,Sandcastle,NoFire,2026-07-27T13:51:55.321Z
6a33b228f4dd3410fb68e733,62,NS_SC_Ca_SR_Sn_WF,NoSnow_SummerClothing_Camels_SunRising_Snowman_Fire.webp,5,5,NoSnow,SummerClothing,Camels,SunRising,Snowman,Fire,2026-07-27T13:52:04.625Z
6a33b228f4dd3410fb68e733,63,NS_WC_Pe_SM_Sn_WF,NoSnow_WinterClothing_Penguins_SunMid_Snowman_Fire.webp,4,5,NoSnow,WinterClothing,Penguins,SunMid,Snowman,Fire,2026-07-27T13:52:14.234Z
5dcfaad2dd9a740c2493fc28,0,NS_WC_Pe_SR_Sa_WF,NoSnow_WinterClothing_Penguins_SunRising_Sandcastle_Fire.webp,5,2,NoSnow,WinterClothing,Penguins,SunRising,Sandcastle,Fire,2026-07-27T13:46:34.540Z
5dcfaad2dd9a740c2493fc28,1,NS_WC_Pe_SR_Sa_NF,NoSnow_WinterClothing_Penguins_SunRising_Sandcastle_NoFire.webp,6,2,NoSnow,WinterClothing,Penguins,SunRising,Sandcastle,NoFire,2026-07-27T13:47:17.555Z
5dcfaad2dd9a740c2493fc28,2,NS_WC_Ca_SR_Sn_NF,NoSnow_WinterClothing_Camels_SunRising_Snowman_NoFire.webp,5,1,NoSnow,WinterClothing,Camels,SunRising,Snowman,NoFire,2026-07-27T13:47:44.299Z
5dcfaad2dd9a740c2493fc28,3,S_WC_Pe_SR_Sn_WF,Snow_WinterClothing_Penguins_SunRising_Snowman_Fire.webp,5,1,Snow,WinterClothing,Penguins,SunRising,Snowman,Fire,2026-07-27T13:48:26.500Z
5dcfaad2dd9a740c2493fc28,4,S_SC_Pe_SM_Sa_WF,Snow_SummerClothing_Penguins_SunMid_Sandcastle_Fire.webp,5,2,Snow,SummerClothing,Penguins,SunMid,Sandcastle,Fire,2026-07-27T13:48:36.539Z
5dcfaad2dd9a740c2493fc28,5,S_SC_Pe_SR_Sn_WF,Snow_SummerClothing_Penguins_SunRising_Snowman_Fire.webp,4,2,Snow,SummerClothing,Penguins,SunRising,Snowman,Fire,2026-07-27T13:48:46.643Z
5dcfaad2dd9a740c2493fc28,6,NS_SC_Ca_SR_Sn_NF,NoSnow_SummerClothing_Camels_SunRising_Snowman_NoFire.webp,6,1,NoSnow,SummerClothing,Camels,SunRising,Snowman,NoFire,2026-07-27T13:49:20.076Z
5dcfaad2dd9a740c2493fc28,7,NS_SC_Pe_SM_Sa_WF,NoSnow_SummerClothing_Penguins_SunMid_Sandcastle_Fire.webp,6,2,NoSnow,SummerClothing,Penguins,SunMid,Sandcastle,Fire,2026-07-27T13:49:54.148Z
5dcfaad2dd9a740c2493fc28,8,S_SC_Ca_SR_Sn_NF,Snow_SummerClothing_Camels_SunRising_Snowman_NoFire.webp,5,1,Snow,SummerClothing,Camels,SunRising,Snowman,NoFire,2026-07-27T13:50:35.219Z
5dcfaad2dd9a740c2493fc28,9,S_SC_Pe_SM_Sn_NF,Snow_SummerClothing_Penguins_SunMid_Snowman_NoFire.webp,2,3,Snow,SummerClothing,Penguins,SunMid,Snowman,NoFire,2026-07-27T13:50:50.099Z
5dcfaad2dd9a740c2493fc28,10,NS_SC_Ca_SR_Sa_WF,NoSnow_SummerClothing_Camels_SunRising_Sandcastle_Fire.webp,7,4,NoSnow,SummerClothing,Camels,SunRising,Sandcastle,Fire,2026-07-27T13:50:58.755Z
5dcfaad2dd9a740c2493fc28,11,NS_SC_Pe_SR_Sa_NF,NoSnow_SummerClothing_Penguins_SunRising_Sandcastle_NoFire.webp,6,2,NoSnow,SummerClothing,Penguins,SunRising,Sandcastle,NoFire,2026-07-27T13:51:21.571Z
5dcfaad2dd9a740c2493fc28,12,S_SC_Ca_SR_Sa_WF,Snow_SummerClothing_Camels_SunRising_Sandcastle_Fire.webp,7,5,Snow,SummerClothing,Camels,SunRising,Sandcastle,Fire,2026-07-27T13:52:43.075Z
5dcfaad2dd9a740c2493fc28,13,S_WC_Ca_SM_Sn_NF,Snow_WinterClothing_Camels_SunMid_Snowman_NoFire.webp,6,1,Snow,WinterClothing,Camels,SunMid,Snowman,NoFire,2026-07-27T13:53:15.491Z
5dcfaad2dd9a740c2493fc28,14,NS_SC_Ca_SR_Sn_WF,NoSnow_SummerClothing_Camels_SunRising_Snowman_Fire.webp,6,1,NoSnow,SummerClothing,Camels,SunRising,Snowman,Fire,2026-07-27T13:53:43.348Z
5dcfaad2dd9a740c2493fc28,15,NS_SC_Ca_SR_Sa_NF,NoSnow_SummerClothing_Camels_SunRising_Sandcastle_NoFire.webp,6,5,NoSnow,SummerClothing,Camels,SunRising,Sandcastle,NoFire,2026-07-27T13:54:08.035Z
5dcfaad2dd9a740c2493fc28,16,NS_SC_Pe_SR_Sa_WF,NoSnow_SummerClothing_Penguins_SunRising_Sandcastle_Fire.webp,6,2,NoSnow,SummerClothing,Penguins,SunRising,Sandcastle,Fire,2026-07-27T13:54:16.250Z
5dcfaad2dd9a740c2493fc28,17,S_SC_Pe_SR_Sa_NF,Snow_SummerClothing_Penguins_SunRising_Sandcastle_NoFire.webp,2,1,Snow,SummerClothing,Penguins,SunRising,Sandcastle,NoFire,2026-07-27T13:54:28.244Z
5dcfaad2dd9a740c2493fc28,18,NS_SC_Ca_SM_Sn_WF,NoSnow_SummerClothing_Camels_SunMid_Snowman_Fire.webp,5,1,NoSnow,SummerClothing,Camels,SunMid,Snowman,Fire,2026-07-27T13:54:37.027Z
5dcfaad2dd9a740c2493fc28,19,S_SC_Pe_SM_Sa_NF,Snow_SummerClothing_Penguins_SunMid_Sandcastle_NoFire.webp,2,1,Snow,SummerClothing,Penguins,SunMid,Sandcastle,NoFire,2026-07-27T13:54:47.195Z
5dcfaad2dd9a740c2493fc28,20,S_WC_Ca_SR_Sa_NF,Snow_WinterClothing_Camels_SunRising_Sandcastle_NoFire.webp,2,1,Snow,WinterClothing,Camels,SunRising,Sandcastle,NoFire,2026-07-27T13:54:56.267Z
5dcfaad2dd9a740c2493fc28,21,S_WC_Ca_SR_Sa_WF,Snow_WinterClothing_Camels_SunRising_Sandcastle_Fire.webp,7,4,Snow,WinterClothing,Camels,SunRising,Sandcastle,Fire,2026-07-27T13:55:06.339Z
5dcfaad2dd9a740c2493fc28,22,NS_SC_Pe_SR_Sn_WF,NoSnow_SummerClothing_Penguins_SunRising_Snowman_Fire.webp,5,1,NoSnow,SummerClothing,Penguins,SunRising,Snowman,Fire,2026-07-27T13:55:18.147Z
5dcfaad2dd9a740c2493fc28,23,S_WC_Pe_SM_Sa_NF,Snow_WinterClothing_Penguins_SunMid_Sandcastle_NoFire.webp,2,2,Snow,WinterClothing,Penguins,SunMid,Sandcastle,NoFire,2026-07-27T13:55:25.588Z
5dcfaad2dd9a740c2493fc28,24,NS_WC_Pe_SM_Sn_NF,NoSnow_WinterClothing_Penguins_SunMid_Snowman_NoFire.webp,1,5,NoSnow,WinterClothing,Penguins,SunMid,Snowman,NoFire,2026-07-27T13:57:05.227Z
5dcfaad2dd9a740c2493fc28,25,NS_WC_Ca_SR_Sa_NF,NoSnow_WinterClothing_Camels_SunRising_Sandcastle_NoFire.webp,6,5,NoSnow,WinterClothing,Camels,SunRising,Sandcastle,NoFire,2026-07-27T13:57:29.162Z
5dcfaad2dd9a740c2493fc28,26,NS_SC_Pe_SM_Sn_WF,NoSnow_SummerClothing_Penguins_SunMid_Snowman_Fire.webp,2,1,NoSnow,SummerClothing,Penguins,SunMid,Snowman,Fire,2026-07-27T13:57:42.723Z
5dcfaad2dd9a740c2493fc28,27,S_SC_Pe_SR_Sa_WF,Snow_SummerClothing_Penguins_SunRising_Sandcastle_Fire.webp,3,1,Snow,SummerClothing,Penguins,SunRising,Sandcastle,Fire,2026-07-27T13:58:08.626Z
5dcfaad2dd9a740c2493fc28,28,S_WC_Pe_SM_Sn_WF,Snow_WinterClothing_Penguins_SunMid_Snowman_Fire.webp,2,1,Snow,WinterClothing,Penguins,SunMid,Snowman,Fire,2026-07-27T13:58:26.108Z
5dcfaad2dd9a740c2493fc28,29,S_WC_Ca_SM_Sa_NF,Snow_WinterClothing_Camels_SunMid_Sandcastle_NoFire.webp,2,1,Snow,WinterClothing,Camels,SunMid,Sandcastle,NoFire,2026-07-27T13:59:05.907Z
5dcfaad2dd9a740c2493fc28,30,S_SC_Ca_SR_Sa_NF,Snow_SummerClothing_Camels_SunRising_Sandcastle_NoFire.webp,5,3,Snow,SummerClothing,Camels,SunRising,Sandcastle,NoFire,2026-07-27T14:00:27.011Z
5dcfaad2dd9a740c2493fc28,31,NS_WC_Pe_SR_Sn_WF,NoSnow_WinterClothing_Penguins_SunRising_Snowman_Fire.webp,6,2,NoSnow,WinterClothing,Penguins,SunRising,Snowman,Fire,2026-07-27T14:00:48.027Z
5dcfaad2dd9a740c2493fc28,32,NS_WC_Pe_SR_Sn_NF,NoSnow_WinterClothing_Penguins_SunRising_Snowman_NoFire.webp,6,2,NoSnow,WinterClothing,Penguins,SunRising,Snowman,NoFire,2026-07-27T14:01:11.354Z
5dcfaad2dd9a740c2493fc28,33,S_WC_Pe_SM_Sn_NF,Snow_WinterClothing_Penguins_SunMid_Snowman_NoFire.webp,2,5,Snow,WinterClothing,Penguins,SunMid,Snowman,NoFire,2026-07-27T14:01:21.204Z
5dcfaad2dd9a740c2493fc28,34,NS_WC_Ca_SM_Sn_NF,NoSnow_WinterClothing_Camels_SunMid_Snowman_NoFire.webp,2,1,NoSnow,WinterClothing,Camels,SunMid,Snowman,NoFire,2026-07-27T14:01:32.139Z
5dcfaad2dd9a740c2493fc28,35,S_WC_Ca_SM_Sa_WF,Snow_WinterClothing_Camels_SunMid_Sandcastle_Fire.webp,1,1,Snow,WinterClothing,Camels,SunMid,Sandcastle,Fire,2026-07-27T14:01:39.418Z
5dcfaad2dd9a740c2493fc28,36,NS_SC_Pe_SM_Sn_NF,NoSnow_SummerClothing_Penguins_SunMid_Snowman_NoFire.webp,2,2,NoSnow,SummerClothing,Penguins,SunMid,Snowman,NoFire,2026-07-27T14:01:46.683Z
5dcfaad2dd9a740c2493fc28,37,S_SC_Ca_SM_Sa_NF,Snow_SummerClothing_Camels_SunMid_Sandcastle_NoFire.webp,2,2,Snow,SummerClothing,Camels,SunMid,Sandcastle,NoFire,2026-07-27T14:01:55.098Z
5dcfaad2dd9a740c2493fc28,38,S_SC_Pe_SM_Sn_WF,Snow_SummerClothing_Penguins_SunMid_Snowman_Fire.webp,2,1,Snow,SummerClothing,Penguins,SunMid,Snowman,Fire,2026-07-27T14:02:01.147Z
5dcfaad2dd9a740c2493fc28,39,S_SC_Ca_SR_Sn_WF,Snow_SummerClothing_Camels_SunRising_Snowman_Fire.webp,2,2,Snow,SummerClothing,Camels,SunRising,Snowman,Fire,2026-07-27T14:02:10.067Z
5dcfaad2dd9a740c2493fc28,40,S_WC_Ca_SR_Sn_NF,Snow_WinterClothing_Camels_SunRising_Snowman_NoFire.webp,3,2,Snow,WinterClothing,Camels,SunRising,Snowman,NoFire,2026-07-27T14:02:18.852Z
5dcfaad2dd9a740c2493fc28,41,S_WC_Pe_SM_Sa_WF,Snow_WinterClothing_Penguins_SunMid_Sandcastle_Fire.webp,2,2,Snow,WinterClothing,Penguins,SunMid,Sandcastle,Fire,2026-07-27T14:02:32.138Z
5dcfaad2dd9a740c2493fc28,42,NS_SC_Ca_SM_Sa_WF,NoSnow_SummerClothing_Camels_SunMid_Sandcastle_Fire.webp,6,3,NoSnow,SummerClothing,Camels,SunMid,Sandcastle,Fire,2026-07-27T14:02:45.515Z
5dcfaad2dd9a740c2493fc28,43,NS_WC_Ca_SM_Sn_WF,NoSnow_WinterClothing_Camels_SunMid_Snowman_Fire.webp,5,1,NoSnow,WinterClothing,Camels,SunMid,Snowman,Fire,2026-07-27T14:02:52.067Z
5dcfaad2dd9a740c2493fc28,44,S_WC_Pe_SR_Sa_NF,Snow_WinterClothing_Penguins_SunRising_Sandcastle_NoFire.webp,1,1,Snow,WinterClothing,Penguins,SunRising,Sandcastle,NoFire,2026-07-27T14:02:58.083Z
5dcfaad2dd9a740c2493fc28,45,S_SC_Ca_SM_Sn_WF,Snow_SummerClothing_Camels_SunMid_Snowman_Fire.webp,5,2,Snow,SummerClothing,Camels,SunMid,Snowman,Fire,2026-07-27T14:03:12.483Z
5dcfaad2dd9a740c2493fc28,46,NS_WC_Pe_SM_Sn_WF,NoSnow_WinterClothing_Penguins_SunMid_Snowman_Fire.webp,2,2,NoSnow,WinterClothing,Penguins,SunMid,Snowman,Fire,2026-07-27T14:03:27.042Z
5dcfaad2dd9a740c2493fc28,47,NS_SC_Pe_SM_Sa_NF,NoSnow_SummerClothing_Penguins_SunMid_Sandcastle_NoFire.webp,6,2,NoSnow,SummerClothing,Penguins,SunMid,Sandcastle,NoFire,2026-07-27T14:03:38.107Z
5dcfaad2dd9a740c2493fc28,48,NS_WC_Ca_SM_Sa_WF,NoSnow_WinterClothing_Camels_SunMid_Sandcastle_Fire.webp,6,2,NoSnow,WinterClothing,Camels,SunMid,Sandcastle,Fire,2026-07-27T14:04:16.171Z
5dcfaad2dd9a740c2493fc28,49,NS_SC_Pe_SR_Sn_NF,NoSnow_SummerClothing_Penguins_SunRising_Snowman_NoFire.webp,5,1,NoSnow,SummerClothing,Penguins,SunRising,Snowman,NoFire,2026-07-27T14:04:25.922Z
5dcfaad2dd9a740c2493fc28,50,S_SC_Ca_SM_Sn_NF,Snow_SummerClothing_Camels_SunMid_Snowman_NoFire.webp,2,1,Snow,SummerClothing,Camels,SunMid,Snowman,NoFire,2026-07-27T14:04:32.355Z
5dcfaad2dd9a740c2493fc28,51,NS_SC_Ca_SM_Sa_NF,NoSnow_SummerClothing_Camels_SunMid_Sandcastle_NoFire.webp,5,4,NoSnow,SummerClothing,Camels,SunMid,Sandcastle,NoFire,2026-07-27T14:04:43.163Z
5dcfaad2dd9a740c2493fc28,52,NS_WC_Ca_SM_Sa_NF,NoSnow_WinterClothing_Camels_SunMid_Sandcastle_NoFire.webp,5,4,NoSnow,WinterClothing,Camels,SunMid,Sandcastle,NoFire,2026-07-27T14:04:50.555Z
5dcfaad2dd9a740c2493fc28,53,NS_WC_Pe_SM_Sa_NF,NoSnow_WinterClothing_Penguins_SunMid_Sandcastle_NoFire.webp,3,4,NoSnow,WinterClothing,Penguins,SunMid,Sandcastle,NoFire,2026-07-27T14:04:59.947Z
5dcfaad2dd9a740c2493fc28,54,S_WC_Ca_SR_Sn_WF,Snow_WinterClothing_Camels_SunRising_Snowman_Fire.webp,2,1,Snow,WinterClothing,Camels,SunRising,Snowman,Fire,2026-07-27T14:05:05.907Z
5dcfaad2dd9a740c2493fc28,55,NS_WC_Pe_SM_Sa_WF,NoSnow_WinterClothing_Penguins_SunMid_Sandcastle_Fire.webp,3,2,NoSnow,WinterClothing,Penguins,SunMid,Sandcastle,Fire,2026-07-27T14:05:16.059Z
5dcfaad2dd9a740c2493fc28,56,S_SC_Ca_SM_Sa_WF,Snow_SummerClothing_Camels_SunMid_Sandcastle_Fire.webp,2,1,Snow,SummerClothing,Camels,SunMid,Sandcastle,Fire,2026-07-27T14:05:22.587Z
5dcfaad2dd9a740c2493fc28,57,NS_WC_Ca_SR_Sa_WF,NoSnow_WinterClothing_Camels_SunRising_Sandcastle_Fire.webp,7,4,NoSnow,WinterClothing,Camels,SunRising,Sandcastle,Fire,2026-07-27T14:05:31.186Z
5dcfaad2dd9a740c2493fc28,58,S_WC_Pe_SR_Sa_WF,Snow_WinterClothing_Penguins_SunRising_Sandcastle_Fire.webp,2,2,Snow,WinterClothing,Penguins,SunRising,Sandcastle,Fire,2026-07-27T14:05:40.506Z
5dcfaad2dd9a740c2493fc28,59,NS_SC_Ca_SM_Sn_NF,NoSnow_SummerClothing_Camels_SunMid_Snowman_NoFire.webp,5,2,NoSnow,SummerClothing,Camels,SunMid,Snowman,NoFire,2026-07-27T14:05:46.219Z
5dcfaad2dd9a740c2493fc28,60,S_SC_Pe_SR_Sn_NF,Snow_SummerClothing_Penguins_SunRising_Snowman_NoFire.webp,1,3,Snow,SummerClothing,Penguins,SunRising,Snowman,NoFire,2026-07-27T14:05:52.723Z
5dcfaad2dd9a740c2493fc28,61,NS_WC_Ca_SR_Sn_WF,NoSnow_WinterClothing_Camels_SunRising_Snowman_Fire.webp,6,2,NoSnow,WinterClothing,Camels,SunRising,Snowman,Fire,2026-07-27T14:05:59.299Z
5dcfaad2dd9a740c2493fc28,62,S_WC_Ca_SM_Sn_WF,Snow_WinterClothing_Camels_SunMid_Snowman_Fire.webp,2,1,Snow,WinterClothing,Camels,SunMid,Snowman,Fire,2026-07-27T14:06:07.355Z
5dcfaad2dd9a740c2493fc28,63,S_WC_Pe_SR_Sn_NF,Snow_WinterClothing_Penguins_SunRising_Snowman_NoFire.webp,2,2,Snow,WinterClothing,Penguins,SunRising,Snowman,NoFire,2026-07-27T14:06:13.147Z
6a267d60d578aeccd1ef2272,0,S_WC_Ca_SR_Sa_NF,Snow_WinterClothing_Camels_SunRising_Sandcastle_NoFire.webp,2,2,Snow,WinterClothing,Camels,SunRising,Sandcastle,NoFire,2026-07-27T13:42:06.036Z
6a267d60d578aeccd1ef2272,1,S_WC_Pe_SR_Sn_NF,Snow_WinterClothing_Penguins_SunRising_Snowman_NoFire.webp,2,2,Snow,WinterClothing,Penguins,SunRising,Snowman,NoFire,2026-07-27T13:42:20.729Z
6a267d60d578aeccd1ef2272,2,S_WC_Ca_SR_Sa_WF,Snow_WinterClothing_Camels_SunRising_Sandcastle_Fire.webp,3,2,Snow,WinterClothing,Camels,SunRising,Sandcastle,Fire,2026-07-27T13:42:39.327Z
6a267d60d578aeccd1ef2272,3,NS_WC_Ca_SR_Sn_WF,NoSnow_WinterClothing_Camels_SunRising_Snowman_Fire.webp,4,1,NoSnow,WinterClothing,Camels,SunRising,Snowman,Fire,2026-07-27T13:42:57.526Z
6a267d60d578aeccd1ef2272,4,S_SC_Ca_SM_Sn_WF,Snow_SummerClothing_Camels_SunMid_Snowman_Fire.webp,3,2,Snow,SummerClothing,Camels,SunMid,Snowman,Fire,2026-07-27T13:43:11.905Z
6a267d60d578aeccd1ef2272,5,NS_WC_Pe_SR_Sn_WF,NoSnow_WinterClothing_Penguins_SunRising_Snowman_Fire.webp,3,2,NoSnow,WinterClothing,Penguins,SunRising,Snowman,Fire,2026-07-27T13:43:22.722Z
6a267d60d578aeccd1ef2272,6,NS_SC_Pe_SR_Sn_NF,NoSnow_SummerClothing_Penguins_SunRising_Snowman_NoFire.webp,3,3,NoSnow,SummerClothing,Penguins,SunRising,Snowman,NoFire,2026-07-27T13:43:32.798Z
6a267d60d578aeccd1ef2272,7,NS_SC_Ca_SR_Sa_NF,NoSnow_SummerClothing_Camels_SunRising_Sandcastle_NoFire.webp,5,3,NoSnow,SummerClothing,Camels,SunRising,Sandcastle,NoFire,2026-07-27T13:43:43.963Z
6a267d60d578aeccd1ef2272,8,S_SC_Ca_SR_Sn_WF,Snow_SummerClothing_Camels_SunRising_Snowman_Fire.webp,3,4,Snow,SummerClothing,Camels,SunRising,Snowman,Fire,2026-07-27T13:44:09.695Z
6a267d60d578aeccd1ef2272,9,NS_SC_Ca_SM_Sn_NF,NoSnow_SummerClothing_Camels_SunMid_Snowman_NoFire.webp,4,3,NoSnow,SummerClothing,Camels,SunMid,Snowman,NoFire,2026-07-27T13:44:25.477Z
6a267d60d578aeccd1ef2272,10,S_SC_Ca_SR_Sa_WF,Snow_SummerClothing_Camels_SunRising_Sandcastle_Fire.webp,3,3,Snow,SummerClothing,Camels,SunRising,Sandcastle,Fire,2026-07-27T13:44:34.383Z
6a267d60d578aeccd1ef2272,11,S_WC_Pe_SM_Sa_NF,Snow_WinterClothing_Penguins_SunMid_Sandcastle_NoFire.webp,2,5,Snow,WinterClothing,Penguins,SunMid,Sandcastle,NoFire,2026-07-27T13:44:47.126Z
6a267d60d578aeccd1ef2272,12,S_WC_Ca_SR_Sn_WF,Snow_WinterClothing_Camels_SunRising_Snowman_Fire.webp,3,3,Snow,WinterClothing,Camels,SunRising,Snowman,Fire,2026-07-27T13:45:02.096Z
6a267d60d578aeccd1ef2272,13,S_WC_Ca_SM_Sa_WF,Snow_WinterClothing_Camels_SunMid_Sandcastle_Fire.webp,3,3,Snow,WinterClothing,Camels,SunMid,Sandcastle,Fire,2026-07-27T13:45:13.108Z
6a267d60d578aeccd1ef2272,14,S_WC_Pe_SM_Sn_WF,Snow_WinterClothing_Penguins_SunMid_Snowman_Fire.webp,3,2,Snow,WinterClothing,Penguins,SunMid,Snowman,Fire,2026-07-27T13:45:24.213Z
6a267d60d578aeccd1ef2272,15,NS_WC_Ca_SM_Sa_NF,NoSnow_WinterClothing_Camels_SunMid_Sandcastle_NoFire.webp,5,4,NoSnow,WinterClothing,Camels,SunMid,Sandcastle,NoFire,2026-07-27T13:45:34.683Z
6a267d60d578aeccd1ef2272,16,NS_WC_Pe_SR_Sn_NF,NoSnow_WinterClothing_Penguins_SunRising_Snowman_NoFire.webp,4,4,NoSnow,WinterClothing,Penguins,SunRising,Snowman,NoFire,2026-07-27T13:45:42.436Z
6a267d60d578aeccd1ef2272,17,S_WC_Pe_SR_Sa_NF,Snow_WinterClothing_Penguins_SunRising_Sandcastle_NoFire.webp,3,5,Snow,WinterClothing,Penguins,SunRising,Sandcastle,NoFire,2026-07-27T13:45:57.337Z
6a267d60d578aeccd1ef2272,18,NS_SC_Pe_SR_Sa_WF,NoSnow_SummerClothing_Penguins_SunRising_Sandcastle_Fire.webp,4,5,NoSnow,SummerClothing,Penguins,SunRising,Sandcastle,Fire,2026-07-27T13:46:08.150Z
6a267d60d578aeccd1ef2272,19,NS_SC_Ca_SR_Sa_WF,NoSnow_SummerClothing_Camels_SunRising_Sandcastle_Fire.webp,4,5,NoSnow,SummerClothing,Camels,SunRising,Sandcastle,Fire,2026-07-27T13:46:16.653Z
6a267d60d578aeccd1ef2272,20,NS_WC_Ca_SM_Sn_WF,NoSnow_WinterClothing_Camels_SunMid_Snowman_Fire.webp,4,3,NoSnow,WinterClothing,Camels,SunMid,Snowman,Fire,2026-07-27T13:46:24.740Z
6a267d60d578aeccd1ef2272,21,NS_SC_Pe_SR_Sa_NF,NoSnow_SummerClothing_Penguins_SunRising_Sandcastle_NoFire.webp,4,5,NoSnow,SummerClothing,Penguins,SunRising,Sandcastle,NoFire,2026-07-27T13:46:33.498Z
6a267d60d578aeccd1ef2272,22,NS_SC_Pe_SM_Sn_WF,NoSnow_SummerClothing_Penguins_SunMid_Snowman_Fire.webp,4,3,NoSnow,SummerClothing,Penguins,SunMid,Snowman,Fire,2026-07-27T13:46:41.538Z
6a267d60d578aeccd1ef2272,23,S_SC_Ca_SR_Sa_NF,Snow_SummerClothing_Camels_SunRising_Sandcastle_NoFire.webp,2,2,Snow,SummerClothing,Camels,SunRising,Sandcastle,NoFire,2026-07-27T13:46:49.631Z
6a267d60d578aeccd1ef2272,24,NS_SC_Ca_SR_Sn_NF,NoSnow_SummerClothing_Camels_SunRising_Snowman_NoFire.webp,4,3,NoSnow,SummerClothing,Camels,SunRising,Snowman,NoFire,2026-07-27T13:47:01.745Z
6a267d60d578aeccd1ef2272,25,NS_SC_Pe_SM_Sn_NF,NoSnow_SummerClothing_Penguins_SunMid_Snowman_NoFire.webp,4,3,NoSnow,SummerClothing,Penguins,SunMid,Snowman,NoFire,2026-07-27T13:47:09.452Z
6a267d60d578aeccd1ef2272,26,NS_SC_Pe_SR_Sn_WF,NoSnow_SummerClothing_Penguins_SunRising_Snowman_Fire.webp,4,5,NoSnow,SummerClothing,Penguins,SunRising,Snowman,Fire,2026-07-27T13:47:25.894Z
6a267d60d578aeccd1ef2272,27,S_SC_Pe_SM_Sa_NF,Snow_SummerClothing_Penguins_SunMid_Sandcastle_NoFire.webp,2,5,Snow,SummerClothing,Penguins,SunMid,Sandcastle,NoFire,2026-07-27T13:47:38.167Z
6a267d60d578aeccd1ef2272,28,S_SC_Pe_SM_Sa_WF,Snow_SummerClothing_Penguins_SunMid_Sandcastle_Fire.webp,2,5,Snow,SummerClothing,Penguins,SunMid,Sandcastle,Fire,2026-07-27T13:47:48.087Z
6a267d60d578aeccd1ef2272,29,S_SC_Ca_SM_Sa_NF,Snow_SummerClothing_Camels_SunMid_Sandcastle_NoFire.webp,2,5,Snow,SummerClothing,Camels,SunMid,Sandcastle,NoFire,2026-07-27T13:48:00.034Z
6a267d60d578aeccd1ef2272,30,NS_SC_Ca_SM_Sn_WF,NoSnow_SummerClothing_Camels_SunMid_Snowman_Fire.webp,4,3,NoSnow,SummerClothing,Camels,SunMid,Snowman,Fire,2026-07-27T13:48:11.375Z
6a267d60d578aeccd1ef2272,31,NS_WC_Pe_SM_Sn_WF,NoSnow_WinterClothing_Penguins_SunMid_Snowman_Fire.webp,4,5,NoSnow,WinterClothing,Penguins,SunMid,Snowman,Fire,2026-07-27T13:48:19.757Z
6a267d60d578aeccd1ef2272,32,S_SC_Ca_SM_Sa_WF,Snow_SummerClothing_Camels_SunMid_Sandcastle_Fire.webp,3,2,Snow,SummerClothing,Camels,SunMid,Sandcastle,Fire,2026-07-27T13:48:33.939Z
6a267d60d578aeccd1ef2272,33,S_SC_Pe_SR_Sa_WF,Snow_SummerClothing_Penguins_SunRising_Sandcastle_Fire.webp,2,4,Snow,SummerClothing,Penguins,SunRising,Sandcastle,Fire,2026-07-27T13:48:43.970Z
6a267d60d578aeccd1ef2272,34,NS_SC_Pe_SM_Sa_NF,NoSnow_SummerClothing_Penguins_SunMid_Sandcastle_NoFire.webp,5,4,NoSnow,SummerClothing,Penguins,SunMid,Sandcastle,NoFire,2026-07-27T13:48:56.155Z
6a267d60d578aeccd1ef2272,35,NS_SC_Ca_SM_Sa_WF,NoSnow_SummerClothing_Camels_SunMid_Sandcastle_Fire.webp,4,5,NoSnow,SummerClothing,Camels,SunMid,Sandcastle,Fire,2026-07-27T13:49:04.879Z
6a267d60d578aeccd1ef2272,36,S_WC_Pe_SR_Sa_WF,Snow_WinterClothing_Penguins_SunRising_Sandcastle_Fire.webp,2,1,Snow,WinterClothing,Penguins,SunRising,Sandcastle,Fire,2026-07-27T13:49:12.100Z
6a267d60d578aeccd1ef2272,37,NS_WC_Ca_SR_Sa_WF,NoSnow_WinterClothing_Camels_SunRising_Sandcastle_Fire.webp,3,5,NoSnow,WinterClothing,Camels,SunRising,Sandcastle,Fire,2026-07-27T13:49:23.776Z
6a267d60d578aeccd1ef2272,38,NS_SC_Ca_SM_Sa_NF,NoSnow_SummerClothing_Camels_SunMid_Sandcastle_NoFire.webp,5,5,NoSnow,SummerClothing,Camels,SunMid,Sandcastle,NoFire,2026-07-27T13:49:30.759Z
6a267d60d578aeccd1ef2272,39,NS_WC_Ca_SM_Sn_NF,NoSnow_WinterClothing_Camels_SunMid_Snowman_NoFire.webp,4,3,NoSnow,WinterClothing,Camels,SunMid,Snowman,NoFire,2026-07-27T13:49:38.532Z
6a267d60d578aeccd1ef2272,40,S_SC_Pe_SR_Sn_WF,Snow_SummerClothing_Penguins_SunRising_Snowman_Fire.webp,1,3,Snow,SummerClothing,Penguins,SunRising,Snowman,Fire,2026-07-27T13:49:47.242Z
6a267d60d578aeccd1ef2272,41,S_SC_Pe_SM_Sn_NF,Snow_SummerClothing_Penguins_SunMid_Snowman_NoFire.webp,2,2,Snow,SummerClothing,Penguins,SunMid,Snowman,NoFire,2026-07-27T13:49:54.755Z
6a267d60d578aeccd1ef2272,42,NS_WC_Pe_SM_Sn_NF,NoSnow_WinterClothing_Penguins_SunMid_Snowman_NoFire.webp,3,4,NoSnow,WinterClothing,Penguins,SunMid,Snowman,NoFire,2026-07-27T13:50:03.478Z
6a267d60d578aeccd1ef2272,43,S_WC_Pe_SM_Sa_WF,Snow_WinterClothing_Penguins_SunMid_Sandcastle_Fire.webp,2,4,Snow,WinterClothing,Penguins,SunMid,Sandcastle,Fire,2026-07-27T13:50:18.207Z
6a267d60d578aeccd1ef2272,44,S_SC_Pe_SR_Sa_NF,Snow_SummerClothing_Penguins_SunRising_Sandcastle_NoFire.webp,2,3,Snow,SummerClothing,Penguins,SunRising,Sandcastle,NoFire,2026-07-27T13:50:26.303Z
6a267d60d578aeccd1ef2272,45,NS_SC_Ca_SR_Sn_WF,NoSnow_SummerClothing_Camels_SunRising_Snowman_Fire.webp,3,3,NoSnow,SummerClothing,Camels,SunRising,Snowman,Fire,2026-07-27T13:50:36.018Z
6a267d60d578aeccd1ef2272,46,NS_WC_Pe_SM_Sa_WF,NoSnow_WinterClothing_Penguins_SunMid_Sandcastle_Fire.webp,4,5,NoSnow,WinterClothing,Penguins,SunMid,Sandcastle,Fire,2026-07-27T13:50:45.880Z
6a267d60d578aeccd1ef2272,47,S_WC_Ca_SR_Sn_NF,Snow_WinterClothing_Camels_SunRising_Snowman_NoFire.webp,2,3,Snow,WinterClothing,Camels,SunRising,Snowman,NoFire,2026-07-27T13:50:53.452Z
6a267d60d578aeccd1ef2272,48,NS_WC_Pe_SR_Sa_NF,NoSnow_WinterClothing_Penguins_SunRising_Sandcastle_NoFire.webp,3,5,NoSnow,WinterClothing,Penguins,SunRising,Sandcastle,NoFire,2026-07-27T13:50:59.784Z
6a267d60d578aeccd1ef2272,49,NS_WC_Pe_SR_Sa_WF,NoSnow_WinterClothing_Penguins_SunRising_Sandcastle_Fire.webp,3,5,NoSnow,WinterClothing,Penguins,SunRising,Sandcastle,Fire,2026-07-27T13:51:06.749Z
6a267d60d578aeccd1ef2272,50,S_SC_Pe_SM_Sn_WF,Snow_SummerClothing_Penguins_SunMid_Snowman_Fire.webp,2,3,Snow,SummerClothing,Penguins,SunMid,Snowman,Fire,2026-07-27T13:51:12.814Z
6a267d60d578aeccd1ef2272,51,S_WC_Pe_SM_Sn_NF,Snow_WinterClothing_Penguins_SunMid_Snowman_NoFire.webp,2,3,Snow,WinterClothing,Penguins,SunMid,Snowman,NoFire,2026-07-27T13:51:22.184Z
6a267d60d578aeccd1ef2272,52,S_SC_Pe_SR_Sn_NF,Snow_SummerClothing_Penguins_SunRising_Snowman_NoFire.webp,2,2,Snow,SummerClothing,Penguins,SunRising,Snowman,NoFire,2026-07-27T13:51:30.751Z
6a267d60d578aeccd1ef2272,53,S_WC_Ca_SM_Sn_NF,Snow_WinterClothing_Camels_SunMid_Snowman_NoFire.webp,2,5,Snow,WinterClothing,Camels,SunMid,Snowman,NoFire,2026-07-27T13:51:40.982Z
6a267d60d578aeccd1ef2272,54,NS_WC_Pe_SM_Sa_NF,NoSnow_WinterClothing_Penguins_SunMid_Sandcastle_NoFire.webp,5,5,NoSnow,WinterClothing,Penguins,SunMid,Sandcastle,NoFire,2026-07-27T13:51:48.184Z
6a267d60d578aeccd1ef2272,55,S_WC_Ca_SM_Sa_NF,Snow_WinterClothing_Camels_SunMid_Sandcastle_NoFire.webp,3,3,Snow,WinterClothing,Camels,SunMid,Sandcastle,NoFire,2026-07-27T13:52:04.213Z
6a267d60d578aeccd1ef2272,56,S_SC_Ca_SM_Sn_NF,Snow_SummerClothing_Camels_SunMid_Snowman_NoFire.webp,2,2,Snow,SummerClothing,Camels,SunMid,Snowman,NoFire,2026-07-27T13:52:11.082Z
6a267d60d578aeccd1ef2272,57,NS_WC_Ca_SR_Sa_NF,NoSnow_WinterClothing_Camels_SunRising_Sandcastle_NoFire.webp,3,5,NoSnow,WinterClothing,Camels,SunRising,Sandcastle,NoFire,2026-07-27T13:52:17.375Z
6a267d60d578aeccd1ef2272,58,NS_WC_Ca_SR_Sn_NF,NoSnow_WinterClothing_Camels_SunRising_Snowman_NoFire.webp,3,2,NoSnow,WinterClothing,Camels,SunRising,Snowman,NoFire,2026-07-27T13:52:23.460Z
6a267d60d578aeccd1ef2272,59,NS_WC_Ca_SM_Sa_WF,NoSnow_WinterClothing_Camels_SunMid_Sandcastle_Fire.webp,5,5,NoSnow,WinterClothing,Camels,SunMid,Sandcastle,Fire,2026-07-27T13:52:29.816Z
6a267d60d578aeccd1ef2272,60,S_SC_Ca_SR_Sn_NF,Snow_SummerClothing_Camels_SunRising_Snowman_NoFire.webp,1,1,Snow,SummerClothing,Camels,SunRising,Snowman,NoFire,2026-07-27T13:52:40.871Z
6a267d60d578aeccd1ef2272,61,S_WC_Pe_SR_Sn_WF,Snow_WinterClothing_Penguins_SunRising_Snowman_Fire.webp,2,6,Snow,WinterClothing,Penguins,SunRising,Snowman,Fire,2026-07-27T13:52:51.188Z
6a267d60d578aeccd1ef2272,62,NS_SC_Pe_SM_Sa_WF,NoSnow_SummerClothing_Penguins_SunMid_Sandcastle_Fire.webp,5,6,NoSnow,SummerClothing,Penguins,SunMid,Sandcastle,Fire,2026-07-27T13:53:00.052Z
6a267d60d578aeccd1ef2272,63,S_WC_Ca_SM_Sn_WF,Snow_WinterClothing_Camels_SunMid_Snowman_Fire.webp,3,5,Snow,WinterClothing,Camels,SunMid,Snowman,Fire,2026-07-27T13:53:07.087Z
5de20dc9db46652509d085b8,0,S_SC_Ca_SR_Sn_NF,Snow_SummerClothing_Camels_SunRising_Snowman_NoFire.webp,2,1,Snow,SummerClothing,Camels,SunRising,Snowman,NoFire,2026-07-27T13:42:53.984Z
5de20dc9db46652509d085b8,1,NS_WC_Ca_SR_Sn_NF,NoSnow_WinterClothing_Camels_SunRising_Snowman_NoFire.webp,2,1,NoSnow,WinterClothing,Camels,SunRising,Snowman,NoFire,2026-07-27T13:43:17.464Z
5de20dc9db46652509d085b8,2,S_WC_Ca_SR_Sn_WF,Snow_WinterClothing_Camels_SunRising_Snowman_Fire.webp,2,1,Snow,WinterClothing,Camels,SunRising,Snowman,Fire,2026-07-27T13:43:34.546Z
5de20dc9db46652509d085b8,3,S_WC_Ca_SM_Sn_WF,Snow_WinterClothing_Camels_SunMid_Snowman_Fire.webp,2,1,Snow,WinterClothing,Camels,SunMid,Snowman,Fire,2026-07-27T13:43:44.047Z
5de20dc9db46652509d085b8,4,NS_SC_Ca_SM_Sa_WF,NoSnow_SummerClothing_Camels_SunMid_Sandcastle_Fire.webp,4,3,NoSnow,SummerClothing,Camels,SunMid,Sandcastle,Fire,2026-07-27T13:44:02.764Z
6a23e8027fa676cde0055220,0,S_WC_Ca_SR_Sn_NF,Snow_WinterClothing_Camels_SunRising_Snowman_NoFire.webp,3,1,Snow,WinterClothing,Camels,SunRising,Snowman,NoFire,2026-07-27T13:42:19.769Z
6a23e8027fa676cde0055220,1,NS_SC_Pe_SM_Sa_WF,NoSnow_SummerClothing_Penguins_SunMid_Sandcastle_Fire.webp,3,2,NoSnow,SummerClothing,Penguins,SunMid,Sandcastle,Fire,2026-07-27T13:42:35.109Z
6a23e8027fa676cde0055220,2,S_SC_Pe_SR_Sn_WF,Snow_SummerClothing_Penguins_SunRising_Snowman_Fire.webp,3,3,Snow,SummerClothing,Penguins,SunRising,Snowman,Fire,2026-07-27T13:42:44.453Z
6a23e8027fa676cde0055220,3,S_WC_Pe_SR_Sn_NF,Snow_WinterClothing_Penguins_SunRising_Snowman_NoFire.webp,2,3,Snow,WinterClothing,Penguins,SunRising,Snowman,NoFire,2026-07-27T13:42:58.489Z
6a1d76bb8b67e9f450e148b1,0,S_SC_Ca_SR_Sa_NF,Snow_SummerClothing_Camels_SunRising_Sandcastle_NoFire.webp,5,2,Snow,SummerClothing,Camels,SunRising,Sandcastle,NoFire,2026-07-27T13:40:31.889Z
6a1d76bb8b67e9f450e148b1,1,S_SC_Pe_SM_Sn_WF,Snow_SummerClothing_Penguins_SunMid_Snowman_Fire.webp,2,2,Snow,SummerClothing,Penguins,SunMid,Snowman,Fire,2026-07-27T13:40:43.069Z
6a1d76bb8b67e9f450e148b1,2,NS_WC_Ca_SR_Sn_NF,NoSnow_WinterClothing_Camels_SunRising_Snowman_NoFire.webp,3,2,NoSnow,WinterClothing,Camels,SunRising,Snowman,NoFire,2026-07-27T13:41:02.013Z
6a1d76bb8b67e9f450e148b1,3,NS_SC_Pe_SM_Sn_WF,NoSnow_SummerClothing_Penguins_SunMid_Snowman_Fire.webp,1,1,NoSnow,SummerClothing,Penguins,SunMid,Snowman,Fire,2026-07-27T13:41:08.750Z
6a1d76bb8b67e9f450e148b1,4,NS_SC_Pe_SR_Sa_WF,NoSnow_SummerClothing_Penguins_SunRising_Sandcastle_Fire.webp,2,2,NoSnow,SummerClothing,Penguins,SunRising,Sandcastle,Fire,2026-07-27T13:41:17.261Z
6a1d76bb8b67e9f450e148b1,5,NS_SC_Pe_SR_Sn_NF,NoSnow_SummerClothing_Penguins_SunRising_Snowman_NoFire.webp,1,3,NoSnow,SummerClothing,Penguins,SunRising,Snowman,NoFire,2026-07-27T13:41:29.053Z
6a1d76bb8b67e9f450e148b1,6,S_SC_Pe_SR_Sn_NF,Snow_SummerClothing_Penguins_SunRising_Snowman_NoFire.webp,1,2,Snow,SummerClothing,Penguins,SunRising,Snowman,NoFire,2026-07-27T13:41:40.518Z
6a1d76bb8b67e9f450e148b1,7,S_WC_Ca_SM_Sn_NF,Snow_WinterClothing_Camels_SunMid_Snowman_NoFire.webp,2,2,Snow,WinterClothing,Camels,SunMid,Snowman,NoFire,2026-07-27T13:41:48.893Z
6a1d76bb8b67e9f450e148b1,8,S_SC_Pe_SR_Sa_WF,Snow_SummerClothing_Penguins_SunRising_Sandcastle_Fire.webp,2,2,Snow,SummerClothing,Penguins,SunRising,Sandcastle,Fire,2026-07-27T13:41:54.974Z
6a1d76bb8b67e9f450e148b1,9,S_SC_Ca_SM_Sa_NF,Snow_SummerClothing_Camels_SunMid_Sandcastle_NoFire.webp,5,5,Snow,SummerClothing,Camels,SunMid,Sandcastle,NoFire,2026-07-27T13:42:06.429Z
6a1d76bb8b67e9f450e148b1,10,S_WC_Pe_SR_Sa_NF,Snow_WinterClothing_Penguins_SunRising_Sandcastle_NoFire.webp,4,4,Snow,WinterClothing,Penguins,SunRising,Sandcastle,NoFire,2026-07-27T13:42:15.429Z
6a1d76bb8b67e9f450e148b1,11,S_WC_Ca_SR_Sn_NF,Snow_WinterClothing_Camels_SunRising_Snowman_NoFire.webp,2,1,Snow,WinterClothing,Camels,SunRising,Snowman,NoFire,2026-07-27T13:42:23.076Z
6a1d76bb8b67e9f450e148b1,12,S_WC_Pe_SR_Sn_NF,Snow_WinterClothing_Penguins_SunRising_Snowman_NoFire.webp,2,3,Snow,WinterClothing,Penguins,SunRising,Snowman,NoFire,2026-07-27T13:42:30.486Z
6a1d76bb8b67e9f450e148b1,13,S_WC_Ca_SM_Sa_WF,Snow_WinterClothing_Camels_SunMid_Sandcastle_Fire.webp,4,5,Snow,WinterClothing,Camels,SunMid,Sandcastle,Fire,2026-07-27T13:42:41.848Z
6a1d76bb8b67e9f450e148b1,14,NS_SC_Ca_SM_Sn_WF,NoSnow_SummerClothing_Camels_SunMid_Snowman_Fire.webp,4,3,NoSnow,SummerClothing,Camels,SunMid,Snowman,Fire,2026-07-27T13:42:52.021Z
6a1d76bb8b67e9f450e148b1,15,NS_WC_Ca_SM_Sa_NF,NoSnow_WinterClothing_Camels_SunMid_Sandcastle_NoFire.webp,4,5,NoSnow,WinterClothing,Camels,SunMid,Sandcastle,NoFire,2026-07-27T13:42:59.691Z
6a1d76bb8b67e9f450e148b1,16,NS_SC_Ca_SM_Sa_NF,NoSnow_SummerClothing_Camels_SunMid_Sandcastle_NoFire.webp,5,5,NoSnow,SummerClothing,Camels,SunMid,Sandcastle,NoFire,2026-07-27T13:43:07.334Z
6a1d76bb8b67e9f450e148b1,17,NS_SC_Pe_SM_Sa_NF,NoSnow_SummerClothing_Penguins_SunMid_Sandcastle_NoFire.webp,3,3,NoSnow,SummerClothing,Penguins,SunMid,Sandcastle,NoFire,2026-07-27T13:43:19.204Z
6a1d76bb8b67e9f450e148b1,18,S_WC_Pe_SM_Sn_NF,Snow_WinterClothing_Penguins_SunMid_Snowman_NoFire.webp,2,1,Snow,WinterClothing,Penguins,SunMid,Snowman,NoFire,2026-07-27T13:43:25.516Z
6a1d76bb8b67e9f450e148b1,19,NS_SC_Pe_SM_Sn_NF,NoSnow_SummerClothing_Penguins_SunMid_Snowman_NoFire.webp,2,1,NoSnow,SummerClothing,Penguins,SunMid,Snowman,NoFire,2026-07-27T13:43:32.424Z
6a1d76bb8b67e9f450e148b1,20,NS_SC_Ca_SM_Sa_WF,NoSnow_SummerClothing_Camels_SunMid_Sandcastle_Fire.webp,4,5,NoSnow,SummerClothing,Camels,SunMid,Sandcastle,Fire,2026-07-27T13:43:39.429Z
6a1d76bb8b67e9f450e148b1,21,NS_WC_Ca_SR_Sa_NF,NoSnow_WinterClothing_Camels_SunRising_Sandcastle_NoFire.webp,4,5,NoSnow,WinterClothing,Camels,SunRising,Sandcastle,NoFire,2026-07-27T13:43:46.868Z
6a1d76bb8b67e9f450e148b1,22,NS_SC_Ca_SM_Sn_NF,NoSnow_SummerClothing_Camels_SunMid_Snowman_NoFire.webp,3,3,NoSnow,SummerClothing,Camels,SunMid,Snowman,NoFire,2026-07-27T13:43:53.150Z
6a1d76bb8b67e9f450e148b1,23,NS_WC_Ca_SM_Sa_WF,NoSnow_WinterClothing_Camels_SunMid_Sandcastle_Fire.webp,4,6,NoSnow,WinterClothing,Camels,SunMid,Sandcastle,Fire,2026-07-27T13:44:00.228Z
6a1d76bb8b67e9f450e148b1,24,S_SC_Ca_SM_Sa_WF,Snow_SummerClothing_Camels_SunMid_Sandcastle_Fire.webp,5,6,Snow,SummerClothing,Camels,SunMid,Sandcastle,Fire,2026-07-27T13:44:06.360Z
6a1d76bb8b67e9f450e148b1,25,NS_SC_Pe_SM_Sa_WF,NoSnow_SummerClothing_Penguins_SunMid_Sandcastle_Fire.webp,4,3,NoSnow,SummerClothing,Penguins,SunMid,Sandcastle,Fire,2026-07-27T13:44:18.109Z
6a1d76bb8b67e9f450e148b1,26,NS_WC_Pe_SR_Sn_WF,NoSnow_WinterClothing_Penguins_SunRising_Snowman_Fire.webp,3,2,NoSnow,WinterClothing,Penguins,SunRising,Snowman,Fire,2026-07-27T13:44:30.093Z
6a1d76bb8b67e9f450e148b1,27,NS_WC_Pe_SM_Sa_WF,NoSnow_WinterClothing_Penguins_SunMid_Sandcastle_Fire.webp,3,4,NoSnow,WinterClothing,Penguins,SunMid,Sandcastle,Fire,2026-07-27T13:44:36.262Z
6a1d76bb8b67e9f450e148b1,28,S_WC_Pe_SM_Sa_NF,Snow_WinterClothing_Penguins_SunMid_Sandcastle_NoFire.webp,3,4,Snow,WinterClothing,Penguins,SunMid,Sandcastle,NoFire,2026-07-27T13:44:45.300Z
6a1d76bb8b67e9f450e148b1,29,NS_WC_Ca_SR_Sa_WF,NoSnow_WinterClothing_Camels_SunRising_Sandcastle_Fire.webp,6,5,NoSnow,WinterClothing,Camels,SunRising,Sandcastle,Fire,2026-07-27T13:44:54.861Z
6a1d76bb8b67e9f450e148b1,30,S_WC_Pe_SM_Sn_WF,Snow_WinterClothing_Penguins_SunMid_Snowman_Fire.webp,3,3,Snow,WinterClothing,Penguins,SunMid,Snowman,Fire,2026-07-27T13:45:03.876Z
6a1d76bb8b67e9f450e148b1,31,NS_WC_Ca_SR_Sn_WF,NoSnow_WinterClothing_Camels_SunRising_Snowman_Fire.webp,3,1,NoSnow,WinterClothing,Camels,SunRising,Snowman,Fire,2026-07-27T13:45:10.836Z
6a1d76bb8b67e9f450e148b1,32,S_SC_Pe_SM_Sn_NF,Snow_SummerClothing_Penguins_SunMid_Snowman_NoFire.webp,2,2,Snow,SummerClothing,Penguins,SunMid,Snowman,NoFire,2026-07-27T13:45:22.084Z
6a1d76bb8b67e9f450e148b1,33,S_SC_Pe_SR_Sa_NF,Snow_SummerClothing_Penguins_SunRising_Sandcastle_NoFire.webp,5,5,Snow,SummerClothing,Penguins,SunRising,Sandcastle,NoFire,2026-07-27T13:45:32.140Z
6a1d76bb8b67e9f450e148b1,34,NS_WC_Ca_SM_Sn_NF,NoSnow_WinterClothing_Camels_SunMid_Snowman_NoFire.webp,3,2,NoSnow,WinterClothing,Camels,SunMid,Snowman,NoFire,2026-07-27T13:45:40.053Z
6a1d76bb8b67e9f450e148b1,35,S_WC_Pe_SR_Sn_WF,Snow_WinterClothing_Penguins_SunRising_Snowman_Fire.webp,3,5,Snow,WinterClothing,Penguins,SunRising,Snowman,Fire,2026-07-27T13:45:46.397Z
6a1d76bb8b67e9f450e148b1,36,S_SC_Pe_SM_Sa_NF,Snow_SummerClothing_Penguins_SunMid_Sandcastle_NoFire.webp,4,5,Snow,SummerClothing,Penguins,SunMid,Sandcastle,NoFire,2026-07-27T13:45:52.148Z
6a1d76bb8b67e9f450e148b1,37,S_WC_Ca_SR_Sa_WF,Snow_WinterClothing_Camels_SunRising_Sandcastle_Fire.webp,5,5,Snow,WinterClothing,Camels,SunRising,Sandcastle,Fire,2026-07-27T13:45:58.532Z
6a1d76bb8b67e9f450e148b1,38,S_WC_Pe_SR_Sa_WF,Snow_WinterClothing_Penguins_SunRising_Sandcastle_Fire.webp,4,5,Snow,WinterClothing,Penguins,SunRising,Sandcastle,Fire,2026-07-27T13:46:05.212Z
6a1d76bb8b67e9f450e148b1,39,S_WC_Ca_SR_Sn_WF,Snow_WinterClothing_Camels_SunRising_Snowman_Fire.webp,3,3,Snow,WinterClothing,Camels,SunRising,Snowman,Fire,2026-07-27T13:46:18.967Z
6a1d76bb8b67e9f450e148b1,40,NS_WC_Pe_SR_Sn_NF,NoSnow_WinterClothing_Penguins_SunRising_Snowman_NoFire.webp,3,5,NoSnow,WinterClothing,Penguins,SunRising,Snowman,NoFire,2026-07-27T13:46:28.364Z
6a1d76bb8b67e9f450e148b1,41,S_WC_Pe_SM_Sa_WF,Snow_WinterClothing_Penguins_SunMid_Sandcastle_Fire.webp,4,5,Snow,WinterClothing,Penguins,SunMid,Sandcastle,Fire,2026-07-27T13:46:33.668Z
6a1d76bb8b67e9f450e148b1,42,S_WC_Ca_SR_Sa_NF,Snow_WinterClothing_Camels_SunRising_Sandcastle_NoFire.webp,5,5,Snow,WinterClothing,Camels,SunRising,Sandcastle,NoFire,2026-07-27T13:46:40.024Z
6a1d76bb8b67e9f450e148b1,43,NS_SC_Ca_SR_Sa_WF,NoSnow_SummerClothing_Camels_SunRising_Sandcastle_Fire.webp,5,5,NoSnow,SummerClothing,Camels,SunRising,Sandcastle,Fire,2026-07-27T13:46:45.892Z
6a1d76bb8b67e9f450e148b1,44,S_SC_Ca_SM_Sn_NF,Snow_SummerClothing_Camels_SunMid_Snowman_NoFire.webp,2,2,Snow,SummerClothing,Camels,SunMid,Snowman,NoFire,2026-07-27T13:46:53.236Z
6a1d76bb8b67e9f450e148b1,45,NS_WC_Ca_SM_Sn_WF,NoSnow_WinterClothing_Camels_SunMid_Snowman_Fire.webp,4,3,NoSnow,WinterClothing,Camels,SunMid,Snowman,Fire,2026-07-27T13:47:01.449Z
6a1d76bb8b67e9f450e148b1,46,NS_WC_Pe_SM_Sa_NF,NoSnow_WinterClothing_Penguins_SunMid_Sandcastle_NoFire.webp,4,5,NoSnow,WinterClothing,Penguins,SunMid,Sandcastle,NoFire,2026-07-27T13:47:07.804Z
6a1d76bb8b67e9f450e148b1,47,NS_SC_Pe_SR_Sa_NF,NoSnow_SummerClothing_Penguins_SunRising_Sandcastle_NoFire.webp,4,5,NoSnow,SummerClothing,Penguins,SunRising,Sandcastle,NoFire,2026-07-27T13:47:16.485Z
6a1d76bb8b67e9f450e148b1,48,NS_WC_Pe_SM_Sn_NF,NoSnow_WinterClothing_Penguins_SunMid_Snowman_NoFire.webp,3,4,NoSnow,WinterClothing,Penguins,SunMid,Snowman,NoFire,2026-07-27T13:47:25.844Z
6a1d76bb8b67e9f450e148b1,49,NS_SC_Pe_SR_Sn_WF,NoSnow_SummerClothing_Penguins_SunRising_Snowman_Fire.webp,2,4,NoSnow,SummerClothing,Penguins,SunRising,Snowman,Fire,2026-07-27T13:47:32.740Z
6a1d76bb8b67e9f450e148b1,50,S_WC_Ca_SM_Sn_WF,Snow_WinterClothing_Camels_SunMid_Snowman_Fire.webp,5,3,Snow,WinterClothing,Camels,SunMid,Snowman,Fire,2026-07-27T13:47:40.030Z
6a1d76bb8b67e9f450e148b1,51,S_SC_Pe_SR_Sn_WF,Snow_SummerClothing_Penguins_SunRising_Snowman_Fire.webp,3,3,Snow,SummerClothing,Penguins,SunRising,Snowman,Fire,2026-07-27T13:47:51.108Z
6a1d76bb8b67e9f450e148b1,52,S_SC_Ca_SR_Sn_NF,Snow_SummerClothing_Camels_SunRising_Snowman_NoFire.webp,1,2,Snow,SummerClothing,Camels,SunRising,Snowman,NoFire,2026-07-27T13:47:57.580Z
6a1d76bb8b67e9f450e148b1,53,NS_WC_Pe_SR_Sa_NF,NoSnow_WinterClothing_Penguins_SunRising_Sandcastle_NoFire.webp,3,3,NoSnow,WinterClothing,Penguins,SunRising,Sandcastle,NoFire,2026-07-27T13:48:08.556Z
6a1d76bb8b67e9f450e148b1,54,S_WC_Ca_SM_Sa_NF,Snow_WinterClothing_Camels_SunMid_Sandcastle_NoFire.webp,5,5,Snow,WinterClothing,Camels,SunMid,Sandcastle,NoFire,2026-07-27T13:48:18.724Z
6a1d76bb8b67e9f450e148b1,55,S_SC_Pe_SM_Sa_WF,Snow_SummerClothing_Penguins_SunMid_Sandcastle_Fire.webp,2,3,Snow,SummerClothing,Penguins,SunMid,Sandcastle,Fire,2026-07-27T13:48:30.991Z
6a1d76bb8b67e9f450e148b1,56,NS_WC_Pe_SR_Sa_WF,NoSnow_WinterClothing_Penguins_SunRising_Sandcastle_Fire.webp,4,4,NoSnow,WinterClothing,Penguins,SunRising,Sandcastle,Fire,2026-07-27T13:48:38.708Z
6a1d76bb8b67e9f450e148b1,57,NS_WC_Pe_SM_Sn_WF,NoSnow_WinterClothing_Penguins_SunMid_Snowman_Fire.webp,4,6,NoSnow,WinterClothing,Penguins,SunMid,Snowman,Fire,2026-07-27T13:48:53.908Z
6a1d76bb8b67e9f450e148b1,58,NS_SC_Ca_SR_Sn_NF,NoSnow_SummerClothing_Camels_SunRising_Snowman_NoFire.webp,2,2,NoSnow,SummerClothing,Camels,SunRising,Snowman,NoFire,2026-07-27T13:49:00.356Z
6a1d76bb8b67e9f450e148b1,59,S_SC_Ca_SM_Sn_WF,Snow_SummerClothing_Camels_SunMid_Snowman_Fire.webp,2,2,Snow,SummerClothing,Camels,SunMid,Snowman,Fire,2026-07-27T13:49:06.509Z
6a1d76bb8b67e9f450e148b1,60,S_SC_Ca_SR_Sa_WF,Snow_SummerClothing_Camels_SunRising_Sandcastle_Fire.webp,5,5,Snow,SummerClothing,Camels,SunRising,Sandcastle,Fire,2026-07-27T13:49:14.275Z
6a1d76bb8b67e9f450e148b1,61,S_SC_Ca_SR_Sn_WF,Snow_SummerClothing_Camels_SunRising_Snowman_Fire.webp,2,1,Snow,SummerClothing,Camels,SunRising,Snowman,Fire,2026-07-27T13:49:20.740Z
6a1d76bb8b67e9f450e148b1,62,NS_SC_Ca_SR_Sa_NF,NoSnow_SummerClothing_Camels_SunRising_Sandcastle_NoFire.webp,5,7,NoSnow,SummerClothing,Camels,SunRising,Sandcastle,NoFire,2026-07-27T13:49:28.388Z
6a1d76bb8b67e9f450e148b1,63,NS_SC_Ca_SR_Sn_WF,NoSnow_SummerClothing_Camels_SunRising_Snowman_Fire.webp,2,2,NoSnow,SummerClothing,Camels,SunRising,Snowman,Fire,2026-07-27T13:49:37.132Z
69ea53a90c6cacb935a68043,0,NS_WC_Ca_SM_Sa_NF,NoSnow_WinterClothing_Camels_SunMid_Sandcastle_NoFire.webp,5,3,NoSnow,WinterClothing,Camels,SunMid,Sandcastle,NoFire,2026-07-27T13:43:01.722Z
69ea53a90c6cacb935a68043,1,S_SC_Pe_SR_Sa_WF,Snow_SummerClothing_Penguins_SunRising_Sandcastle_Fire.webp,4,2,Snow,SummerClothing,Penguins,SunRising,Sandcastle,Fire,2026-07-27T13:43:30.131Z
69ea53a90c6cacb935a68043,2,NS_SC_Pe_SR_Sa_WF,NoSnow_SummerClothing_Penguins_SunRising_Sandcastle_Fire.webp,6,1,NoSnow,SummerClothing,Penguins,SunRising,Sandcastle,Fire,2026-07-27T13:43:41.612Z
69ea53a90c6cacb935a68043,3,S_SC_Pe_SM_Sn_NF,Snow_SummerClothing_Penguins_SunMid_Snowman_NoFire.webp,4,5,Snow,SummerClothing,Penguins,SunMid,Snowman,NoFire,2026-07-27T13:45:17.480Z
69ea53a90c6cacb935a68043,4,NS_WC_Ca_SM_Sa_WF,NoSnow_WinterClothing_Camels_SunMid_Sandcastle_Fire.webp,4,4,NoSnow,WinterClothing,Camels,SunMid,Sandcastle,Fire,2026-07-27T13:45:34.167Z
69ea53a90c6cacb935a68043,5,S_WC_Ca_SR_Sa_NF,Snow_WinterClothing_Camels_SunRising_Sandcastle_NoFire.webp,5,5,Snow,WinterClothing,Camels,SunRising,Sandcastle,NoFire,2026-07-27T13:45:57.845Z
69ea53a90c6cacb935a68043,6,S_WC_Ca_SM_Sa_WF,Snow_WinterClothing_Camels_SunMid_Sandcastle_Fire.webp,3,6,Snow,WinterClothing,Camels,SunMid,Sandcastle,Fire,2026-07-27T13:46:09.925Z
69ea53a90c6cacb935a68043,7,NS_SC_Pe_SM_Sn_NF,NoSnow_SummerClothing_Penguins_SunMid_Snowman_NoFire.webp,5,1,NoSnow,SummerClothing,Penguins,SunMid,Snowman,NoFire,2026-07-27T13:46:34.263Z
69ea53a90c6cacb935a68043,8,NS_SC_Pe_SM_Sa_WF,NoSnow_SummerClothing_Penguins_SunMid_Sandcastle_Fire.webp,4,1,NoSnow,SummerClothing,Penguins,SunMid,Sandcastle,Fire,2026-07-27T13:47:12.745Z
69ea53a90c6cacb935a68043,9,NS_SC_Pe_SM_Sn_WF,NoSnow_SummerClothing_Penguins_SunMid_Snowman_Fire.webp,4,3,NoSnow,SummerClothing,Penguins,SunMid,Snowman,Fire,2026-07-27T13:48:18.737Z
69ea53a90c6cacb935a68043,10,NS_SC_Ca_SM_Sn_NF,NoSnow_SummerClothing_Camels_SunMid_Snowman_NoFire.webp,5,1,NoSnow,SummerClothing,Camels,SunMid,Snowman,NoFire,2026-07-27T13:48:31.101Z
69ea53a90c6cacb935a68043,11,NS_WC_Pe_SR_Sa_NF,NoSnow_WinterClothing_Penguins_SunRising_Sandcastle_NoFire.webp,5,2,NoSnow,WinterClothing,Penguins,SunRising,Sandcastle,NoFire,2026-07-27T13:48:43.716Z
69ea53a90c6cacb935a68043,12,S_SC_Ca_SM_Sa_WF,Snow_SummerClothing_Camels_SunMid_Sandcastle_Fire.webp,6,5,Snow,SummerClothing,Camels,SunMid,Sandcastle,Fire,2026-07-27T13:48:54.723Z
69ea53a90c6cacb935a68043,13,NS_WC_Ca_SM_Sn_WF,NoSnow_WinterClothing_Camels_SunMid_Snowman_Fire.webp,5,1,NoSnow,WinterClothing,Camels,SunMid,Snowman,Fire,2026-07-27T13:49:52.696Z
69ea53a90c6cacb935a68043,14,NS_SC_Ca_SR_Sn_NF,NoSnow_SummerClothing_Camels_SunRising_Snowman_NoFire.webp,4,3,NoSnow,SummerClothing,Camels,SunRising,Snowman,NoFire,2026-07-27T13:50:02.030Z
69ea53a90c6cacb935a68043,15,S_WC_Pe_SM_Sn_NF,Snow_WinterClothing_Penguins_SunMid_Snowman_NoFire.webp,2,6,Snow,WinterClothing,Penguins,SunMid,Snowman,NoFire,2026-07-27T13:50:13.294Z
69ea53a90c6cacb935a68043,16,NS_WC_Pe_SM_Sa_WF,NoSnow_WinterClothing_Penguins_SunMid_Sandcastle_Fire.webp,5,1,NoSnow,WinterClothing,Penguins,SunMid,Sandcastle,Fire,2026-07-27T13:50:23.745Z
69ea53a90c6cacb935a68043,17,S_SC_Pe_SR_Sa_NF,Snow_SummerClothing_Penguins_SunRising_Sandcastle_NoFire.webp,3,6,Snow,SummerClothing,Penguins,SunRising,Sandcastle,NoFire,2026-07-27T13:50:36.380Z
69ea53a90c6cacb935a68043,18,NS_SC_Pe_SR_Sn_WF,NoSnow_SummerClothing_Penguins_SunRising_Snowman_Fire.webp,6,1,NoSnow,SummerClothing,Penguins,SunRising,Snowman,Fire,2026-07-27T13:50:51.546Z
69ea53a90c6cacb935a68043,19,S_SC_Pe_SR_Sn_WF,Snow_SummerClothing_Penguins_SunRising_Snowman_Fire.webp,3,6,Snow,SummerClothing,Penguins,SunRising,Snowman,Fire,2026-07-27T13:51:07.167Z
69ea53a90c6cacb935a68043,20,S_SC_Pe_SR_Sn_NF,Snow_SummerClothing_Penguins_SunRising_Snowman_NoFire.webp,3,6,Snow,SummerClothing,Penguins,SunRising,Snowman,NoFire,2026-07-27T13:51:19.899Z
69ea53a90c6cacb935a68043,21,NS_WC_Ca_SR_Sn_WF,NoSnow_WinterClothing_Camels_SunRising_Snowman_Fire.webp,5,1,NoSnow,WinterClothing,Camels,SunRising,Snowman,Fire,2026-07-27T13:51:28.950Z
69ea53a90c6cacb935a68043,22,S_WC_Ca_SM_Sn_WF,Snow_WinterClothing_Camels_SunMid_Snowman_Fire.webp,2,6,Snow,WinterClothing,Camels,SunMid,Snowman,Fire,2026-07-27T13:52:05.517Z
69ea53a90c6cacb935a68043,23,NS_SC_Pe_SR_Sa_NF,NoSnow_SummerClothing_Penguins_SunRising_Sandcastle_NoFire.webp,6,3,NoSnow,SummerClothing,Penguins,SunRising,Sandcastle,NoFire,2026-07-27T13:52:15.187Z
69ea53a90c6cacb935a68043,24,S_SC_Ca_SM_Sn_NF,Snow_SummerClothing_Camels_SunMid_Snowman_NoFire.webp,3,6,Snow,SummerClothing,Camels,SunMid,Snowman,NoFire,2026-07-27T13:52:22.316Z
69ea53a90c6cacb935a68043,25,S_WC_Pe_SM_Sn_WF,Snow_WinterClothing_Penguins_SunMid_Snowman_Fire.webp,1,7,Snow,WinterClothing,Penguins,SunMid,Snowman,Fire,2026-07-27T13:52:31.913Z
69ea53a90c6cacb935a68043,26,NS_WC_Pe_SM_Sn_NF,NoSnow_WinterClothing_Penguins_SunMid_Snowman_NoFire.webp,5,1,NoSnow,WinterClothing,Penguins,SunMid,Snowman,NoFire,2026-07-27T13:52:43.407Z
69ea53a90c6cacb935a68043,27,NS_WC_Pe_SR_Sa_WF,NoSnow_WinterClothing_Penguins_SunRising_Sandcastle_Fire.webp,4,3,NoSnow,WinterClothing,Penguins,SunRising,Sandcastle,Fire,2026-07-27T13:52:54.417Z
69ea53a90c6cacb935a68043,28,NS_SC_Ca_SR_Sa_NF,NoSnow_SummerClothing_Camels_SunRising_Sandcastle_NoFire.webp,6,7,NoSnow,SummerClothing,Camels,SunRising,Sandcastle,NoFire,2026-07-27T13:53:05.734Z
69ea53a90c6cacb935a68043,29,S_WC_Ca_SR_Sn_WF,Snow_WinterClothing_Camels_SunRising_Snowman_Fire.webp,1,6,Snow,WinterClothing,Camels,SunRising,Snowman,Fire,2026-07-27T13:53:15.518Z
69ea53a90c6cacb935a68043,30,NS_SC_Ca_SM_Sn_WF,NoSnow_SummerClothing_Camels_SunMid_Snowman_Fire.webp,5,2,NoSnow,SummerClothing,Camels,SunMid,Snowman,Fire,2026-07-27T13:53:32.333Z
69ea53a90c6cacb935a68043,31,NS_WC_Ca_SR_Sa_WF,NoSnow_WinterClothing_Camels_SunRising_Sandcastle_Fire.webp,4,5,NoSnow,WinterClothing,Camels,SunRising,Sandcastle,Fire,2026-07-27T13:53:43.560Z
69ea53a90c6cacb935a68043,32,S_WC_Ca_SM_Sn_NF,Snow_WinterClothing_Camels_SunMid_Snowman_NoFire.webp,1,7,Snow,WinterClothing,Camels,SunMid,Snowman,NoFire,2026-07-27T13:53:53.239Z
69ea53a90c6cacb935a68043,33,NS_WC_Pe_SR_Sn_NF,NoSnow_WinterClothing_Penguins_SunRising_Snowman_NoFire.webp,5,3,NoSnow,WinterClothing,Penguins,SunRising,Snowman,NoFire,2026-07-27T13:54:02.980Z
69ea53a90c6cacb935a68043,34,S_SC_Ca_SR_Sa_WF,Snow_SummerClothing_Camels_SunRising_Sandcastle_Fire.webp,3,5,Snow,SummerClothing,Camels,SunRising,Sandcastle,Fire,2026-07-27T13:54:15.348Z
69ea53a90c6cacb935a68043,35,S_SC_Ca_SR_Sn_WF,Snow_SummerClothing_Camels_SunRising_Snowman_Fire.webp,3,6,Snow,SummerClothing,Camels,SunRising,Snowman,Fire,2026-07-27T13:54:24.991Z
69ea53a90c6cacb935a68043,36,S_WC_Pe_SR_Sn_WF,Snow_WinterClothing_Penguins_SunRising_Snowman_Fire.webp,2,7,Snow,WinterClothing,Penguins,SunRising,Snowman,Fire,2026-07-27T13:54:35.118Z
69ea53a90c6cacb935a68043,37,S_WC_Pe_SM_Sa_NF,Snow_WinterClothing_Penguins_SunMid_Sandcastle_NoFire.webp,2,7,Snow,WinterClothing,Penguins,SunMid,Sandcastle,NoFire,2026-07-27T13:54:46.930Z
69ea53a90c6cacb935a68043,38,NS_SC_Pe_SR_Sn_NF,NoSnow_SummerClothing_Penguins_SunRising_Snowman_NoFire.webp,4,3,NoSnow,SummerClothing,Penguins,SunRising,Snowman,NoFire,2026-07-27T13:54:58.659Z
69ea53a90c6cacb935a68043,39,S_SC_Ca_SM_Sn_WF,Snow_SummerClothing_Camels_SunMid_Snowman_Fire.webp,2,6,Snow,SummerClothing,Camels,SunMid,Snowman,Fire,2026-07-27T13:55:11.943Z
69ea53a90c6cacb935a68043,40,S_SC_Ca_SR_Sn_NF,Snow_SummerClothing_Camels_SunRising_Snowman_NoFire.webp,3,5,Snow,SummerClothing,Camels,SunRising,Snowman,NoFire,2026-07-27T13:55:23.915Z
69ea53a90c6cacb935a68043,41,NS_SC_Ca_SM_Sa_NF,NoSnow_SummerClothing_Camels_SunMid_Sandcastle_NoFire.webp,6,6,NoSnow,SummerClothing,Camels,SunMid,Sandcastle,NoFire,2026-07-27T13:55:33.839Z
69ea53a90c6cacb935a68043,42,NS_WC_Pe_SR_Sn_WF,NoSnow_WinterClothing_Penguins_SunRising_Snowman_Fire.webp,5,2,NoSnow,WinterClothing,Penguins,SunRising,Snowman,Fire,2026-07-27T13:55:41.862Z
69ea53a90c6cacb935a68043,43,S_WC_Ca_SM_Sa_NF,Snow_WinterClothing_Camels_SunMid_Sandcastle_NoFire.webp,2,3,Snow,WinterClothing,Camels,SunMid,Sandcastle,NoFire,2026-07-27T13:56:53.977Z
69ea53a90c6cacb935a68043,44,S_WC_Pe_SR_Sn_NF,Snow_WinterClothing_Penguins_SunRising_Snowman_NoFire.webp,1,7,Snow,WinterClothing,Penguins,SunRising,Snowman,NoFire,2026-07-27T13:57:03.052Z
69ea53a90c6cacb935a68043,45,S_WC_Ca_SR_Sn_NF,Snow_WinterClothing_Camels_SunRising_Snowman_NoFire.webp,2,6,Snow,WinterClothing,Camels,SunRising,Snowman,NoFire,2026-07-27T13:57:12.490Z
69ea53a90c6cacb935a68043,46,S_WC_Pe_SR_Sa_NF,Snow_WinterClothing_Penguins_SunRising_Sandcastle_NoFire.webp,2,3,Snow,WinterClothing,Penguins,SunRising,Sandcastle,NoFire,2026-07-27T13:57:22.583Z
69ea53a90c6cacb935a68043,47,S_WC_Ca_SR_Sa_WF,Snow_WinterClothing_Camels_SunRising_Sandcastle_Fire.webp,1,4,Snow,WinterClothing,Camels,SunRising,Sandcastle,Fire,2026-07-27T13:57:33.408Z
69ea53a90c6cacb935a68043,48,NS_WC_Pe_SM_Sn_WF,NoSnow_WinterClothing_Penguins_SunMid_Snowman_Fire.webp,5,1,NoSnow,WinterClothing,Penguins,SunMid,Snowman,Fire,2026-07-27T13:57:45.369Z
69ea53a90c6cacb935a68043,49,NS_WC_Pe_SM_Sa_NF,NoSnow_WinterClothing_Penguins_SunMid_Sandcastle_NoFire.webp,4,3,NoSnow,WinterClothing,Penguins,SunMid,Sandcastle,NoFire,2026-07-27T13:57:56.039Z
69ea53a90c6cacb935a68043,50,NS_SC_Ca_SR_Sa_WF,NoSnow_SummerClothing_Camels_SunRising_Sandcastle_Fire.webp,5,4,NoSnow,SummerClothing,Camels,SunRising,Sandcastle,Fire,2026-07-27T13:58:19.124Z
69ea53a90c6cacb935a68043,51,NS_WC_Ca_SM_Sn_NF,NoSnow_WinterClothing_Camels_SunMid_Snowman_NoFire.webp,4,2,NoSnow,WinterClothing,Camels,SunMid,Snowman,NoFire,2026-07-27T13:58:31.262Z
69ea53a90c6cacb935a68043,52,NS_WC_Ca_SR_Sn_NF,NoSnow_WinterClothing_Camels_SunRising_Snowman_NoFire.webp,5,1,NoSnow,WinterClothing,Camels,SunRising,Snowman,NoFire,2026-07-27T13:58:41.196Z
69ea53a90c6cacb935a68043,53,NS_WC_Ca_SR_Sa_NF,NoSnow_WinterClothing_Camels_SunRising_Sandcastle_NoFire.webp,4,6,NoSnow,WinterClothing,Camels,SunRising,Sandcastle,NoFire,2026-07-27T13:58:50.883Z
69ea53a90c6cacb935a68043,54,S_SC_Ca_SM_Sa_NF,Snow_SummerClothing_Camels_SunMid_Sandcastle_NoFire.webp,2,3,Snow,SummerClothing,Camels,SunMid,Sandcastle,NoFire,2026-07-27T13:59:00.145Z
69ea53a90c6cacb935a68043,55,NS_SC_Pe_SM_Sa_NF,NoSnow_SummerClothing_Penguins_SunMid_Sandcastle_NoFire.webp,5,3,NoSnow,SummerClothing,Penguins,SunMid,Sandcastle,NoFire,2026-07-27T13:59:09.221Z
69ea53a90c6cacb935a68043,56,NS_SC_Ca_SM_Sa_WF,NoSnow_SummerClothing_Camels_SunMid_Sandcastle_Fire.webp,4,6,NoSnow,SummerClothing,Camels,SunMid,Sandcastle,Fire,2026-07-27T13:59:19.344Z
69ea53a90c6cacb935a68043,57,S_SC_Pe_SM_Sa_NF,Snow_SummerClothing_Penguins_SunMid_Sandcastle_NoFire.webp,3,3,Snow,SummerClothing,Penguins,SunMid,Sandcastle,NoFire,2026-07-27T13:59:27.484Z
69ea53a90c6cacb935a68043,58,S_SC_Pe_SM_Sa_WF,Snow_SummerClothing_Penguins_SunMid_Sandcastle_Fire.webp,3,3,Snow,SummerClothing,Penguins,SunMid,Sandcastle,Fire,2026-07-27T13:59:37.663Z
69ea53a90c6cacb935a68043,59,S_SC_Ca_SR_Sa_NF,Snow_SummerClothing_Camels_SunRising_Sandcastle_NoFire.webp,3,3,Snow,SummerClothing,Camels,SunRising,Sandcastle,NoFire,2026-07-27T13:59:46.000Z
69ea53a90c6cacb935a68043,60,S_WC_Pe_SR_Sa_WF,Snow_WinterClothing_Penguins_SunRising_Sandcastle_Fire.webp,1,2,Snow,WinterClothing,Penguins,SunRising,Sandcastle,Fire,2026-07-27T13:59:55.561Z
69ea53a90c6cacb935a68043,61,NS_SC_Ca_SR_Sn_WF,NoSnow_SummerClothing_Camels_SunRising_Snowman_Fire.webp,5,2,NoSnow,SummerClothing,Camels,SunRising,Snowman,Fire,2026-07-27T14:00:06.913Z
69ea53a90c6cacb935a68043,62,S_SC_Pe_SM_Sn_WF,Snow_SummerClothing_Penguins_SunMid_Snowman_Fire.webp,1,7,Snow,SummerClothing,Penguins,SunMid,Snowman,Fire,2026-07-27T14:00:18.157Z
69ea53a90c6cacb935a68043,63,S_WC_Pe_SM_Sa_WF,Snow_WinterClothing_Penguins_SunMid_Sandcastle_Fire.webp,1,3,Snow,WinterClothing,Penguins,SunMid,Sandcastle,Fire,2026-07-27T14:00:28.741Z
5a993b151eda410001365a23,0,NS_SC_Pe_SM_Sa_NF,NoSnow_SummerClothing_Penguins_SunMid_Sandcastle_NoFire.webp,4,2,NoSnow,SummerClothing,Penguins,SunMid,Sandcastle,NoFire,2026-07-27T13:43:26.892Z
5a993b151eda410001365a23,1,NS_SC_Ca_SR_Sn_WF,NoSnow_SummerClothing_Camels_SunRising_Snowman_Fire.webp,5,2,NoSnow,SummerClothing,Camels,SunRising,Snowman,Fire,2026-07-27T13:43:45.107Z
5a993b151eda410001365a23,2,S_WC_Ca_SR_Sa_NF,Snow_WinterClothing_Camels_SunRising_Sandcastle_NoFire.webp,2,3,Snow,WinterClothing,Camels,SunRising,Sandcastle,NoFire,2026-07-27T13:44:11.119Z
5a993b151eda410001365a23,3,NS_WC_Ca_SM_Sn_NF,NoSnow_WinterClothing_Camels_SunMid_Snowman_NoFire.webp,4,3,NoSnow,WinterClothing,Camels,SunMid,Snowman,NoFire,2026-07-27T13:44:29.175Z
5a993b151eda410001365a23,4,NS_WC_Pe_SM_Sn_WF,NoSnow_WinterClothing_Penguins_SunMid_Snowman_Fire.webp,4,2,NoSnow,WinterClothing,Penguins,SunMid,Snowman,Fire,2026-07-27T13:44:52.868Z
5a993b151eda410001365a23,5,NS_WC_Pe_SM_Sn_NF,NoSnow_WinterClothing_Penguins_SunMid_Snowman_NoFire.webp,3,4,NoSnow,WinterClothing,Penguins,SunMid,Snowman,NoFire,2026-07-27T13:45:07.061Z
5a993b151eda410001365a23,6,NS_WC_Ca_SR_Sa_WF,NoSnow_WinterClothing_Camels_SunRising_Sandcastle_Fire.webp,4,4,NoSnow,WinterClothing,Camels,SunRising,Sandcastle,Fire,2026-07-27T13:45:31.323Z
5a993b151eda410001365a23,7,S_SC_Ca_SM_Sn_WF,Snow_SummerClothing_Camels_SunMid_Snowman_Fire.webp,2,4,Snow,SummerClothing,Camels,SunMid,Snowman,Fire,2026-07-27T13:45:51.402Z
5a993b151eda410001365a23,8,S_WC_Pe_SR_Sa_WF,Snow_WinterClothing_Penguins_SunRising_Sandcastle_Fire.webp,2,4,Snow,WinterClothing,Penguins,SunRising,Sandcastle,Fire,2026-07-27T13:46:06.890Z
5a993b151eda410001365a23,9,S_WC_Ca_SR_Sa_WF,Snow_WinterClothing_Camels_SunRising_Sandcastle_Fire.webp,3,3,Snow,WinterClothing,Camels,SunRising,Sandcastle,Fire,2026-07-27T13:46:26.161Z
5a993b151eda410001365a23,10,S_WC_Pe_SR_Sn_NF,Snow_WinterClothing_Penguins_SunRising_Snowman_NoFire.webp,2,4,Snow,WinterClothing,Penguins,SunRising,Snowman,NoFire,2026-07-27T13:46:40.451Z
5a993b151eda410001365a23,11,NS_WC_Ca_SM_Sa_WF,NoSnow_WinterClothing_Camels_SunMid_Sandcastle_Fire.webp,5,4,NoSnow,WinterClothing,Camels,SunMid,Sandcastle,Fire,2026-07-27T13:47:39.928Z
5a993b151eda410001365a23,12,S_SC_Pe_SR_Sn_NF,Snow_SummerClothing_Penguins_SunRising_Snowman_NoFire.webp,2,2,Snow,SummerClothing,Penguins,SunRising,Snowman,NoFire,2026-07-27T13:48:21.581Z
5a993b151eda410001365a23,13,NS_SC_Pe_SM_Sa_WF,NoSnow_SummerClothing_Penguins_SunMid_Sandcastle_Fire.webp,5,3,NoSnow,SummerClothing,Penguins,SunMid,Sandcastle,Fire,2026-07-27T13:48:47.617Z
5a993b151eda410001365a23,14,NS_WC_Ca_SM_Sa_NF,NoSnow_WinterClothing_Camels_SunMid_Sandcastle_NoFire.webp,5,3,NoSnow,WinterClothing,Camels,SunMid,Sandcastle,NoFire,2026-07-27T13:49:43.279Z
5a993b151eda410001365a23,15,NS_SC_Ca_SR_Sn_NF,NoSnow_SummerClothing_Camels_SunRising_Snowman_NoFire.webp,4,2,NoSnow,SummerClothing,Camels,SunRising,Snowman,NoFire,2026-07-27T13:49:59.560Z
5a993b151eda410001365a23,16,NS_SC_Ca_SM_Sn_WF,NoSnow_SummerClothing_Camels_SunMid_Snowman_Fire.webp,5,2,NoSnow,SummerClothing,Camels,SunMid,Snowman,Fire,2026-07-27T13:50:07.772Z
5a993b151eda410001365a23,17,NS_WC_Ca_SM_Sn_WF,NoSnow_WinterClothing_Camels_SunMid_Snowman_Fire.webp,5,2,NoSnow,WinterClothing,Camels,SunMid,Snowman,Fire,2026-07-27T13:50:14.977Z
5a993b151eda410001365a23,18,NS_WC_Ca_SR_Sn_WF,NoSnow_WinterClothing_Camels_SunRising_Snowman_Fire.webp,4,3,NoSnow,WinterClothing,Camels,SunRising,Snowman,Fire,2026-07-27T13:50:29.483Z
5a993b151eda410001365a23,19,NS_WC_Pe_SR_Sa_WF,NoSnow_WinterClothing_Penguins_SunRising_Sandcastle_Fire.webp,4,3,NoSnow,WinterClothing,Penguins,SunRising,Sandcastle,Fire,2026-07-27T13:50:42.397Z
5a993b151eda410001365a23,20,S_SC_Ca_SR_Sn_WF,Snow_SummerClothing_Camels_SunRising_Snowman_Fire.webp,2,2,Snow,SummerClothing,Camels,SunRising,Snowman,Fire,2026-07-27T13:50:53.456Z
5a993b151eda410001365a23,21,S_SC_Ca_SR_Sa_WF,Snow_SummerClothing_Camels_SunRising_Sandcastle_Fire.webp,2,2,Snow,SummerClothing,Camels,SunRising,Sandcastle,Fire,2026-07-27T13:51:02.547Z
5a993b151eda410001365a23,22,S_SC_Pe_SM_Sa_WF,Snow_SummerClothing_Penguins_SunMid_Sandcastle_Fire.webp,2,2,Snow,SummerClothing,Penguins,SunMid,Sandcastle,Fire,2026-07-27T13:51:09.951Z
5a993b151eda410001365a23,23,S_SC_Ca_SR_Sa_NF,Snow_SummerClothing_Camels_SunRising_Sandcastle_NoFire.webp,2,2,Snow,SummerClothing,Camels,SunRising,Sandcastle,NoFire,2026-07-27T13:51:19.363Z
5a993b151eda410001365a23,24,NS_WC_Pe_SM_Sa_NF,NoSnow_WinterClothing_Penguins_SunMid_Sandcastle_NoFire.webp,4,3,NoSnow,WinterClothing,Penguins,SunMid,Sandcastle,NoFire,2026-07-27T13:51:28.879Z
5a993b151eda410001365a23,25,S_SC_Pe_SM_Sa_NF,Snow_SummerClothing_Penguins_SunMid_Sandcastle_NoFire.webp,2,2,Snow,SummerClothing,Penguins,SunMid,Sandcastle,NoFire,2026-07-27T13:51:40.570Z
5a993b151eda410001365a23,26,NS_SC_Pe_SM_Sn_WF,NoSnow_SummerClothing_Penguins_SunMid_Snowman_Fire.webp,4,3,NoSnow,SummerClothing,Penguins,SunMid,Snowman,Fire,2026-07-27T13:51:54.827Z
5a993b151eda410001365a23,27,S_SC_Pe_SM_Sn_NF,Snow_SummerClothing_Penguins_SunMid_Snowman_NoFire.webp,2,2,Snow,SummerClothing,Penguins,SunMid,Snowman,NoFire,2026-07-27T13:52:08.173Z
5a993b151eda410001365a23,28,NS_SC_Pe_SR_Sa_WF,NoSnow_SummerClothing_Penguins_SunRising_Sandcastle_Fire.webp,4,3,NoSnow,SummerClothing,Penguins,SunRising,Sandcastle,Fire,2026-07-27T13:52:17.313Z
5a993b151eda410001365a23,29,NS_SC_Ca_SM_Sn_NF,NoSnow_SummerClothing_Camels_SunMid_Snowman_NoFire.webp,5,3,NoSnow,SummerClothing,Camels,SunMid,Snowman,NoFire,2026-07-27T13:52:29.876Z
5a993b151eda410001365a23,30,NS_SC_Ca_SM_Sa_NF,NoSnow_SummerClothing_Camels_SunMid_Sandcastle_NoFire.webp,5,4,NoSnow,SummerClothing,Camels,SunMid,Sandcastle,NoFire,2026-07-27T13:52:43.965Z
5a993b151eda410001365a23,31,S_WC_Ca_SM_Sn_NF,Snow_WinterClothing_Camels_SunMid_Snowman_NoFire.webp,2,3,Snow,WinterClothing,Camels,SunMid,Snowman,NoFire,2026-07-27T13:52:54.168Z
5a993b151eda410001365a23,32,S_WC_Pe_SM_Sn_WF,Snow_WinterClothing_Penguins_SunMid_Snowman_Fire.webp,3,3,Snow,WinterClothing,Penguins,SunMid,Snowman,Fire,2026-07-27T13:54:23.800Z
5a993b151eda410001365a23,33,NS_SC_Pe_SR_Sn_NF,NoSnow_SummerClothing_Penguins_SunRising_Snowman_NoFire.webp,4,3,NoSnow,SummerClothing,Penguins,SunRising,Snowman,NoFire,2026-07-27T13:54:34.898Z
5a993b151eda410001365a23,34,S_WC_Pe_SR_Sn_WF,Snow_WinterClothing_Penguins_SunRising_Snowman_Fire.webp,2,3,Snow,WinterClothing,Penguins,SunRising,Snowman,Fire,2026-07-27T13:54:47.324Z
5a993b151eda410001365a23,35,NS_SC_Pe_SR_Sn_WF,NoSnow_SummerClothing_Penguins_SunRising_Snowman_Fire.webp,4,3,NoSnow,SummerClothing,Penguins,SunRising,Snowman,Fire,2026-07-27T13:55:01.822Z
5a993b151eda410001365a23,36,S_WC_Pe_SM_Sa_NF,Snow_WinterClothing_Penguins_SunMid_Sandcastle_NoFire.webp,2,4,Snow,WinterClothing,Penguins,SunMid,Sandcastle,NoFire,2026-07-27T13:55:11.188Z
5a993b151eda410001365a23,37,S_SC_Ca_SM_Sn_NF,Snow_SummerClothing_Camels_SunMid_Snowman_NoFire.webp,2,2,Snow,SummerClothing,Camels,SunMid,Snowman,NoFire,2026-07-27T13:55:19.686Z
5a993b151eda410001365a23,38,NS_SC_Pe_SM_Sn_NF,NoSnow_SummerClothing_Penguins_SunMid_Snowman_NoFire.webp,4,3,NoSnow,SummerClothing,Penguins,SunMid,Snowman,NoFire,2026-07-27T13:55:35.839Z
5a993b151eda410001365a23,39,S_WC_Pe_SM_Sa_WF,Snow_WinterClothing_Penguins_SunMid_Sandcastle_Fire.webp,2,3,Snow,WinterClothing,Penguins,SunMid,Sandcastle,Fire,2026-07-27T13:55:47.474Z
5a993b151eda410001365a23,40,S_WC_Ca_SR_Sn_WF,Snow_WinterClothing_Camels_SunRising_Snowman_Fire.webp,2,2,Snow,WinterClothing,Camels,SunRising,Snowman,Fire,2026-07-27T13:56:01.507Z
5a993b151eda410001365a23,41,NS_WC_Pe_SR_Sn_NF,NoSnow_WinterClothing_Penguins_SunRising_Snowman_NoFire.webp,4,3,NoSnow,WinterClothing,Penguins,SunRising,Snowman,NoFire,2026-07-27T13:56:52.476Z
5a993b151eda410001365a23,42,S_SC_Ca_SR_Sn_NF,Snow_SummerClothing_Camels_SunRising_Snowman_NoFire.webp,2,2,Snow,SummerClothing,Camels,SunRising,Snowman,NoFire,2026-07-27T13:57:09.620Z
5a993b151eda410001365a23,43,S_WC_Ca_SM_Sa_WF,Snow_WinterClothing_Camels_SunMid_Sandcastle_Fire.webp,2,3,Snow,WinterClothing,Camels,SunMid,Sandcastle,Fire,2026-07-27T13:57:20.367Z
5a993b151eda410001365a23,44,S_WC_Pe_SR_Sa_NF,Snow_WinterClothing_Penguins_SunRising_Sandcastle_NoFire.webp,2,3,Snow,WinterClothing,Penguins,SunRising,Sandcastle,NoFire,2026-07-27T13:57:28.076Z
5a993b151eda410001365a23,45,S_SC_Pe_SR_Sa_WF,Snow_SummerClothing_Penguins_SunRising_Sandcastle_Fire.webp,2,2,Snow,SummerClothing,Penguins,SunRising,Sandcastle,Fire,2026-07-27T13:57:35.664Z
5a993b151eda410001365a23,46,NS_WC_Pe_SR_Sn_WF,NoSnow_WinterClothing_Penguins_SunRising_Snowman_Fire.webp,4,3,NoSnow,WinterClothing,Penguins,SunRising,Snowman,Fire,2026-07-27T13:58:01.460Z
5a993b151eda410001365a23,47,NS_WC_Ca_SR_Sa_NF,NoSnow_WinterClothing_Camels_SunRising_Sandcastle_NoFire.webp,4,4,NoSnow,WinterClothing,Camels,SunRising,Sandcastle,NoFire,2026-07-27T13:58:18.876Z
5a993b151eda410001365a23,48,S_WC_Ca_SM_Sa_NF,Snow_WinterClothing_Camels_SunMid_Sandcastle_NoFire.webp,2,3,Snow,WinterClothing,Camels,SunMid,Sandcastle,NoFire,2026-07-27T13:58:26.736Z
5a993b151eda410001365a23,49,S_SC_Pe_SR_Sa_NF,Snow_SummerClothing_Penguins_SunRising_Sandcastle_NoFire.webp,2,2,Snow,SummerClothing,Penguins,SunRising,Sandcastle,NoFire,2026-07-27T13:58:33.182Z
5a993b151eda410001365a23,50,NS_WC_Pe_SR_Sa_NF,NoSnow_WinterClothing_Penguins_SunRising_Sandcastle_NoFire.webp,4,3,NoSnow,WinterClothing,Penguins,SunRising,Sandcastle,NoFire,2026-07-27T13:58:43.225Z
5a993b151eda410001365a23,51,NS_SC_Ca_SR_Sa_WF,NoSnow_SummerClothing_Camels_SunRising_Sandcastle_Fire.webp,4,3,NoSnow,SummerClothing,Camels,SunRising,Sandcastle,Fire,2026-07-27T13:58:57.971Z
5a993b151eda410001365a23,52,NS_SC_Ca_SM_Sa_WF,NoSnow_SummerClothing_Camels_SunMid_Sandcastle_Fire.webp,5,3,NoSnow,SummerClothing,Camels,SunMid,Sandcastle,Fire,2026-07-27T13:59:06.783Z
5a993b151eda410001365a23,53,NS_WC_Pe_SM_Sa_WF,NoSnow_WinterClothing_Penguins_SunMid_Sandcastle_Fire.webp,4,3,NoSnow,WinterClothing,Penguins,SunMid,Sandcastle,Fire,2026-07-27T13:59:24.350Z
5a993b151eda410001365a23,54,S_WC_Pe_SM_Sn_NF,Snow_WinterClothing_Penguins_SunMid_Snowman_NoFire.webp,2,4,Snow,WinterClothing,Penguins,SunMid,Snowman,NoFire,2026-07-27T13:59:50.050Z
5a993b151eda410001365a23,55,S_WC_Ca_SR_Sn_NF,Snow_WinterClothing_Camels_SunRising_Snowman_NoFire.webp,2,3,Snow,WinterClothing,Camels,SunRising,Snowman,NoFire,2026-07-27T14:00:00.422Z
5a993b151eda410001365a23,56,NS_SC_Pe_SR_Sa_NF,NoSnow_SummerClothing_Penguins_SunRising_Sandcastle_NoFire.webp,4,3,NoSnow,SummerClothing,Penguins,SunRising,Sandcastle,NoFire,2026-07-27T14:00:08.402Z
5a993b151eda410001365a23,57,S_SC_Ca_SM_Sa_NF,Snow_SummerClothing_Camels_SunMid_Sandcastle_NoFire.webp,2,2,Snow,SummerClothing,Camels,SunMid,Sandcastle,NoFire,2026-07-27T14:00:14.375Z
5a993b151eda410001365a23,58,S_WC_Ca_SM_Sn_WF,Snow_WinterClothing_Camels_SunMid_Snowman_Fire.webp,2,3,Snow,WinterClothing,Camels,SunMid,Snowman,Fire,2026-07-27T14:00:32.359Z
5a993b151eda410001365a23,59,NS_WC_Ca_SR_Sn_NF,NoSnow_WinterClothing_Camels_SunRising_Snowman_NoFire.webp,4,3,NoSnow,WinterClothing,Camels,SunRising,Snowman,NoFire,2026-07-27T14:00:42.659Z
5a993b151eda410001365a23,60,NS_SC_Ca_SR_Sa_NF,NoSnow_SummerClothing_Camels_SunRising_Sandcastle_NoFire.webp,4,4,NoSnow,SummerClothing,Camels,SunRising,Sandcastle,NoFire,2026-07-27T14:00:54.190Z
5a993b151eda410001365a23,61,S_SC_Pe_SR_Sn_WF,Snow_SummerClothing_Penguins_SunRising_Snowman_Fire.webp,2,2,Snow,SummerClothing,Penguins,SunRising,Snowman,Fire,2026-07-27T14:01:15.251Z
5a993b151eda410001365a23,62,S_SC_Pe_SM_Sn_WF,Snow_SummerClothing_Penguins_SunMid_Snowman_Fire.webp,2,2,Snow,SummerClothing,Penguins,SunMid,Snowman,Fire,2026-07-27T14:01:22.144Z
5a993b151eda410001365a23,63,S_SC_Ca_SM_Sa_WF,Snow_SummerClothing_Camels_SunMid_Sandcastle_Fire.webp,2,2,Snow,SummerClothing,Camels,SunMid,Sandcastle,Fire,2026-07-27T14:01:27.998Z
6a0975103186b7ce5d5a1aa9,0,S_SC_Pe_SR_Sn_NF,Snow_SummerClothing_Penguins_SunRising_Snowman_NoFire.webp,1,1,Snow,SummerClothing,Penguins,SunRising,Snowman,NoFire,2026-07-27T13:48:04.542Z
6a0975103186b7ce5d5a1aa9,1,S_WC_Ca_SM_Sn_WF,Snow_WinterClothing_Camels_SunMid_Snowman_Fire.webp,2,1,Snow,WinterClothing,Camels,SunMid,Snowman,Fire,2026-07-27T13:48:24.990Z
6a0975103186b7ce5d5a1aa9,2,NS_WC_Ca_SM_Sa_WF,NoSnow_WinterClothing_Camels_SunMid_Sandcastle_Fire.webp,5,5,NoSnow,WinterClothing,Camels,SunMid,Sandcastle,Fire,2026-07-27T13:48:46.142Z
6a0975103186b7ce5d5a1aa9,3,NS_SC_Pe_SM_Sa_NF,NoSnow_SummerClothing_Penguins_SunMid_Sandcastle_NoFire.webp,2,1,NoSnow,SummerClothing,Penguins,SunMid,Sandcastle,NoFire,2026-07-27T13:49:09.150Z
6a0975103186b7ce5d5a1aa9,4,NS_SC_Ca_SM_Sa_NF,NoSnow_SummerClothing_Camels_SunMid_Sandcastle_NoFire.webp,5,5,NoSnow,SummerClothing,Camels,SunMid,Sandcastle,NoFire,2026-07-27T13:49:28.349Z
6a0975103186b7ce5d5a1aa9,5,NS_WC_Ca_SR_Sn_WF,NoSnow_WinterClothing_Camels_SunRising_Snowman_Fire.webp,3,2,NoSnow,WinterClothing,Camels,SunRising,Snowman,Fire,2026-07-27T13:49:50.125Z
6a0975103186b7ce5d5a1aa9,6,NS_WC_Pe_SM_Sa_NF,NoSnow_WinterClothing_Penguins_SunMid_Sandcastle_NoFire.webp,3,2,NoSnow,WinterClothing,Penguins,SunMid,Sandcastle,NoFire,2026-07-27T13:50:09.301Z
6a0975103186b7ce5d5a1aa9,7,NS_SC_Pe_SR_Sa_NF,NoSnow_SummerClothing_Penguins_SunRising_Sandcastle_NoFire.webp,3,2,NoSnow,SummerClothing,Penguins,SunRising,Sandcastle,NoFire,2026-07-27T13:50:26.725Z
6a0975103186b7ce5d5a1aa9,8,S_WC_Ca_SR_Sa_NF,Snow_WinterClothing_Camels_SunRising_Sandcastle_NoFire.webp,2,1,Snow,WinterClothing,Camels,SunRising,Sandcastle,NoFire,2026-07-27T13:50:50.085Z
6a0975103186b7ce5d5a1aa9,9,NS_WC_Pe_SR_Sa_NF,NoSnow_WinterClothing_Penguins_SunRising_Sandcastle_NoFire.webp,4,2,NoSnow,WinterClothing,Penguins,SunRising,Sandcastle,NoFire,2026-07-27T13:51:03.637Z
6a0975103186b7ce5d5a1aa9,10,NS_SC_Ca_SR_Sn_NF,NoSnow_SummerClothing_Camels_SunRising_Snowman_NoFire.webp,3,2,NoSnow,SummerClothing,Camels,SunRising,Snowman,NoFire,2026-07-27T13:51:21.052Z
6a0975103186b7ce5d5a1aa9,11,NS_SC_Ca_SM_Sa_WF,NoSnow_SummerClothing_Camels_SunMid_Sandcastle_Fire.webp,5,5,NoSnow,SummerClothing,Camels,SunMid,Sandcastle,Fire,2026-07-27T13:51:39.020Z
6a0975103186b7ce5d5a1aa9,12,S_WC_Pe_SM_Sa_WF,Snow_WinterClothing_Penguins_SunMid_Sandcastle_Fire.webp,3,2,Snow,WinterClothing,Penguins,SunMid,Sandcastle,Fire,2026-07-27T13:51:59.796Z
6a0975103186b7ce5d5a1aa9,13,S_WC_Ca_SM_Sa_NF,Snow_WinterClothing_Camels_SunMid_Sandcastle_NoFire.webp,2,2,Snow,WinterClothing,Camels,SunMid,Sandcastle,NoFire,2026-07-27T13:52:14.684Z
6a0975103186b7ce5d5a1aa9,14,S_WC_Ca_SM_Sn_NF,Snow_WinterClothing_Camels_SunMid_Snowman_NoFire.webp,3,2,Snow,WinterClothing,Camels,SunMid,Snowman,NoFire,2026-07-27T13:52:25.452Z
6a0975103186b7ce5d5a1aa9,15,NS_SC_Ca_SM_Sn_NF,NoSnow_SummerClothing_Camels_SunMid_Snowman_NoFire.webp,5,2,NoSnow,SummerClothing,Camels,SunMid,Snowman,NoFire,2026-07-27T13:52:43.644Z
6a0975103186b7ce5d5a1aa9,16,S_WC_Ca_SR_Sn_WF,Snow_WinterClothing_Camels_SunRising_Snowman_Fire.webp,4,2,Snow,WinterClothing,Camels,SunRising,Snowman,Fire,2026-07-27T13:53:03.092Z
6a0975103186b7ce5d5a1aa9,17,S_WC_Pe_SR_Sa_WF,Snow_WinterClothing_Penguins_SunRising_Sandcastle_Fire.webp,3,2,Snow,WinterClothing,Penguins,SunRising,Sandcastle,Fire,2026-07-27T13:53:27.659Z
6a0975103186b7ce5d5a1aa9,18,NS_SC_Ca_SR_Sa_WF,NoSnow_SummerClothing_Camels_SunRising_Sandcastle_Fire.webp,4,6,NoSnow,SummerClothing,Camels,SunRising,Sandcastle,Fire,2026-07-27T13:53:47.643Z
6a0975103186b7ce5d5a1aa9,19,NS_SC_Ca_SR_Sa_NF,NoSnow_SummerClothing_Camels_SunRising_Sandcastle_NoFire.webp,4,5,NoSnow,SummerClothing,Camels,SunRising,Sandcastle,NoFire,2026-07-27T13:54:06.011Z
6a0975103186b7ce5d5a1aa9,20,NS_WC_Ca_SM_Sn_NF,NoSnow_WinterClothing_Camels_SunMid_Snowman_NoFire.webp,5,2,NoSnow,WinterClothing,Camels,SunMid,Snowman,NoFire,2026-07-27T13:54:19.683Z
6a0975103186b7ce5d5a1aa9,21,S_WC_Ca_SR_Sn_NF,Snow_WinterClothing_Camels_SunRising_Snowman_NoFire.webp,2,2,Snow,WinterClothing,Camels,SunRising,Snowman,NoFire,2026-07-27T13:54:40.979Z
6a0975103186b7ce5d5a1aa9,22,S_WC_Ca_SR_Sa_WF,Snow_WinterClothing_Camels_SunRising_Sandcastle_Fire.webp,3,2,Snow,WinterClothing,Camels,SunRising,Sandcastle,Fire,2026-07-27T13:54:53.579Z
6a0975103186b7ce5d5a1aa9,23,S_WC_Ca_SM_Sa_WF,Snow_WinterClothing_Camels_SunMid_Sandcastle_Fire.webp,3,2,Snow,WinterClothing,Camels,SunMid,Sandcastle,Fire,2026-07-27T13:55:16.010Z
6a0975103186b7ce5d5a1aa9,24,NS_SC_Pe_SR_Sn_WF,NoSnow_SummerClothing_Penguins_SunRising_Snowman_Fire.webp,4,2,NoSnow,SummerClothing,Penguins,SunRising,Snowman,Fire,2026-07-27T13:55:26.786Z
6a0975103186b7ce5d5a1aa9,25,S_SC_Ca_SM_Sa_WF,Snow_SummerClothing_Camels_SunMid_Sandcastle_Fire.webp,3,3,Snow,SummerClothing,Camels,SunMid,Sandcastle,Fire,2026-07-27T13:55:46.107Z
6a0975103186b7ce5d5a1aa9,26,NS_WC_Pe_SM_Sa_WF,NoSnow_WinterClothing_Penguins_SunMid_Sandcastle_Fire.webp,5,3,NoSnow,WinterClothing,Penguins,SunMid,Sandcastle,Fire,2026-07-27T13:56:18.218Z
6a0975103186b7ce5d5a1aa9,27,S_SC_Ca_SM_Sn_NF,Snow_SummerClothing_Camels_SunMid_Snowman_NoFire.webp,2,2,Snow,SummerClothing,Camels,SunMid,Snowman,NoFire,2026-07-27T13:56:33.570Z
6a0975103186b7ce5d5a1aa9,28,S_WC_Pe_SR_Sn_NF,Snow_WinterClothing_Penguins_SunRising_Snowman_NoFire.webp,2,2,Snow,WinterClothing,Penguins,SunRising,Snowman,NoFire,2026-07-27T13:56:48.825Z
6a0975103186b7ce5d5a1aa9,29,S_SC_Ca_SR_Sa_NF,Snow_SummerClothing_Camels_SunRising_Sandcastle_NoFire.webp,2,2,Snow,SummerClothing,Camels,SunRising,Sandcastle,NoFire,2026-07-27T13:57:05.281Z
6a0975103186b7ce5d5a1aa9,30,NS_WC_Pe_SM_Sn_WF,NoSnow_WinterClothing_Penguins_SunMid_Snowman_Fire.webp,6,2,NoSnow,WinterClothing,Penguins,SunMid,Snowman,Fire,2026-07-27T13:57:23.041Z
6a0975103186b7ce5d5a1aa9,31,NS_WC_Pe_SR_Sa_WF,NoSnow_WinterClothing_Penguins_SunRising_Sandcastle_Fire.webp,4,2,NoSnow,WinterClothing,Penguins,SunRising,Sandcastle,Fire,2026-07-27T13:57:40.377Z
6a0975103186b7ce5d5a1aa9,32,S_SC_Pe_SM_Sn_NF,Snow_SummerClothing_Penguins_SunMid_Snowman_NoFire.webp,2,5,Snow,SummerClothing,Penguins,SunMid,Snowman,NoFire,2026-07-27T13:58:00.385Z
6a0975103186b7ce5d5a1aa9,33,NS_WC_Ca_SR_Sa_NF,NoSnow_WinterClothing_Camels_SunRising_Sandcastle_NoFire.webp,4,6,NoSnow,WinterClothing,Camels,SunRising,Sandcastle,NoFire,2026-07-27T13:58:22.081Z
6a0975103186b7ce5d5a1aa9,34,S_SC_Ca_SM_Sn_WF,Snow_SummerClothing_Camels_SunMid_Snowman_Fire.webp,2,2,Snow,SummerClothing,Camels,SunMid,Snowman,Fire,2026-07-27T13:58:33.465Z
6a0975103186b7ce5d5a1aa9,35,S_WC_Pe_SR_Sa_NF,Snow_WinterClothing_Penguins_SunRising_Sandcastle_NoFire.webp,2,2,Snow,WinterClothing,Penguins,SunRising,Sandcastle,NoFire,2026-07-27T13:59:00.417Z
6a0975103186b7ce5d5a1aa9,36,NS_SC_Pe_SM_Sa_WF,NoSnow_SummerClothing_Penguins_SunMid_Sandcastle_Fire.webp,6,2,NoSnow,SummerClothing,Penguins,SunMid,Sandcastle,Fire,2026-07-27T13:59:21.136Z
6a0975103186b7ce5d5a1aa9,37,NS_SC_Pe_SM_Sn_WF,NoSnow_SummerClothing_Penguins_SunMid_Snowman_Fire.webp,6,2,NoSnow,SummerClothing,Penguins,SunMid,Snowman,Fire,2026-07-27T13:59:31.520Z
6a0975103186b7ce5d5a1aa9,38,NS_SC_Ca_SR_Sn_WF,NoSnow_SummerClothing_Camels_SunRising_Snowman_Fire.webp,4,2,NoSnow,SummerClothing,Camels,SunRising,Snowman,Fire,2026-07-27T13:59:44.240Z
6a0975103186b7ce5d5a1aa9,39,S_WC_Pe_SM_Sa_NF,Snow_WinterClothing_Penguins_SunMid_Sandcastle_NoFire.webp,3,2,Snow,WinterClothing,Penguins,SunMid,Sandcastle,NoFire,2026-07-27T13:59:55.936Z
6a0975103186b7ce5d5a1aa9,40,S_WC_Pe_SM_Sn_NF,Snow_WinterClothing_Penguins_SunMid_Snowman_NoFire.webp,3,5,Snow,WinterClothing,Penguins,SunMid,Snowman,NoFire,2026-07-27T14:00:19.608Z
6a0975103186b7ce5d5a1aa9,41,S_SC_Ca_SR_Sn_NF,Snow_SummerClothing_Camels_SunRising_Snowman_NoFire.webp,3,2,Snow,SummerClothing,Camels,SunRising,Snowman,NoFire,2026-07-27T14:00:35.416Z
6a0975103186b7ce5d5a1aa9,42,NS_WC_Ca_SM_Sa_NF,NoSnow_WinterClothing_Camels_SunMid_Sandcastle_NoFire.webp,6,5,NoSnow,WinterClothing,Camels,SunMid,Sandcastle,NoFire,2026-07-27T14:01:09.975Z
6a0975103186b7ce5d5a1aa9,43,NS_WC_Ca_SR_Sa_WF,NoSnow_WinterClothing_Camels_SunRising_Sandcastle_Fire.webp,4,6,NoSnow,WinterClothing,Camels,SunRising,Sandcastle,Fire,2026-07-27T14:01:34.711Z
6a0975103186b7ce5d5a1aa9,44,NS_SC_Ca_SM_Sn_WF,NoSnow_SummerClothing_Camels_SunMid_Snowman_Fire.webp,6,3,NoSnow,SummerClothing,Camels,SunMid,Snowman,Fire,2026-07-27T14:01:46.175Z
6a0975103186b7ce5d5a1aa9,45,S_SC_Pe_SR_Sn_WF,Snow_SummerClothing_Penguins_SunRising_Snowman_Fire.webp,3,6,Snow,SummerClothing,Penguins,SunRising,Snowman,Fire,2026-07-27T14:01:59.823Z
6a0975103186b7ce5d5a1aa9,46,S_SC_Pe_SM_Sa_WF,Snow_SummerClothing_Penguins_SunMid_Sandcastle_Fire.webp,2,3,Snow,SummerClothing,Penguins,SunMid,Sandcastle,Fire,2026-07-27T14:02:22.438Z
6a0975103186b7ce5d5a1aa9,47,S_SC_Pe_SM_Sn_WF,Snow_SummerClothing_Penguins_SunMid_Snowman_Fire.webp,2,2,Snow,SummerClothing,Penguins,SunMid,Snowman,Fire,2026-07-27T14:02:31.910Z
6a0975103186b7ce5d5a1aa9,48,NS_SC_Pe_SR_Sa_WF,NoSnow_SummerClothing_Penguins_SunRising_Sandcastle_Fire.webp,4,2,NoSnow,SummerClothing,Penguins,SunRising,Sandcastle,Fire,2026-07-27T14:02:49.918Z
6a0975103186b7ce5d5a1aa9,49,NS_WC_Pe_SR_Sn_NF,NoSnow_WinterClothing_Penguins_SunRising_Snowman_NoFire.webp,3,3,NoSnow,WinterClothing,Penguins,SunRising,Snowman,NoFire,2026-07-27T14:03:04.894Z
6a0975103186b7ce5d5a1aa9,50,NS_SC_Pe_SR_Sn_NF,NoSnow_SummerClothing_Penguins_SunRising_Snowman_NoFire.webp,4,2,NoSnow,SummerClothing,Penguins,SunRising,Snowman,NoFire,2026-07-27T14:03:27.974Z
6a0975103186b7ce5d5a1aa9,51,NS_WC_Pe_SM_Sn_NF,NoSnow_WinterClothing_Penguins_SunMid_Snowman_NoFire.webp,6,3,NoSnow,WinterClothing,Penguins,SunMid,Snowman,NoFire,2026-07-27T14:03:39.518Z
6a0975103186b7ce5d5a1aa9,52,S_SC_Pe_SR_Sa_NF,Snow_SummerClothing_Penguins_SunRising_Sandcastle_NoFire.webp,1,3,Snow,SummerClothing,Penguins,SunRising,Sandcastle,NoFire,2026-07-27T14:03:59.406Z
6a0975103186b7ce5d5a1aa9,53,NS_WC_Pe_SR_Sn_WF,NoSnow_WinterClothing_Penguins_SunRising_Snowman_Fire.webp,4,2,NoSnow,WinterClothing,Penguins,SunRising,Snowman,Fire,2026-07-27T14:04:11.102Z
6a0975103186b7ce5d5a1aa9,54,S_SC_Pe_SM_Sa_NF,Snow_SummerClothing_Penguins_SunMid_Sandcastle_NoFire.webp,2,2,Snow,SummerClothing,Penguins,SunMid,Sandcastle,NoFire,2026-07-27T14:04:36.694Z
6a0975103186b7ce5d5a1aa9,55,NS_WC_Ca_SR_Sn_NF,NoSnow_WinterClothing_Camels_SunRising_Snowman_NoFire.webp,4,2,NoSnow,WinterClothing,Camels,SunRising,Snowman,NoFire,2026-07-27T14:04:55.869Z
6a0975103186b7ce5d5a1aa9,56,S_SC_Ca_SR_Sa_WF,Snow_SummerClothing_Camels_SunRising_Sandcastle_Fire.webp,2,2,Snow,SummerClothing,Camels,SunRising,Sandcastle,Fire,2026-07-27T14:05:15.421Z
6a0975103186b7ce5d5a1aa9,57,S_SC_Ca_SM_Sa_NF,Snow_SummerClothing_Camels_SunMid_Sandcastle_NoFire.webp,2,1,Snow,SummerClothing,Camels,SunMid,Sandcastle,NoFire,2026-07-27T14:05:36.629Z
6a0975103186b7ce5d5a1aa9,58,S_SC_Pe_SR_Sa_WF,Snow_SummerClothing_Penguins_SunRising_Sandcastle_Fire.webp,3,3,Snow,SummerClothing,Penguins,SunRising,Sandcastle,Fire,2026-07-27T14:05:56.189Z
6a0975103186b7ce5d5a1aa9,59,S_WC_Pe_SR_Sn_WF,Snow_WinterClothing_Penguins_SunRising_Snowman_Fire.webp,3,6,Snow,WinterClothing,Penguins,SunRising,Snowman,Fire,2026-07-27T14:06:24.493Z
6a0975103186b7ce5d5a1aa9,60,S_WC_Pe_SM_Sn_WF,Snow_WinterClothing_Penguins_SunMid_Snowman_Fire.webp,3,6,Snow,WinterClothing,Penguins,SunMid,Snowman,Fire,2026-07-27T14:06:37.852Z
6a0975103186b7ce5d5a1aa9,61,S_SC_Ca_SR_Sn_WF,Snow_SummerClothing_Camels_SunRising_Snowman_Fire.webp,3,2,Snow,SummerClothing,Camels,SunRising,Snowman,Fire,2026-07-27T14:06:52.212Z
6a0975103186b7ce5d5a1aa9,62,NS_SC_Pe_SM_Sn_NF,NoSnow_SummerClothing_Penguins_SunMid_Snowman_NoFire.webp,5,2,NoSnow,SummerClothing,Penguins,SunMid,Snowman,NoFire,2026-07-27T14:07:05.132Z
6a0975103186b7ce5d5a1aa9,63,NS_WC_Ca_SM_Sn_WF,NoSnow_WinterClothing_Camels_SunMid_Snowman_Fire.webp,6,2,NoSnow,WinterClothing,Camels,SunMid,Snowman,Fire,2026-07-27T14:07:18.604Z
6a11a434b06823950a4448a5,0,NS_WC_Pe_SM_Sa_WF,NoSnow_WinterClothing_Penguins_SunMid_Sandcastle_Fire.webp,2,1,NoSnow,WinterClothing,Penguins,SunMid,Sandcastle,Fire,2026-07-27T13:41:13.942Z
6a11a434b06823950a4448a5,1,S_WC_Ca_SR_Sn_NF,Snow_WinterClothing_Camels_SunRising_Snowman_NoFire.webp,2,1,Snow,WinterClothing,Camels,SunRising,Snowman,NoFire,2026-07-27T13:41:33.443Z
6a11a434b06823950a4448a5,2,S_WC_Ca_SR_Sn_WF,Snow_WinterClothing_Camels_SunRising_Snowman_Fire.webp,3,1,Snow,WinterClothing,Camels,SunRising,Snowman,Fire,2026-07-27T13:41:44.666Z
6a11a434b06823950a4448a5,3,NS_WC_Pe_SR_Sa_WF,NoSnow_WinterClothing_Penguins_SunRising_Sandcastle_Fire.webp,5,1,NoSnow,WinterClothing,Penguins,SunRising,Sandcastle,Fire,2026-07-27T13:42:08.404Z
6a11a434b06823950a4448a5,4,S_SC_Ca_SR_Sn_WF,Snow_SummerClothing_Camels_SunRising_Snowman_Fire.webp,5,2,Snow,SummerClothing,Camels,SunRising,Snowman,Fire,2026-07-27T13:42:41.826Z
6a11a434b06823950a4448a5,5,NS_SC_Pe_SR_Sa_NF,NoSnow_SummerClothing_Penguins_SunRising_Sandcastle_NoFire.webp,5,1,NoSnow,SummerClothing,Penguins,SunRising,Sandcastle,NoFire,2026-07-27T13:42:53.460Z
6a11a434b06823950a4448a5,6,S_SC_Ca_SR_Sa_WF,Snow_SummerClothing_Camels_SunRising_Sandcastle_Fire.webp,3,1,Snow,SummerClothing,Camels,SunRising,Sandcastle,Fire,2026-07-27T13:43:09.405Z
6a11a434b06823950a4448a5,7,S_WC_Pe_SR_Sn_WF,Snow_WinterClothing_Penguins_SunRising_Snowman_Fire.webp,2,2,Snow,WinterClothing,Penguins,SunRising,Snowman,Fire,2026-07-27T13:43:22.651Z
6a11a434b06823950a4448a5,8,NS_WC_Ca_SR_Sn_WF,NoSnow_WinterClothing_Camels_SunRising_Snowman_Fire.webp,3,1,NoSnow,WinterClothing,Camels,SunRising,Snowman,Fire,2026-07-27T13:43:53.900Z
6a11a434b06823950a4448a5,9,NS_SC_Ca_SR_Sa_WF,NoSnow_SummerClothing_Camels_SunRising_Sandcastle_Fire.webp,6,2,NoSnow,SummerClothing,Camels,SunRising,Sandcastle,Fire,2026-07-27T13:44:13.890Z
6a11a434b06823950a4448a5,10,NS_WC_Pe_SR_Sa_NF,NoSnow_WinterClothing_Penguins_SunRising_Sandcastle_NoFire.webp,5,3,NoSnow,WinterClothing,Penguins,SunRising,Sandcastle,NoFire,2026-07-27T13:44:25.381Z
6a11a434b06823950a4448a5,11,NS_WC_Ca_SM_Sn_WF,NoSnow_WinterClothing_Camels_SunMid_Snowman_Fire.webp,5,1,NoSnow,WinterClothing,Camels,SunMid,Snowman,Fire,2026-07-27T13:45:23.287Z
6a11a434b06823950a4448a5,12,S_WC_Pe_SM_Sa_NF,Snow_WinterClothing_Penguins_SunMid_Sandcastle_NoFire.webp,2,5,Snow,WinterClothing,Penguins,SunMid,Sandcastle,NoFire,2026-07-27T13:45:37.046Z
6a11a434b06823950a4448a5,13,NS_WC_Ca_SR_Sn_NF,NoSnow_WinterClothing_Camels_SunRising_Snowman_NoFire.webp,5,1,NoSnow,WinterClothing,Camels,SunRising,Snowman,NoFire,2026-07-27T13:45:47.372Z
6a11a434b06823950a4448a5,14,S_SC_Pe_SM_Sn_WF,Snow_SummerClothing_Penguins_SunMid_Snowman_Fire.webp,3,2,Snow,SummerClothing,Penguins,SunMid,Snowman,Fire,2026-07-27T13:46:05.222Z
6a11a434b06823950a4448a5,15,S_SC_Ca_SM_Sn_NF,Snow_SummerClothing_Camels_SunMid_Snowman_NoFire.webp,3,1,Snow,SummerClothing,Camels,SunMid,Snowman,NoFire,2026-07-27T13:46:16.095Z
6a11a434b06823950a4448a5,16,NS_WC_Pe_SM_Sn_NF,NoSnow_WinterClothing_Penguins_SunMid_Snowman_NoFire.webp,5,1,NoSnow,WinterClothing,Penguins,SunMid,Snowman,NoFire,2026-07-27T13:46:31.326Z
6a11a434b06823950a4448a5,17,NS_SC_Ca_SM_Sn_NF,NoSnow_SummerClothing_Camels_SunMid_Snowman_NoFire.webp,6,3,NoSnow,SummerClothing,Camels,SunMid,Snowman,NoFire,2026-07-27T13:46:50.744Z
6a11a434b06823950a4448a5,18,NS_WC_Ca_SR_Sa_NF,NoSnow_WinterClothing_Camels_SunRising_Sandcastle_NoFire.webp,5,2,NoSnow,WinterClothing,Camels,SunRising,Sandcastle,NoFire,2026-07-27T13:47:04.575Z
6a11a434b06823950a4448a5,19,NS_SC_Ca_SR_Sn_WF,NoSnow_SummerClothing_Camels_SunRising_Snowman_Fire.webp,5,1,NoSnow,SummerClothing,Camels,SunRising,Snowman,Fire,2026-07-27T13:47:24.520Z
6a11a434b06823950a4448a5,20,S_WC_Ca_SM_Sn_NF,Snow_WinterClothing_Camels_SunMid_Snowman_NoFire.webp,2,1,Snow,WinterClothing,Camels,SunMid,Snowman,NoFire,2026-07-27T13:47:32.985Z
6a11a434b06823950a4448a5,21,S_WC_Ca_SM_Sn_WF,Snow_WinterClothing_Camels_SunMid_Snowman_Fire.webp,2,1,Snow,WinterClothing,Camels,SunMid,Snowman,Fire,2026-07-27T13:47:40.584Z
6a11a434b06823950a4448a5,22,NS_WC_Ca_SM_Sa_NF,NoSnow_WinterClothing_Camels_SunMid_Sandcastle_NoFire.webp,5,2,NoSnow,WinterClothing,Camels,SunMid,Sandcastle,NoFire,2026-07-27T13:47:49.071Z
6a11a434b06823950a4448a5,23,NS_WC_Ca_SM_Sa_WF,NoSnow_WinterClothing_Camels_SunMid_Sandcastle_Fire.webp,5,1,NoSnow,WinterClothing,Camels,SunMid,Sandcastle,Fire,2026-07-27T13:48:02.498Z
6a11a434b06823950a4448a5,24,S_SC_Ca_SM_Sa_WF,Snow_SummerClothing_Camels_SunMid_Sandcastle_Fire.webp,3,2,Snow,SummerClothing,Camels,SunMid,Sandcastle,Fire,2026-07-27T13:48:57.621Z
6a11a434b06823950a4448a5,25,S_SC_Ca_SM_Sa_NF,Snow_SummerClothing_Camels_SunMid_Sandcastle_NoFire.webp,3,1,Snow,SummerClothing,Camels,SunMid,Sandcastle,NoFire,2026-07-27T13:49:22.805Z
6a11a434b06823950a4448a5,26,NS_SC_Ca_SM_Sn_WF,NoSnow_SummerClothing_Camels_SunMid_Snowman_Fire.webp,5,1,NoSnow,SummerClothing,Camels,SunMid,Snowman,Fire,2026-07-27T13:49:36.808Z
6a11a434b06823950a4448a5,27,S_SC_Pe_SR_Sa_NF,Snow_SummerClothing_Penguins_SunRising_Sandcastle_NoFire.webp,3,2,Snow,SummerClothing,Penguins,SunRising,Sandcastle,NoFire,2026-07-27T13:49:50.451Z
6a11a434b06823950a4448a5,28,S_SC_Pe_SM_Sa_WF,Snow_SummerClothing_Penguins_SunMid_Sandcastle_Fire.webp,3,2,Snow,SummerClothing,Penguins,SunMid,Sandcastle,Fire,2026-07-27T13:50:24.483Z
6a11a434b06823950a4448a5,29,NS_SC_Pe_SM_Sn_WF,NoSnow_SummerClothing_Penguins_SunMid_Snowman_Fire.webp,5,1,NoSnow,SummerClothing,Penguins,SunMid,Snowman,Fire,2026-07-27T13:50:36.344Z
6a11a434b06823950a4448a5,30,NS_SC_Pe_SR_Sa_WF,NoSnow_SummerClothing_Penguins_SunRising_Sandcastle_Fire.webp,6,1,NoSnow,SummerClothing,Penguins,SunRising,Sandcastle,Fire,2026-07-27T13:50:46.318Z
6a11a434b06823950a4448a5,31,NS_SC_Ca_SM_Sa_WF,NoSnow_SummerClothing_Camels_SunMid_Sandcastle_Fire.webp,7,5,NoSnow,SummerClothing,Camels,SunMid,Sandcastle,Fire,2026-07-27T13:51:22.022Z
6a11a434b06823950a4448a5,32,NS_SC_Pe_SM_Sn_NF,NoSnow_SummerClothing_Penguins_SunMid_Snowman_NoFire.webp,6,1,NoSnow,SummerClothing,Penguins,SunMid,Snowman,NoFire,2026-07-27T13:51:31.465Z
6a11a434b06823950a4448a5,33,S_SC_Pe_SR_Sn_NF,Snow_SummerClothing_Penguins_SunRising_Snowman_NoFire.webp,3,4,Snow,SummerClothing,Penguins,SunRising,Snowman,NoFire,2026-07-27T13:51:46.572Z
6a11a434b06823950a4448a5,34,S_WC_Ca_SM_Sa_WF,Snow_WinterClothing_Camels_SunMid_Sandcastle_Fire.webp,2,1,Snow,WinterClothing,Camels,SunMid,Sandcastle,Fire,2026-07-27T13:52:10.725Z
6a11a434b06823950a4448a5,35,NS_WC_Ca_SR_Sa_WF,NoSnow_WinterClothing_Camels_SunRising_Sandcastle_Fire.webp,5,1,NoSnow,WinterClothing,Camels,SunRising,Sandcastle,Fire,2026-07-27T13:52:27.893Z
6a11a434b06823950a4448a5,36,S_SC_Ca_SM_Sn_WF,Snow_SummerClothing_Camels_SunMid_Snowman_Fire.webp,5,1,Snow,SummerClothing,Camels,SunMid,Snowman,Fire,2026-07-27T13:52:48.500Z
6a11a434b06823950a4448a5,37,NS_SC_Pe_SR_Sn_NF,NoSnow_SummerClothing_Penguins_SunRising_Snowman_NoFire.webp,6,1,NoSnow,SummerClothing,Penguins,SunRising,Snowman,NoFire,2026-07-27T13:52:57.106Z
6a11a434b06823950a4448a5,38,S_WC_Pe_SR_Sa_WF,Snow_WinterClothing_Penguins_SunRising_Sandcastle_Fire.webp,3,2,Snow,WinterClothing,Penguins,SunRising,Sandcastle,Fire,2026-07-27T13:53:31.602Z
6a11a434b06823950a4448a5,39,S_SC_Pe_SM_Sa_NF,Snow_SummerClothing_Penguins_SunMid_Sandcastle_NoFire.webp,5,1,Snow,SummerClothing,Penguins,SunMid,Sandcastle,NoFire,2026-07-27T13:53:49.441Z
6a11a434b06823950a4448a5,40,NS_WC_Pe_SM_Sn_WF,NoSnow_WinterClothing_Penguins_SunMid_Snowman_Fire.webp,3,1,NoSnow,WinterClothing,Penguins,SunMid,Snowman,Fire,2026-07-27T13:54:21.604Z
6a11a434b06823950a4448a5,41,S_WC_Ca_SR_Sa_NF,Snow_WinterClothing_Camels_SunRising_Sandcastle_NoFire.webp,2,1,Snow,WinterClothing,Camels,SunRising,Sandcastle,NoFire,2026-07-27T13:54:35.414Z
6a11a434b06823950a4448a5,42,NS_SC_Ca_SM_Sa_NF,NoSnow_SummerClothing_Camels_SunMid_Sandcastle_NoFire.webp,6,6,NoSnow,SummerClothing,Camels,SunMid,Sandcastle,NoFire,2026-07-27T13:54:46.285Z
6a11a434b06823950a4448a5,43,NS_SC_Pe_SR_Sn_WF,NoSnow_SummerClothing_Penguins_SunRising_Snowman_Fire.webp,6,1,NoSnow,SummerClothing,Penguins,SunRising,Snowman,Fire,2026-07-27T13:55:13.268Z
6a11a434b06823950a4448a5,44,S_WC_Ca_SR_Sa_WF,Snow_WinterClothing_Camels_SunRising_Sandcastle_Fire.webp,2,1,Snow,WinterClothing,Camels,SunRising,Sandcastle,Fire,2026-07-27T13:55:30.231Z
6a11a434b06823950a4448a5,45,S_WC_Pe_SM_Sn_NF,Snow_WinterClothing_Penguins_SunMid_Snowman_NoFire.webp,1,6,Snow,WinterClothing,Penguins,SunMid,Snowman,NoFire,2026-07-27T13:55:43.154Z
6a11a434b06823950a4448a5,46,S_SC_Pe_SR_Sa_WF,Snow_SummerClothing_Penguins_SunRising_Sandcastle_Fire.webp,5,3,Snow,SummerClothing,Penguins,SunRising,Sandcastle,Fire,2026-07-27T13:56:03.222Z
6a11a434b06823950a4448a5,47,S_WC_Ca_SM_Sa_NF,Snow_WinterClothing_Camels_SunMid_Sandcastle_NoFire.webp,3,2,Snow,WinterClothing,Camels,SunMid,Sandcastle,NoFire,2026-07-27T13:56:14.893Z
6a11a434b06823950a4448a5,48,NS_SC_Pe_SM_Sa_WF,NoSnow_SummerClothing_Penguins_SunMid_Sandcastle_Fire.webp,6,5,NoSnow,SummerClothing,Penguins,SunMid,Sandcastle,Fire,2026-07-27T13:56:25.075Z
6a11a434b06823950a4448a5,49,S_WC_Pe_SR_Sa_NF,Snow_WinterClothing_Penguins_SunRising_Sandcastle_NoFire.webp,3,5,Snow,WinterClothing,Penguins,SunRising,Sandcastle,NoFire,2026-07-27T13:56:44.401Z
6a11a434b06823950a4448a5,50,S_SC_Pe_SM_Sn_NF,Snow_SummerClothing_Penguins_SunMid_Snowman_NoFire.webp,3,1,Snow,SummerClothing,Penguins,SunMid,Snowman,NoFire,2026-07-27T13:57:09.390Z
6a11a434b06823950a4448a5,51,S_WC_Pe_SR_Sn_NF,Snow_WinterClothing_Penguins_SunRising_Snowman_NoFire.webp,2,6,Snow,WinterClothing,Penguins,SunRising,Snowman,NoFire,2026-07-27T13:57:18.418Z
6a11a434b06823950a4448a5,52,NS_WC_Ca_SM_Sn_NF,NoSnow_WinterClothing_Camels_SunMid_Snowman_NoFire.webp,3,1,NoSnow,WinterClothing,Camels,SunMid,Snowman,NoFire,2026-07-27T13:57:38.398Z
6a11a434b06823950a4448a5,53,NS_WC_Pe_SR_Sn_NF,NoSnow_WinterClothing_Penguins_SunRising_Snowman_NoFire.webp,5,1,NoSnow,WinterClothing,Penguins,SunRising,Snowman,NoFire,2026-07-27T13:57:51.759Z
6a11a434b06823950a4448a5,54,S_WC_Pe_SM_Sa_WF,Snow_WinterClothing_Penguins_SunMid_Sandcastle_Fire.webp,3,2,Snow,WinterClothing,Penguins,SunMid,Sandcastle,Fire,2026-07-27T13:58:27.891Z
6a11a434b06823950a4448a5,55,S_WC_Pe_SM_Sn_WF,Snow_WinterClothing_Penguins_SunMid_Snowman_Fire.webp,2,5,Snow,WinterClothing,Penguins,SunMid,Snowman,Fire,2026-07-27T13:58:48.972Z
6a11a434b06823950a4448a5,56,NS_WC_Pe_SM_Sa_NF,NoSnow_WinterClothing_Penguins_SunMid_Sandcastle_NoFire.webp,5,1,NoSnow,WinterClothing,Penguins,SunMid,Sandcastle,NoFire,2026-07-27T13:59:12.654Z
6a11a434b06823950a4448a5,57,NS_SC_Pe_SM_Sa_NF,NoSnow_SummerClothing_Penguins_SunMid_Sandcastle_NoFire.webp,6,2,NoSnow,SummerClothing,Penguins,SunMid,Sandcastle,NoFire,2026-07-27T13:59:44.731Z
6a11a434b06823950a4448a5,58,S_SC_Pe_SR_Sn_WF,Snow_SummerClothing_Penguins_SunRising_Snowman_Fire.webp,3,2,Snow,SummerClothing,Penguins,SunRising,Snowman,Fire,2026-07-27T13:59:54.804Z
6a11a434b06823950a4448a5,59,NS_SC_Ca_SR_Sa_NF,NoSnow_SummerClothing_Camels_SunRising_Sandcastle_NoFire.webp,6,6,NoSnow,SummerClothing,Camels,SunRising,Sandcastle,NoFire,2026-07-27T14:00:05.908Z
6a11a434b06823950a4448a5,60,NS_WC_Pe_SR_Sn_WF,NoSnow_WinterClothing_Penguins_SunRising_Snowman_Fire.webp,5,6,NoSnow,WinterClothing,Penguins,SunRising,Snowman,Fire,2026-07-27T14:00:22.412Z
6a11a434b06823950a4448a5,61,NS_SC_Ca_SR_Sn_NF,NoSnow_SummerClothing_Camels_SunRising_Snowman_NoFire.webp,3,1,NoSnow,SummerClothing,Camels,SunRising,Snowman,NoFire,2026-07-27T14:00:40.851Z
6a11a434b06823950a4448a5,62,S_SC_Ca_SR_Sn_NF,Snow_SummerClothing_Camels_SunRising_Snowman_NoFire.webp,5,1,Snow,SummerClothing,Camels,SunRising,Snowman,NoFire,2026-07-27T14:01:00.428Z
6a11a434b06823950a4448a5,63,S_SC_Ca_SR_Sa_NF,Snow_SummerClothing_Camels_SunRising_Sandcastle_NoFire.webp,5,4,Snow,SummerClothing,Camels,SunRising,Sandcastle,NoFire,2026-07-27T14:01:23.850Z
5bf8367e99837f0001cf1078,0,NS_SC_Pe_SM_Sn_WF,NoSnow_SummerClothing_Penguins_SunMid_Snowman_Fire.webp,1,1,NoSnow,SummerClothing,Penguins,SunMid,Snowman,Fire,2026-07-27T13:42:42.248Z
5bf8367e99837f0001cf1078,1,S_SC_Ca_SR_Sa_WF,Snow_SummerClothing_Camels_SunRising_Sandcastle_Fire.webp,5,6,Snow,SummerClothing,Camels,SunRising,Sandcastle,Fire,2026-07-27T13:43:11.232Z
5bf8367e99837f0001cf1078,2,S_WC_Ca_SR_Sn_NF,Snow_WinterClothing_Camels_SunRising_Snowman_NoFire.webp,2,2,Snow,WinterClothing,Camels,SunRising,Snowman,NoFire,2026-07-27T13:43:36.792Z
5bf8367e99837f0001cf1078,3,NS_SC_Ca_SM_Sn_WF,NoSnow_SummerClothing_Camels_SunMid_Snowman_Fire.webp,2,2,NoSnow,SummerClothing,Camels,SunMid,Snowman,Fire,2026-07-27T13:44:02.865Z
5bf8367e99837f0001cf1078,4,S_WC_Pe_SM_Sn_WF,Snow_WinterClothing_Penguins_SunMid_Snowman_Fire.webp,1,6,Snow,WinterClothing,Penguins,SunMid,Snowman,Fire,2026-07-27T13:44:29.689Z
5bf8367e99837f0001cf1078,5,NS_SC_Ca_SR_Sa_WF,NoSnow_SummerClothing_Camels_SunRising_Sandcastle_Fire.webp,4,6,NoSnow,SummerClothing,Camels,SunRising,Sandcastle,Fire,2026-07-27T13:44:44.497Z
5bf8367e99837f0001cf1078,6,NS_SC_Pe_SR_Sa_WF,NoSnow_SummerClothing_Penguins_SunRising_Sandcastle_Fire.webp,4,2,NoSnow,SummerClothing,Penguins,SunRising,Sandcastle,Fire,2026-07-27T13:45:11.768Z
5bf8367e99837f0001cf1078,7,NS_WC_Pe_SM_Sa_WF,NoSnow_WinterClothing_Penguins_SunMid_Sandcastle_Fire.webp,2,6,NoSnow,WinterClothing,Penguins,SunMid,Sandcastle,Fire,2026-07-27T13:45:24.993Z
5bf8367e99837f0001cf1078,8,S_WC_Pe_SR_Sa_WF,Snow_WinterClothing_Penguins_SunRising_Sandcastle_Fire.webp,1,1,Snow,WinterClothing,Penguins,SunRising,Sandcastle,Fire,2026-07-27T13:45:43.321Z
5bf8367e99837f0001cf1078,9,S_WC_Pe_SR_Sn_WF,Snow_WinterClothing_Penguins_SunRising_Snowman_Fire.webp,1,7,Snow,WinterClothing,Penguins,SunRising,Snowman,Fire,2026-07-27T13:45:59.497Z
5bf8367e99837f0001cf1078,10,NS_SC_Pe_SR_Sn_NF,NoSnow_SummerClothing_Penguins_SunRising_Snowman_NoFire.webp,2,1,NoSnow,SummerClothing,Penguins,SunRising,Snowman,NoFire,2026-07-27T13:46:19.217Z
5bf8367e99837f0001cf1078,11,S_SC_Pe_SR_Sn_NF,Snow_SummerClothing_Penguins_SunRising_Snowman_NoFire.webp,1,1,Snow,SummerClothing,Penguins,SunRising,Snowman,NoFire,2026-07-27T13:46:27.240Z
5bf8367e99837f0001cf1078,12,S_SC_Pe_SR_Sa_NF,Snow_SummerClothing_Penguins_SunRising_Sandcastle_NoFire.webp,1,1,Snow,SummerClothing,Penguins,SunRising,Sandcastle,NoFire,2026-07-27T13:46:35.473Z
5bf8367e99837f0001cf1078,13,S_WC_Pe_SR_Sa_NF,Snow_WinterClothing_Penguins_SunRising_Sandcastle_NoFire.webp,1,3,Snow,WinterClothing,Penguins,SunRising,Sandcastle,NoFire,2026-07-27T13:46:48.921Z
5bf8367e99837f0001cf1078,14,S_SC_Ca_SR_Sn_NF,Snow_SummerClothing_Camels_SunRising_Snowman_NoFire.webp,2,2,Snow,SummerClothing,Camels,SunRising,Snowman,NoFire,2026-07-27T13:47:04.513Z
5bf8367e99837f0001cf1078,15,NS_SC_Pe_SR_Sa_NF,NoSnow_SummerClothing_Penguins_SunRising_Sandcastle_NoFire.webp,5,2,NoSnow,SummerClothing,Penguins,SunRising,Sandcastle,NoFire,2026-07-27T13:47:37.513Z
5bf8367e99837f0001cf1078,16,NS_SC_Ca_SM_Sn_NF,NoSnow_SummerClothing_Camels_SunMid_Snowman_NoFire.webp,2,2,NoSnow,SummerClothing,Camels,SunMid,Snowman,NoFire,2026-07-27T13:47:49.665Z
5bf8367e99837f0001cf1078,17,S_WC_Ca_SR_Sa_WF,Snow_WinterClothing_Camels_SunRising_Sandcastle_Fire.webp,2,3,Snow,WinterClothing,Camels,SunRising,Sandcastle,Fire,2026-07-27T13:48:18.937Z
5bf8367e99837f0001cf1078,18,S_SC_Ca_SM_Sn_NF,Snow_SummerClothing_Camels_SunMid_Snowman_NoFire.webp,2,1,Snow,SummerClothing,Camels,SunMid,Snowman,NoFire,2026-07-27T13:48:30.457Z
5bf8367e99837f0001cf1078,19,NS_WC_Pe_SR_Sn_NF,NoSnow_WinterClothing_Penguins_SunRising_Snowman_NoFire.webp,1,2,NoSnow,WinterClothing,Penguins,SunRising,Snowman,NoFire,2026-07-27T13:48:46.266Z
5bf8367e99837f0001cf1078,20,S_WC_Ca_SR_Sa_NF,Snow_WinterClothing_Camels_SunRising_Sandcastle_NoFire.webp,2,2,Snow,WinterClothing,Camels,SunRising,Sandcastle,NoFire,2026-07-27T13:49:01.545Z
5bf8367e99837f0001cf1078,21,NS_WC_Pe_SR_Sa_NF,NoSnow_WinterClothing_Penguins_SunRising_Sandcastle_NoFire.webp,2,6,NoSnow,WinterClothing,Penguins,SunRising,Sandcastle,NoFire,2026-07-27T13:49:21.266Z
5bf8367e99837f0001cf1078,22,S_WC_Ca_SR_Sn_WF,Snow_WinterClothing_Camels_SunRising_Snowman_Fire.webp,2,2,Snow,WinterClothing,Camels,SunRising,Snowman,Fire,2026-07-27T13:49:44.010Z
5bf8367e99837f0001cf1078,23,NS_SC_Pe_SM_Sn_NF,NoSnow_SummerClothing_Penguins_SunMid_Snowman_NoFire.webp,3,2,NoSnow,SummerClothing,Penguins,SunMid,Snowman,NoFire,2026-07-27T13:50:01.394Z
5bf8367e99837f0001cf1078,24,S_SC_Pe_SR_Sn_WF,Snow_SummerClothing_Penguins_SunRising_Snowman_Fire.webp,1,3,Snow,SummerClothing,Penguins,SunRising,Snowman,Fire,2026-07-27T13:50:16.665Z
5bf8367e99837f0001cf1078,25,NS_WC_Pe_SM_Sa_NF,NoSnow_WinterClothing_Penguins_SunMid_Sandcastle_NoFire.webp,2,6,NoSnow,WinterClothing,Penguins,SunMid,Sandcastle,NoFire,2026-07-27T13:50:37.962Z
5bf8367e99837f0001cf1078,26,NS_SC_Ca_SR_Sn_NF,NoSnow_SummerClothing_Camels_SunRising_Snowman_NoFire.webp,3,3,NoSnow,SummerClothing,Camels,SunRising,Snowman,NoFire,2026-07-27T13:51:04.666Z
5bf8367e99837f0001cf1078,27,NS_SC_Pe_SR_Sn_WF,NoSnow_SummerClothing_Penguins_SunRising_Snowman_Fire.webp,3,3,NoSnow,SummerClothing,Penguins,SunRising,Snowman,Fire,2026-07-27T13:51:22.066Z
5bf8367e99837f0001cf1078,28,S_WC_Ca_SM_Sa_NF,Snow_WinterClothing_Camels_SunMid_Sandcastle_NoFire.webp,1,2,Snow,WinterClothing,Camels,SunMid,Sandcastle,NoFire,2026-07-27T13:51:32.578Z
5bf8367e99837f0001cf1078,29,S_WC_Ca_SM_Sa_WF,Snow_WinterClothing_Camels_SunMid_Sandcastle_Fire.webp,2,2,Snow,WinterClothing,Camels,SunMid,Sandcastle,Fire,2026-07-27T13:51:46.810Z
5bf8367e99837f0001cf1078,30,NS_SC_Ca_SM_Sa_WF,NoSnow_SummerClothing_Camels_SunMid_Sandcastle_Fire.webp,6,6,NoSnow,SummerClothing,Camels,SunMid,Sandcastle,Fire,2026-07-27T13:52:06.898Z
5bf8367e99837f0001cf1078,31,S_SC_Ca_SM_Sa_WF,Snow_SummerClothing_Camels_SunMid_Sandcastle_Fire.webp,2,2,Snow,SummerClothing,Camels,SunMid,Sandcastle,Fire,2026-07-27T13:52:19.714Z
5bf8367e99837f0001cf1078,32,S_SC_Pe_SM_Sn_NF,Snow_SummerClothing_Penguins_SunMid_Snowman_NoFire.webp,1,3,Snow,SummerClothing,Penguins,SunMid,Snowman,NoFire,2026-07-27T13:52:42.315Z
5bf8367e99837f0001cf1078,33,NS_WC_Ca_SR_Sa_WF,NoSnow_WinterClothing_Camels_SunRising_Sandcastle_Fire.webp,2,7,NoSnow,WinterClothing,Camels,SunRising,Sandcastle,Fire,2026-07-27T13:52:57.195Z
5bf8367e99837f0001cf1078,34,NS_SC_Pe_SM_Sa_WF,NoSnow_SummerClothing_Penguins_SunMid_Sandcastle_Fire.webp,5,3,NoSnow,SummerClothing,Penguins,SunMid,Sandcastle,Fire,2026-07-27T13:53:13.723Z
5bf8367e99837f0001cf1078,35,S_SC_Ca_SR_Sn_WF,Snow_SummerClothing_Camels_SunRising_Snowman_Fire.webp,2,2,Snow,SummerClothing,Camels,SunRising,Snowman,Fire,2026-07-27T13:53:24.266Z
5bf8367e99837f0001cf1078,36,S_SC_Ca_SM_Sa_NF,Snow_SummerClothing_Camels_SunMid_Sandcastle_NoFire.webp,2,2,Snow,SummerClothing,Camels,SunMid,Sandcastle,NoFire,2026-07-27T13:53:39.716Z
5bf8367e99837f0001cf1078,37,S_WC_Pe_SR_Sn_NF,Snow_WinterClothing_Penguins_SunRising_Snowman_NoFire.webp,1,7,Snow,WinterClothing,Penguins,SunRising,Snowman,NoFire,2026-07-27T13:53:50.947Z
5bf8367e99837f0001cf1078,38,NS_WC_Pe_SM_Sn_WF,NoSnow_WinterClothing_Penguins_SunMid_Snowman_Fire.webp,1,7,NoSnow,WinterClothing,Penguins,SunMid,Snowman,Fire,2026-07-27T13:54:51.963Z
5bf8367e99837f0001cf1078,39,NS_WC_Ca_SM_Sa_NF,NoSnow_WinterClothing_Camels_SunMid_Sandcastle_NoFire.webp,3,6,NoSnow,WinterClothing,Camels,SunMid,Sandcastle,NoFire,2026-07-27T13:55:37.331Z
5bf8367e99837f0001cf1078,40,S_SC_Pe_SR_Sa_WF,Snow_SummerClothing_Penguins_SunRising_Sandcastle_Fire.webp,2,2,Snow,SummerClothing,Penguins,SunRising,Sandcastle,Fire,2026-07-27T13:55:58.971Z
5bf8367e99837f0001cf1078,41,S_WC_Pe_SM_Sa_WF,Snow_WinterClothing_Penguins_SunMid_Sandcastle_Fire.webp,2,5,Snow,WinterClothing,Penguins,SunMid,Sandcastle,Fire,2026-07-27T13:56:16.003Z
5bf8367e99837f0001cf1078,42,NS_SC_Ca_SR_Sa_NF,NoSnow_SummerClothing_Camels_SunRising_Sandcastle_NoFire.webp,5,7,NoSnow,SummerClothing,Camels,SunRising,Sandcastle,NoFire,2026-07-27T13:56:30.715Z
5bf8367e99837f0001cf1078,43,NS_WC_Pe_SM_Sn_NF,NoSnow_WinterClothing_Penguins_SunMid_Snowman_NoFire.webp,2,4,NoSnow,WinterClothing,Penguins,SunMid,Snowman,NoFire,2026-07-27T13:57:12.787Z
5bf8367e99837f0001cf1078,44,S_WC_Ca_SM_Sn_NF,Snow_WinterClothing_Camels_SunMid_Snowman_NoFire.webp,2,3,Snow,WinterClothing,Camels,SunMid,Snowman,NoFire,2026-07-27T13:57:25.219Z
5bf8367e99837f0001cf1078,45,NS_WC_Ca_SM_Sn_NF,NoSnow_WinterClothing_Camels_SunMid_Snowman_NoFire.webp,2,3,NoSnow,WinterClothing,Camels,SunMid,Snowman,NoFire,2026-07-27T13:57:41.548Z
5bf8367e99837f0001cf1078,46,S_SC_Ca_SR_Sa_NF,Snow_SummerClothing_Camels_SunRising_Sandcastle_NoFire.webp,3,3,Snow,SummerClothing,Camels,SunRising,Sandcastle,NoFire,2026-07-27T13:57:56.908Z
5bf8367e99837f0001cf1078,47,S_SC_Pe_SM_Sa_NF,Snow_SummerClothing_Penguins_SunMid_Sandcastle_NoFire.webp,3,3,Snow,SummerClothing,Penguins,SunMid,Sandcastle,NoFire,2026-07-27T13:58:25.563Z
5bf8367e99837f0001cf1078,48,NS_WC_Ca_SR_Sn_WF,NoSnow_WinterClothing_Camels_SunRising_Snowman_Fire.webp,2,3,NoSnow,WinterClothing,Camels,SunRising,Snowman,Fire,2026-07-27T13:58:46.723Z
5bf8367e99837f0001cf1078,49,NS_WC_Ca_SM_Sn_WF,NoSnow_WinterClothing_Camels_SunMid_Snowman_Fire.webp,2,5,NoSnow,WinterClothing,Camels,SunMid,Snowman,Fire,2026-07-27T13:59:07.851Z
5bf8367e99837f0001cf1078,50,S_SC_Ca_SM_Sn_WF,Snow_SummerClothing_Camels_SunMid_Snowman_Fire.webp,4,2,Snow,SummerClothing,Camels,SunMid,Snowman,Fire,2026-07-27T13:59:17.251Z
5bf8367e99837f0001cf1078,51,NS_WC_Pe_SR_Sa_WF,NoSnow_WinterClothing_Penguins_SunRising_Sandcastle_Fire.webp,2,7,NoSnow,WinterClothing,Penguins,SunRising,Sandcastle,Fire,2026-07-27T13:59:49.731Z
5bf8367e99837f0001cf1078,52,S_SC_Pe_SM_Sn_WF,Snow_SummerClothing_Penguins_SunMid_Snowman_Fire.webp,3,3,Snow,SummerClothing,Penguins,SunMid,Snowman,Fire,2026-07-27T14:00:02.123Z
5bf8367e99837f0001cf1078,53,NS_WC_Ca_SR_Sa_NF,NoSnow_WinterClothing_Camels_SunRising_Sandcastle_NoFire.webp,3,7,NoSnow,WinterClothing,Camels,SunRising,Sandcastle,NoFire,2026-07-27T14:00:21.771Z
5bf8367e99837f0001cf1078,54,NS_WC_Pe_SR_Sn_WF,NoSnow_WinterClothing_Penguins_SunRising_Snowman_Fire.webp,2,5,NoSnow,WinterClothing,Penguins,SunRising,Snowman,Fire,2026-07-27T14:00:40.811Z
5bf8367e99837f0001cf1078,55,S_SC_Pe_SM_Sa_WF,Snow_SummerClothing_Penguins_SunMid_Sandcastle_Fire.webp,3,3,Snow,SummerClothing,Penguins,SunMid,Sandcastle,Fire,2026-07-27T14:00:57.900Z
5bf8367e99837f0001cf1078,56,NS_SC_Ca_SM_Sa_NF,NoSnow_SummerClothing_Camels_SunMid_Sandcastle_NoFire.webp,6,7,NoSnow,SummerClothing,Camels,SunMid,Sandcastle,NoFire,2026-07-27T14:01:08.596Z
5bf8367e99837f0001cf1078,57,S_WC_Pe_SM_Sn_NF,Snow_WinterClothing_Penguins_SunMid_Snowman_NoFire.webp,2,7,Snow,WinterClothing,Penguins,SunMid,Snowman,NoFire,2026-07-27T14:01:19.148Z
5bf8367e99837f0001cf1078,58,S_WC_Pe_SM_Sa_NF,Snow_WinterClothing_Penguins_SunMid_Sandcastle_NoFire.webp,2,6,Snow,WinterClothing,Penguins,SunMid,Sandcastle,NoFire,2026-07-27T14:01:36.964Z
5bf8367e99837f0001cf1078,59,S_WC_Ca_SM_Sn_WF,Snow_WinterClothing_Camels_SunMid_Snowman_Fire.webp,2,3,Snow,WinterClothing,Camels,SunMid,Snowman,Fire,2026-07-27T14:01:48.523Z
5bf8367e99837f0001cf1078,60,NS_SC_Pe_SM_Sa_NF,NoSnow_SummerClothing_Penguins_SunMid_Sandcastle_NoFire.webp,6,3,NoSnow,SummerClothing,Penguins,SunMid,Sandcastle,NoFire,2026-07-27T14:02:03.844Z
5bf8367e99837f0001cf1078,61,NS_SC_Ca_SR_Sn_WF,NoSnow_SummerClothing_Camels_SunRising_Snowman_Fire.webp,4,2,NoSnow,SummerClothing,Camels,SunRising,Snowman,Fire,2026-07-27T14:02:21.476Z
5bf8367e99837f0001cf1078,62,NS_WC_Ca_SM_Sa_WF,NoSnow_WinterClothing_Camels_SunMid_Sandcastle_Fire.webp,2,7,NoSnow,WinterClothing,Camels,SunMid,Sandcastle,Fire,2026-07-27T14:02:32.788Z
5bf8367e99837f0001cf1078,63,NS_WC_Ca_SR_Sn_NF,NoSnow_WinterClothing_Camels_SunRising_Snowman_NoFire.webp,2,3,NoSnow,WinterClothing,Camels,SunRising,Snowman,NoFire,2026-07-27T14:03:23.004Z
6a1955759c8cdb424d42bf74,0,S_WC_Pe_SM_Sa_NF,Snow_WinterClothing_Penguins_SunMid_Sandcastle_NoFire.webp,1,1,Snow,WinterClothing,Penguins,SunMid,Sandcastle,NoFire,2026-07-27T13:46:58.992Z
6a1955759c8cdb424d42bf74,1,NS_WC_Pe_SM_Sn_WF,NoSnow_WinterClothing_Penguins_SunMid_Snowman_Fire.webp,1,1,NoSnow,WinterClothing,Penguins,SunMid,Snowman,Fire,2026-07-27T13:47:11.028Z
6a1955759c8cdb424d42bf74,2,NS_SC_Pe_SR_Sa_NF,NoSnow_SummerClothing_Penguins_SunRising_Sandcastle_NoFire.webp,1,1,NoSnow,SummerClothing,Penguins,SunRising,Sandcastle,NoFire,2026-07-27T13:47:20.697Z
6a1955759c8cdb424d42bf74,3,S_SC_Ca_SM_Sn_NF,Snow_SummerClothing_Camels_SunMid_Snowman_NoFire.webp,1,1,Snow,SummerClothing,Camels,SunMid,Snowman,NoFire,2026-07-27T13:47:31.332Z
6a1955759c8cdb424d42bf74,4,NS_SC_Pe_SR_Sn_WF,NoSnow_SummerClothing_Penguins_SunRising_Snowman_Fire.webp,1,1,NoSnow,SummerClothing,Penguins,SunRising,Snowman,Fire,2026-07-27T13:47:39.440Z
6a1955759c8cdb424d42bf74,5,S_SC_Ca_SR_Sn_WF,Snow_SummerClothing_Camels_SunRising_Snowman_Fire.webp,1,1,Snow,SummerClothing,Camels,SunRising,Snowman,Fire,2026-07-27T13:47:48.740Z
6a1955759c8cdb424d42bf74,6,NS_WC_Pe_SR_Sa_WF,NoSnow_WinterClothing_Penguins_SunRising_Sandcastle_Fire.webp,1,1,NoSnow,WinterClothing,Penguins,SunRising,Sandcastle,Fire,2026-07-27T13:47:55.243Z
6a1955759c8cdb424d42bf74,7,NS_WC_Ca_SM_Sn_WF,NoSnow_WinterClothing_Camels_SunMid_Snowman_Fire.webp,1,1,NoSnow,WinterClothing,Camels,SunMid,Snowman,Fire,2026-07-27T13:48:05.315Z
6a1955759c8cdb424d42bf74,8,S_WC_Ca_SR_Sn_NF,Snow_WinterClothing_Camels_SunRising_Snowman_NoFire.webp,1,1,Snow,WinterClothing,Camels,SunRising,Snowman,NoFire,2026-07-27T13:48:12.663Z
6a1955759c8cdb424d42bf74,9,S_WC_Pe_SM_Sn_WF,Snow_WinterClothing_Penguins_SunMid_Snowman_Fire.webp,1,1,Snow,WinterClothing,Penguins,SunMid,Snowman,Fire,2026-07-27T13:48:20.955Z
6a1955759c8cdb424d42bf74,10,S_WC_Pe_SR_Sa_NF,Snow_WinterClothing_Penguins_SunRising_Sandcastle_NoFire.webp,1,1,Snow,WinterClothing,Penguins,SunRising,Sandcastle,NoFire,2026-07-27T13:48:28.739Z
6a1955759c8cdb424d42bf74,11,S_WC_Pe_SR_Sa_WF,Snow_WinterClothing_Penguins_SunRising_Sandcastle_Fire.webp,1,1,Snow,WinterClothing,Penguins,SunRising,Sandcastle,Fire,2026-07-27T13:48:36.495Z
6a1955759c8cdb424d42bf74,12,S_WC_Ca_SR_Sa_NF,Snow_WinterClothing_Camels_SunRising_Sandcastle_NoFire.webp,3,1,Snow,WinterClothing,Camels,SunRising,Sandcastle,NoFire,2026-07-27T13:48:56.623Z
6a1955759c8cdb424d42bf74,13,S_SC_Pe_SR_Sn_WF,Snow_SummerClothing_Penguins_SunRising_Snowman_Fire.webp,1,1,Snow,SummerClothing,Penguins,SunRising,Snowman,Fire,2026-07-27T13:49:04.151Z
6a1955759c8cdb424d42bf74,14,NS_SC_Ca_SM_Sn_NF,NoSnow_SummerClothing_Camels_SunMid_Snowman_NoFire.webp,1,1,NoSnow,SummerClothing,Camels,SunMid,Snowman,NoFire,2026-07-27T13:49:13.843Z
6a1955759c8cdb424d42bf74,15,NS_WC_Ca_SR_Sn_WF,NoSnow_WinterClothing_Camels_SunRising_Snowman_Fire.webp,1,1,NoSnow,WinterClothing,Camels,SunRising,Snowman,Fire,2026-07-27T13:49:22.311Z
6a1955759c8cdb424d42bf74,16,S_WC_Pe_SR_Sn_NF,Snow_WinterClothing_Penguins_SunRising_Snowman_NoFire.webp,1,1,Snow,WinterClothing,Penguins,SunRising,Snowman,NoFire,2026-07-27T13:49:30.627Z
6a1955759c8cdb424d42bf74,17,NS_WC_Ca_SM_Sa_WF,NoSnow_WinterClothing_Camels_SunMid_Sandcastle_Fire.webp,4,1,NoSnow,WinterClothing,Camels,SunMid,Sandcastle,Fire,2026-07-27T13:49:48.699Z
6a1955759c8cdb424d42bf74,18,NS_SC_Ca_SM_Sa_WF,NoSnow_SummerClothing_Camels_SunMid_Sandcastle_Fire.webp,4,1,NoSnow,SummerClothing,Camels,SunMid,Sandcastle,Fire,2026-07-27T13:49:56.335Z
6a1955759c8cdb424d42bf74,19,NS_WC_Pe_SR_Sn_NF,NoSnow_WinterClothing_Penguins_SunRising_Snowman_NoFire.webp,1,1,NoSnow,WinterClothing,Penguins,SunRising,Snowman,NoFire,2026-07-27T13:50:06.351Z
6a1955759c8cdb424d42bf74,20,S_WC_Ca_SM_Sn_WF,Snow_WinterClothing_Camels_SunMid_Snowman_Fire.webp,2,1,Snow,WinterClothing,Camels,SunMid,Snowman,Fire,2026-07-27T13:50:15.463Z
6a1955759c8cdb424d42bf74,21,NS_WC_Ca_SR_Sn_NF,NoSnow_WinterClothing_Camels_SunRising_Snowman_NoFire.webp,2,1,NoSnow,WinterClothing,Camels,SunRising,Snowman,NoFire,2026-07-27T13:50:25.830Z
6a1955759c8cdb424d42bf74,22,S_SC_Ca_SM_Sn_WF,Snow_SummerClothing_Camels_SunMid_Snowman_Fire.webp,1,1,Snow,SummerClothing,Camels,SunMid,Snowman,Fire,2026-07-27T13:50:33.003Z
6a1955759c8cdb424d42bf74,23,NS_SC_Ca_SM_Sa_NF,NoSnow_SummerClothing_Camels_SunMid_Sandcastle_NoFire.webp,4,1,NoSnow,SummerClothing,Camels,SunMid,Sandcastle,NoFire,2026-07-27T13:50:52.626Z
6a1955759c8cdb424d42bf74,24,NS_WC_Pe_SR_Sa_NF,NoSnow_WinterClothing_Penguins_SunRising_Sandcastle_NoFire.webp,2,1,NoSnow,WinterClothing,Penguins,SunRising,Sandcastle,NoFire,2026-07-27T13:51:03.811Z
6a1955759c8cdb424d42bf74,25,S_SC_Ca_SM_Sa_WF,Snow_SummerClothing_Camels_SunMid_Sandcastle_Fire.webp,4,1,Snow,SummerClothing,Camels,SunMid,Sandcastle,Fire,2026-07-27T13:51:12.770Z
6a1955759c8cdb424d42bf74,26,S_SC_Pe_SM_Sn_WF,Snow_SummerClothing_Penguins_SunMid_Snowman_Fire.webp,1,1,Snow,SummerClothing,Penguins,SunMid,Snowman,Fire,2026-07-27T13:51:20.054Z
6a1955759c8cdb424d42bf74,27,S_WC_Ca_SM_Sa_WF,Snow_WinterClothing_Camels_SunMid_Sandcastle_Fire.webp,5,1,Snow,WinterClothing,Camels,SunMid,Sandcastle,Fire,2026-07-27T13:51:34.086Z
6a1955759c8cdb424d42bf74,28,NS_SC_Pe_SM_Sa_WF,NoSnow_SummerClothing_Penguins_SunMid_Sandcastle_Fire.webp,1,1,NoSnow,SummerClothing,Penguins,SunMid,Sandcastle,Fire,2026-07-27T13:51:44.518Z
6a1955759c8cdb424d42bf74,29,S_WC_Pe_SM_Sa_WF,Snow_WinterClothing_Penguins_SunMid_Sandcastle_Fire.webp,2,1,Snow,WinterClothing,Penguins,SunMid,Sandcastle,Fire,2026-07-27T13:51:56.094Z
6a1955759c8cdb424d42bf74,30,NS_WC_Ca_SM_Sa_NF,NoSnow_WinterClothing_Camels_SunMid_Sandcastle_NoFire.webp,4,1,NoSnow,WinterClothing,Camels,SunMid,Sandcastle,NoFire,2026-07-27T13:52:06.754Z
6a1955759c8cdb424d42bf74,31,S_WC_Pe_SR_Sn_WF,Snow_WinterClothing_Penguins_SunRising_Snowman_Fire.webp,2,1,Snow,WinterClothing,Penguins,SunRising,Snowman,Fire,2026-07-27T13:52:15.914Z
6a1955759c8cdb424d42bf74,32,S_SC_Pe_SM_Sa_NF,Snow_SummerClothing_Penguins_SunMid_Sandcastle_NoFire.webp,1,1,Snow,SummerClothing,Penguins,SunMid,Sandcastle,NoFire,2026-07-27T13:52:26.122Z
6a1955759c8cdb424d42bf74,33,NS_SC_Ca_SR_Sa_WF,NoSnow_SummerClothing_Camels_SunRising_Sandcastle_Fire.webp,4,1,NoSnow,SummerClothing,Camels,SunRising,Sandcastle,Fire,2026-07-27T13:52:38.173Z
6a1955759c8cdb424d42bf74,34,S_SC_Ca_SR_Sn_NF,Snow_SummerClothing_Camels_SunRising_Snowman_NoFire.webp,1,1,Snow,SummerClothing,Camels,SunRising,Snowman,NoFire,2026-07-27T13:52:50.477Z
6a1955759c8cdb424d42bf74,35,NS_WC_Ca_SM_Sn_NF,NoSnow_WinterClothing_Camels_SunMid_Snowman_NoFire.webp,2,1,NoSnow,WinterClothing,Camels,SunMid,Snowman,NoFire,2026-07-27T13:52:59.889Z
6a1955759c8cdb424d42bf74,36,S_WC_Ca_SR_Sn_WF,Snow_WinterClothing_Camels_SunRising_Snowman_Fire.webp,2,1,Snow,WinterClothing,Camels,SunRising,Snowman,Fire,2026-07-27T13:53:09.450Z
6a1955759c8cdb424d42bf74,37,NS_SC_Ca_SM_Sn_WF,NoSnow_SummerClothing_Camels_SunMid_Snowman_Fire.webp,1,1,NoSnow,SummerClothing,Camels,SunMid,Snowman,Fire,2026-07-27T13:53:19.341Z
6a1955759c8cdb424d42bf74,38,S_SC_Ca_SM_Sa_NF,Snow_SummerClothing_Camels_SunMid_Sandcastle_NoFire.webp,4,1,Snow,SummerClothing,Camels,SunMid,Sandcastle,NoFire,2026-07-27T13:53:35.761Z
6a1955759c8cdb424d42bf74,39,S_WC_Ca_SR_Sa_WF,Snow_WinterClothing_Camels_SunRising_Sandcastle_Fire.webp,6,1,Snow,WinterClothing,Camels,SunRising,Sandcastle,Fire,2026-07-27T13:53:47.689Z
6a1955759c8cdb424d42bf74,40,NS_SC_Pe_SM_Sn_WF,NoSnow_SummerClothing_Penguins_SunMid_Snowman_Fire.webp,1,1,NoSnow,SummerClothing,Penguins,SunMid,Snowman,Fire,2026-07-27T13:53:54.941Z
6a1955759c8cdb424d42bf74,41,NS_WC_Ca_SR_Sa_WF,NoSnow_WinterClothing_Camels_SunRising_Sandcastle_Fire.webp,6,1,NoSnow,WinterClothing,Camels,SunRising,Sandcastle,Fire,2026-07-27T13:54:26.353Z
6a1955759c8cdb424d42bf74,42,S_SC_Ca_SR_Sa_WF,Snow_SummerClothing_Camels_SunRising_Sandcastle_Fire.webp,5,1,Snow,SummerClothing,Camels,SunRising,Sandcastle,Fire,2026-07-27T13:54:43.797Z
6a1955759c8cdb424d42bf74,43,NS_WC_Pe_SM_Sa_WF,NoSnow_WinterClothing_Penguins_SunMid_Sandcastle_Fire.webp,2,1,NoSnow,WinterClothing,Penguins,SunMid,Sandcastle,Fire,2026-07-27T13:54:59.217Z
6a1955759c8cdb424d42bf74,44,S_SC_Pe_SR_Sa_WF,Snow_SummerClothing_Penguins_SunRising_Sandcastle_Fire.webp,1,1,Snow,SummerClothing,Penguins,SunRising,Sandcastle,Fire,2026-07-27T13:55:12.709Z
6a1955759c8cdb424d42bf74,45,NS_WC_Pe_SM_Sa_NF,NoSnow_WinterClothing_Penguins_SunMid_Sandcastle_NoFire.webp,2,1,NoSnow,WinterClothing,Penguins,SunMid,Sandcastle,NoFire,2026-07-27T13:55:23.792Z
6a1955759c8cdb424d42bf74,46,S_WC_Pe_SM_Sn_NF,Snow_WinterClothing_Penguins_SunMid_Snowman_NoFire.webp,1,1,Snow,WinterClothing,Penguins,SunMid,Snowman,NoFire,2026-07-27T13:55:30.752Z
6a1955759c8cdb424d42bf74,47,S_SC_Pe_SM_Sa_WF,Snow_SummerClothing_Penguins_SunMid_Sandcastle_Fire.webp,1,1,Snow,SummerClothing,Penguins,SunMid,Sandcastle,Fire,2026-07-27T13:55:42.469Z
6a1955759c8cdb424d42bf74,48,S_SC_Pe_SM_Sn_NF,Snow_SummerClothing_Penguins_SunMid_Snowman_NoFire.webp,1,1,Snow,SummerClothing,Penguins,SunMid,Snowman,NoFire,2026-07-27T13:55:54.076Z
6a1955759c8cdb424d42bf74,49,NS_SC_Pe_SR_Sn_NF,NoSnow_SummerClothing_Penguins_SunRising_Snowman_NoFire.webp,1,1,NoSnow,SummerClothing,Penguins,SunRising,Snowman,NoFire,2026-07-27T13:56:01.453Z
6a1955759c8cdb424d42bf74,50,NS_SC_Pe_SR_Sa_WF,NoSnow_SummerClothing_Penguins_SunRising_Sandcastle_Fire.webp,1,1,NoSnow,SummerClothing,Penguins,SunRising,Sandcastle,Fire,2026-07-27T13:56:11.436Z
6a1955759c8cdb424d42bf74,51,NS_SC_Ca_SR_Sn_NF,NoSnow_SummerClothing_Camels_SunRising_Snowman_NoFire.webp,1,1,NoSnow,SummerClothing,Camels,SunRising,Snowman,NoFire,2026-07-27T13:56:19.212Z
6a1955759c8cdb424d42bf74,52,NS_SC_Ca_SR_Sa_NF,NoSnow_SummerClothing_Camels_SunRising_Sandcastle_NoFire.webp,5,1,NoSnow,SummerClothing,Camels,SunRising,Sandcastle,NoFire,2026-07-27T13:56:31.096Z
6a1955759c8cdb424d42bf74,53,NS_SC_Ca_SR_Sn_WF,NoSnow_SummerClothing_Camels_SunRising_Snowman_Fire.webp,1,1,NoSnow,SummerClothing,Camels,SunRising,Snowman,Fire,2026-07-27T13:56:53.648Z
6a1955759c8cdb424d42bf74,54,S_SC_Pe_SR_Sa_NF,Snow_SummerClothing_Penguins_SunRising_Sandcastle_NoFire.webp,1,1,Snow,SummerClothing,Penguins,SunRising,Sandcastle,NoFire,2026-07-27T13:57:05.924Z
6a1955759c8cdb424d42bf74,55,NS_WC_Ca_SR_Sa_NF,NoSnow_WinterClothing_Camels_SunRising_Sandcastle_NoFire.webp,5,1,NoSnow,WinterClothing,Camels,SunRising,Sandcastle,NoFire,2026-07-27T13:57:20.019Z
6a1955759c8cdb424d42bf74,56,NS_SC_Pe_SM_Sn_NF,NoSnow_SummerClothing_Penguins_SunMid_Snowman_NoFire.webp,1,1,NoSnow,SummerClothing,Penguins,SunMid,Snowman,NoFire,2026-07-27T13:57:27.115Z
6a1955759c8cdb424d42bf74,57,NS_WC_Pe_SM_Sn_NF,NoSnow_WinterClothing_Penguins_SunMid_Snowman_NoFire.webp,2,1,NoSnow,WinterClothing,Penguins,SunMid,Snowman,NoFire,2026-07-27T13:57:38.563Z
6a1955759c8cdb424d42bf74,58,S_SC_Ca_SR_Sa_NF,Snow_SummerClothing_Camels_SunRising_Sandcastle_NoFire.webp,5,1,Snow,SummerClothing,Camels,SunRising,Sandcastle,NoFire,2026-07-27T13:57:50.095Z
6a1955759c8cdb424d42bf74,59,NS_WC_Pe_SR_Sn_WF,NoSnow_WinterClothing_Penguins_SunRising_Snowman_Fire.webp,2,1,NoSnow,WinterClothing,Penguins,SunRising,Snowman,Fire,2026-07-27T13:57:59.739Z
6a1955759c8cdb424d42bf74,60,S_SC_Pe_SR_Sn_NF,Snow_SummerClothing_Penguins_SunRising_Snowman_NoFire.webp,1,1,Snow,SummerClothing,Penguins,SunRising,Snowman,NoFire,2026-07-27T13:58:07.119Z
6a1955759c8cdb424d42bf74,61,S_WC_Ca_SM_Sn_NF,Snow_WinterClothing_Camels_SunMid_Snowman_NoFire.webp,2,1,Snow,WinterClothing,Camels,SunMid,Snowman,NoFire,2026-07-27T13:58:17.643Z
6a1955759c8cdb424d42bf74,62,NS_SC_Pe_SM_Sa_NF,NoSnow_SummerClothing_Penguins_SunMid_Sandcastle_NoFire.webp,1,1,NoSnow,SummerClothing,Penguins,SunMid,Sandcastle,NoFire,2026-07-27T13:58:24.571Z
6a1955759c8cdb424d42bf74,63,S_WC_Ca_SM_Sa_NF,Snow_WinterClothing_Camels_SunMid_Sandcastle_NoFire.webp,6,1,Snow,WinterClothing,Camels,SunMid,Sandcastle,NoFire,2026-07-27T13:58:33.987Z
681d11acf32ffbb177100579,0,NS_WC_Ca_SR_Sn_WF,NoSnow_WinterClothing_Camels_SunRising_Snowman_Fire.webp,4,1,NoSnow,WinterClothing,Camels,SunRising,Snowman,Fire,2026-07-27T13:41:58.594Z
681d11acf32ffbb177100579,1,S_SC_Pe_SM_Sa_NF,Snow_SummerClothing_Penguins_SunMid_Sandcastle_NoFire.webp,3,1,Snow,SummerClothing,Penguins,SunMid,Sandcastle,NoFire,2026-07-27T13:42:19.537Z
681d11acf32ffbb177100579,2,NS_WC_Ca_SM_Sn_WF,NoSnow_WinterClothing_Camels_SunMid_Snowman_Fire.webp,5,1,NoSnow,WinterClothing,Camels,SunMid,Snowman,Fire,2026-07-27T13:42:34.119Z
681d11acf32ffbb177100579,3,S_WC_Ca_SR_Sn_NF,Snow_WinterClothing_Camels_SunRising_Snowman_NoFire.webp,3,1,Snow,WinterClothing,Camels,SunRising,Snowman,NoFire,2026-07-27T13:42:48.049Z
681d11acf32ffbb177100579,4,NS_WC_Pe_SR_Sn_WF,NoSnow_WinterClothing_Penguins_SunRising_Snowman_Fire.webp,4,1,NoSnow,WinterClothing,Penguins,SunRising,Snowman,Fire,2026-07-27T13:43:05.789Z
681d11acf32ffbb177100579,5,S_SC_Pe_SM_Sa_WF,Snow_SummerClothing_Penguins_SunMid_Sandcastle_Fire.webp,5,2,Snow,SummerClothing,Penguins,SunMid,Sandcastle,Fire,2026-07-27T13:43:18.791Z
681d11acf32ffbb177100579,6,S_WC_Ca_SR_Sa_WF,Snow_WinterClothing_Camels_SunRising_Sandcastle_Fire.webp,6,5,Snow,WinterClothing,Camels,SunRising,Sandcastle,Fire,2026-07-27T13:43:34.843Z
681d11acf32ffbb177100579,7,S_SC_Ca_SR_Sn_NF,Snow_SummerClothing_Camels_SunRising_Snowman_NoFire.webp,3,2,Snow,SummerClothing,Camels,SunRising,Snowman,NoFire,2026-07-27T13:43:46.729Z
681d11acf32ffbb177100579,8,S_SC_Pe_SM_Sn_NF,Snow_SummerClothing_Penguins_SunMid_Snowman_NoFire.webp,2,5,Snow,SummerClothing,Penguins,SunMid,Snowman,NoFire,2026-07-27T13:43:59.631Z
681d11acf32ffbb177100579,9,S_WC_Pe_SM_Sa_WF,Snow_WinterClothing_Penguins_SunMid_Sandcastle_Fire.webp,4,2,Snow,WinterClothing,Penguins,SunMid,Sandcastle,Fire,2026-07-27T13:44:12.053Z
681d11acf32ffbb177100579,10,NS_SC_Pe_SM_Sa_WF,NoSnow_SummerClothing_Penguins_SunMid_Sandcastle_Fire.webp,5,2,NoSnow,SummerClothing,Penguins,SunMid,Sandcastle,Fire,2026-07-27T13:44:25.309Z
69f98dd1e04cda4c659a9e41,0,S_WC_Pe_SM_Sn_NF,Snow_WinterClothing_Penguins_SunMid_Snowman_NoFire.webp,2,1,Snow,WinterClothing,Penguins,SunMid,Snowman,NoFire,2026-07-27T14:16:12.708Z
69f98dd1e04cda4c659a9e41,1,S_SC_Pe_SR_Sn_WF,Snow_SummerClothing_Penguins_SunRising_Snowman_Fire.webp,2,1,Snow,SummerClothing,Penguins,SunRising,Snowman,Fire,2026-07-27T14:16:22.014Z
69f98dd1e04cda4c659a9e41,2,S_SC_Ca_SR_Sn_WF,Snow_SummerClothing_Camels_SunRising_Snowman_Fire.webp,5,1,Snow,SummerClothing,Camels,SunRising,Snowman,Fire,2026-07-27T14:16:34.959Z
69f98dd1e04cda4c659a9e41,3,NS_SC_Ca_SM_Sa_WF,NoSnow_SummerClothing_Camels_SunMid_Sandcastle_Fire.webp,6,2,NoSnow,SummerClothing,Camels,SunMid,Sandcastle,Fire,2026-07-27T14:16:48.040Z
69f98dd1e04cda4c659a9e41,4,NS_WC_Pe_SM_Sa_NF,NoSnow_WinterClothing_Penguins_SunMid_Sandcastle_NoFire.webp,5,2,NoSnow,WinterClothing,Penguins,SunMid,Sandcastle,NoFire,2026-07-27T14:16:56.836Z
69f98dd1e04cda4c659a9e41,5,NS_SC_Pe_SM_Sn_WF,NoSnow_SummerClothing_Penguins_SunMid_Snowman_Fire.webp,4,1,NoSnow,SummerClothing,Penguins,SunMid,Snowman,Fire,2026-07-27T14:17:08.259Z
69f98dd1e04cda4c659a9e41,6,S_SC_Ca_SR_Sa_NF,Snow_SummerClothing_Camels_SunRising_Sandcastle_NoFire.webp,6,6,Snow,SummerClothing,Camels,SunRising,Sandcastle,NoFire,2026-07-27T14:17:17.552Z
69f98dd1e04cda4c659a9e41,7,S_SC_Pe_SR_Sa_WF,Snow_SummerClothing_Penguins_SunRising_Sandcastle_Fire.webp,3,2,Snow,SummerClothing,Penguins,SunRising,Sandcastle,Fire,2026-07-27T14:17:25.684Z
69f98dd1e04cda4c659a9e41,8,NS_WC_Ca_SR_Sa_WF,NoSnow_WinterClothing_Camels_SunRising_Sandcastle_Fire.webp,5,5,NoSnow,WinterClothing,Camels,SunRising,Sandcastle,Fire,2026-07-27T14:17:36.865Z
69f98dd1e04cda4c659a9e41,9,NS_SC_Ca_SR_Sa_WF,NoSnow_SummerClothing_Camels_SunRising_Sandcastle_Fire.webp,5,5,NoSnow,SummerClothing,Camels,SunRising,Sandcastle,Fire,2026-07-27T14:17:43.548Z
69f98dd1e04cda4c659a9e41,10,NS_WC_Ca_SM_Sa_NF,NoSnow_WinterClothing_Camels_SunMid_Sandcastle_NoFire.webp,4,5,NoSnow,WinterClothing,Camels,SunMid,Sandcastle,NoFire,2026-07-27T14:17:53.254Z
69f98dd1e04cda4c659a9e41,11,S_WC_Ca_SR_Sa_WF,Snow_WinterClothing_Camels_SunRising_Sandcastle_Fire.webp,5,5,Snow,WinterClothing,Camels,SunRising,Sandcastle,Fire,2026-07-27T14:18:03.745Z
69f98dd1e04cda4c659a9e41,12,NS_WC_Ca_SM_Sn_NF,NoSnow_WinterClothing_Camels_SunMid_Snowman_NoFire.webp,4,2,NoSnow,WinterClothing,Camels,SunMid,Snowman,NoFire,2026-07-27T14:18:12.213Z
69f98dd1e04cda4c659a9e41,13,S_SC_Ca_SM_Sn_NF,Snow_SummerClothing_Camels_SunMid_Snowman_NoFire.webp,5,1,Snow,SummerClothing,Camels,SunMid,Snowman,NoFire,2026-07-27T14:18:19.165Z
69f98dd1e04cda4c659a9e41,14,S_SC_Ca_SR_Sn_NF,Snow_SummerClothing_Camels_SunRising_Snowman_NoFire.webp,5,1,Snow,SummerClothing,Camels,SunRising,Snowman,NoFire,2026-07-27T14:18:34.526Z
69f98dd1e04cda4c659a9e41,15,S_WC_Ca_SR_Sn_NF,Snow_WinterClothing_Camels_SunRising_Snowman_NoFire.webp,4,1,Snow,WinterClothing,Camels,SunRising,Snowman,NoFire,2026-07-27T14:18:41.306Z
69f98dd1e04cda4c659a9e41,16,NS_SC_Ca_SR_Sn_NF,NoSnow_SummerClothing_Camels_SunRising_Snowman_NoFire.webp,5,1,NoSnow,SummerClothing,Camels,SunRising,Snowman,NoFire,2026-07-27T14:18:48.911Z
69f98dd1e04cda4c659a9e41,17,S_SC_Ca_SM_Sn_WF,Snow_SummerClothing_Camels_SunMid_Snowman_Fire.webp,5,1,Snow,SummerClothing,Camels,SunMid,Snowman,Fire,2026-07-27T14:18:57.415Z
69f98dd1e04cda4c659a9e41,18,NS_SC_Pe_SM_Sa_NF,NoSnow_SummerClothing_Penguins_SunMid_Sandcastle_NoFire.webp,5,2,NoSnow,SummerClothing,Penguins,SunMid,Sandcastle,NoFire,2026-07-27T14:19:04.480Z
69f98dd1e04cda4c659a9e41,19,NS_WC_Pe_SR_Sn_WF,NoSnow_WinterClothing_Penguins_SunRising_Snowman_Fire.webp,4,1,NoSnow,WinterClothing,Penguins,SunRising,Snowman,Fire,2026-07-27T14:19:14.472Z
69f98dd1e04cda4c659a9e41,20,NS_WC_Ca_SR_Sn_WF,NoSnow_WinterClothing_Camels_SunRising_Snowman_Fire.webp,4,1,NoSnow,WinterClothing,Camels,SunRising,Snowman,Fire,2026-07-27T14:19:24.822Z
69f98dd1e04cda4c659a9e41,21,S_WC_Pe_SR_Sa_NF,Snow_WinterClothing_Penguins_SunRising_Sandcastle_NoFire.webp,3,5,Snow,WinterClothing,Penguins,SunRising,Sandcastle,NoFire,2026-07-27T14:19:34.302Z
69f98dd1e04cda4c659a9e41,22,S_SC_Pe_SR_Sa_NF,Snow_SummerClothing_Penguins_SunRising_Sandcastle_NoFire.webp,4,6,Snow,SummerClothing,Penguins,SunRising,Sandcastle,NoFire,2026-07-27T14:19:42.575Z
69f98dd1e04cda4c659a9e41,23,NS_SC_Pe_SM_Sa_WF,NoSnow_SummerClothing_Penguins_SunMid_Sandcastle_Fire.webp,5,6,NoSnow,SummerClothing,Penguins,SunMid,Sandcastle,Fire,2026-07-27T14:19:50.187Z
69f98dd1e04cda4c659a9e41,24,NS_SC_Pe_SR_Sa_NF,NoSnow_SummerClothing_Penguins_SunRising_Sandcastle_NoFire.webp,4,6,NoSnow,SummerClothing,Penguins,SunRising,Sandcastle,NoFire,2026-07-27T14:19:56.211Z
69f98dd1e04cda4c659a9e41,25,NS_WC_Pe_SR_Sn_NF,NoSnow_WinterClothing_Penguins_SunRising_Snowman_NoFire.webp,4,1,NoSnow,WinterClothing,Penguins,SunRising,Snowman,NoFire,2026-07-27T14:20:03.657Z
69f98dd1e04cda4c659a9e41,26,NS_SC_Ca_SM_Sn_NF,NoSnow_SummerClothing_Camels_SunMid_Snowman_NoFire.webp,5,1,NoSnow,SummerClothing,Camels,SunMid,Snowman,NoFire,2026-07-27T14:20:09.774Z
69f98dd1e04cda4c659a9e41,27,NS_WC_Pe_SR_Sa_NF,NoSnow_WinterClothing_Penguins_SunRising_Sandcastle_NoFire.webp,4,5,NoSnow,WinterClothing,Penguins,SunRising,Sandcastle,NoFire,2026-07-27T14:20:15.988Z
69f98dd1e04cda4c659a9e41,28,NS_SC_Ca_SM_Sa_NF,NoSnow_SummerClothing_Camels_SunMid_Sandcastle_NoFire.webp,5,6,NoSnow,SummerClothing,Camels,SunMid,Sandcastle,NoFire,2026-07-27T14:20:25.154Z
69f98dd1e04cda4c659a9e41,29,S_SC_Ca_SM_Sa_NF,Snow_SummerClothing_Camels_SunMid_Sandcastle_NoFire.webp,6,6,Snow,SummerClothing,Camels,SunMid,Sandcastle,NoFire,2026-07-27T14:20:32.647Z
69f98dd1e04cda4c659a9e41,30,S_WC_Pe_SR_Sa_WF,Snow_WinterClothing_Penguins_SunRising_Sandcastle_Fire.webp,6,3,Snow,WinterClothing,Penguins,SunRising,Sandcastle,Fire,2026-07-27T14:20:41.498Z
69f98dd1e04cda4c659a9e41,31,S_WC_Ca_SM_Sn_WF,Snow_WinterClothing_Camels_SunMid_Snowman_Fire.webp,6,1,Snow,WinterClothing,Camels,SunMid,Snowman,Fire,2026-07-27T14:20:48.516Z
69f98dd1e04cda4c659a9e41,32,NS_WC_Pe_SR_Sa_WF,NoSnow_WinterClothing_Penguins_SunRising_Sandcastle_Fire.webp,5,5,NoSnow,WinterClothing,Penguins,SunRising,Sandcastle,Fire,2026-07-27T14:21:00.140Z
69f98dd1e04cda4c659a9e41,33,NS_WC_Ca_SR_Sn_NF,NoSnow_WinterClothing_Camels_SunRising_Snowman_NoFire.webp,4,2,NoSnow,WinterClothing,Camels,SunRising,Snowman,NoFire,2026-07-27T14:21:07.408Z
69f98dd1e04cda4c659a9e41,34,NS_WC_Ca_SM_Sa_WF,NoSnow_WinterClothing_Camels_SunMid_Sandcastle_Fire.webp,6,5,NoSnow,WinterClothing,Camels,SunMid,Sandcastle,Fire,2026-07-27T14:21:15.703Z
69f98dd1e04cda4c659a9e41,35,NS_WC_Ca_SR_Sa_NF,NoSnow_WinterClothing_Camels_SunRising_Sandcastle_NoFire.webp,4,6,NoSnow,WinterClothing,Camels,SunRising,Sandcastle,NoFire,2026-07-27T14:21:21.547Z
69f98dd1e04cda4c659a9e41,36,NS_SC_Pe_SR_Sn_WF,NoSnow_SummerClothing_Penguins_SunRising_Snowman_Fire.webp,6,1,NoSnow,SummerClothing,Penguins,SunRising,Snowman,Fire,2026-07-27T14:21:27.507Z
69f98dd1e04cda4c659a9e41,37,S_WC_Ca_SR_Sn_WF,Snow_WinterClothing_Camels_SunRising_Snowman_Fire.webp,5,1,Snow,WinterClothing,Camels,SunRising,Snowman,Fire,2026-07-27T14:21:35.729Z
69f98dd1e04cda4c659a9e41,38,NS_SC_Pe_SR_Sn_NF,NoSnow_SummerClothing_Penguins_SunRising_Snowman_NoFire.webp,5,1,NoSnow,SummerClothing,Penguins,SunRising,Snowman,NoFire,2026-07-27T14:21:42.988Z
69f98dd1e04cda4c659a9e41,39,NS_SC_Ca_SM_Sn_WF,NoSnow_SummerClothing_Camels_SunMid_Snowman_Fire.webp,7,1,NoSnow,SummerClothing,Camels,SunMid,Snowman,Fire,2026-07-27T14:21:54.006Z
69f98dd1e04cda4c659a9e41,40,NS_WC_Pe_SM_Sn_NF,NoSnow_WinterClothing_Penguins_SunMid_Snowman_NoFire.webp,6,1,NoSnow,WinterClothing,Penguins,SunMid,Snowman,NoFire,2026-07-27T14:22:01.972Z
69f98dd1e04cda4c659a9e41,41,S_WC_Pe_SR_Sn_WF,Snow_WinterClothing_Penguins_SunRising_Snowman_Fire.webp,3,3,Snow,WinterClothing,Penguins,SunRising,Snowman,Fire,2026-07-27T14:22:19.561Z
69f98dd1e04cda4c659a9e41,42,S_SC_Pe_SM_Sn_WF,Snow_SummerClothing_Penguins_SunMid_Snowman_Fire.webp,2,5,Snow,SummerClothing,Penguins,SunMid,Snowman,Fire,2026-07-27T14:22:30.255Z
69f98dd1e04cda4c659a9e41,43,S_WC_Pe_SM_Sn_WF,Snow_WinterClothing_Penguins_SunMid_Snowman_Fire.webp,2,6,Snow,WinterClothing,Penguins,SunMid,Snowman,Fire,2026-07-27T14:22:38.685Z
69f98dd1e04cda4c659a9e41,44,NS_SC_Ca_SR_Sn_WF,NoSnow_SummerClothing_Camels_SunRising_Snowman_Fire.webp,3,2,NoSnow,SummerClothing,Camels,SunRising,Snowman,Fire,2026-07-27T14:22:48.744Z
69f98dd1e04cda4c659a9e41,45,S_WC_Pe_SM_Sa_WF,Snow_WinterClothing_Penguins_SunMid_Sandcastle_Fire.webp,3,6,Snow,WinterClothing,Penguins,SunMid,Sandcastle,Fire,2026-07-27T14:23:00.043Z
69f98dd1e04cda4c659a9e41,46,NS_WC_Pe_SM_Sa_WF,NoSnow_WinterClothing_Penguins_SunMid_Sandcastle_Fire.webp,6,5,NoSnow,WinterClothing,Penguins,SunMid,Sandcastle,Fire,2026-07-27T14:23:12.669Z
69f98dd1e04cda4c659a9e41,47,S_SC_Pe_SR_Sn_NF,Snow_SummerClothing_Penguins_SunRising_Snowman_NoFire.webp,1,6,Snow,SummerClothing,Penguins,SunRising,Snowman,NoFire,2026-07-27T14:23:22.980Z
69f98dd1e04cda4c659a9e41,48,NS_SC_Pe_SM_Sn_NF,NoSnow_SummerClothing_Penguins_SunMid_Snowman_NoFire.webp,5,2,NoSnow,SummerClothing,Penguins,SunMid,Snowman,NoFire,2026-07-27T14:23:32.882Z
69f98dd1e04cda4c659a9e41,49,S_WC_Pe_SM_Sa_NF,Snow_WinterClothing_Penguins_SunMid_Sandcastle_NoFire.webp,2,5,Snow,WinterClothing,Penguins,SunMid,Sandcastle,NoFire,2026-07-27T14:23:44.364Z
69f98dd1e04cda4c659a9e41,50,S_WC_Ca_SM_Sa_NF,Snow_WinterClothing_Camels_SunMid_Sandcastle_NoFire.webp,2,3,Snow,WinterClothing,Camels,SunMid,Sandcastle,NoFire,2026-07-27T14:23:54.805Z
69f98dd1e04cda4c659a9e41,51,S_SC_Ca_SR_Sa_WF,Snow_SummerClothing_Camels_SunRising_Sandcastle_Fire.webp,1,1,Snow,SummerClothing,Camels,SunRising,Sandcastle,Fire,2026-07-27T14:24:05.956Z
69f98dd1e04cda4c659a9e41,52,NS_WC_Ca_SM_Sn_WF,NoSnow_WinterClothing_Camels_SunMid_Snowman_Fire.webp,6,2,NoSnow,WinterClothing,Camels,SunMid,Snowman,Fire,2026-07-27T14:24:15.391Z
69f98dd1e04cda4c659a9e41,53,S_SC_Pe_SM_Sa_WF,Snow_SummerClothing_Penguins_SunMid_Sandcastle_Fire.webp,2,5,Snow,SummerClothing,Penguins,SunMid,Sandcastle,Fire,2026-07-27T14:24:24.605Z
69f98dd1e04cda4c659a9e41,54,NS_SC_Pe_SR_Sa_WF,NoSnow_SummerClothing_Penguins_SunRising_Sandcastle_Fire.webp,5,5,NoSnow,SummerClothing,Penguins,SunRising,Sandcastle,Fire,2026-07-27T14:24:33.685Z
69f98dd1e04cda4c659a9e41,55,S_WC_Ca_SM_Sa_WF,Snow_WinterClothing_Camels_SunMid_Sandcastle_Fire.webp,3,2,Snow,WinterClothing,Camels,SunMid,Sandcastle,Fire,2026-07-27T14:24:43.376Z
69f98dd1e04cda4c659a9e41,56,NS_WC_Pe_SM_Sn_WF,NoSnow_WinterClothing_Penguins_SunMid_Snowman_Fire.webp,6,2,NoSnow,WinterClothing,Penguins,SunMid,Snowman,Fire,2026-07-27T14:24:50.906Z
69f98dd1e04cda4c659a9e41,57,NS_SC_Ca_SR_Sa_NF,NoSnow_SummerClothing_Camels_SunRising_Sandcastle_NoFire.webp,4,7,NoSnow,SummerClothing,Camels,SunRising,Sandcastle,NoFire,2026-07-27T14:25:00.055Z
69f98dd1e04cda4c659a9e41,58,S_SC_Ca_SM_Sa_WF,Snow_SummerClothing_Camels_SunMid_Sandcastle_Fire.webp,3,3,Snow,SummerClothing,Camels,SunMid,Sandcastle,Fire,2026-07-27T14:25:10.286Z
69f98dd1e04cda4c659a9e41,59,S_WC_Ca_SM_Sn_NF,Snow_WinterClothing_Camels_SunMid_Snowman_NoFire.webp,2,5,Snow,WinterClothing,Camels,SunMid,Snowman,NoFire,2026-07-27T14:25:18.325Z
69f98dd1e04cda4c659a9e41,60,S_WC_Pe_SR_Sn_NF,Snow_WinterClothing_Penguins_SunRising_Snowman_NoFire.webp,1,6,Snow,WinterClothing,Penguins,SunRising,Snowman,NoFire,2026-07-27T14:25:26.845Z
69f98dd1e04cda4c659a9e41,61,S_SC_Pe_SM_Sn_NF,Snow_SummerClothing_Penguins_SunMid_Snowman_NoFire.webp,2,7,Snow,SummerClothing,Penguins,SunMid,Snowman,NoFire,2026-07-27T14:25:34.652Z
69f98dd1e04cda4c659a9e41,62,S_SC_Pe_SM_Sa_NF,Snow_SummerClothing_Penguins_SunMid_Sandcastle_NoFire.webp,2,7,Snow,SummerClothing,Penguins,SunMid,Sandcastle,NoFire,2026-07-27T14:25:42.018Z
69f98dd1e04cda4c659a9e41,63,S_WC_Ca_SR_Sa_NF,Snow_WinterClothing_Camels_SunRising_Sandcastle_NoFire.webp,1,3,Snow,WinterClothing,Camels,SunRising,Sandcastle,NoFire,2026-07-27T14:25:50.096Z
6a0c80f3259081104ca0cfd8,0,S_SC_Pe_SR_Sn_WF,Snow_SummerClothing_Penguins_SunRising_Snowman_Fire.webp,3,1,Snow,SummerClothing,Penguins,SunRising,Snowman,Fire,2026-07-27T13:41:37.466Z
6a0c80f3259081104ca0cfd8,1,S_WC_Pe_SM_Sn_NF,Snow_WinterClothing_Penguins_SunMid_Snowman_NoFire.webp,3,6,Snow,WinterClothing,Penguins,SunMid,Snowman,NoFire,2026-07-27T13:42:03.690Z
6a0c80f3259081104ca0cfd8,2,NS_WC_Pe_SM_Sa_WF,NoSnow_WinterClothing_Penguins_SunMid_Sandcastle_Fire.webp,7,1,NoSnow,WinterClothing,Penguins,SunMid,Sandcastle,Fire,2026-07-27T13:42:22.547Z
6a0c80f3259081104ca0cfd8,3,NS_WC_Ca_SM_Sn_NF,NoSnow_WinterClothing_Camels_SunMid_Snowman_NoFire.webp,7,1,NoSnow,WinterClothing,Camels,SunMid,Snowman,NoFire,2026-07-27T13:42:35.915Z
6a0c80f3259081104ca0cfd8,4,NS_SC_Pe_SM_Sn_WF,NoSnow_SummerClothing_Penguins_SunMid_Snowman_Fire.webp,6,3,NoSnow,SummerClothing,Penguins,SunMid,Snowman,Fire,2026-07-27T13:43:02.588Z
6a0c80f3259081104ca0cfd8,5,S_WC_Pe_SR_Sn_WF,Snow_WinterClothing_Penguins_SunRising_Snowman_Fire.webp,2,6,Snow,WinterClothing,Penguins,SunRising,Snowman,Fire,2026-07-27T13:43:29.893Z
6a0c80f3259081104ca0cfd8,6,S_WC_Pe_SR_Sa_WF,Snow_WinterClothing_Penguins_SunRising_Sandcastle_Fire.webp,2,2,Snow,WinterClothing,Penguins,SunRising,Sandcastle,Fire,2026-07-27T13:43:58.429Z
6a0c80f3259081104ca0cfd8,7,S_WC_Ca_SR_Sa_NF,Snow_WinterClothing_Camels_SunRising_Sandcastle_NoFire.webp,1,1,Snow,WinterClothing,Camels,SunRising,Sandcastle,NoFire,2026-07-27T13:44:18.310Z
6a0c80f3259081104ca0cfd8,8,NS_WC_Pe_SM_Sn_WF,NoSnow_WinterClothing_Penguins_SunMid_Snowman_Fire.webp,7,1,NoSnow,WinterClothing,Penguins,SunMid,Snowman,Fire,2026-07-27T13:44:28.382Z
6a0c80f3259081104ca0cfd8,9,S_SC_Ca_SR_Sa_NF,Snow_SummerClothing_Camels_SunRising_Sandcastle_NoFire.webp,1,1,Snow,SummerClothing,Camels,SunRising,Sandcastle,NoFire,2026-07-27T13:44:40.023Z
6a0c80f3259081104ca0cfd8,10,S_WC_Ca_SR_Sn_WF,Snow_WinterClothing_Camels_SunRising_Snowman_Fire.webp,2,1,Snow,WinterClothing,Camels,SunRising,Snowman,Fire,2026-07-27T13:45:09.960Z
6a0c80f3259081104ca0cfd8,11,NS_WC_Ca_SM_Sn_WF,NoSnow_WinterClothing_Camels_SunMid_Snowman_Fire.webp,7,1,NoSnow,WinterClothing,Camels,SunMid,Snowman,Fire,2026-07-27T13:45:24.480Z
6a0c80f3259081104ca0cfd8,12,S_WC_Ca_SM_Sn_WF,Snow_WinterClothing_Camels_SunMid_Snowman_Fire.webp,3,3,Snow,WinterClothing,Camels,SunMid,Snowman,Fire,2026-07-27T13:46:21.850Z
6a0c80f3259081104ca0cfd8,13,NS_SC_Pe_SR_Sn_WF,NoSnow_SummerClothing_Penguins_SunRising_Snowman_Fire.webp,5,3,NoSnow,SummerClothing,Penguins,SunRising,Snowman,Fire,2026-07-27T13:46:49.131Z
6a0c80f3259081104ca0cfd8,14,S_SC_Pe_SM_Sa_NF,Snow_SummerClothing_Penguins_SunMid_Sandcastle_NoFire.webp,2,1,Snow,SummerClothing,Penguins,SunMid,Sandcastle,NoFire,2026-07-27T13:47:09.555Z
6a0c80f3259081104ca0cfd8,15,NS_SC_Ca_SM_Sa_NF,NoSnow_SummerClothing_Camels_SunMid_Sandcastle_NoFire.webp,7,7,NoSnow,SummerClothing,Camels,SunMid,Sandcastle,NoFire,2026-07-27T13:47:30.964Z
6a0c80f3259081104ca0cfd8,16,NS_WC_Pe_SR_Sn_WF,NoSnow_WinterClothing_Penguins_SunRising_Snowman_Fire.webp,5,4,NoSnow,WinterClothing,Penguins,SunRising,Snowman,Fire,2026-07-27T13:48:18.045Z
6a0c80f3259081104ca0cfd8,17,S_SC_Ca_SM_Sa_NF,Snow_SummerClothing_Camels_SunMid_Sandcastle_NoFire.webp,1,1,Snow,SummerClothing,Camels,SunMid,Sandcastle,NoFire,2026-07-27T13:48:45.086Z
6a0c80f3259081104ca0cfd8,18,NS_WC_Ca_SR_Sa_NF,NoSnow_WinterClothing_Camels_SunRising_Sandcastle_NoFire.webp,5,5,NoSnow,WinterClothing,Camels,SunRising,Sandcastle,NoFire,2026-07-27T13:49:05.855Z
6a0c80f3259081104ca0cfd8,19,S_WC_Ca_SM_Sn_NF,Snow_WinterClothing_Camels_SunMid_Snowman_NoFire.webp,3,5,Snow,WinterClothing,Camels,SunMid,Snowman,NoFire,2026-07-27T13:49:33.520Z
6a0c80f3259081104ca0cfd8,20,S_SC_Pe_SM_Sn_WF,Snow_SummerClothing_Penguins_SunMid_Snowman_Fire.webp,1,7,Snow,SummerClothing,Penguins,SunMid,Snowman,Fire,2026-07-27T13:49:56.248Z
6a0c80f3259081104ca0cfd8,21,S_SC_Pe_SR_Sa_NF,Snow_SummerClothing_Penguins_SunRising_Sandcastle_NoFire.webp,2,3,Snow,SummerClothing,Penguins,SunRising,Sandcastle,NoFire,2026-07-27T13:50:15.865Z
6a0c80f3259081104ca0cfd8,22,S_SC_Pe_SR_Sa_WF,Snow_SummerClothing_Penguins_SunRising_Sandcastle_Fire.webp,2,3,Snow,SummerClothing,Penguins,SunRising,Sandcastle,Fire,2026-07-27T13:50:30.321Z
6a0c80f3259081104ca0cfd8,23,NS_WC_Ca_SR_Sn_NF,NoSnow_WinterClothing_Camels_SunRising_Snowman_NoFire.webp,6,4,NoSnow,WinterClothing,Camels,SunRising,Snowman,NoFire,2026-07-27T13:50:50.714Z
6a0c80f3259081104ca0cfd8,24,NS_SC_Pe_SR_Sa_WF,NoSnow_SummerClothing_Penguins_SunRising_Sandcastle_Fire.webp,5,6,NoSnow,SummerClothing,Penguins,SunRising,Sandcastle,Fire,2026-07-27T13:51:06.450Z
6a0c80f3259081104ca0cfd8,25,S_SC_Ca_SR_Sn_WF,Snow_SummerClothing_Camels_SunRising_Snowman_Fire.webp,1,2,Snow,SummerClothing,Camels,SunRising,Snowman,Fire,2026-07-27T13:51:18.891Z
6a0c80f3259081104ca0cfd8,26,NS_WC_Pe_SR_Sn_NF,NoSnow_WinterClothing_Penguins_SunRising_Snowman_NoFire.webp,4,5,NoSnow,WinterClothing,Penguins,SunRising,Snowman,NoFire,2026-07-27T13:51:40.523Z
6a0c80f3259081104ca0cfd8,27,NS_WC_Ca_SR_Sn_WF,NoSnow_WinterClothing_Camels_SunRising_Snowman_Fire.webp,7,1,NoSnow,WinterClothing,Camels,SunRising,Snowman,Fire,2026-07-27T13:51:55.228Z
6a0c80f3259081104ca0cfd8,28,S_WC_Ca_SR_Sa_WF,Snow_WinterClothing_Camels_SunRising_Sandcastle_Fire.webp,1,2,Snow,WinterClothing,Camels,SunRising,Sandcastle,Fire,2026-07-27T13:52:08.148Z
6a0c80f3259081104ca0cfd8,29,NS_SC_Pe_SM_Sa_WF,NoSnow_SummerClothing_Penguins_SunMid_Sandcastle_Fire.webp,7,6,NoSnow,SummerClothing,Penguins,SunMid,Sandcastle,Fire,2026-07-27T13:52:19.093Z
6a0c80f3259081104ca0cfd8,30,NS_SC_Ca_SR_Sn_NF,NoSnow_SummerClothing_Camels_SunRising_Snowman_NoFire.webp,4,5,NoSnow,SummerClothing,Camels,SunRising,Snowman,NoFire,2026-07-27T13:52:31.061Z
6a0c80f3259081104ca0cfd8,31,NS_SC_Pe_SM_Sa_NF,NoSnow_SummerClothing_Penguins_SunMid_Sandcastle_NoFire.webp,7,6,NoSnow,SummerClothing,Penguins,SunMid,Sandcastle,NoFire,2026-07-27T13:52:54.429Z
6a0c80f3259081104ca0cfd8,32,NS_WC_Pe_SR_Sa_NF,NoSnow_WinterClothing_Penguins_SunRising_Sandcastle_NoFire.webp,3,5,NoSnow,WinterClothing,Penguins,SunRising,Sandcastle,NoFire,2026-07-27T13:53:05.998Z
6a0c80f3259081104ca0cfd8,33,NS_SC_Ca_SR_Sa_WF,NoSnow_SummerClothing_Camels_SunRising_Sandcastle_Fire.webp,6,4,NoSnow,SummerClothing,Camels,SunRising,Sandcastle,Fire,2026-07-27T13:53:18.950Z
6a0c80f3259081104ca0cfd8,34,NS_WC_Ca_SM_Sa_NF,NoSnow_WinterClothing_Camels_SunMid_Sandcastle_NoFire.webp,5,6,NoSnow,WinterClothing,Camels,SunMid,Sandcastle,NoFire,2026-07-27T13:54:05.448Z
6a0c80f3259081104ca0cfd8,35,NS_WC_Ca_SM_Sa_WF,NoSnow_WinterClothing_Camels_SunMid_Sandcastle_Fire.webp,7,1,NoSnow,WinterClothing,Camels,SunMid,Sandcastle,Fire,2026-07-27T13:54:26.736Z
6a0c80f3259081104ca0cfd8,36,NS_WC_Pe_SM_Sa_NF,NoSnow_WinterClothing_Penguins_SunMid_Sandcastle_NoFire.webp,3,4,NoSnow,WinterClothing,Penguins,SunMid,Sandcastle,NoFire,2026-07-27T13:54:37.609Z
6a0c80f3259081104ca0cfd8,37,S_WC_Ca_SR_Sn_NF,Snow_WinterClothing_Camels_SunRising_Snowman_NoFire.webp,1,5,Snow,WinterClothing,Camels,SunRising,Snowman,NoFire,2026-07-27T13:54:51.241Z
6a0c80f3259081104ca0cfd8,38,S_WC_Pe_SR_Sn_NF,Snow_WinterClothing_Penguins_SunRising_Snowman_NoFire.webp,2,7,Snow,WinterClothing,Penguins,SunRising,Snowman,NoFire,2026-07-27T13:55:00.009Z
6a0c80f3259081104ca0cfd8,39,S_WC_Pe_SM_Sa_WF,Snow_WinterClothing_Penguins_SunMid_Sandcastle_Fire.webp,3,5,Snow,WinterClothing,Penguins,SunMid,Sandcastle,Fire,2026-07-27T13:55:17.698Z
6a0c80f3259081104ca0cfd8,40,S_SC_Pe_SR_Sn_NF,Snow_SummerClothing_Penguins_SunRising_Snowman_NoFire.webp,3,6,Snow,SummerClothing,Penguins,SunRising,Snowman,NoFire,2026-07-27T13:55:41.611Z
6a0c80f3259081104ca0cfd8,41,NS_SC_Ca_SR_Sn_WF,NoSnow_SummerClothing_Camels_SunRising_Snowman_Fire.webp,6,6,NoSnow,SummerClothing,Camels,SunRising,Snowman,Fire,2026-07-27T13:55:54.267Z
6a0c80f3259081104ca0cfd8,42,S_SC_Ca_SM_Sn_WF,Snow_SummerClothing_Camels_SunMid_Snowman_Fire.webp,3,5,Snow,SummerClothing,Camels,SunMid,Snowman,Fire,2026-07-27T13:56:09.563Z
6a0c80f3259081104ca0cfd8,43,NS_WC_Ca_SR_Sa_WF,NoSnow_WinterClothing_Camels_SunRising_Sandcastle_Fire.webp,6,5,NoSnow,WinterClothing,Camels,SunRising,Sandcastle,Fire,2026-07-27T13:56:27.476Z
6a0c80f3259081104ca0cfd8,44,S_WC_Ca_SM_Sa_WF,Snow_WinterClothing_Camels_SunMid_Sandcastle_Fire.webp,3,5,Snow,WinterClothing,Camels,SunMid,Sandcastle,Fire,2026-07-27T13:56:39.337Z
6a0c80f3259081104ca0cfd8,45,S_SC_Ca_SM_Sa_WF,Snow_SummerClothing_Camels_SunMid_Sandcastle_Fire.webp,3,5,Snow,SummerClothing,Camels,SunMid,Sandcastle,Fire,2026-07-27T13:56:48.776Z
6a0c80f3259081104ca0cfd8,46,NS_SC_Pe_SM_Sn_NF,NoSnow_SummerClothing_Penguins_SunMid_Snowman_NoFire.webp,5,6,NoSnow,SummerClothing,Penguins,SunMid,Snowman,NoFire,2026-07-27T13:57:03.540Z
6a0c80f3259081104ca0cfd8,47,NS_SC_Ca_SM_Sn_WF,NoSnow_SummerClothing_Camels_SunMid_Snowman_Fire.webp,7,6,NoSnow,SummerClothing,Camels,SunMid,Snowman,Fire,2026-07-27T13:57:10.262Z
6a0c80f3259081104ca0cfd8,48,S_WC_Pe_SR_Sa_NF,Snow_WinterClothing_Penguins_SunRising_Sandcastle_NoFire.webp,2,6,Snow,WinterClothing,Penguins,SunRising,Sandcastle,NoFire,2026-07-27T13:57:20.319Z
6a0c80f3259081104ca0cfd8,49,NS_WC_Pe_SR_Sa_WF,NoSnow_WinterClothing_Penguins_SunRising_Sandcastle_Fire.webp,6,6,NoSnow,WinterClothing,Penguins,SunRising,Sandcastle,Fire,2026-07-27T13:57:32.960Z
6a0c80f3259081104ca0cfd8,50,NS_SC_Pe_SR_Sa_NF,NoSnow_SummerClothing_Penguins_SunRising_Sandcastle_NoFire.webp,4,7,NoSnow,SummerClothing,Penguins,SunRising,Sandcastle,NoFire,2026-07-27T13:57:41.448Z
6a0c80f3259081104ca0cfd8,51,NS_WC_Pe_SM_Sn_NF,NoSnow_WinterClothing_Penguins_SunMid_Snowman_NoFire.webp,6,5,NoSnow,WinterClothing,Penguins,SunMid,Snowman,NoFire,2026-07-27T13:57:57.457Z
6a0c80f3259081104ca0cfd8,52,S_WC_Pe_SM_Sa_NF,Snow_WinterClothing_Penguins_SunMid_Sandcastle_NoFire.webp,3,5,Snow,WinterClothing,Penguins,SunMid,Sandcastle,NoFire,2026-07-27T13:58:08.129Z
6a0c80f3259081104ca0cfd8,53,S_SC_Ca_SR_Sn_NF,Snow_SummerClothing_Camels_SunRising_Snowman_NoFire.webp,3,5,Snow,SummerClothing,Camels,SunRising,Snowman,NoFire,2026-07-27T13:58:29.370Z
6a0c80f3259081104ca0cfd8,54,NS_SC_Ca_SM_Sn_NF,NoSnow_SummerClothing_Camels_SunMid_Snowman_NoFire.webp,5,6,NoSnow,SummerClothing,Camels,SunMid,Snowman,NoFire,2026-07-27T13:58:37.274Z
6a0c80f3259081104ca0cfd8,55,S_SC_Ca_SR_Sa_WF,Snow_SummerClothing_Camels_SunRising_Sandcastle_Fire.webp,3,3,Snow,SummerClothing,Camels,SunRising,Sandcastle,Fire,2026-07-27T13:58:53.730Z
6a0c80f3259081104ca0cfd8,56,NS_SC_Ca_SM_Sa_WF,NoSnow_SummerClothing_Camels_SunMid_Sandcastle_Fire.webp,7,6,NoSnow,SummerClothing,Camels,SunMid,Sandcastle,Fire,2026-07-27T13:59:03.428Z
6a0c80f3259081104ca0cfd8,57,S_SC_Pe_SM_Sn_NF,Snow_SummerClothing_Penguins_SunMid_Snowman_NoFire.webp,1,7,Snow,SummerClothing,Penguins,SunMid,Snowman,NoFire,2026-07-27T13:59:15.363Z
6a0c80f3259081104ca0cfd8,58,S_SC_Pe_SM_Sa_WF,Snow_SummerClothing_Penguins_SunMid_Sandcastle_Fire.webp,2,6,Snow,SummerClothing,Penguins,SunMid,Sandcastle,Fire,2026-07-27T13:59:22.755Z
6a0c80f3259081104ca0cfd8,59,S_SC_Ca_SM_Sn_NF,Snow_SummerClothing_Camels_SunMid_Snowman_NoFire.webp,2,6,Snow,SummerClothing,Camels,SunMid,Snowman,NoFire,2026-07-27T13:59:31.291Z
6a0c80f3259081104ca0cfd8,60,S_WC_Ca_SM_Sa_NF,Snow_WinterClothing_Camels_SunMid_Sandcastle_NoFire.webp,3,6,Snow,WinterClothing,Camels,SunMid,Sandcastle,NoFire,2026-07-27T13:59:40.660Z
6a0c80f3259081104ca0cfd8,61,NS_SC_Ca_SR_Sa_NF,NoSnow_SummerClothing_Camels_SunRising_Sandcastle_NoFire.webp,5,7,NoSnow,SummerClothing,Camels,SunRising,Sandcastle,NoFire,2026-07-27T13:59:49.076Z
6a0c80f3259081104ca0cfd8,62,NS_SC_Pe_SR_Sn_NF,NoSnow_SummerClothing_Penguins_SunRising_Snowman_NoFire.webp,5,6,NoSnow,SummerClothing,Penguins,SunRising,Snowman,NoFire,2026-07-27T13:59:57.100Z
6a0c80f3259081104ca0cfd8,63,S_WC_Pe_SM_Sn_WF,Snow_WinterClothing_Penguins_SunMid_Snowman_Fire.webp,3,5,Snow,WinterClothing,Penguins,SunMid,Snowman,Fire,2026-07-27T14:00:07.317Z
69ff644a20a296f2eb3cb8a8,0,NS_WC_Ca_SM_Sa_WF,NoSnow_WinterClothing_Camels_SunMid_Sandcastle_Fire.webp,6,2,NoSnow,WinterClothing,Camels,SunMid,Sandcastle,Fire,2026-07-27T13:41:44.391Z
69ff644a20a296f2eb3cb8a8,1,S_WC_Ca_SM_Sn_NF,Snow_WinterClothing_Camels_SunMid_Snowman_NoFire.webp,6,2,Snow,WinterClothing,Camels,SunMid,Snowman,NoFire,2026-07-27T13:41:56.120Z
69ff644a20a296f2eb3cb8a8,2,NS_SC_Pe_SM_Sn_WF,NoSnow_SummerClothing_Penguins_SunMid_Snowman_Fire.webp,5,2,NoSnow,SummerClothing,Penguins,SunMid,Snowman,Fire,2026-07-27T13:42:04.262Z
69ff644a20a296f2eb3cb8a8,3,NS_WC_Pe_SM_Sn_WF,NoSnow_WinterClothing_Penguins_SunMid_Snowman_Fire.webp,6,2,NoSnow,WinterClothing,Penguins,SunMid,Snowman,Fire,2026-07-27T13:42:12.751Z
69ff644a20a296f2eb3cb8a8,4,S_WC_Ca_SR_Sn_WF,Snow_WinterClothing_Camels_SunRising_Snowman_Fire.webp,6,1,Snow,WinterClothing,Camels,SunRising,Snowman,Fire,2026-07-27T13:42:22.182Z
69ff644a20a296f2eb3cb8a8,5,NS_WC_Pe_SM_Sa_NF,NoSnow_WinterClothing_Penguins_SunMid_Sandcastle_NoFire.webp,6,3,NoSnow,WinterClothing,Penguins,SunMid,Sandcastle,NoFire,2026-07-27T13:42:28.671Z
69ff644a20a296f2eb3cb8a8,6,S_WC_Pe_SM_Sa_NF,Snow_WinterClothing_Penguins_SunMid_Sandcastle_NoFire.webp,5,3,Snow,WinterClothing,Penguins,SunMid,Sandcastle,NoFire,2026-07-27T13:42:38.415Z
69ff644a20a296f2eb3cb8a8,7,S_WC_Pe_SM_Sa_WF,Snow_WinterClothing_Penguins_SunMid_Sandcastle_Fire.webp,5,3,Snow,WinterClothing,Penguins,SunMid,Sandcastle,Fire,2026-07-27T13:42:44.254Z
69ff644a20a296f2eb3cb8a8,8,NS_SC_Pe_SM_Sa_NF,NoSnow_SummerClothing_Penguins_SunMid_Sandcastle_NoFire.webp,5,3,NoSnow,SummerClothing,Penguins,SunMid,Sandcastle,NoFire,2026-07-27T13:42:51.246Z
69ff644a20a296f2eb3cb8a8,9,NS_WC_Pe_SR_Sn_WF,NoSnow_WinterClothing_Penguins_SunRising_Snowman_Fire.webp,5,3,NoSnow,WinterClothing,Penguins,SunRising,Snowman,Fire,2026-07-27T13:42:58.982Z
69ff644a20a296f2eb3cb8a8,10,NS_WC_Ca_SM_Sa_NF,NoSnow_WinterClothing_Camels_SunMid_Sandcastle_NoFire.webp,6,4,NoSnow,WinterClothing,Camels,SunMid,Sandcastle,NoFire,2026-07-27T13:43:06.479Z
69ff644a20a296f2eb3cb8a8,11,NS_SC_Pe_SM_Sa_WF,NoSnow_SummerClothing_Penguins_SunMid_Sandcastle_Fire.webp,5,3,NoSnow,SummerClothing,Penguins,SunMid,Sandcastle,Fire,2026-07-27T13:43:12.718Z
69ff644a20a296f2eb3cb8a8,12,NS_WC_Pe_SM_Sn_NF,NoSnow_WinterClothing_Penguins_SunMid_Snowman_NoFire.webp,5,4,NoSnow,WinterClothing,Penguins,SunMid,Snowman,NoFire,2026-07-27T13:44:41.989Z
69ff644a20a296f2eb3cb8a8,13,S_SC_Ca_SM_Sa_NF,Snow_SummerClothing_Camels_SunMid_Sandcastle_NoFire.webp,6,5,Snow,SummerClothing,Camels,SunMid,Sandcastle,NoFire,2026-07-27T13:44:48.382Z
69ff644a20a296f2eb3cb8a8,14,S_WC_Pe_SR_Sn_NF,Snow_WinterClothing_Penguins_SunRising_Snowman_NoFire.webp,3,5,Snow,WinterClothing,Penguins,SunRising,Snowman,NoFire,2026-07-27T13:44:56.397Z
69ff644a20a296f2eb3cb8a8,15,S_SC_Ca_SR_Sa_NF,Snow_SummerClothing_Camels_SunRising_Sandcastle_NoFire.webp,5,6,Snow,SummerClothing,Camels,SunRising,Sandcastle,NoFire,2026-07-27T13:45:01.781Z
69ff644a20a296f2eb3cb8a8,16,S_SC_Ca_SR_Sa_WF,Snow_SummerClothing_Camels_SunRising_Sandcastle_Fire.webp,5,6,Snow,SummerClothing,Camels,SunRising,Sandcastle,Fire,2026-07-27T13:45:07.637Z
69ff644a20a296f2eb3cb8a8,17,NS_SC_Pe_SR_Sn_WF,NoSnow_SummerClothing_Penguins_SunRising_Snowman_Fire.webp,2,5,NoSnow,SummerClothing,Penguins,SunRising,Snowman,Fire,2026-07-27T13:45:16.805Z
69ff644a20a296f2eb3cb8a8,18,S_SC_Pe_SM_Sn_WF,Snow_SummerClothing_Penguins_SunMid_Snowman_Fire.webp,2,5,Snow,SummerClothing,Penguins,SunMid,Snowman,Fire,2026-07-27T13:45:24.156Z
69ff644a20a296f2eb3cb8a8,19,NS_SC_Ca_SM_Sa_NF,NoSnow_SummerClothing_Camels_SunMid_Sandcastle_NoFire.webp,6,6,NoSnow,SummerClothing,Camels,SunMid,Sandcastle,NoFire,2026-07-27T13:45:30.693Z
69ff644a20a296f2eb3cb8a8,20,NS_SC_Ca_SR_Sn_WF,NoSnow_SummerClothing_Camels_SunRising_Snowman_Fire.webp,4,2,NoSnow,SummerClothing,Camels,SunRising,Snowman,Fire,2026-07-27T13:45:38.253Z
69ff644a20a296f2eb3cb8a8,21,S_SC_Pe_SR_Sa_NF,Snow_SummerClothing_Penguins_SunRising_Sandcastle_NoFire.webp,2,5,Snow,SummerClothing,Penguins,SunRising,Sandcastle,NoFire,2026-07-27T13:45:49.332Z
69ff644a20a296f2eb3cb8a8,22,NS_WC_Ca_SR_Sa_NF,NoSnow_WinterClothing_Camels_SunRising_Sandcastle_NoFire.webp,5,6,NoSnow,WinterClothing,Camels,SunRising,Sandcastle,NoFire,2026-07-27T13:45:58.533Z
69ff644a20a296f2eb3cb8a8,23,S_WC_Pe_SR_Sa_NF,Snow_WinterClothing_Penguins_SunRising_Sandcastle_NoFire.webp,4,6,Snow,WinterClothing,Penguins,SunRising,Sandcastle,NoFire,2026-07-27T13:46:04.036Z
69ff644a20a296f2eb3cb8a8,24,NS_SC_Ca_SR_Sn_NF,NoSnow_SummerClothing_Camels_SunRising_Snowman_NoFire.webp,4,2,NoSnow,SummerClothing,Camels,SunRising,Snowman,NoFire,2026-07-27T13:46:10.508Z
69ff644a20a296f2eb3cb8a8,25,NS_WC_Ca_SR_Sa_WF,NoSnow_WinterClothing_Camels_SunRising_Sandcastle_Fire.webp,6,5,NoSnow,WinterClothing,Camels,SunRising,Sandcastle,Fire,2026-07-27T13:46:18.348Z
69ff644a20a296f2eb3cb8a8,26,S_SC_Pe_SM_Sn_NF,Snow_SummerClothing_Penguins_SunMid_Snowman_NoFire.webp,2,5,Snow,SummerClothing,Penguins,SunMid,Snowman,NoFire,2026-07-27T13:46:26.971Z
69ff644a20a296f2eb3cb8a8,27,S_SC_Pe_SM_Sa_NF,Snow_SummerClothing_Penguins_SunMid_Sandcastle_NoFire.webp,2,4,Snow,SummerClothing,Penguins,SunMid,Sandcastle,NoFire,2026-07-27T13:46:35.412Z
69ff644a20a296f2eb3cb8a8,28,S_WC_Ca_SM_Sa_NF,Snow_WinterClothing_Camels_SunMid_Sandcastle_NoFire.webp,6,5,Snow,WinterClothing,Camels,SunMid,Sandcastle,NoFire,2026-07-27T13:46:41.589Z
69ff644a20a296f2eb3cb8a8,29,S_WC_Ca_SM_Sa_WF,Snow_WinterClothing_Camels_SunMid_Sandcastle_Fire.webp,6,5,Snow,WinterClothing,Camels,SunMid,Sandcastle,Fire,2026-07-27T13:46:47.276Z
69ff644a20a296f2eb3cb8a8,30,NS_WC_Pe_SR_Sn_NF,NoSnow_WinterClothing_Penguins_SunRising_Snowman_NoFire.webp,2,5,NoSnow,WinterClothing,Penguins,SunRising,Snowman,NoFire,2026-07-27T13:46:56.283Z
69ff644a20a296f2eb3cb8a8,31,NS_SC_Ca_SR_Sa_NF,NoSnow_SummerClothing_Camels_SunRising_Sandcastle_NoFire.webp,4,7,NoSnow,SummerClothing,Camels,SunRising,Sandcastle,NoFire,2026-07-27T13:47:04.147Z
69ff644a20a296f2eb3cb8a8,32,NS_SC_Pe_SR_Sa_WF,NoSnow_SummerClothing_Penguins_SunRising_Sandcastle_Fire.webp,2,5,NoSnow,SummerClothing,Penguins,SunRising,Sandcastle,Fire,2026-07-27T13:47:12.429Z
69ff644a20a296f2eb3cb8a8,33,NS_SC_Ca_SM_Sa_WF,NoSnow_SummerClothing_Camels_SunMid_Sandcastle_Fire.webp,6,5,NoSnow,SummerClothing,Camels,SunMid,Sandcastle,Fire,2026-07-27T13:47:25.884Z
69ff644a20a296f2eb3cb8a8,34,S_SC_Ca_SR_Sn_NF,Snow_SummerClothing_Camels_SunRising_Snowman_NoFire.webp,4,2,Snow,SummerClothing,Camels,SunRising,Snowman,NoFire,2026-07-27T13:47:33.524Z
69ff644a20a296f2eb3cb8a8,35,S_WC_Ca_SR_Sn_NF,Snow_WinterClothing_Camels_SunRising_Snowman_NoFire.webp,5,3,Snow,WinterClothing,Camels,SunRising,Snowman,NoFire,2026-07-27T13:47:38.995Z
69ff644a20a296f2eb3cb8a8,36,NS_WC_Ca_SR_Sn_NF,NoSnow_WinterClothing_Camels_SunRising_Snowman_NoFire.webp,4,3,NoSnow,WinterClothing,Camels,SunRising,Snowman,NoFire,2026-07-27T13:47:45.019Z
69ff644a20a296f2eb3cb8a8,37,S_WC_Ca_SR_Sa_NF,Snow_WinterClothing_Camels_SunRising_Sandcastle_NoFire.webp,4,5,Snow,WinterClothing,Camels,SunRising,Sandcastle,NoFire,2026-07-27T13:47:51.251Z
69ff644a20a296f2eb3cb8a8,38,NS_SC_Ca_SM_Sn_WF,NoSnow_SummerClothing_Camels_SunMid_Snowman_Fire.webp,5,4,NoSnow,SummerClothing,Camels,SunMid,Snowman,Fire,2026-07-27T13:47:57.299Z
69ff644a20a296f2eb3cb8a8,39,S_WC_Pe_SR_Sa_WF,Snow_WinterClothing_Penguins_SunRising_Sandcastle_Fire.webp,3,4,Snow,WinterClothing,Penguins,SunRising,Sandcastle,Fire,2026-07-27T13:48:06.403Z
69ff644a20a296f2eb3cb8a8,40,NS_SC_Pe_SR_Sa_NF,NoSnow_SummerClothing_Penguins_SunRising_Sandcastle_NoFire.webp,2,5,NoSnow,SummerClothing,Penguins,SunRising,Sandcastle,NoFire,2026-07-27T13:48:14.227Z
69ff644a20a296f2eb3cb8a8,41,S_WC_Pe_SM_Sn_WF,Snow_WinterClothing_Penguins_SunMid_Snowman_Fire.webp,4,5,Snow,WinterClothing,Penguins,SunMid,Snowman,Fire,2026-07-27T13:48:20.307Z
69ff644a20a296f2eb3cb8a8,42,S_SC_Pe_SR_Sn_WF,Snow_SummerClothing_Penguins_SunRising_Snowman_Fire.webp,2,5,Snow,SummerClothing,Penguins,SunRising,Snowman,Fire,2026-07-27T13:48:29.171Z
69ff644a20a296f2eb3cb8a8,43,S_WC_Pe_SM_Sn_NF,Snow_WinterClothing_Penguins_SunMid_Snowman_NoFire.webp,4,5,Snow,WinterClothing,Penguins,SunMid,Snowman,NoFire,2026-07-27T13:48:35.043Z
69ff644a20a296f2eb3cb8a8,44,S_WC_Ca_SR_Sa_WF,Snow_WinterClothing_Camels_SunRising_Sandcastle_Fire.webp,6,5,Snow,WinterClothing,Camels,SunRising,Sandcastle,Fire,2026-07-27T13:48:41.338Z
69ff644a20a296f2eb3cb8a8,45,NS_WC_Pe_SR_Sa_WF,NoSnow_WinterClothing_Penguins_SunRising_Sandcastle_Fire.webp,4,4,NoSnow,WinterClothing,Penguins,SunRising,Sandcastle,Fire,2026-07-27T13:48:46.787Z
69ff644a20a296f2eb3cb8a8,46,NS_WC_Ca_SM_Sn_NF,NoSnow_WinterClothing_Camels_SunMid_Snowman_NoFire.webp,5,3,NoSnow,WinterClothing,Camels,SunMid,Snowman,NoFire,2026-07-27T13:48:52.507Z
69ff644a20a296f2eb3cb8a8,47,NS_SC_Pe_SM_Sn_NF,NoSnow_SummerClothing_Penguins_SunMid_Snowman_NoFire.webp,2,5,NoSnow,SummerClothing,Penguins,SunMid,Snowman,NoFire,2026-07-27T13:48:58.074Z
69ff644a20a296f2eb3cb8a8,48,S_SC_Pe_SR_Sa_WF,Snow_SummerClothing_Penguins_SunRising_Sandcastle_Fire.webp,2,4,Snow,SummerClothing,Penguins,SunRising,Sandcastle,Fire,2026-07-27T13:49:06.290Z
69ff644a20a296f2eb3cb8a8,49,NS_WC_Ca_SM_Sn_WF,NoSnow_WinterClothing_Camels_SunMid_Snowman_Fire.webp,4,4,NoSnow,WinterClothing,Camels,SunMid,Snowman,Fire,2026-07-27T13:49:18.170Z
69ff644a20a296f2eb3cb8a8,50,NS_SC_Ca_SR_Sa_WF,NoSnow_SummerClothing_Camels_SunRising_Sandcastle_Fire.webp,5,5,NoSnow,SummerClothing,Camels,SunRising,Sandcastle,Fire,2026-07-27T13:49:24.074Z
69ff644a20a296f2eb3cb8a8,51,S_SC_Ca_SM_Sa_WF,Snow_SummerClothing_Camels_SunMid_Sandcastle_Fire.webp,6,6,Snow,SummerClothing,Camels,SunMid,Sandcastle,Fire,2026-07-27T13:49:29.290Z
69ff644a20a296f2eb3cb8a8,52,NS_WC_Pe_SR_Sa_NF,NoSnow_WinterClothing_Penguins_SunRising_Sandcastle_NoFire.webp,4,5,NoSnow,WinterClothing,Penguins,SunRising,Sandcastle,NoFire,2026-07-27T13:49:34.626Z
69ff644a20a296f2eb3cb8a8,53,S_WC_Pe_SR_Sn_WF,Snow_WinterClothing_Penguins_SunRising_Snowman_Fire.webp,4,6,Snow,WinterClothing,Penguins,SunRising,Snowman,Fire,2026-07-27T13:49:41.074Z
69ff644a20a296f2eb3cb8a8,54,NS_WC_Pe_SM_Sa_WF,NoSnow_WinterClothing_Penguins_SunMid_Sandcastle_Fire.webp,4,6,NoSnow,WinterClothing,Penguins,SunMid,Sandcastle,Fire,2026-07-27T13:49:45.907Z
69ff644a20a296f2eb3cb8a8,55,S_SC_Pe_SR_Sn_NF,Snow_SummerClothing_Penguins_SunRising_Snowman_NoFire.webp,2,5,Snow,SummerClothing,Penguins,SunRising,Snowman,NoFire,2026-07-27T13:49:51.210Z
69ff644a20a296f2eb3cb8a8,56,NS_WC_Ca_SR_Sn_WF,NoSnow_WinterClothing_Camels_SunRising_Snowman_Fire.webp,6,6,NoSnow,WinterClothing,Camels,SunRising,Snowman,Fire,2026-07-27T13:49:56.025Z
69ff644a20a296f2eb3cb8a8,57,NS_SC_Pe_SR_Sn_NF,NoSnow_SummerClothing_Penguins_SunRising_Snowman_NoFire.webp,2,5,NoSnow,SummerClothing,Penguins,SunRising,Snowman,NoFire,2026-07-27T13:50:02.225Z
69ff644a20a296f2eb3cb8a8,58,S_SC_Pe_SM_Sa_WF,Snow_SummerClothing_Penguins_SunMid_Sandcastle_Fire.webp,5,5,Snow,SummerClothing,Penguins,SunMid,Sandcastle,Fire,2026-07-27T13:50:33.817Z
69ff644a20a296f2eb3cb8a8,59,S_SC_Ca_SM_Sn_NF,Snow_SummerClothing_Camels_SunMid_Snowman_NoFire.webp,4,4,Snow,SummerClothing,Camels,SunMid,Snowman,NoFire,2026-07-27T13:50:39.322Z
69ff644a20a296f2eb3cb8a8,60,S_WC_Ca_SM_Sn_WF,Snow_WinterClothing_Camels_SunMid_Snowman_Fire.webp,4,4,Snow,WinterClothing,Camels,SunMid,Snowman,Fire,2026-07-27T13:50:44.962Z
69ff644a20a296f2eb3cb8a8,61,S_SC_Ca_SM_Sn_WF,Snow_SummerClothing_Camels_SunMid_Snowman_Fire.webp,4,4,Snow,SummerClothing,Camels,SunMid,Snowman,Fire,2026-07-27T13:50:50.881Z
69ff644a20a296f2eb3cb8a8,62,S_SC_Ca_SR_Sn_WF,Snow_SummerClothing_Camels_SunRising_Snowman_Fire.webp,5,2,Snow,SummerClothing,Camels,SunRising,Snowman,Fire,2026-07-27T13:50:57.281Z
69ff644a20a296f2eb3cb8a8,63,NS_SC_Ca_SM_Sn_NF,NoSnow_SummerClothing_Camels_SunMid_Snowman_NoFire.webp,4,2,NoSnow,SummerClothing,Camels,SunMid,Snowman,NoFire,2026-07-27T13:51:02.522Z
59ae8d282a78fd00010b80e7,0,S_WC_Pe_SM_Sa_WF,Snow_WinterClothing_Penguins_SunMid_Sandcastle_Fire.webp,2,4,Snow,WinterClothing,Penguins,SunMid,Sandcastle,Fire,2026-07-27T13:41:13.519Z
59ae8d282a78fd00010b80e7,1,NS_WC_Pe_SM_Sa_NF,NoSnow_WinterClothing_Penguins_SunMid_Sandcastle_NoFire.webp,3,4,NoSnow,WinterClothing,Penguins,SunMid,Sandcastle,NoFire,2026-07-27T13:41:27.169Z
59ae8d282a78fd00010b80e7,2,NS_SC_Ca_SM_Sa_NF,NoSnow_SummerClothing_Camels_SunMid_Sandcastle_NoFire.webp,5,4,NoSnow,SummerClothing,Camels,SunMid,Sandcastle,NoFire,2026-07-27T13:41:41.785Z
59ae8d282a78fd00010b80e7,3,NS_SC_Ca_SM_Sn_NF,NoSnow_SummerClothing_Camels_SunMid_Snowman_NoFire.webp,4,4,NoSnow,SummerClothing,Camels,SunMid,Snowman,NoFire,2026-07-27T13:41:59.252Z
59ae8d282a78fd00010b80e7,4,S_WC_Pe_SM_Sa_NF,Snow_WinterClothing_Penguins_SunMid_Sandcastle_NoFire.webp,3,4,Snow,WinterClothing,Penguins,SunMid,Sandcastle,NoFire,2026-07-27T13:42:24.752Z
59ae8d282a78fd00010b80e7,5,NS_SC_Pe_SR_Sn_WF,NoSnow_SummerClothing_Penguins_SunRising_Snowman_Fire.webp,5,2,NoSnow,SummerClothing,Penguins,SunRising,Snowman,Fire,2026-07-27T13:42:51.869Z
59ae8d282a78fd00010b80e7,6,S_WC_Pe_SR_Sa_WF,Snow_WinterClothing_Penguins_SunRising_Sandcastle_Fire.webp,4,4,Snow,WinterClothing,Penguins,SunRising,Sandcastle,Fire,2026-07-27T13:42:59.435Z
59ae8d282a78fd00010b80e7,7,S_SC_Ca_SM_Sa_WF,Snow_SummerClothing_Camels_SunMid_Sandcastle_Fire.webp,6,5,Snow,SummerClothing,Camels,SunMid,Sandcastle,Fire,2026-07-27T13:43:24.552Z
59ae8d282a78fd00010b80e7,8,S_SC_Pe_SM_Sa_NF,Snow_SummerClothing_Penguins_SunMid_Sandcastle_NoFire.webp,5,4,Snow,SummerClothing,Penguins,SunMid,Sandcastle,NoFire,2026-07-27T13:43:35.252Z
59ae8d282a78fd00010b80e7,9,NS_SC_Pe_SM_Sa_NF,NoSnow_SummerClothing_Penguins_SunMid_Sandcastle_NoFire.webp,6,4,NoSnow,SummerClothing,Penguins,SunMid,Sandcastle,NoFire,2026-07-27T13:43:44.568Z
59ae8d282a78fd00010b80e7,10,S_WC_Pe_SM_Sn_WF,Snow_WinterClothing_Penguins_SunMid_Snowman_Fire.webp,4,4,Snow,WinterClothing,Penguins,SunMid,Snowman,Fire,2026-07-27T13:44:15.268Z
59ae8d282a78fd00010b80e7,11,NS_WC_Ca_SM_Sn_NF,NoSnow_WinterClothing_Camels_SunMid_Snowman_NoFire.webp,4,4,NoSnow,WinterClothing,Camels,SunMid,Snowman,NoFire,2026-07-27T13:44:35.552Z
59ae8d282a78fd00010b80e7,12,NS_SC_Pe_SR_Sa_NF,NoSnow_SummerClothing_Penguins_SunRising_Sandcastle_NoFire.webp,6,3,NoSnow,SummerClothing,Penguins,SunRising,Sandcastle,NoFire,2026-07-27T13:44:46.102Z
59ae8d282a78fd00010b80e7,13,S_SC_Ca_SR_Sa_WF,Snow_SummerClothing_Camels_SunRising_Sandcastle_Fire.webp,5,4,Snow,SummerClothing,Camels,SunRising,Sandcastle,Fire,2026-07-27T13:45:01.185Z
59ae8d282a78fd00010b80e7,14,NS_WC_Ca_SM_Sn_WF,NoSnow_WinterClothing_Camels_SunMid_Snowman_Fire.webp,3,4,NoSnow,WinterClothing,Camels,SunMid,Snowman,Fire,2026-07-27T13:45:09.235Z
59ae8d282a78fd00010b80e7,15,NS_SC_Ca_SR_Sn_WF,NoSnow_SummerClothing_Camels_SunRising_Snowman_Fire.webp,5,4,NoSnow,SummerClothing,Camels,SunRising,Snowman,Fire,2026-07-27T13:45:21.535Z
59ae8d282a78fd00010b80e7,16,NS_WC_Ca_SR_Sn_NF,NoSnow_WinterClothing_Camels_SunRising_Snowman_NoFire.webp,3,4,NoSnow,WinterClothing,Camels,SunRising,Snowman,NoFire,2026-07-27T13:45:31.070Z
59ae8d282a78fd00010b80e7,17,S_WC_Ca_SM_Sn_WF,Snow_WinterClothing_Camels_SunMid_Snowman_Fire.webp,3,4,Snow,WinterClothing,Camels,SunMid,Snowman,Fire,2026-07-27T13:45:43.602Z
59ae8d282a78fd00010b80e7,18,NS_WC_Pe_SM_Sn_NF,NoSnow_WinterClothing_Penguins_SunMid_Snowman_NoFire.webp,4,4,NoSnow,WinterClothing,Penguins,SunMid,Snowman,NoFire,2026-07-27T13:45:50.370Z
59ae8d282a78fd00010b80e7,19,S_SC_Ca_SM_Sn_NF,Snow_SummerClothing_Camels_SunMid_Snowman_NoFire.webp,5,4,Snow,SummerClothing,Camels,SunMid,Snowman,NoFire,2026-07-27T13:46:01.702Z
59ae8d282a78fd00010b80e7,20,NS_SC_Ca_SM_Sa_WF,NoSnow_SummerClothing_Camels_SunMid_Sandcastle_Fire.webp,5,4,NoSnow,SummerClothing,Camels,SunMid,Sandcastle,Fire,2026-07-27T13:46:26.020Z
59ae8d282a78fd00010b80e7,21,S_SC_Pe_SR_Sa_WF,Snow_SummerClothing_Penguins_SunRising_Sandcastle_Fire.webp,5,4,Snow,SummerClothing,Penguins,SunRising,Sandcastle,Fire,2026-07-27T13:46:37.236Z
59ae8d282a78fd00010b80e7,22,NS_WC_Ca_SR_Sa_NF,NoSnow_WinterClothing_Camels_SunRising_Sandcastle_NoFire.webp,3,4,NoSnow,WinterClothing,Camels,SunRising,Sandcastle,NoFire,2026-07-27T13:46:46.435Z
59ae8d282a78fd00010b80e7,23,S_SC_Pe_SM_Sa_WF,Snow_SummerClothing_Penguins_SunMid_Sandcastle_Fire.webp,5,4,Snow,SummerClothing,Penguins,SunMid,Sandcastle,Fire,2026-07-27T13:46:54.437Z
59ae8d282a78fd00010b80e7,24,S_WC_Pe_SR_Sa_NF,Snow_WinterClothing_Penguins_SunRising_Sandcastle_NoFire.webp,3,4,Snow,WinterClothing,Penguins,SunRising,Sandcastle,NoFire,2026-07-27T13:47:05.302Z
59ae8d282a78fd00010b80e7,25,NS_WC_Pe_SM_Sn_WF,NoSnow_WinterClothing_Penguins_SunMid_Snowman_Fire.webp,3,4,NoSnow,WinterClothing,Penguins,SunMid,Snowman,Fire,2026-07-27T13:47:12.636Z
59ae8d282a78fd00010b80e7,26,NS_WC_Ca_SR_Sn_WF,NoSnow_WinterClothing_Camels_SunRising_Snowman_Fire.webp,4,4,NoSnow,WinterClothing,Camels,SunRising,Snowman,Fire,2026-07-27T13:47:20.919Z
59ae8d282a78fd00010b80e7,27,S_WC_Pe_SR_Sn_WF,Snow_WinterClothing_Penguins_SunRising_Snowman_Fire.webp,3,4,Snow,WinterClothing,Penguins,SunRising,Snowman,Fire,2026-07-27T13:48:00.868Z
59ae8d282a78fd00010b80e7,28,S_SC_Pe_SR_Sn_WF,Snow_SummerClothing_Penguins_SunRising_Snowman_Fire.webp,5,4,Snow,SummerClothing,Penguins,SunRising,Snowman,Fire,2026-07-27T13:48:07.136Z
59ae8d282a78fd00010b80e7,29,NS_WC_Pe_SR_Sn_NF,NoSnow_WinterClothing_Penguins_SunRising_Snowman_NoFire.webp,3,4,NoSnow,WinterClothing,Penguins,SunRising,Snowman,NoFire,2026-07-27T13:48:14.136Z
59ae8d282a78fd00010b80e7,30,NS_SC_Ca_SM_Sn_WF,NoSnow_SummerClothing_Camels_SunMid_Snowman_Fire.webp,5,4,NoSnow,SummerClothing,Camels,SunMid,Snowman,Fire,2026-07-27T13:48:22.552Z
59ae8d282a78fd00010b80e7,31,NS_WC_Ca_SM_Sa_WF,NoSnow_WinterClothing_Camels_SunMid_Sandcastle_Fire.webp,3,4,NoSnow,WinterClothing,Camels,SunMid,Sandcastle,Fire,2026-07-27T13:48:29.852Z
59ae8d282a78fd00010b80e7,32,S_SC_Pe_SR_Sa_NF,Snow_SummerClothing_Penguins_SunRising_Sandcastle_NoFire.webp,5,4,Snow,SummerClothing,Penguins,SunRising,Sandcastle,NoFire,2026-07-27T13:48:37.252Z
59ae8d282a78fd00010b80e7,33,S_SC_Ca_SR_Sa_NF,Snow_SummerClothing_Camels_SunRising_Sandcastle_NoFire.webp,5,4,Snow,SummerClothing,Camels,SunRising,Sandcastle,NoFire,2026-07-27T13:48:44.070Z
59ae8d282a78fd00010b80e7,34,S_SC_Ca_SM_Sa_NF,Snow_SummerClothing_Camels_SunMid_Sandcastle_NoFire.webp,5,4,Snow,SummerClothing,Camels,SunMid,Sandcastle,NoFire,2026-07-27T13:48:52.285Z
59ae8d282a78fd00010b80e7,35,NS_SC_Pe_SR_Sa_WF,NoSnow_SummerClothing_Penguins_SunRising_Sandcastle_Fire.webp,5,4,NoSnow,SummerClothing,Penguins,SunRising,Sandcastle,Fire,2026-07-27T13:49:02.387Z
59ae8d282a78fd00010b80e7,36,S_SC_Ca_SR_Sn_NF,Snow_SummerClothing_Camels_SunRising_Snowman_NoFire.webp,5,4,Snow,SummerClothing,Camels,SunRising,Snowman,NoFire,2026-07-27T13:49:17.170Z
59ae8d282a78fd00010b80e7,37,S_WC_Pe_SR_Sn_NF,Snow_WinterClothing_Penguins_SunRising_Snowman_NoFire.webp,3,4,Snow,WinterClothing,Penguins,SunRising,Snowman,NoFire,2026-07-27T13:49:23.919Z
59ae8d282a78fd00010b80e7,38,NS_SC_Pe_SR_Sn_NF,NoSnow_SummerClothing_Penguins_SunRising_Snowman_NoFire.webp,5,4,NoSnow,SummerClothing,Penguins,SunRising,Snowman,NoFire,2026-07-27T13:49:41.485Z
59ae8d282a78fd00010b80e7,39,S_SC_Pe_SM_Sn_WF,Snow_SummerClothing_Penguins_SunMid_Snowman_Fire.webp,5,4,Snow,SummerClothing,Penguins,SunMid,Snowman,Fire,2026-07-27T13:50:02.821Z
59ae8d282a78fd00010b80e7,40,NS_SC_Pe_SM_Sn_WF,NoSnow_SummerClothing_Penguins_SunMid_Snowman_Fire.webp,5,4,NoSnow,SummerClothing,Penguins,SunMid,Snowman,Fire,2026-07-27T13:50:12.202Z
59ae8d282a78fd00010b80e7,41,S_WC_Ca_SR_Sn_NF,Snow_WinterClothing_Camels_SunRising_Snowman_NoFire.webp,3,4,Snow,WinterClothing,Camels,SunRising,Snowman,NoFire,2026-07-27T13:50:22.352Z
59ae8d282a78fd00010b80e7,42,NS_SC_Ca_SR_Sa_WF,NoSnow_SummerClothing_Camels_SunRising_Sandcastle_Fire.webp,5,4,NoSnow,SummerClothing,Camels,SunRising,Sandcastle,Fire,2026-07-27T13:50:31.568Z
59ae8d282a78fd00010b80e7,43,NS_WC_Pe_SR_Sa_WF,NoSnow_WinterClothing_Penguins_SunRising_Sandcastle_Fire.webp,3,4,NoSnow,WinterClothing,Penguins,SunRising,Sandcastle,Fire,2026-07-27T13:51:11.854Z
59ae8d282a78fd00010b80e7,44,S_WC_Ca_SR_Sn_WF,Snow_WinterClothing_Camels_SunRising_Snowman_Fire.webp,2,4,Snow,WinterClothing,Camels,SunRising,Snowman,Fire,2026-07-27T13:51:19.269Z
59ae8d282a78fd00010b80e7,45,NS_WC_Ca_SM_Sa_NF,NoSnow_WinterClothing_Camels_SunMid_Sandcastle_NoFire.webp,3,4,NoSnow,WinterClothing,Camels,SunMid,Sandcastle,NoFire,2026-07-27T13:51:26.752Z
59ae8d282a78fd00010b80e7,46,S_WC_Ca_SM_Sa_WF,Snow_WinterClothing_Camels_SunMid_Sandcastle_Fire.webp,3,4,Snow,WinterClothing,Camels,SunMid,Sandcastle,Fire,2026-07-27T13:51:52.969Z
59ae8d282a78fd00010b80e7,47,NS_WC_Pe_SR_Sn_WF,NoSnow_WinterClothing_Penguins_SunRising_Snowman_Fire.webp,3,4,NoSnow,WinterClothing,Penguins,SunRising,Snowman,Fire,2026-07-27T13:52:17.735Z
59ae8d282a78fd00010b80e7,48,S_WC_Pe_SM_Sn_NF,Snow_WinterClothing_Penguins_SunMid_Snowman_NoFire.webp,3,4,Snow,WinterClothing,Penguins,SunMid,Snowman,NoFire,2026-07-27T13:52:34.035Z
59ae8d282a78fd00010b80e7,49,S_SC_Pe_SR_Sn_NF,Snow_SummerClothing_Penguins_SunRising_Snowman_NoFire.webp,4,4,Snow,SummerClothing,Penguins,SunRising,Snowman,NoFire,2026-07-27T13:52:41.823Z
59ae8d282a78fd00010b80e7,50,S_WC_Ca_SR_Sa_WF,Snow_WinterClothing_Camels_SunRising_Sandcastle_Fire.webp,3,4,Snow,WinterClothing,Camels,SunRising,Sandcastle,Fire,2026-07-27T13:53:05.485Z
59ae8d282a78fd00010b80e7,51,NS_SC_Ca_SR_Sn_NF,NoSnow_SummerClothing_Camels_SunRising_Snowman_NoFire.webp,4,4,NoSnow,SummerClothing,Camels,SunRising,Snowman,NoFire,2026-07-27T13:53:12.370Z
59ae8d282a78fd00010b80e7,52,S_SC_Ca_SM_Sn_WF,Snow_SummerClothing_Camels_SunMid_Snowman_Fire.webp,4,4,Snow,SummerClothing,Camels,SunMid,Snowman,Fire,2026-07-27T13:53:19.887Z
59ae8d282a78fd00010b80e7,53,NS_WC_Pe_SM_Sa_WF,NoSnow_WinterClothing_Penguins_SunMid_Sandcastle_Fire.webp,3,4,NoSnow,WinterClothing,Penguins,SunMid,Sandcastle,Fire,2026-07-27T13:53:28.104Z
59ae8d282a78fd00010b80e7,54,S_WC_Ca_SM_Sa_NF,Snow_WinterClothing_Camels_SunMid_Sandcastle_NoFire.webp,3,4,Snow,WinterClothing,Camels,SunMid,Sandcastle,NoFire,2026-07-27T13:53:35.822Z
59ae8d282a78fd00010b80e7,55,NS_SC_Pe_SM_Sa_WF,NoSnow_SummerClothing_Penguins_SunMid_Sandcastle_Fire.webp,5,4,NoSnow,SummerClothing,Penguins,SunMid,Sandcastle,Fire,2026-07-27T13:53:44.138Z
59ae8d282a78fd00010b80e7,56,NS_WC_Pe_SR_Sa_NF,NoSnow_WinterClothing_Penguins_SunRising_Sandcastle_NoFire.webp,3,4,NoSnow,WinterClothing,Penguins,SunRising,Sandcastle,NoFire,2026-07-27T13:53:51.922Z
59ae8d282a78fd00010b80e7,57,S_SC_Ca_SR_Sn_WF,Snow_SummerClothing_Camels_SunRising_Snowman_Fire.webp,5,4,Snow,SummerClothing,Camels,SunRising,Snowman,Fire,2026-07-27T13:54:00.706Z
59ae8d282a78fd00010b80e7,58,S_SC_Pe_SM_Sn_NF,Snow_SummerClothing_Penguins_SunMid_Snowman_NoFire.webp,5,4,Snow,SummerClothing,Penguins,SunMid,Snowman,NoFire,2026-07-27T13:54:22.823Z
59ae8d282a78fd00010b80e7,59,NS_WC_Ca_SR_Sa_WF,NoSnow_WinterClothing_Camels_SunRising_Sandcastle_Fire.webp,3,4,NoSnow,WinterClothing,Camels,SunRising,Sandcastle,Fire,2026-07-27T13:54:30.122Z
59ae8d282a78fd00010b80e7,60,NS_SC_Ca_SR_Sa_NF,NoSnow_SummerClothing_Camels_SunRising_Sandcastle_NoFire.webp,5,4,NoSnow,SummerClothing,Camels,SunRising,Sandcastle,NoFire,2026-07-27T13:54:39.522Z
59ae8d282a78fd00010b80e7,61,S_WC_Ca_SM_Sn_NF,Snow_WinterClothing_Camels_SunMid_Snowman_NoFire.webp,3,4,Snow,WinterClothing,Camels,SunMid,Snowman,NoFire,2026-07-27T13:54:46.973Z
59ae8d282a78fd00010b80e7,62,S_WC_Ca_SR_Sa_NF,Snow_WinterClothing_Camels_SunRising_Sandcastle_NoFire.webp,3,4,Snow,WinterClothing,Camels,SunRising,Sandcastle,NoFire,2026-07-27T13:54:54.722Z
59ae8d282a78fd00010b80e7,63,NS_SC_Pe_SM_Sn_NF,NoSnow_SummerClothing_Penguins_SunMid_Snowman_NoFire.webp,4,4,NoSnow,SummerClothing,Penguins,SunMid,Snowman,NoFire,2026-07-27T13:55:02.940Z
606605d4808361864cfe3db6,0,NS_WC_Pe_SR_Sa_WF,NoSnow_WinterClothing_Penguins_SunRising_Sandcastle_Fire.webp,1,2,NoSnow,WinterClothing,Penguins,SunRising,Sandcastle,Fire,2026-07-27T13:47:35.066Z
606605d4808361864cfe3db6,1,S_WC_Pe_SR_Sa_NF,Snow_WinterClothing_Penguins_SunRising_Sandcastle_NoFire.webp,2,2,Snow,WinterClothing,Penguins,SunRising,Sandcastle,NoFire,2026-07-27T13:47:51.306Z
606605d4808361864cfe3db6,2,S_SC_Pe_SM_Sa_NF,Snow_SummerClothing_Penguins_SunMid_Sandcastle_NoFire.webp,3,1,Snow,SummerClothing,Penguins,SunMid,Sandcastle,NoFire,2026-07-27T13:48:04.122Z
606605d4808361864cfe3db6,3,NS_SC_Ca_SR_Sa_WF,NoSnow_SummerClothing_Camels_SunRising_Sandcastle_Fire.webp,6,1,NoSnow,SummerClothing,Camels,SunRising,Sandcastle,Fire,2026-07-27T13:48:22.554Z
606605d4808361864cfe3db6,4,S_SC_Pe_SR_Sa_NF,Snow_SummerClothing_Penguins_SunRising_Sandcastle_NoFire.webp,4,1,Snow,SummerClothing,Penguins,SunRising,Sandcastle,NoFire,2026-07-27T13:48:37.650Z
606605d4808361864cfe3db6,5,S_WC_Pe_SM_Sa_NF,Snow_WinterClothing_Penguins_SunMid_Sandcastle_NoFire.webp,4,1,Snow,WinterClothing,Penguins,SunMid,Sandcastle,NoFire,2026-07-27T13:48:49.082Z
606605d4808361864cfe3db6,6,NS_SC_Ca_SM_Sn_WF,NoSnow_SummerClothing_Camels_SunMid_Snowman_Fire.webp,5,1,NoSnow,SummerClothing,Camels,SunMid,Snowman,Fire,2026-07-27T13:49:05.002Z
606605d4808361864cfe3db6,7,NS_WC_Ca_SM_Sa_WF,NoSnow_WinterClothing_Camels_SunMid_Sandcastle_Fire.webp,7,1,NoSnow,WinterClothing,Camels,SunMid,Sandcastle,Fire,2026-07-27T13:49:20.546Z
606605d4808361864cfe3db6,8,NS_WC_Ca_SM_Sn_NF,NoSnow_WinterClothing_Camels_SunMid_Snowman_NoFire.webp,5,1,NoSnow,WinterClothing,Camels,SunMid,Snowman,NoFire,2026-07-27T13:49:30.930Z
606605d4808361864cfe3db6,9,NS_WC_Ca_SR_Sa_NF,NoSnow_WinterClothing_Camels_SunRising_Sandcastle_NoFire.webp,6,3,NoSnow,WinterClothing,Camels,SunRising,Sandcastle,NoFire,2026-07-27T13:49:46.450Z
606605d4808361864cfe3db6,10,NS_SC_Ca_SM_Sa_NF,NoSnow_SummerClothing_Camels_SunMid_Sandcastle_NoFire.webp,6,3,NoSnow,SummerClothing,Camels,SunMid,Sandcastle,NoFire,2026-07-27T13:49:57.258Z
606605d4808361864cfe3db6,11,NS_WC_Ca_SM_Sa_NF,NoSnow_WinterClothing_Camels_SunMid_Sandcastle_NoFire.webp,6,4,NoSnow,WinterClothing,Camels,SunMid,Sandcastle,NoFire,2026-07-27T13:50:12.794Z
606605d4808361864cfe3db6,12,S_WC_Pe_SR_Sn_NF,Snow_WinterClothing_Penguins_SunRising_Snowman_NoFire.webp,5,1,Snow,WinterClothing,Penguins,SunRising,Snowman,NoFire,2026-07-27T13:50:20.674Z
606605d4808361864cfe3db6,13,NS_SC_Pe_SM_Sn_WF,NoSnow_SummerClothing_Penguins_SunMid_Snowman_Fire.webp,5,2,NoSnow,SummerClothing,Penguins,SunMid,Snowman,Fire,2026-07-27T13:50:30.298Z
606605d4808361864cfe3db6,14,NS_SC_Pe_SR_Sa_NF,NoSnow_SummerClothing_Penguins_SunRising_Sandcastle_NoFire.webp,5,1,NoSnow,SummerClothing,Penguins,SunRising,Sandcastle,NoFire,2026-07-27T13:50:45.962Z
606605d4808361864cfe3db6,15,S_WC_Ca_SM_Sa_WF,Snow_WinterClothing_Camels_SunMid_Sandcastle_Fire.webp,6,3,Snow,WinterClothing,Camels,SunMid,Sandcastle,Fire,2026-07-27T13:50:56.946Z
606605d4808361864cfe3db6,16,S_WC_Pe_SM_Sa_WF,Snow_WinterClothing_Penguins_SunMid_Sandcastle_Fire.webp,4,1,Snow,WinterClothing,Penguins,SunMid,Sandcastle,Fire,2026-07-27T13:51:10.794Z
606605d4808361864cfe3db6,17,S_WC_Ca_SR_Sn_WF,Snow_WinterClothing_Camels_SunRising_Snowman_Fire.webp,6,1,Snow,WinterClothing,Camels,SunRising,Snowman,Fire,2026-07-27T13:51:22.314Z
606605d4808361864cfe3db6,18,S_WC_Pe_SM_Sn_WF,Snow_WinterClothing_Penguins_SunMid_Snowman_Fire.webp,5,1,Snow,WinterClothing,Penguins,SunMid,Snowman,Fire,2026-07-27T13:51:35.002Z
606605d4808361864cfe3db6,19,S_SC_Ca_SR_Sn_WF,Snow_SummerClothing_Camels_SunRising_Snowman_Fire.webp,6,1,Snow,SummerClothing,Camels,SunRising,Snowman,Fire,2026-07-27T13:51:47.642Z
606605d4808361864cfe3db6,20,NS_WC_Pe_SR_Sn_NF,NoSnow_WinterClothing_Penguins_SunRising_Snowman_NoFire.webp,5,1,NoSnow,WinterClothing,Penguins,SunRising,Snowman,NoFire,2026-07-27T13:52:00.506Z
606605d4808361864cfe3db6,21,S_SC_Ca_SR_Sa_WF,Snow_SummerClothing_Camels_SunRising_Sandcastle_Fire.webp,6,2,Snow,SummerClothing,Camels,SunRising,Sandcastle,Fire,2026-07-27T13:52:14.946Z
606605d4808361864cfe3db6,22,S_SC_Pe_SM_Sn_WF,Snow_SummerClothing_Penguins_SunMid_Snowman_Fire.webp,6,1,Snow,SummerClothing,Penguins,SunMid,Snowman,Fire,2026-07-27T13:52:29.154Z
606605d4808361864cfe3db6,23,S_WC_Ca_SR_Sa_WF,Snow_WinterClothing_Camels_SunRising_Sandcastle_Fire.webp,6,2,Snow,WinterClothing,Camels,SunRising,Sandcastle,Fire,2026-07-27T13:52:44.018Z
606605d4808361864cfe3db6,24,S_SC_Ca_SM_Sa_NF,Snow_SummerClothing_Camels_SunMid_Sandcastle_NoFire.webp,5,3,Snow,SummerClothing,Camels,SunMid,Sandcastle,NoFire,2026-07-27T13:52:57.050Z
606605d4808361864cfe3db6,25,S_WC_Ca_SR_Sa_NF,Snow_WinterClothing_Camels_SunRising_Sandcastle_NoFire.webp,5,3,Snow,WinterClothing,Camels,SunRising,Sandcastle,NoFire,2026-07-27T13:53:16.722Z
606605d4808361864cfe3db6,26,S_SC_Pe_SR_Sa_WF,Snow_SummerClothing_Penguins_SunRising_Sandcastle_Fire.webp,5,1,Snow,SummerClothing,Penguins,SunRising,Sandcastle,Fire,2026-07-27T13:53:27.466Z
606605d4808361864cfe3db6,27,S_SC_Pe_SM_Sa_WF,Snow_SummerClothing_Penguins_SunMid_Sandcastle_Fire.webp,5,1,Snow,SummerClothing,Penguins,SunMid,Sandcastle,Fire,2026-07-27T13:53:40.570Z
606605d4808361864cfe3db6,28,NS_WC_Pe_SR_Sn_WF,NoSnow_WinterClothing_Penguins_SunRising_Snowman_Fire.webp,5,1,NoSnow,WinterClothing,Penguins,SunRising,Snowman,Fire,2026-07-27T13:53:55.530Z
606605d4808361864cfe3db6,29,NS_SC_Pe_SR_Sn_WF,NoSnow_SummerClothing_Penguins_SunRising_Snowman_Fire.webp,5,1,NoSnow,SummerClothing,Penguins,SunRising,Snowman,Fire,2026-07-27T13:54:07.850Z
606605d4808361864cfe3db6,30,NS_WC_Pe_SR_Sa_NF,NoSnow_WinterClothing_Penguins_SunRising_Sandcastle_NoFire.webp,5,1,NoSnow,WinterClothing,Penguins,SunRising,Sandcastle,NoFire,2026-07-27T13:54:16.890Z
606605d4808361864cfe3db6,31,NS_SC_Pe_SM_Sa_WF,NoSnow_SummerClothing_Penguins_SunMid_Sandcastle_Fire.webp,5,1,NoSnow,SummerClothing,Penguins,SunMid,Sandcastle,Fire,2026-07-27T13:54:32.762Z
606605d4808361864cfe3db6,32,S_WC_Pe_SR_Sa_WF,Snow_WinterClothing_Penguins_SunRising_Sandcastle_Fire.webp,5,1,Snow,WinterClothing,Penguins,SunRising,Sandcastle,Fire,2026-07-27T13:54:43.962Z
606605d4808361864cfe3db6,33,NS_WC_Pe_SM_Sn_NF,NoSnow_WinterClothing_Penguins_SunMid_Snowman_NoFire.webp,5,1,NoSnow,WinterClothing,Penguins,SunMid,Snowman,NoFire,2026-07-27T13:54:56.914Z
606605d4808361864cfe3db6,34,NS_SC_Pe_SR_Sn_NF,NoSnow_SummerClothing_Penguins_SunRising_Snowman_NoFire.webp,5,1,NoSnow,SummerClothing,Penguins,SunRising,Snowman,NoFire,2026-07-27T13:55:09.498Z
606605d4808361864cfe3db6,35,S_SC_Pe_SR_Sn_NF,Snow_SummerClothing_Penguins_SunRising_Snowman_NoFire.webp,5,1,Snow,SummerClothing,Penguins,SunRising,Snowman,NoFire,2026-07-27T13:55:20.267Z
606605d4808361864cfe3db6,36,S_WC_Ca_SM_Sn_NF,Snow_WinterClothing_Camels_SunMid_Snowman_NoFire.webp,5,1,Snow,WinterClothing,Camels,SunMid,Snowman,NoFire,2026-07-27T13:55:33.242Z
606605d4808361864cfe3db6,37,S_SC_Ca_SM_Sn_WF,Snow_SummerClothing_Camels_SunMid_Snowman_Fire.webp,6,1,Snow,SummerClothing,Camels,SunMid,Snowman,Fire,2026-07-27T13:55:48.178Z
606605d4808361864cfe3db6,38,NS_SC_Ca_SM_Sa_WF,NoSnow_SummerClothing_Camels_SunMid_Sandcastle_Fire.webp,6,1,NoSnow,SummerClothing,Camels,SunMid,Sandcastle,Fire,2026-07-27T13:55:57.730Z
606605d4808361864cfe3db6,39,S_WC_Pe_SR_Sn_WF,Snow_WinterClothing_Penguins_SunRising_Snowman_Fire.webp,6,1,Snow,WinterClothing,Penguins,SunRising,Snowman,Fire,2026-07-27T13:56:07.866Z
606605d4808361864cfe3db6,40,NS_WC_Pe_SM_Sa_NF,NoSnow_WinterClothing_Penguins_SunMid_Sandcastle_NoFire.webp,6,1,NoSnow,WinterClothing,Penguins,SunMid,Sandcastle,NoFire,2026-07-27T13:56:18.850Z
606605d4808361864cfe3db6,41,S_SC_Ca_SM_Sn_NF,Snow_SummerClothing_Camels_SunMid_Snowman_NoFire.webp,5,1,Snow,SummerClothing,Camels,SunMid,Snowman,NoFire,2026-07-27T13:56:27.002Z
606605d4808361864cfe3db6,42,NS_SC_Pe_SR_Sa_WF,NoSnow_SummerClothing_Penguins_SunRising_Sandcastle_Fire.webp,5,1,NoSnow,SummerClothing,Penguins,SunRising,Sandcastle,Fire,2026-07-27T13:56:39.083Z
606605d4808361864cfe3db6,43,NS_SC_Pe_SM_Sn_NF,NoSnow_SummerClothing_Penguins_SunMid_Snowman_NoFire.webp,5,1,NoSnow,SummerClothing,Penguins,SunMid,Snowman,NoFire,2026-07-27T13:56:52.842Z
606605d4808361864cfe3db6,44,NS_SC_Ca_SM_Sn_NF,NoSnow_SummerClothing_Camels_SunMid_Snowman_NoFire.webp,5,1,NoSnow,SummerClothing,Camels,SunMid,Snowman,NoFire,2026-07-27T13:57:02.475Z
606605d4808361864cfe3db6,45,NS_WC_Pe_SM_Sn_WF,NoSnow_WinterClothing_Penguins_SunMid_Snowman_Fire.webp,6,1,NoSnow,WinterClothing,Penguins,SunMid,Snowman,Fire,2026-07-27T13:57:11.186Z
606605d4808361864cfe3db6,46,NS_WC_Pe_SM_Sa_WF,NoSnow_WinterClothing_Penguins_SunMid_Sandcastle_Fire.webp,6,1,NoSnow,WinterClothing,Penguins,SunMid,Sandcastle,Fire,2026-07-27T13:57:21.186Z
606605d4808361864cfe3db6,47,S_SC_Ca_SR_Sn_NF,Snow_SummerClothing_Camels_SunRising_Snowman_NoFire.webp,5,1,Snow,SummerClothing,Camels,SunRising,Snowman,NoFire,2026-07-27T13:57:31.955Z
606605d4808361864cfe3db6,48,NS_SC_Ca_SR_Sa_NF,NoSnow_SummerClothing_Camels_SunRising_Sandcastle_NoFire.webp,5,1,NoSnow,SummerClothing,Camels,SunRising,Sandcastle,NoFire,2026-07-27T13:57:46.194Z
606605d4808361864cfe3db6,49,NS_WC_Ca_SR_Sn_WF,NoSnow_WinterClothing_Camels_SunRising_Snowman_Fire.webp,6,1,NoSnow,WinterClothing,Camels,SunRising,Snowman,Fire,2026-07-27T13:57:57.858Z
606605d4808361864cfe3db6,50,NS_SC_Pe_SM_Sa_NF,NoSnow_SummerClothing_Penguins_SunMid_Sandcastle_NoFire.webp,6,1,NoSnow,SummerClothing,Penguins,SunMid,Sandcastle,NoFire,2026-07-27T13:58:08.379Z
606605d4808361864cfe3db6,51,NS_WC_Ca_SR_Sa_WF,NoSnow_WinterClothing_Camels_SunRising_Sandcastle_Fire.webp,6,1,NoSnow,WinterClothing,Camels,SunRising,Sandcastle,Fire,2026-07-27T13:58:17.034Z
606605d4808361864cfe3db6,52,S_WC_Pe_SM_Sn_NF,Snow_WinterClothing_Penguins_SunMid_Snowman_NoFire.webp,6,1,Snow,WinterClothing,Penguins,SunMid,Snowman,NoFire,2026-07-27T13:58:28.258Z
606605d4808361864cfe3db6,53,NS_SC_Ca_SR_Sn_WF,NoSnow_SummerClothing_Camels_SunRising_Snowman_Fire.webp,6,1,NoSnow,SummerClothing,Camels,SunRising,Snowman,Fire,2026-07-27T13:58:35.643Z
606605d4808361864cfe3db6,54,S_SC_Pe_SM_Sn_NF,Snow_SummerClothing_Penguins_SunMid_Snowman_NoFire.webp,5,1,Snow,SummerClothing,Penguins,SunMid,Snowman,NoFire,2026-07-27T13:58:45.259Z
606605d4808361864cfe3db6,55,NS_SC_Ca_SR_Sn_NF,NoSnow_SummerClothing_Camels_SunRising_Snowman_NoFire.webp,5,1,NoSnow,SummerClothing,Camels,SunRising,Snowman,NoFire,2026-07-27T13:58:54.059Z
606605d4808361864cfe3db6,56,S_SC_Ca_SR_Sa_NF,Snow_SummerClothing_Camels_SunRising_Sandcastle_NoFire.webp,5,1,Snow,SummerClothing,Camels,SunRising,Sandcastle,NoFire,2026-07-27T13:59:01.851Z
606605d4808361864cfe3db6,57,NS_WC_Ca_SR_Sn_NF,NoSnow_WinterClothing_Camels_SunRising_Snowman_NoFire.webp,5,1,NoSnow,WinterClothing,Camels,SunRising,Snowman,NoFire,2026-07-27T13:59:09.651Z
606605d4808361864cfe3db6,58,NS_WC_Ca_SM_Sn_WF,NoSnow_WinterClothing_Camels_SunMid_Snowman_Fire.webp,6,1,NoSnow,WinterClothing,Camels,SunMid,Snowman,Fire,2026-07-27T13:59:18.363Z
606605d4808361864cfe3db6,59,S_WC_Ca_SR_Sn_NF,Snow_WinterClothing_Camels_SunRising_Snowman_NoFire.webp,5,1,Snow,WinterClothing,Camels,SunRising,Snowman,NoFire,2026-07-27T13:59:26.363Z
606605d4808361864cfe3db6,60,S_SC_Ca_SM_Sa_WF,Snow_SummerClothing_Camels_SunMid_Sandcastle_Fire.webp,6,1,Snow,SummerClothing,Camels,SunMid,Sandcastle,Fire,2026-07-27T13:59:36.026Z
606605d4808361864cfe3db6,61,S_SC_Pe_SR_Sn_WF,Snow_SummerClothing_Penguins_SunRising_Snowman_Fire.webp,6,1,Snow,SummerClothing,Penguins,SunRising,Snowman,Fire,2026-07-27T13:59:44.755Z
606605d4808361864cfe3db6,62,S_WC_Ca_SM_Sa_NF,Snow_WinterClothing_Camels_SunMid_Sandcastle_NoFire.webp,6,1,Snow,WinterClothing,Camels,SunMid,Sandcastle,NoFire,2026-07-27T13:59:52.698Z
606605d4808361864cfe3db6,63,S_WC_Ca_SM_Sn_WF,Snow_WinterClothing_Camels_SunMid_Snowman_Fire.webp,6,1,Snow,WinterClothing,Camels,SunMid,Snowman,Fire,2026-07-27T14:00:00.090Z
60e0dc6be0772b7dfdad9b2c,0,S_WC_Ca_SR_Sn_NF,Snow_WinterClothing_Camels_SunRising_Snowman_NoFire.webp,4,2,Snow,WinterClothing,Camels,SunRising,Snowman,NoFire,2026-07-27T13:42:04.567Z
60e0dc6be0772b7dfdad9b2c,1,NS_SC_Pe_SM_Sa_WF,NoSnow_SummerClothing_Penguins_SunMid_Sandcastle_Fire.webp,5,4,NoSnow,SummerClothing,Penguins,SunMid,Sandcastle,Fire,2026-07-27T13:42:24.113Z
60e0dc6be0772b7dfdad9b2c,2,S_SC_Pe_SR_Sa_NF,Snow_SummerClothing_Penguins_SunRising_Sandcastle_NoFire.webp,3,2,Snow,SummerClothing,Penguins,SunRising,Sandcastle,NoFire,2026-07-27T13:42:58.754Z
60e0dc6be0772b7dfdad9b2c,3,NS_WC_Pe_SM_Sa_NF,NoSnow_WinterClothing_Penguins_SunMid_Sandcastle_NoFire.webp,5,4,NoSnow,WinterClothing,Penguins,SunMid,Sandcastle,NoFire,2026-07-27T13:43:12.822Z
60e0dc6be0772b7dfdad9b2c,4,S_SC_Pe_SR_Sn_WF,Snow_SummerClothing_Penguins_SunRising_Snowman_Fire.webp,5,3,Snow,SummerClothing,Penguins,SunRising,Snowman,Fire,2026-07-27T13:44:05.721Z
60e0dc6be0772b7dfdad9b2c,5,NS_WC_Pe_SM_Sa_WF,NoSnow_WinterClothing_Penguins_SunMid_Sandcastle_Fire.webp,5,4,NoSnow,WinterClothing,Penguins,SunMid,Sandcastle,Fire,2026-07-27T13:44:22.364Z
60e0dc6be0772b7dfdad9b2c,6,S_SC_Ca_SR_Sn_WF,Snow_SummerClothing_Camels_SunRising_Snowman_Fire.webp,5,3,Snow,SummerClothing,Camels,SunRising,Snowman,Fire,2026-07-27T13:44:52.815Z
60e0dc6be0772b7dfdad9b2c,7,S_SC_Ca_SR_Sa_WF,Snow_SummerClothing_Camels_SunRising_Sandcastle_Fire.webp,6,3,Snow,SummerClothing,Camels,SunRising,Sandcastle,Fire,2026-07-27T13:45:04.363Z
60e0dc6be0772b7dfdad9b2c,8,NS_SC_Ca_SM_Sa_NF,NoSnow_SummerClothing_Camels_SunMid_Sandcastle_NoFire.webp,7,6,NoSnow,SummerClothing,Camels,SunMid,Sandcastle,NoFire,2026-07-27T13:45:23.401Z
60e0dc6be0772b7dfdad9b2c,9,S_SC_Pe_SM_Sa_NF,Snow_SummerClothing_Penguins_SunMid_Sandcastle_NoFire.webp,3,3,Snow,SummerClothing,Penguins,SunMid,Sandcastle,NoFire,2026-07-27T13:45:38.375Z
60e0dc6be0772b7dfdad9b2c,10,S_SC_Ca_SM_Sa_WF,Snow_SummerClothing_Camels_SunMid_Sandcastle_Fire.webp,4,4,Snow,SummerClothing,Camels,SunMid,Sandcastle,Fire,2026-07-27T13:45:54.034Z
60e0dc6be0772b7dfdad9b2c,11,S_SC_Pe_SM_Sn_WF,Snow_SummerClothing_Penguins_SunMid_Snowman_Fire.webp,4,4,Snow,SummerClothing,Penguins,SunMid,Snowman,Fire,2026-07-27T13:46:09.337Z
60e0dc6be0772b7dfdad9b2c,12,NS_SC_Pe_SR_Sn_WF,NoSnow_SummerClothing_Penguins_SunRising_Snowman_Fire.webp,5,5,NoSnow,SummerClothing,Penguins,SunRising,Snowman,Fire,2026-07-27T13:46:20.257Z
60e0dc6be0772b7dfdad9b2c,13,NS_WC_Pe_SR_Sa_WF,NoSnow_WinterClothing_Penguins_SunRising_Sandcastle_Fire.webp,6,6,NoSnow,WinterClothing,Penguins,SunRising,Sandcastle,Fire,2026-07-27T13:46:44.893Z
60e0dc6be0772b7dfdad9b2c,14,S_WC_Ca_SR_Sn_WF,Snow_WinterClothing_Camels_SunRising_Snowman_Fire.webp,6,6,Snow,WinterClothing,Camels,SunRising,Snowman,Fire,2026-07-27T13:46:55.412Z
60e0dc6be0772b7dfdad9b2c,15,NS_WC_Pe_SM_Sn_WF,NoSnow_WinterClothing_Penguins_SunMid_Snowman_Fire.webp,5,5,NoSnow,WinterClothing,Penguins,SunMid,Snowman,Fire,2026-07-27T13:47:18.853Z
60e0dc6be0772b7dfdad9b2c,16,NS_SC_Ca_SR_Sn_NF,NoSnow_SummerClothing_Camels_SunRising_Snowman_NoFire.webp,5,5,NoSnow,SummerClothing,Camels,SunRising,Snowman,NoFire,2026-07-27T13:47:32.979Z
60e0dc6be0772b7dfdad9b2c,17,NS_WC_Ca_SR_Sa_NF,NoSnow_WinterClothing_Camels_SunRising_Sandcastle_NoFire.webp,6,6,NoSnow,WinterClothing,Camels,SunRising,Sandcastle,NoFire,2026-07-27T13:47:51.313Z
60e0dc6be0772b7dfdad9b2c,18,S_WC_Ca_SR_Sa_WF,Snow_WinterClothing_Camels_SunRising_Sandcastle_Fire.webp,3,3,Snow,WinterClothing,Camels,SunRising,Sandcastle,Fire,2026-07-27T13:47:59.469Z
60e0dc6be0772b7dfdad9b2c,19,NS_WC_Pe_SR_Sn_WF,NoSnow_WinterClothing_Penguins_SunRising_Snowman_Fire.webp,5,4,NoSnow,WinterClothing,Penguins,SunRising,Snowman,Fire,2026-07-27T13:48:10.251Z
60e0dc6be0772b7dfdad9b2c,20,S_SC_Pe_SR_Sn_NF,Snow_SummerClothing_Penguins_SunRising_Snowman_NoFire.webp,2,2,Snow,SummerClothing,Penguins,SunRising,Snowman,NoFire,2026-07-27T13:48:21.899Z
60e0dc6be0772b7dfdad9b2c,21,S_SC_Ca_SR_Sa_NF,Snow_SummerClothing_Camels_SunRising_Sandcastle_NoFire.webp,2,2,Snow,SummerClothing,Camels,SunRising,Sandcastle,NoFire,2026-07-27T13:48:31.332Z
60e0dc6be0772b7dfdad9b2c,22,NS_WC_Ca_SM_Sa_WF,NoSnow_WinterClothing_Camels_SunMid_Sandcastle_Fire.webp,6,6,NoSnow,WinterClothing,Camels,SunMid,Sandcastle,Fire,2026-07-27T13:48:41.071Z
60e0dc6be0772b7dfdad9b2c,23,NS_WC_Ca_SM_Sn_NF,NoSnow_WinterClothing_Camels_SunMid_Snowman_NoFire.webp,7,6,NoSnow,WinterClothing,Camels,SunMid,Snowman,NoFire,2026-07-27T13:48:49.581Z
60e0dc6be0772b7dfdad9b2c,24,S_WC_Pe_SM_Sa_NF,Snow_WinterClothing_Penguins_SunMid_Sandcastle_NoFire.webp,3,3,Snow,WinterClothing,Penguins,SunMid,Sandcastle,NoFire,2026-07-27T13:48:59.191Z
60e0dc6be0772b7dfdad9b2c,25,NS_SC_Ca_SM_Sn_WF,NoSnow_SummerClothing_Camels_SunMid_Snowman_Fire.webp,6,6,NoSnow,SummerClothing,Camels,SunMid,Snowman,Fire,2026-07-27T13:49:10.131Z
60e0dc6be0772b7dfdad9b2c,26,NS_SC_Pe_SM_Sn_WF,NoSnow_SummerClothing_Penguins_SunMid_Snowman_Fire.webp,4,4,NoSnow,SummerClothing,Penguins,SunMid,Snowman,Fire,2026-07-27T13:49:19.633Z
60e0dc6be0772b7dfdad9b2c,27,S_SC_Pe_SM_Sn_NF,Snow_SummerClothing_Penguins_SunMid_Snowman_NoFire.webp,3,3,Snow,SummerClothing,Penguins,SunMid,Snowman,NoFire,2026-07-27T13:49:27.352Z
60e0dc6be0772b7dfdad9b2c,28,NS_SC_Ca_SR_Sn_WF,NoSnow_SummerClothing_Camels_SunRising_Snowman_Fire.webp,4,4,NoSnow,SummerClothing,Camels,SunRising,Snowman,Fire,2026-07-27T13:49:40.628Z
60e0dc6be0772b7dfdad9b2c,29,S_SC_Pe_SM_Sa_WF,Snow_SummerClothing_Penguins_SunMid_Sandcastle_Fire.webp,3,3,Snow,SummerClothing,Penguins,SunMid,Sandcastle,Fire,2026-07-27T13:49:51.717Z
60e0dc6be0772b7dfdad9b2c,30,NS_WC_Ca_SR_Sa_WF,NoSnow_WinterClothing_Camels_SunRising_Sandcastle_Fire.webp,5,5,NoSnow,WinterClothing,Camels,SunRising,Sandcastle,Fire,2026-07-27T13:50:01.827Z
60e0dc6be0772b7dfdad9b2c,31,NS_SC_Ca_SR_Sa_WF,NoSnow_SummerClothing_Camels_SunRising_Sandcastle_Fire.webp,5,5,NoSnow,SummerClothing,Camels,SunRising,Sandcastle,Fire,2026-07-27T13:50:11.561Z
60e0dc6be0772b7dfdad9b2c,32,NS_SC_Pe_SR_Sa_WF,NoSnow_SummerClothing_Penguins_SunRising_Sandcastle_Fire.webp,5,5,NoSnow,SummerClothing,Penguins,SunRising,Sandcastle,Fire,2026-07-27T13:50:32.818Z
60e0dc6be0772b7dfdad9b2c,33,NS_WC_Pe_SM_Sn_NF,NoSnow_WinterClothing_Penguins_SunMid_Snowman_NoFire.webp,6,6,NoSnow,WinterClothing,Penguins,SunMid,Snowman,NoFire,2026-07-27T13:50:42.666Z
60e0dc6be0772b7dfdad9b2c,34,S_WC_Pe_SR_Sn_WF,Snow_WinterClothing_Penguins_SunRising_Snowman_Fire.webp,2,2,Snow,WinterClothing,Penguins,SunRising,Snowman,Fire,2026-07-27T13:50:50.478Z
60e0dc6be0772b7dfdad9b2c,35,S_WC_Pe_SR_Sa_NF,Snow_WinterClothing_Penguins_SunRising_Sandcastle_NoFire.webp,2,2,Snow,WinterClothing,Penguins,SunRising,Sandcastle,NoFire,2026-07-27T13:51:14.508Z
60e0dc6be0772b7dfdad9b2c,36,NS_SC_Pe_SM_Sn_NF,NoSnow_SummerClothing_Penguins_SunMid_Snowman_NoFire.webp,6,6,NoSnow,SummerClothing,Penguins,SunMid,Snowman,NoFire,2026-07-27T13:51:29.432Z
60e0dc6be0772b7dfdad9b2c,37,S_WC_Pe_SR_Sn_NF,Snow_WinterClothing_Penguins_SunRising_Snowman_NoFire.webp,2,2,Snow,WinterClothing,Penguins,SunRising,Snowman,NoFire,2026-07-27T13:51:39.183Z
60e0dc6be0772b7dfdad9b2c,38,S_SC_Ca_SM_Sa_NF,Snow_SummerClothing_Camels_SunMid_Sandcastle_NoFire.webp,4,4,Snow,SummerClothing,Camels,SunMid,Sandcastle,NoFire,2026-07-27T13:51:49.469Z
60e0dc6be0772b7dfdad9b2c,39,S_WC_Ca_SM_Sn_WF,Snow_WinterClothing_Camels_SunMid_Snowman_Fire.webp,5,5,Snow,WinterClothing,Camels,SunMid,Snowman,Fire,2026-07-27T13:51:57.468Z
60e0dc6be0772b7dfdad9b2c,40,NS_SC_Pe_SR_Sa_NF,NoSnow_SummerClothing_Penguins_SunRising_Sandcastle_NoFire.webp,4,4,NoSnow,SummerClothing,Penguins,SunRising,Sandcastle,NoFire,2026-07-27T13:52:07.439Z
60e0dc6be0772b7dfdad9b2c,41,NS_SC_Pe_SR_Sn_NF,NoSnow_SummerClothing_Penguins_SunRising_Snowman_NoFire.webp,5,5,NoSnow,SummerClothing,Penguins,SunRising,Snowman,NoFire,2026-07-27T13:52:27.457Z
60e0dc6be0772b7dfdad9b2c,42,S_SC_Ca_SM_Sn_WF,Snow_SummerClothing_Camels_SunMid_Snowman_Fire.webp,3,3,Snow,SummerClothing,Camels,SunMid,Snowman,Fire,2026-07-27T13:52:43.255Z
60e0dc6be0772b7dfdad9b2c,43,S_WC_Ca_SM_Sa_NF,Snow_WinterClothing_Camels_SunMid_Sandcastle_NoFire.webp,4,4,Snow,WinterClothing,Camels,SunMid,Sandcastle,NoFire,2026-07-27T13:52:51.907Z
60e0dc6be0772b7dfdad9b2c,44,NS_SC_Ca_SM_Sa_WF,NoSnow_SummerClothing_Camels_SunMid_Sandcastle_Fire.webp,6,6,NoSnow,SummerClothing,Camels,SunMid,Sandcastle,Fire,2026-07-27T13:53:00.726Z
60e0dc6be0772b7dfdad9b2c,45,NS_WC_Ca_SM_Sn_WF,NoSnow_WinterClothing_Camels_SunMid_Snowman_Fire.webp,6,6,NoSnow,WinterClothing,Camels,SunMid,Snowman,Fire,2026-07-27T13:53:08.880Z
60e0dc6be0772b7dfdad9b2c,46,NS_SC_Ca_SM_Sn_NF,NoSnow_SummerClothing_Camels_SunMid_Snowman_NoFire.webp,6,6,NoSnow,SummerClothing,Camels,SunMid,Snowman,NoFire,2026-07-27T13:53:40.746Z
60e0dc6be0772b7dfdad9b2c,47,NS_SC_Ca_SR_Sa_NF,NoSnow_SummerClothing_Camels_SunRising_Sandcastle_NoFire.webp,5,5,NoSnow,SummerClothing,Camels,SunRising,Sandcastle,NoFire,2026-07-27T13:53:51.982Z
60e0dc6be0772b7dfdad9b2c,48,S_SC_Ca_SM_Sn_NF,Snow_SummerClothing_Camels_SunMid_Snowman_NoFire.webp,5,5,Snow,SummerClothing,Camels,SunMid,Snowman,NoFire,2026-07-27T13:54:11.277Z
60e0dc6be0772b7dfdad9b2c,49,NS_SC_Pe_SM_Sa_NF,NoSnow_SummerClothing_Penguins_SunMid_Sandcastle_NoFire.webp,6,6,NoSnow,SummerClothing,Penguins,SunMid,Sandcastle,NoFire,2026-07-27T13:54:25.435Z
60e0dc6be0772b7dfdad9b2c,50,NS_WC_Pe_SR_Sn_NF,NoSnow_WinterClothing_Penguins_SunRising_Snowman_NoFire.webp,5,5,NoSnow,WinterClothing,Penguins,SunRising,Snowman,NoFire,2026-07-27T13:54:40.063Z
60e0dc6be0772b7dfdad9b2c,51,NS_WC_Ca_SR_Sn_NF,NoSnow_WinterClothing_Camels_SunRising_Snowman_NoFire.webp,5,5,NoSnow,WinterClothing,Camels,SunRising,Snowman,NoFire,2026-07-27T13:54:49.789Z
60e0dc6be0772b7dfdad9b2c,52,NS_WC_Pe_SR_Sa_NF,NoSnow_WinterClothing_Penguins_SunRising_Sandcastle_NoFire.webp,5,5,NoSnow,WinterClothing,Penguins,SunRising,Sandcastle,NoFire,2026-07-27T13:55:00.219Z
60e0dc6be0772b7dfdad9b2c,53,NS_WC_Ca_SR_Sn_WF,NoSnow_WinterClothing_Camels_SunRising_Snowman_Fire.webp,6,6,NoSnow,WinterClothing,Camels,SunRising,Snowman,Fire,2026-07-27T13:55:08.518Z
60e0dc6be0772b7dfdad9b2c,54,NS_WC_Ca_SM_Sa_NF,NoSnow_WinterClothing_Camels_SunMid_Sandcastle_NoFire.webp,6,6,NoSnow,WinterClothing,Camels,SunMid,Sandcastle,NoFire,2026-07-27T13:55:18.744Z
60e0dc6be0772b7dfdad9b2c,55,S_WC_Ca_SR_Sa_NF,Snow_WinterClothing_Camels_SunRising_Sandcastle_NoFire.webp,3,3,Snow,WinterClothing,Camels,SunRising,Sandcastle,NoFire,2026-07-27T13:55:27.222Z
60e0dc6be0772b7dfdad9b2c,56,S_SC_Ca_SR_Sn_NF,Snow_SummerClothing_Camels_SunRising_Snowman_NoFire.webp,2,2,Snow,SummerClothing,Camels,SunRising,Snowman,NoFire,2026-07-27T13:55:46.237Z
60e0dc6be0772b7dfdad9b2c,57,S_WC_Ca_SM_Sn_NF,Snow_WinterClothing_Camels_SunMid_Snowman_NoFire.webp,3,3,Snow,WinterClothing,Camels,SunMid,Snowman,NoFire,2026-07-27T13:55:54.593Z
60e0dc6be0772b7dfdad9b2c,58,S_WC_Pe_SM_Sa_WF,Snow_WinterClothing_Penguins_SunMid_Sandcastle_Fire.webp,4,4,Snow,WinterClothing,Penguins,SunMid,Sandcastle,Fire,2026-07-27T13:56:04.071Z
60e0dc6be0772b7dfdad9b2c,59,S_SC_Pe_SR_Sa_WF,Snow_SummerClothing_Penguins_SunRising_Sandcastle_Fire.webp,5,5,Snow,SummerClothing,Penguins,SunRising,Sandcastle,Fire,2026-07-27T13:56:23.667Z
60e0dc6be0772b7dfdad9b2c,60,S_WC_Pe_SM_Sn_NF,Snow_WinterClothing_Penguins_SunMid_Snowman_NoFire.webp,3,3,Snow,WinterClothing,Penguins,SunMid,Snowman,NoFire,2026-07-27T13:56:32.917Z
60e0dc6be0772b7dfdad9b2c,61,S_WC_Pe_SM_Sn_WF,Snow_WinterClothing_Penguins_SunMid_Snowman_Fire.webp,5,5,Snow,WinterClothing,Penguins,SunMid,Snowman,Fire,2026-07-27T13:56:45.665Z
60e0dc6be0772b7dfdad9b2c,62,S_WC_Pe_SR_Sa_WF,Snow_WinterClothing_Penguins_SunRising_Sandcastle_Fire.webp,6,6,Snow,WinterClothing,Penguins,SunRising,Sandcastle,Fire,2026-07-27T13:56:53.967Z
60e0dc6be0772b7dfdad9b2c,63,S_WC_Ca_SM_Sa_WF,Snow_WinterClothing_Camels_SunMid_Sandcastle_Fire.webp,5,5,Snow,WinterClothing,Camels,SunMid,Sandcastle,Fire,2026-07-27T13:57:06.962Z
5eeddefa177a7322144cbc5e,0,NS_WC_Ca_SM_Sn_NF,NoSnow_WinterClothing_Camels_SunMid_Snowman_NoFire.webp,3,2,NoSnow,WinterClothing,Camels,SunMid,Snowman,NoFire,2026-07-27T13:42:13.241Z
5eeddefa177a7322144cbc5e,1,S_WC_Pe_SR_Sa_WF,Snow_WinterClothing_Penguins_SunRising_Sandcastle_Fire.webp,3,2,Snow,WinterClothing,Penguins,SunRising,Sandcastle,Fire,2026-07-27T13:42:38.910Z
5eeddefa177a7322144cbc5e,2,NS_SC_Ca_SR_Sa_WF,NoSnow_SummerClothing_Camels_SunRising_Sandcastle_Fire.webp,5,5,NoSnow,SummerClothing,Camels,SunRising,Sandcastle,Fire,2026-07-27T13:43:09.758Z
5eeddefa177a7322144cbc5e,3,S_WC_Pe_SR_Sa_NF,Snow_WinterClothing_Penguins_SunRising_Sandcastle_NoFire.webp,3,2,Snow,WinterClothing,Penguins,SunRising,Sandcastle,NoFire,2026-07-27T13:43:21.067Z
5eeddefa177a7322144cbc5e,4,S_SC_Pe_SM_Sa_WF,Snow_SummerClothing_Penguins_SunMid_Sandcastle_Fire.webp,5,2,Snow,SummerClothing,Penguins,SunMid,Sandcastle,Fire,2026-07-27T13:43:33.310Z
5eeddefa177a7322144cbc5e,5,S_WC_Ca_SR_Sn_WF,Snow_WinterClothing_Camels_SunRising_Snowman_Fire.webp,3,2,Snow,WinterClothing,Camels,SunRising,Snowman,Fire,2026-07-27T13:43:49.277Z
5eeddefa177a7322144cbc5e,6,NS_SC_Pe_SM_Sn_NF,NoSnow_SummerClothing_Penguins_SunMid_Snowman_NoFire.webp,4,1,NoSnow,SummerClothing,Penguins,SunMid,Snowman,NoFire,2026-07-27T13:44:02.023Z
5eeddefa177a7322144cbc5e,7,S_WC_Pe_SM_Sn_NF,Snow_WinterClothing_Penguins_SunMid_Snowman_NoFire.webp,3,3,Snow,WinterClothing,Penguins,SunMid,Snowman,NoFire,2026-07-27T13:44:15.833Z
5eeddefa177a7322144cbc5e,8,NS_WC_Ca_SR_Sn_WF,NoSnow_WinterClothing_Camels_SunRising_Snowman_Fire.webp,4,2,NoSnow,WinterClothing,Camels,SunRising,Snowman,Fire,2026-07-27T13:44:27.961Z
5eeddefa177a7322144cbc5e,9,NS_WC_Ca_SM_Sa_WF,NoSnow_WinterClothing_Camels_SunMid_Sandcastle_Fire.webp,4,3,NoSnow,WinterClothing,Camels,SunMid,Sandcastle,Fire,2026-07-27T13:44:39.688Z
5eeddefa177a7322144cbc5e,10,NS_SC_Ca_SM_Sa_WF,NoSnow_SummerClothing_Camels_SunMid_Sandcastle_Fire.webp,5,5,NoSnow,SummerClothing,Camels,SunMid,Sandcastle,Fire,2026-07-27T13:44:52.551Z
5eeddefa177a7322144cbc5e,11,NS_WC_Pe_SR_Sn_NF,NoSnow_WinterClothing_Penguins_SunRising_Snowman_NoFire.webp,3,5,NoSnow,WinterClothing,Penguins,SunRising,Snowman,NoFire,2026-07-27T13:45:04.144Z
5eeddefa177a7322144cbc5e,12,NS_WC_Pe_SM_Sn_WF,NoSnow_WinterClothing_Penguins_SunMid_Snowman_Fire.webp,3,1,NoSnow,WinterClothing,Penguins,SunMid,Snowman,Fire,2026-07-27T13:45:20.378Z
5eeddefa177a7322144cbc5e,13,NS_WC_Ca_SM_Sn_WF,NoSnow_WinterClothing_Camels_SunMid_Snowman_Fire.webp,3,1,NoSnow,WinterClothing,Camels,SunMid,Snowman,Fire,2026-07-27T13:45:32.103Z
5eeddefa177a7322144cbc5e,14,S_SC_Pe_SR_Sa_WF,Snow_SummerClothing_Penguins_SunRising_Sandcastle_Fire.webp,4,2,Snow,SummerClothing,Penguins,SunRising,Sandcastle,Fire,2026-07-27T13:45:46.950Z
5eeddefa177a7322144cbc5e,15,NS_SC_Pe_SR_Sa_NF,NoSnow_SummerClothing_Penguins_SunRising_Sandcastle_NoFire.webp,4,2,NoSnow,SummerClothing,Penguins,SunRising,Sandcastle,NoFire,2026-07-27T13:46:02.262Z
5eeddefa177a7322144cbc5e,16,S_WC_Pe_SM_Sa_NF,Snow_WinterClothing_Penguins_SunMid_Sandcastle_NoFire.webp,3,3,Snow,WinterClothing,Penguins,SunMid,Sandcastle,NoFire,2026-07-27T13:46:14.774Z
5eeddefa177a7322144cbc5e,17,NS_WC_Pe_SM_Sa_NF,NoSnow_WinterClothing_Penguins_SunMid_Sandcastle_NoFire.webp,3,3,NoSnow,WinterClothing,Penguins,SunMid,Sandcastle,NoFire,2026-07-27T13:46:34.693Z
5eeddefa177a7322144cbc5e,18,NS_SC_Ca_SR_Sn_NF,NoSnow_SummerClothing_Camels_SunRising_Snowman_NoFire.webp,5,1,NoSnow,SummerClothing,Camels,SunRising,Snowman,NoFire,2026-07-27T13:46:46.386Z
5eeddefa177a7322144cbc5e,19,S_WC_Ca_SR_Sa_NF,Snow_WinterClothing_Camels_SunRising_Sandcastle_NoFire.webp,3,5,Snow,WinterClothing,Camels,SunRising,Sandcastle,NoFire,2026-07-27T13:47:02.398Z
5eeddefa177a7322144cbc5e,20,S_SC_Ca_SM_Sn_NF,Snow_SummerClothing_Camels_SunMid_Snowman_NoFire.webp,5,1,Snow,SummerClothing,Camels,SunMid,Snowman,NoFire,2026-07-27T13:47:12.359Z
5eeddefa177a7322144cbc5e,21,S_WC_Ca_SR_Sn_NF,Snow_WinterClothing_Camels_SunRising_Snowman_NoFire.webp,3,2,Snow,WinterClothing,Camels,SunRising,Snowman,NoFire,2026-07-27T13:47:25.755Z
5eeddefa177a7322144cbc5e,22,S_WC_Ca_SM_Sn_NF,Snow_WinterClothing_Camels_SunMid_Snowman_NoFire.webp,3,2,Snow,WinterClothing,Camels,SunMid,Snowman,NoFire,2026-07-27T13:47:41.252Z
5eeddefa177a7322144cbc5e,23,NS_SC_Pe_SR_Sn_NF,NoSnow_SummerClothing_Penguins_SunRising_Snowman_NoFire.webp,5,1,NoSnow,SummerClothing,Penguins,SunRising,Snowman,NoFire,2026-07-27T13:47:51.111Z
5eeddefa177a7322144cbc5e,24,S_WC_Ca_SM_Sa_WF,Snow_WinterClothing_Camels_SunMid_Sandcastle_Fire.webp,4,5,Snow,WinterClothing,Camels,SunMid,Sandcastle,Fire,2026-07-27T13:48:10.346Z
5eeddefa177a7322144cbc5e,25,NS_WC_Ca_SR_Sa_WF,NoSnow_WinterClothing_Camels_SunRising_Sandcastle_Fire.webp,4,6,NoSnow,WinterClothing,Camels,SunRising,Sandcastle,Fire,2026-07-27T13:48:25.292Z
5eeddefa177a7322144cbc5e,26,NS_SC_Ca_SR_Sa_NF,NoSnow_SummerClothing_Camels_SunRising_Sandcastle_NoFire.webp,5,6,NoSnow,SummerClothing,Camels,SunRising,Sandcastle,NoFire,2026-07-27T13:48:37.371Z
5eeddefa177a7322144cbc5e,27,S_SC_Ca_SR_Sn_NF,Snow_SummerClothing_Camels_SunRising_Snowman_NoFire.webp,5,1,Snow,SummerClothing,Camels,SunRising,Snowman,NoFire,2026-07-27T13:48:47.261Z
5eeddefa177a7322144cbc5e,28,S_SC_Pe_SR_Sa_NF,Snow_SummerClothing_Penguins_SunRising_Sandcastle_NoFire.webp,5,3,Snow,SummerClothing,Penguins,SunRising,Sandcastle,NoFire,2026-07-27T13:48:59.005Z
5eeddefa177a7322144cbc5e,29,S_SC_Pe_SM_Sn_NF,Snow_SummerClothing_Penguins_SunMid_Snowman_NoFire.webp,5,1,Snow,SummerClothing,Penguins,SunMid,Snowman,NoFire,2026-07-27T13:49:09.916Z
5eeddefa177a7322144cbc5e,30,NS_SC_Pe_SM_Sa_NF,NoSnow_SummerClothing_Penguins_SunMid_Sandcastle_NoFire.webp,5,3,NoSnow,SummerClothing,Penguins,SunMid,Sandcastle,NoFire,2026-07-27T13:49:23.778Z
5eeddefa177a7322144cbc5e,31,S_SC_Pe_SM_Sn_WF,Snow_SummerClothing_Penguins_SunMid_Snowman_Fire.webp,5,1,Snow,SummerClothing,Penguins,SunMid,Snowman,Fire,2026-07-27T13:49:33.886Z
5eeddefa177a7322144cbc5e,32,NS_WC_Ca_SM_Sa_NF,NoSnow_WinterClothing_Camels_SunMid_Sandcastle_NoFire.webp,4,6,NoSnow,WinterClothing,Camels,SunMid,Sandcastle,NoFire,2026-07-27T13:49:44.497Z
5eeddefa177a7322144cbc5e,33,S_WC_Ca_SM_Sn_WF,Snow_WinterClothing_Camels_SunMid_Snowman_Fire.webp,3,2,Snow,WinterClothing,Camels,SunMid,Snowman,Fire,2026-07-27T13:49:54.406Z
5eeddefa177a7322144cbc5e,34,S_SC_Ca_SM_Sa_NF,Snow_SummerClothing_Camels_SunMid_Sandcastle_NoFire.webp,5,6,Snow,SummerClothing,Camels,SunMid,Sandcastle,NoFire,2026-07-27T13:50:03.598Z
5eeddefa177a7322144cbc5e,35,NS_SC_Ca_SM_Sn_WF,NoSnow_SummerClothing_Camels_SunMid_Snowman_Fire.webp,5,1,NoSnow,SummerClothing,Camels,SunMid,Snowman,Fire,2026-07-27T13:50:13.140Z
5eeddefa177a7322144cbc5e,36,S_SC_Pe_SM_Sa_NF,Snow_SummerClothing_Penguins_SunMid_Sandcastle_NoFire.webp,5,2,Snow,SummerClothing,Penguins,SunMid,Sandcastle,NoFire,2026-07-27T13:50:23.182Z
5eeddefa177a7322144cbc5e,37,S_WC_Pe_SR_Sn_WF,Snow_WinterClothing_Penguins_SunRising_Snowman_Fire.webp,3,3,Snow,WinterClothing,Penguins,SunRising,Snowman,Fire,2026-07-27T13:50:32.907Z
5eeddefa177a7322144cbc5e,38,S_SC_Pe_SR_Sn_NF,Snow_SummerClothing_Penguins_SunRising_Snowman_NoFire.webp,5,1,Snow,SummerClothing,Penguins,SunRising,Snowman,NoFire,2026-07-27T13:50:46.907Z
5eeddefa177a7322144cbc5e,39,NS_SC_Pe_SM_Sn_WF,NoSnow_SummerClothing_Penguins_SunMid_Snowman_Fire.webp,5,1,NoSnow,SummerClothing,Penguins,SunMid,Snowman,Fire,2026-07-27T13:50:56.729Z
5eeddefa177a7322144cbc5e,40,S_SC_Ca_SR_Sa_NF,Snow_SummerClothing_Camels_SunRising_Sandcastle_NoFire.webp,5,6,Snow,SummerClothing,Camels,SunRising,Sandcastle,NoFire,2026-07-27T13:51:05.203Z
5eeddefa177a7322144cbc5e,41,NS_SC_Ca_SM_Sn_NF,NoSnow_SummerClothing_Camels_SunMid_Snowman_NoFire.webp,5,1,NoSnow,SummerClothing,Camels,SunMid,Snowman,NoFire,2026-07-27T13:51:16.781Z
5eeddefa177a7322144cbc5e,42,NS_WC_Pe_SR_Sa_NF,NoSnow_WinterClothing_Penguins_SunRising_Sandcastle_NoFire.webp,3,3,NoSnow,WinterClothing,Penguins,SunRising,Sandcastle,NoFire,2026-07-27T13:51:31.000Z
5eeddefa177a7322144cbc5e,43,S_WC_Pe_SR_Sn_NF,Snow_WinterClothing_Penguins_SunRising_Snowman_NoFire.webp,3,5,Snow,WinterClothing,Penguins,SunRising,Snowman,NoFire,2026-07-27T13:51:41.133Z
5eeddefa177a7322144cbc5e,44,S_SC_Ca_SM_Sn_WF,Snow_SummerClothing_Camels_SunMid_Snowman_Fire.webp,5,1,Snow,SummerClothing,Camels,SunMid,Snowman,Fire,2026-07-27T13:51:50.861Z
5eeddefa177a7322144cbc5e,45,NS_WC_Ca_SR_Sa_NF,NoSnow_WinterClothing_Camels_SunRising_Sandcastle_NoFire.webp,3,5,NoSnow,WinterClothing,Camels,SunRising,Sandcastle,NoFire,2026-07-27T13:51:59.768Z
5eeddefa177a7322144cbc5e,46,NS_SC_Pe_SM_Sa_WF,NoSnow_SummerClothing_Penguins_SunMid_Sandcastle_Fire.webp,5,2,NoSnow,SummerClothing,Penguins,SunMid,Sandcastle,Fire,2026-07-27T13:52:11.412Z
5eeddefa177a7322144cbc5e,47,NS_WC_Ca_SR_Sn_NF,NoSnow_WinterClothing_Camels_SunRising_Snowman_NoFire.webp,3,3,NoSnow,WinterClothing,Camels,SunRising,Snowman,NoFire,2026-07-27T13:52:23.725Z
5eeddefa177a7322144cbc5e,48,S_SC_Ca_SM_Sa_WF,Snow_SummerClothing_Camels_SunMid_Sandcastle_Fire.webp,5,6,Snow,SummerClothing,Camels,SunMid,Sandcastle,Fire,2026-07-27T13:52:32.099Z
5eeddefa177a7322144cbc5e,49,S_SC_Ca_SR_Sa_WF,Snow_SummerClothing_Camels_SunRising_Sandcastle_Fire.webp,5,6,Snow,SummerClothing,Camels,SunRising,Sandcastle,Fire,2026-07-27T13:52:40.939Z
5eeddefa177a7322144cbc5e,50,NS_SC_Pe_SR_Sa_WF,NoSnow_SummerClothing_Penguins_SunRising_Sandcastle_Fire.webp,5,2,NoSnow,SummerClothing,Penguins,SunRising,Sandcastle,Fire,2026-07-27T13:52:51.214Z
5eeddefa177a7322144cbc5e,51,S_WC_Pe_SM_Sa_WF,Snow_WinterClothing_Penguins_SunMid_Sandcastle_Fire.webp,4,2,Snow,WinterClothing,Penguins,SunMid,Sandcastle,Fire,2026-07-27T13:53:03.576Z
5eeddefa177a7322144cbc5e,52,S_SC_Pe_SR_Sn_WF,Snow_SummerClothing_Penguins_SunRising_Snowman_Fire.webp,5,1,Snow,SummerClothing,Penguins,SunRising,Snowman,Fire,2026-07-27T13:53:13.336Z
5eeddefa177a7322144cbc5e,53,NS_WC_Pe_SM_Sn_NF,NoSnow_WinterClothing_Penguins_SunMid_Snowman_NoFire.webp,3,6,NoSnow,WinterClothing,Penguins,SunMid,Snowman,NoFire,2026-07-27T13:53:24.580Z
5eeddefa177a7322144cbc5e,54,NS_SC_Pe_SR_Sn_WF,NoSnow_SummerClothing_Penguins_SunRising_Snowman_Fire.webp,5,1,NoSnow,SummerClothing,Penguins,SunRising,Snowman,Fire,2026-07-27T13:53:34.720Z
5eeddefa177a7322144cbc5e,55,S_WC_Pe_SM_Sn_WF,Snow_WinterClothing_Penguins_SunMid_Snowman_Fire.webp,4,2,Snow,WinterClothing,Penguins,SunMid,Snowman,Fire,2026-07-27T13:53:49.100Z
5eeddefa177a7322144cbc5e,56,S_WC_Ca_SR_Sa_WF,Snow_WinterClothing_Camels_SunRising_Sandcastle_Fire.webp,3,5,Snow,WinterClothing,Camels,SunRising,Sandcastle,Fire,2026-07-27T13:54:09.436Z
5eeddefa177a7322144cbc5e,57,S_SC_Ca_SR_Sn_WF,Snow_SummerClothing_Camels_SunRising_Snowman_Fire.webp,5,1,Snow,SummerClothing,Camels,SunRising,Snowman,Fire,2026-07-27T13:54:19.030Z
5eeddefa177a7322144cbc5e,58,NS_WC_Pe_SR_Sa_WF,NoSnow_WinterClothing_Penguins_SunRising_Sandcastle_Fire.webp,3,3,NoSnow,WinterClothing,Penguins,SunRising,Sandcastle,Fire,2026-07-27T13:54:27.918Z
5eeddefa177a7322144cbc5e,59,S_WC_Ca_SM_Sa_NF,Snow_WinterClothing_Camels_SunMid_Sandcastle_NoFire.webp,3,5,Snow,WinterClothing,Camels,SunMid,Sandcastle,NoFire,2026-07-27T13:54:37.529Z
5eeddefa177a7322144cbc5e,60,NS_SC_Ca_SR_Sn_WF,NoSnow_SummerClothing_Camels_SunRising_Snowman_Fire.webp,5,1,NoSnow,SummerClothing,Camels,SunRising,Snowman,Fire,2026-07-27T13:54:47.437Z
5eeddefa177a7322144cbc5e,61,NS_WC_Pe_SR_Sn_WF,NoSnow_WinterClothing_Penguins_SunRising_Snowman_Fire.webp,3,1,NoSnow,WinterClothing,Penguins,SunRising,Snowman,Fire,2026-07-27T13:54:58.914Z
5eeddefa177a7322144cbc5e,62,NS_SC_Ca_SM_Sa_NF,NoSnow_SummerClothing_Camels_SunMid_Sandcastle_NoFire.webp,5,6,NoSnow,SummerClothing,Camels,SunMid,Sandcastle,NoFire,2026-07-27T13:55:08.372Z
5eeddefa177a7322144cbc5e,63,NS_WC_Pe_SM_Sa_WF,NoSnow_WinterClothing_Penguins_SunMid_Sandcastle_Fire.webp,3,5,NoSnow,WinterClothing,Penguins,SunMid,Sandcastle,Fire,2026-07-27T13:55:18.883Z
59a6aa43b2130b000179d303,0,NS_SC_Ca_SR_Sn_NF,NoSnow_SummerClothing_Camels_SunRising_Snowman_NoFire.webp,6,1,NoSnow,SummerClothing,Camels,SunRising,Snowman,NoFire,2026-07-27T13:40:55.597Z
59a6aa43b2130b000179d303,1,S_SC_Ca_SM_Sa_WF,Snow_SummerClothing_Camels_SunMid_Sandcastle_Fire.webp,7,6,Snow,SummerClothing,Camels,SunMid,Sandcastle,Fire,2026-07-27T13:41:08.444Z
59a6aa43b2130b000179d303,2,S_WC_Pe_SM_Sa_NF,Snow_WinterClothing_Penguins_SunMid_Sandcastle_NoFire.webp,2,5,Snow,WinterClothing,Penguins,SunMid,Sandcastle,NoFire,2026-07-27T13:41:30.172Z
59a6aa43b2130b000179d303,3,S_WC_Ca_SR_Sn_WF,Snow_WinterClothing_Camels_SunRising_Snowman_Fire.webp,6,1,Snow,WinterClothing,Camels,SunRising,Snowman,Fire,2026-07-27T13:41:42.764Z
59a6aa43b2130b000179d303,4,S_SC_Ca_SM_Sn_WF,Snow_SummerClothing_Camels_SunMid_Snowman_Fire.webp,7,1,Snow,SummerClothing,Camels,SunMid,Snowman,Fire,2026-07-27T13:41:50.844Z
59a6aa43b2130b000179d303,5,NS_SC_Ca_SR_Sa_NF,NoSnow_SummerClothing_Camels_SunRising_Sandcastle_NoFire.webp,5,6,NoSnow,SummerClothing,Camels,SunRising,Sandcastle,NoFire,2026-07-27T13:42:02.723Z
59a6aa43b2130b000179d303,6,S_WC_Pe_SM_Sn_WF,Snow_WinterClothing_Penguins_SunMid_Snowman_Fire.webp,7,2,Snow,WinterClothing,Penguins,SunMid,Snowman,Fire,2026-07-27T13:42:10.643Z
59a6aa43b2130b000179d303,7,NS_WC_Pe_SM_Sa_NF,NoSnow_WinterClothing_Penguins_SunMid_Sandcastle_NoFire.webp,7,3,NoSnow,WinterClothing,Penguins,SunMid,Sandcastle,NoFire,2026-07-27T13:42:23.011Z
59a6aa43b2130b000179d303,8,S_SC_Ca_SR_Sn_NF,Snow_SummerClothing_Camels_SunRising_Snowman_NoFire.webp,2,1,Snow,SummerClothing,Camels,SunRising,Snowman,NoFire,2026-07-27T13:42:35.419Z
59a6aa43b2130b000179d303,9,S_WC_Pe_SR_Sa_WF,Snow_WinterClothing_Penguins_SunRising_Sandcastle_Fire.webp,6,2,Snow,WinterClothing,Penguins,SunRising,Sandcastle,Fire,2026-07-27T13:42:45.723Z
59a6aa43b2130b000179d303,10,S_WC_Pe_SR_Sa_NF,Snow_WinterClothing_Penguins_SunRising_Sandcastle_NoFire.webp,1,6,Snow,WinterClothing,Penguins,SunRising,Sandcastle,NoFire,2026-07-27T13:42:55.675Z
59a6aa43b2130b000179d303,11,S_SC_Pe_SR_Sa_WF,Snow_SummerClothing_Penguins_SunRising_Sandcastle_Fire.webp,2,3,Snow,SummerClothing,Penguins,SunRising,Sandcastle,Fire,2026-07-27T13:43:17.202Z
59a6aa43b2130b000179d303,12,NS_SC_Pe_SR_Sn_WF,NoSnow_SummerClothing_Penguins_SunRising_Snowman_Fire.webp,6,3,NoSnow,SummerClothing,Penguins,SunRising,Snowman,Fire,2026-07-27T13:43:28.427Z
59a6aa43b2130b000179d303,13,NS_WC_Pe_SM_Sn_WF,NoSnow_WinterClothing_Penguins_SunMid_Snowman_Fire.webp,2,1,NoSnow,WinterClothing,Penguins,SunMid,Snowman,Fire,2026-07-27T13:43:41.843Z
59a6aa43b2130b000179d303,14,NS_WC_Pe_SR_Sn_WF,NoSnow_WinterClothing_Penguins_SunRising_Snowman_Fire.webp,6,5,NoSnow,WinterClothing,Penguins,SunRising,Snowman,Fire,2026-07-27T13:43:53.426Z
59a6aa43b2130b000179d303,15,NS_SC_Ca_SM_Sa_WF,NoSnow_SummerClothing_Camels_SunMid_Sandcastle_Fire.webp,7,6,NoSnow,SummerClothing,Camels,SunMid,Sandcastle,Fire,2026-07-27T13:44:03.626Z
59a6aa43b2130b000179d303,16,S_SC_Ca_SR_Sa_WF,Snow_SummerClothing_Camels_SunRising_Sandcastle_Fire.webp,2,1,Snow,SummerClothing,Camels,SunRising,Sandcastle,Fire,2026-07-27T13:44:17.706Z
59a6aa43b2130b000179d303,17,NS_SC_Ca_SR_Sa_WF,NoSnow_SummerClothing_Camels_SunRising_Sandcastle_Fire.webp,6,6,NoSnow,SummerClothing,Camels,SunRising,Sandcastle,Fire,2026-07-27T13:44:26.994Z
59a6aa43b2130b000179d303,18,NS_SC_Pe_SM_Sa_NF,NoSnow_SummerClothing_Penguins_SunMid_Sandcastle_NoFire.webp,1,6,NoSnow,SummerClothing,Penguins,SunMid,Sandcastle,NoFire,2026-07-27T13:44:41.890Z
59a6aa43b2130b000179d303,19,NS_WC_Pe_SR_Sn_NF,NoSnow_WinterClothing_Penguins_SunRising_Snowman_NoFire.webp,2,6,NoSnow,WinterClothing,Penguins,SunRising,Snowman,NoFire,2026-07-27T13:44:51.794Z
59a6aa43b2130b000179d303,20,NS_WC_Ca_SM_Sn_NF,NoSnow_WinterClothing_Camels_SunMid_Snowman_NoFire.webp,6,1,NoSnow,WinterClothing,Camels,SunMid,Snowman,NoFire,2026-07-27T13:45:11.434Z
59a6aa43b2130b000179d303,21,NS_SC_Ca_SR_Sn_WF,NoSnow_SummerClothing_Camels_SunRising_Snowman_Fire.webp,6,1,NoSnow,SummerClothing,Camels,SunRising,Snowman,Fire,2026-07-27T13:45:20.970Z
59a6aa43b2130b000179d303,22,NS_WC_Ca_SR_Sn_WF,NoSnow_WinterClothing_Camels_SunRising_Snowman_Fire.webp,7,1,NoSnow,WinterClothing,Camels,SunRising,Snowman,Fire,2026-07-27T13:45:33.705Z
59a6aa43b2130b000179d303,23,NS_WC_Ca_SM_Sa_WF,NoSnow_WinterClothing_Camels_SunMid_Sandcastle_Fire.webp,7,6,NoSnow,WinterClothing,Camels,SunMid,Sandcastle,Fire,2026-07-27T13:45:42.114Z
59a6aa43b2130b000179d303,24,NS_SC_Pe_SR_Sn_NF,NoSnow_SummerClothing_Penguins_SunRising_Snowman_NoFire.webp,1,6,NoSnow,SummerClothing,Penguins,SunRising,Snowman,NoFire,2026-07-27T13:45:51.553Z
59a6aa43b2130b000179d303,25,S_WC_Pe_SM_Sa_WF,Snow_WinterClothing_Penguins_SunMid_Sandcastle_Fire.webp,2,2,Snow,WinterClothing,Penguins,SunMid,Sandcastle,Fire,2026-07-27T13:46:03.025Z
59a6aa43b2130b000179d303,26,S_SC_Ca_SR_Sn_WF,Snow_SummerClothing_Camels_SunRising_Snowman_Fire.webp,1,1,Snow,SummerClothing,Camels,SunRising,Snowman,Fire,2026-07-27T13:46:13.545Z
59a6aa43b2130b000179d303,27,NS_SC_Ca_SM_Sn_WF,NoSnow_SummerClothing_Camels_SunMid_Snowman_Fire.webp,1,1,NoSnow,SummerClothing,Camels,SunMid,Snowman,Fire,2026-07-27T13:46:24.097Z
59a6aa43b2130b000179d303,28,S_WC_Ca_SR_Sa_WF,Snow_WinterClothing_Camels_SunRising_Sandcastle_Fire.webp,7,6,Snow,WinterClothing,Camels,SunRising,Sandcastle,Fire,2026-07-27T13:46:30.946Z
59a6aa43b2130b000179d303,29,NS_WC_Ca_SR_Sa_WF,NoSnow_WinterClothing_Camels_SunRising_Sandcastle_Fire.webp,7,7,NoSnow,WinterClothing,Camels,SunRising,Sandcastle,Fire,2026-07-27T13:46:45.738Z
59a6aa43b2130b000179d303,30,S_WC_Ca_SR_Sn_NF,Snow_WinterClothing_Camels_SunRising_Snowman_NoFire.webp,2,2,Snow,WinterClothing,Camels,SunRising,Snowman,NoFire,2026-07-27T13:46:56.112Z
59a6aa43b2130b000179d303,31,S_WC_Ca_SM_Sn_WF,Snow_WinterClothing_Camels_SunMid_Snowman_Fire.webp,1,3,Snow,WinterClothing,Camels,SunMid,Snowman,Fire,2026-07-27T13:47:14.729Z
59a6aa43b2130b000179d303,32,NS_WC_Ca_SM_Sn_WF,NoSnow_WinterClothing_Camels_SunMid_Snowman_Fire.webp,7,1,NoSnow,WinterClothing,Camels,SunMid,Snowman,Fire,2026-07-27T13:47:24.673Z
59a6aa43b2130b000179d303,33,NS_WC_Ca_SM_Sa_NF,NoSnow_WinterClothing_Camels_SunMid_Sandcastle_NoFire.webp,7,6,NoSnow,WinterClothing,Camels,SunMid,Sandcastle,NoFire,2026-07-27T13:47:31.824Z
59a6aa43b2130b000179d303,34,S_SC_Ca_SM_Sa_NF,Snow_SummerClothing_Camels_SunMid_Sandcastle_NoFire.webp,1,2,Snow,SummerClothing,Camels,SunMid,Sandcastle,NoFire,2026-07-27T13:47:41.952Z
59a6aa43b2130b000179d303,35,S_SC_Pe_SR_Sa_NF,Snow_SummerClothing_Penguins_SunRising_Sandcastle_NoFire.webp,1,5,Snow,SummerClothing,Penguins,SunRising,Sandcastle,NoFire,2026-07-27T13:47:50.528Z
59a6aa43b2130b000179d303,36,NS_SC_Ca_SM_Sa_NF,NoSnow_SummerClothing_Camels_SunMid_Sandcastle_NoFire.webp,6,6,NoSnow,SummerClothing,Camels,SunMid,Sandcastle,NoFire,2026-07-27T13:47:57.648Z
59a6aa43b2130b000179d303,37,S_WC_Ca_SM_Sn_NF,Snow_WinterClothing_Camels_SunMid_Snowman_NoFire.webp,2,3,Snow,WinterClothing,Camels,SunMid,Snowman,NoFire,2026-07-27T13:48:06.631Z
59a6aa43b2130b000179d303,38,NS_SC_Pe_SM_Sn_WF,NoSnow_SummerClothing_Penguins_SunMid_Snowman_Fire.webp,6,1,NoSnow,SummerClothing,Penguins,SunMid,Snowman,Fire,2026-07-27T13:48:37.096Z
59a6aa43b2130b000179d303,39,S_SC_Ca_SR_Sa_NF,Snow_SummerClothing_Camels_SunRising_Sandcastle_NoFire.webp,1,2,Snow,SummerClothing,Camels,SunRising,Sandcastle,NoFire,2026-07-27T13:48:46.648Z
59a6aa43b2130b000179d303,40,NS_SC_Pe_SM_Sn_NF,NoSnow_SummerClothing_Penguins_SunMid_Snowman_NoFire.webp,6,1,NoSnow,SummerClothing,Penguins,SunMid,Snowman,NoFire,2026-07-27T13:48:54.640Z
59a6aa43b2130b000179d303,41,S_SC_Ca_SM_Sn_NF,Snow_SummerClothing_Camels_SunMid_Snowman_NoFire.webp,1,3,Snow,SummerClothing,Camels,SunMid,Snowman,NoFire,2026-07-27T13:49:02.064Z
59a6aa43b2130b000179d303,42,S_WC_Ca_SM_Sa_WF,Snow_WinterClothing_Camels_SunMid_Sandcastle_Fire.webp,2,1,Snow,WinterClothing,Camels,SunMid,Sandcastle,Fire,2026-07-27T13:49:11.463Z
59a6aa43b2130b000179d303,43,NS_WC_Pe_SM_Sn_NF,NoSnow_WinterClothing_Penguins_SunMid_Snowman_NoFire.webp,7,1,NoSnow,WinterClothing,Penguins,SunMid,Snowman,NoFire,2026-07-27T13:49:21.224Z
59a6aa43b2130b000179d303,44,NS_WC_Pe_SR_Sa_WF,NoSnow_WinterClothing_Penguins_SunRising_Sandcastle_Fire.webp,7,3,NoSnow,WinterClothing,Penguins,SunRising,Sandcastle,Fire,2026-07-27T13:49:31.256Z
59a6aa43b2130b000179d303,45,S_SC_Pe_SR_Sn_NF,Snow_SummerClothing_Penguins_SunRising_Snowman_NoFire.webp,1,7,Snow,SummerClothing,Penguins,SunRising,Snowman,NoFire,2026-07-27T13:49:38.479Z
59a6aa43b2130b000179d303,46,NS_WC_Pe_SM_Sa_WF,NoSnow_WinterClothing_Penguins_SunMid_Sandcastle_Fire.webp,7,3,NoSnow,WinterClothing,Penguins,SunMid,Sandcastle,Fire,2026-07-27T13:49:45.279Z
59a6aa43b2130b000179d303,47,S_WC_Ca_SR_Sa_NF,Snow_WinterClothing_Camels_SunRising_Sandcastle_NoFire.webp,2,2,Snow,WinterClothing,Camels,SunRising,Sandcastle,NoFire,2026-07-27T13:49:54.695Z
59a6aa43b2130b000179d303,48,NS_WC_Ca_SR_Sa_NF,NoSnow_WinterClothing_Camels_SunRising_Sandcastle_NoFire.webp,7,6,NoSnow,WinterClothing,Camels,SunRising,Sandcastle,NoFire,2026-07-27T13:50:01.295Z
59a6aa43b2130b000179d303,49,NS_SC_Pe_SR_Sa_NF,NoSnow_SummerClothing_Penguins_SunRising_Sandcastle_NoFire.webp,6,3,NoSnow,SummerClothing,Penguins,SunRising,Sandcastle,NoFire,2026-07-27T13:50:08.727Z
59a6aa43b2130b000179d303,50,S_SC_Pe_SM_Sn_NF,Snow_SummerClothing_Penguins_SunMid_Snowman_NoFire.webp,1,7,Snow,SummerClothing,Penguins,SunMid,Snowman,NoFire,2026-07-27T13:50:17.263Z
59a6aa43b2130b000179d303,51,NS_SC_Ca_SM_Sn_NF,NoSnow_SummerClothing_Camels_SunMid_Snowman_NoFire.webp,6,1,NoSnow,SummerClothing,Camels,SunMid,Snowman,NoFire,2026-07-27T13:50:29.375Z
59a6aa43b2130b000179d303,52,S_SC_Pe_SM_Sa_NF,Snow_SummerClothing_Penguins_SunMid_Sandcastle_NoFire.webp,1,2,Snow,SummerClothing,Penguins,SunMid,Sandcastle,NoFire,2026-07-27T13:50:36.471Z
59a6aa43b2130b000179d303,53,S_WC_Pe_SR_Sn_NF,Snow_WinterClothing_Penguins_SunRising_Snowman_NoFire.webp,2,7,Snow,WinterClothing,Penguins,SunRising,Snowman,NoFire,2026-07-27T13:50:45.695Z
59a6aa43b2130b000179d303,54,S_SC_Pe_SM_Sa_WF,Snow_SummerClothing_Penguins_SunMid_Sandcastle_Fire.webp,2,2,Snow,SummerClothing,Penguins,SunMid,Sandcastle,Fire,2026-07-27T13:50:54.239Z
59a6aa43b2130b000179d303,55,NS_SC_Pe_SM_Sa_WF,NoSnow_SummerClothing_Penguins_SunMid_Sandcastle_Fire.webp,6,3,NoSnow,SummerClothing,Penguins,SunMid,Sandcastle,Fire,2026-07-27T13:51:01.695Z
59a6aa43b2130b000179d303,56,S_WC_Pe_SR_Sn_WF,Snow_WinterClothing_Penguins_SunRising_Snowman_Fire.webp,2,6,Snow,WinterClothing,Penguins,SunRising,Snowman,Fire,2026-07-27T13:51:12.271Z
59a6aa43b2130b000179d303,57,NS_WC_Pe_SR_Sa_NF,NoSnow_WinterClothing_Penguins_SunRising_Sandcastle_NoFire.webp,6,3,NoSnow,WinterClothing,Penguins,SunRising,Sandcastle,NoFire,2026-07-27T13:51:20.006Z
59a6aa43b2130b000179d303,58,NS_WC_Ca_SR_Sn_NF,NoSnow_WinterClothing_Camels_SunRising_Snowman_NoFire.webp,6,1,NoSnow,WinterClothing,Camels,SunRising,Snowman,NoFire,2026-07-27T13:51:28.702Z
59a6aa43b2130b000179d303,59,S_WC_Ca_SM_Sa_NF,Snow_WinterClothing_Camels_SunMid_Sandcastle_NoFire.webp,2,3,Snow,WinterClothing,Camels,SunMid,Sandcastle,NoFire,2026-07-27T13:51:36.303Z
59a6aa43b2130b000179d303,60,NS_SC_Pe_SR_Sa_WF,NoSnow_SummerClothing_Penguins_SunRising_Sandcastle_Fire.webp,7,2,NoSnow,SummerClothing,Penguins,SunRising,Sandcastle,Fire,2026-07-27T13:51:43.119Z
59a6aa43b2130b000179d303,61,S_WC_Pe_SM_Sn_NF,Snow_WinterClothing_Penguins_SunMid_Snowman_NoFire.webp,3,7,Snow,WinterClothing,Penguins,SunMid,Snowman,NoFire,2026-07-27T13:51:53.423Z
59a6aa43b2130b000179d303,62,S_SC_Pe_SM_Sn_WF,Snow_SummerClothing_Penguins_SunMid_Snowman_Fire.webp,1,1,Snow,SummerClothing,Penguins,SunMid,Snowman,Fire,2026-07-27T13:52:01.463Z
59a6aa43b2130b000179d303,63,S_SC_Pe_SR_Sn_WF,Snow_SummerClothing_Penguins_SunRising_Snowman_Fire.webp,1,2,Snow,SummerClothing,Penguins,SunRising,Snowman,Fire,2026-07-27T13:52:11.886Z
69f8bc07d52873c9339d15ef,0,NS_WC_Ca_SR_Sa_NF,NoSnow_WinterClothing_Camels_SunRising_Sandcastle_NoFire.webp,6,2,NoSnow,WinterClothing,Camels,SunRising,Sandcastle,NoFire,2026-07-27T13:41:16.857Z
69f8bc07d52873c9339d15ef,1,NS_WC_Ca_SM_Sn_WF,NoSnow_WinterClothing_Camels_SunMid_Snowman_Fire.webp,3,2,NoSnow,WinterClothing,Camels,SunMid,Snowman,Fire,2026-07-27T13:41:39.018Z
69f8bc07d52873c9339d15ef,2,S_SC_Pe_SR_Sa_NF,Snow_SummerClothing_Penguins_SunRising_Sandcastle_NoFire.webp,3,2,Snow,SummerClothing,Penguins,SunRising,Sandcastle,NoFire,2026-07-27T13:42:04.725Z
69f8bc07d52873c9339d15ef,3,S_SC_Pe_SM_Sa_WF,Snow_SummerClothing_Penguins_SunMid_Sandcastle_Fire.webp,4,2,Snow,SummerClothing,Penguins,SunMid,Sandcastle,Fire,2026-07-27T13:42:32.628Z
69f8bc07d52873c9339d15ef,4,S_WC_Ca_SR_Sn_WF,Snow_WinterClothing_Camels_SunRising_Snowman_Fire.webp,3,2,Snow,WinterClothing,Camels,SunRising,Snowman,Fire,2026-07-27T13:42:52.827Z
69f8bc07d52873c9339d15ef,5,NS_WC_Ca_SR_Sn_WF,NoSnow_WinterClothing_Camels_SunRising_Snowman_Fire.webp,2,2,NoSnow,WinterClothing,Camels,SunRising,Snowman,Fire,2026-07-27T13:43:03.899Z
69f8bc07d52873c9339d15ef,6,S_WC_Pe_SR_Sn_NF,Snow_WinterClothing_Penguins_SunRising_Snowman_NoFire.webp,2,2,Snow,WinterClothing,Penguins,SunRising,Snowman,NoFire,2026-07-27T13:43:13.275Z
69f8bc07d52873c9339d15ef,7,NS_WC_Ca_SR_Sn_NF,NoSnow_WinterClothing_Camels_SunRising_Snowman_NoFire.webp,3,2,NoSnow,WinterClothing,Camels,SunRising,Snowman,NoFire,2026-07-27T13:43:28.570Z
69f8bc07d52873c9339d15ef,8,S_WC_Pe_SM_Sn_WF,Snow_WinterClothing_Penguins_SunMid_Snowman_Fire.webp,2,2,Snow,WinterClothing,Penguins,SunMid,Snowman,Fire,2026-07-27T13:43:49.091Z
69f8bc07d52873c9339d15ef,9,S_SC_Ca_SM_Sn_NF,Snow_SummerClothing_Camels_SunMid_Snowman_NoFire.webp,4,2,Snow,SummerClothing,Camels,SunMid,Snowman,NoFire,2026-07-27T13:44:02.770Z
69f8bc07d52873c9339d15ef,10,NS_SC_Pe_SM_Sn_NF,NoSnow_SummerClothing_Penguins_SunMid_Snowman_NoFire.webp,3,2,NoSnow,SummerClothing,Penguins,SunMid,Snowman,NoFire,2026-07-27T13:44:20.494Z
69f8bc07d52873c9339d15ef,11,S_SC_Ca_SR_Sn_NF,Snow_SummerClothing_Camels_SunRising_Snowman_NoFire.webp,4,2,Snow,SummerClothing,Camels,SunRising,Snowman,NoFire,2026-07-27T13:44:33.526Z
69f8bc07d52873c9339d15ef,12,NS_WC_Pe_SR_Sn_NF,NoSnow_WinterClothing_Penguins_SunRising_Snowman_NoFire.webp,2,2,NoSnow,WinterClothing,Penguins,SunRising,Snowman,NoFire,2026-07-27T13:44:42.798Z
69f8bc07d52873c9339d15ef,13,S_WC_Ca_SM_Sa_NF,Snow_WinterClothing_Camels_SunMid_Sandcastle_NoFire.webp,4,3,Snow,WinterClothing,Camels,SunMid,Sandcastle,NoFire,2026-07-27T13:44:57.761Z
69f8bc07d52873c9339d15ef,14,NS_WC_Ca_SM_Sa_WF,NoSnow_WinterClothing_Camels_SunMid_Sandcastle_Fire.webp,3,3,NoSnow,WinterClothing,Camels,SunMid,Sandcastle,Fire,2026-07-27T13:45:05.851Z
69f8bc07d52873c9339d15ef,15,S_WC_Pe_SR_Sa_NF,Snow_WinterClothing_Penguins_SunRising_Sandcastle_NoFire.webp,4,3,Snow,WinterClothing,Penguins,SunRising,Sandcastle,NoFire,2026-07-27T13:45:15.879Z
69f8bc07d52873c9339d15ef,16,NS_WC_Pe_SR_Sa_NF,NoSnow_WinterClothing_Penguins_SunRising_Sandcastle_NoFire.webp,4,3,NoSnow,WinterClothing,Penguins,SunRising,Sandcastle,NoFire,2026-07-27T13:45:24.676Z
69f8bc07d52873c9339d15ef,17,NS_SC_Pe_SR_Sn_WF,NoSnow_SummerClothing_Penguins_SunRising_Snowman_Fire.webp,4,2,NoSnow,SummerClothing,Penguins,SunRising,Snowman,Fire,2026-07-27T13:45:38.170Z
69f8bc07d52873c9339d15ef,18,S_WC_Pe_SM_Sn_NF,Snow_WinterClothing_Penguins_SunMid_Snowman_NoFire.webp,3,2,Snow,WinterClothing,Penguins,SunMid,Snowman,NoFire,2026-07-27T13:45:51.720Z
69f8bc07d52873c9339d15ef,19,NS_WC_Pe_SR_Sa_WF,NoSnow_WinterClothing_Penguins_SunRising_Sandcastle_Fire.webp,4,2,NoSnow,WinterClothing,Penguins,SunRising,Sandcastle,Fire,2026-07-27T13:46:01.159Z
69f8bc07d52873c9339d15ef,20,NS_SC_Pe_SR_Sn_NF,NoSnow_SummerClothing_Penguins_SunRising_Snowman_NoFire.webp,3,2,NoSnow,SummerClothing,Penguins,SunRising,Snowman,NoFire,2026-07-27T13:46:20.530Z
69f8bc07d52873c9339d15ef,21,NS_SC_Pe_SR_Sa_WF,NoSnow_SummerClothing_Penguins_SunRising_Sandcastle_Fire.webp,4,2,NoSnow,SummerClothing,Penguins,SunRising,Sandcastle,Fire,2026-07-27T13:46:29.143Z
69f8bc07d52873c9339d15ef,22,S_SC_Ca_SM_Sn_WF,Snow_SummerClothing_Camels_SunMid_Snowman_Fire.webp,4,2,Snow,SummerClothing,Camels,SunMid,Snowman,Fire,2026-07-27T13:46:48.480Z
69f8bc07d52873c9339d15ef,23,S_SC_Ca_SR_Sa_NF,Snow_SummerClothing_Camels_SunRising_Sandcastle_NoFire.webp,4,3,Snow,SummerClothing,Camels,SunRising,Sandcastle,NoFire,2026-07-27T13:47:05.913Z
69f8bc07d52873c9339d15ef,24,NS_WC_Pe_SM_Sn_WF,NoSnow_WinterClothing_Penguins_SunMid_Snowman_Fire.webp,3,2,NoSnow,WinterClothing,Penguins,SunMid,Snowman,Fire,2026-07-27T13:47:19.793Z
69f8bc07d52873c9339d15ef,25,NS_WC_Pe_SR_Sn_WF,NoSnow_WinterClothing_Penguins_SunRising_Snowman_Fire.webp,2,2,NoSnow,WinterClothing,Penguins,SunRising,Snowman,Fire,2026-07-27T13:47:31.036Z
69f8bc07d52873c9339d15ef,26,NS_WC_Ca_SM_Sa_NF,NoSnow_WinterClothing_Camels_SunMid_Sandcastle_NoFire.webp,4,3,NoSnow,WinterClothing,Camels,SunMid,Sandcastle,NoFire,2026-07-27T13:47:39.325Z
69f8bc07d52873c9339d15ef,27,S_WC_Pe_SM_Sa_NF,Snow_WinterClothing_Penguins_SunMid_Sandcastle_NoFire.webp,4,3,Snow,WinterClothing,Penguins,SunMid,Sandcastle,NoFire,2026-07-27T13:47:48.843Z
69f8bc07d52873c9339d15ef,28,S_WC_Ca_SR_Sn_NF,Snow_WinterClothing_Camels_SunRising_Snowman_NoFire.webp,3,3,Snow,WinterClothing,Camels,SunRising,Snowman,NoFire,2026-07-27T13:48:00.759Z
69f8bc07d52873c9339d15ef,29,NS_WC_Ca_SM_Sn_NF,NoSnow_WinterClothing_Camels_SunMid_Snowman_NoFire.webp,4,3,NoSnow,WinterClothing,Camels,SunMid,Snowman,NoFire,2026-07-27T13:48:11.906Z
69f8bc07d52873c9339d15ef,30,S_SC_Ca_SM_Sa_NF,Snow_SummerClothing_Camels_SunMid_Sandcastle_NoFire.webp,5,5,Snow,SummerClothing,Camels,SunMid,Sandcastle,NoFire,2026-07-27T13:48:28.885Z
69f8bc07d52873c9339d15ef,31,S_SC_Ca_SM_Sa_WF,Snow_SummerClothing_Camels_SunMid_Sandcastle_Fire.webp,6,5,Snow,SummerClothing,Camels,SunMid,Sandcastle,Fire,2026-07-27T13:48:36.913Z
69f8bc07d52873c9339d15ef,32,NS_WC_Pe_SM_Sn_NF,NoSnow_WinterClothing_Penguins_SunMid_Snowman_NoFire.webp,3,3,NoSnow,WinterClothing,Penguins,SunMid,Snowman,NoFire,2026-07-27T13:48:45.936Z
69f8bc07d52873c9339d15ef,33,NS_SC_Ca_SM_Sa_WF,NoSnow_SummerClothing_Camels_SunMid_Sandcastle_Fire.webp,6,4,NoSnow,SummerClothing,Camels,SunMid,Sandcastle,Fire,2026-07-27T13:48:55.360Z
69f8bc07d52873c9339d15ef,34,S_SC_Pe_SM_Sa_NF,Snow_SummerClothing_Penguins_SunMid_Sandcastle_NoFire.webp,5,3,Snow,SummerClothing,Penguins,SunMid,Sandcastle,NoFire,2026-07-27T13:49:06.401Z
69f8bc07d52873c9339d15ef,35,S_SC_Pe_SM_Sn_NF,Snow_SummerClothing_Penguins_SunMid_Snowman_NoFire.webp,3,3,Snow,SummerClothing,Penguins,SunMid,Snowman,NoFire,2026-07-27T13:49:29.156Z
69f8bc07d52873c9339d15ef,36,S_WC_Pe_SR_Sa_WF,Snow_WinterClothing_Penguins_SunRising_Sandcastle_Fire.webp,4,2,Snow,WinterClothing,Penguins,SunRising,Sandcastle,Fire,2026-07-27T13:49:38.815Z
69f8bc07d52873c9339d15ef,37,S_SC_Ca_SR_Sn_WF,Snow_SummerClothing_Camels_SunRising_Snowman_Fire.webp,3,2,Snow,SummerClothing,Camels,SunRising,Snowman,Fire,2026-07-27T13:49:48.319Z
69f8bc07d52873c9339d15ef,38,NS_SC_Ca_SM_Sa_NF,NoSnow_SummerClothing_Camels_SunMid_Sandcastle_NoFire.webp,5,5,NoSnow,SummerClothing,Camels,SunMid,Sandcastle,NoFire,2026-07-27T13:50:16.633Z
69f8bc07d52873c9339d15ef,39,NS_WC_Ca_SR_Sa_WF,NoSnow_WinterClothing_Camels_SunRising_Sandcastle_Fire.webp,4,4,NoSnow,WinterClothing,Camels,SunRising,Sandcastle,Fire,2026-07-27T13:50:23.654Z
69f8bc07d52873c9339d15ef,40,NS_SC_Ca_SR_Sn_NF,NoSnow_SummerClothing_Camels_SunRising_Snowman_NoFire.webp,3,2,NoSnow,SummerClothing,Camels,SunRising,Snowman,NoFire,2026-07-27T13:50:30.948Z
69f8bc07d52873c9339d15ef,41,S_SC_Pe_SR_Sa_WF,Snow_SummerClothing_Penguins_SunRising_Sandcastle_Fire.webp,3,3,Snow,SummerClothing,Penguins,SunRising,Sandcastle,Fire,2026-07-27T13:50:45.389Z
69f8bc07d52873c9339d15ef,42,NS_SC_Pe_SM_Sa_WF,NoSnow_SummerClothing_Penguins_SunMid_Sandcastle_Fire.webp,4,2,NoSnow,SummerClothing,Penguins,SunMid,Sandcastle,Fire,2026-07-27T13:51:16.702Z
69f8bc07d52873c9339d15ef,43,NS_SC_Pe_SM_Sa_NF,NoSnow_SummerClothing_Penguins_SunMid_Sandcastle_NoFire.webp,5,3,NoSnow,SummerClothing,Penguins,SunMid,Sandcastle,NoFire,2026-07-27T13:51:41.427Z
69f8bc07d52873c9339d15ef,44,S_SC_Pe_SR_Sn_NF,Snow_SummerClothing_Penguins_SunRising_Snowman_NoFire.webp,3,3,Snow,SummerClothing,Penguins,SunRising,Snowman,NoFire,2026-07-27T13:51:55.990Z
69f8bc07d52873c9339d15ef,45,NS_SC_Ca_SR_Sa_NF,NoSnow_SummerClothing_Camels_SunRising_Sandcastle_NoFire.webp,5,4,NoSnow,SummerClothing,Camels,SunRising,Sandcastle,NoFire,2026-07-27T13:52:07.761Z
69f8bc07d52873c9339d15ef,46,S_WC_Ca_SR_Sa_WF,Snow_WinterClothing_Camels_SunRising_Sandcastle_Fire.webp,5,4,Snow,WinterClothing,Camels,SunRising,Sandcastle,Fire,2026-07-27T13:52:16.447Z
69f8bc07d52873c9339d15ef,47,S_WC_Pe_SM_Sa_WF,Snow_WinterClothing_Penguins_SunMid_Sandcastle_Fire.webp,4,3,Snow,WinterClothing,Penguins,SunMid,Sandcastle,Fire,2026-07-27T13:52:31.461Z
69f8bc07d52873c9339d15ef,48,NS_SC_Ca_SM_Sn_WF,NoSnow_SummerClothing_Camels_SunMid_Snowman_Fire.webp,3,2,NoSnow,SummerClothing,Camels,SunMid,Snowman,Fire,2026-07-27T13:52:42.885Z
69f8bc07d52873c9339d15ef,49,S_SC_Pe_SM_Sn_WF,Snow_SummerClothing_Penguins_SunMid_Snowman_Fire.webp,3,2,Snow,SummerClothing,Penguins,SunMid,Snowman,Fire,2026-07-27T13:53:00.455Z
69f8bc07d52873c9339d15ef,50,S_SC_Ca_SR_Sa_WF,Snow_SummerClothing_Camels_SunRising_Sandcastle_Fire.webp,5,5,Snow,SummerClothing,Camels,SunRising,Sandcastle,Fire,2026-07-27T13:53:18.342Z
69f8bc07d52873c9339d15ef,51,S_WC_Ca_SM_Sa_WF,Snow_WinterClothing_Camels_SunMid_Sandcastle_Fire.webp,6,4,Snow,WinterClothing,Camels,SunMid,Sandcastle,Fire,2026-07-27T13:53:29.361Z
69f8bc07d52873c9339d15ef,52,NS_SC_Ca_SR_Sn_WF,NoSnow_SummerClothing_Camels_SunRising_Snowman_Fire.webp,4,2,NoSnow,SummerClothing,Camels,SunRising,Snowman,Fire,2026-07-27T13:53:41.486Z
69f8bc07d52873c9339d15ef,53,S_WC_Ca_SR_Sa_NF,Snow_WinterClothing_Camels_SunRising_Sandcastle_NoFire.webp,4,4,Snow,WinterClothing,Camels,SunRising,Sandcastle,NoFire,2026-07-27T13:53:59.567Z
69f8bc07d52873c9339d15ef,54,S_WC_Ca_SM_Sn_NF,Snow_WinterClothing_Camels_SunMid_Snowman_NoFire.webp,3,3,Snow,WinterClothing,Camels,SunMid,Snowman,NoFire,2026-07-27T13:54:06.940Z
69f8bc07d52873c9339d15ef,55,NS_WC_Pe_SM_Sa_NF,NoSnow_WinterClothing_Penguins_SunMid_Sandcastle_NoFire.webp,4,3,NoSnow,WinterClothing,Penguins,SunMid,Sandcastle,NoFire,2026-07-27T13:54:17.750Z
69f8bc07d52873c9339d15ef,56,NS_SC_Pe_SM_Sn_WF,NoSnow_SummerClothing_Penguins_SunMid_Snowman_Fire.webp,4,2,NoSnow,SummerClothing,Penguins,SunMid,Snowman,Fire,2026-07-27T13:54:35.676Z
69f8bc07d52873c9339d15ef,57,NS_SC_Ca_SR_Sa_WF,NoSnow_SummerClothing_Camels_SunRising_Sandcastle_Fire.webp,5,4,NoSnow,SummerClothing,Camels,SunRising,Sandcastle,Fire,2026-07-27T13:54:44.568Z
69f8bc07d52873c9339d15ef,58,NS_SC_Pe_SR_Sa_NF,NoSnow_SummerClothing_Penguins_SunRising_Sandcastle_NoFire.webp,4,3,NoSnow,SummerClothing,Penguins,SunRising,Sandcastle,NoFire,2026-07-27T13:54:51.540Z
69f8bc07d52873c9339d15ef,59,S_SC_Pe_SR_Sn_WF,Snow_SummerClothing_Penguins_SunRising_Snowman_Fire.webp,3,2,Snow,SummerClothing,Penguins,SunRising,Snowman,Fire,2026-07-27T13:55:01.899Z
69f8bc07d52873c9339d15ef,60,S_WC_Pe_SR_Sn_WF,Snow_WinterClothing_Penguins_SunRising_Snowman_Fire.webp,4,2,Snow,WinterClothing,Penguins,SunRising,Snowman,Fire,2026-07-27T13:55:09.802Z
69f8bc07d52873c9339d15ef,61,NS_SC_Ca_SM_Sn_NF,NoSnow_SummerClothing_Camels_SunMid_Snowman_NoFire.webp,3,2,NoSnow,SummerClothing,Camels,SunMid,Snowman,NoFire,2026-07-27T13:55:19.397Z
69f8bc07d52873c9339d15ef,62,NS_WC_Pe_SM_Sa_WF,NoSnow_WinterClothing_Penguins_SunMid_Sandcastle_Fire.webp,4,3,NoSnow,WinterClothing,Penguins,SunMid,Sandcastle,Fire,2026-07-27T13:55:28.295Z
69f8bc07d52873c9339d15ef,63,S_WC_Ca_SM_Sn_WF,Snow_WinterClothing_Camels_SunMid_Snowman_Fire.webp,4,2,Snow,WinterClothing,Camels,SunMid,Snowman,Fire,2026-07-27T13:55:40.807Z
6a26993596a2406c8d12c65a,0,NS_WC_Pe_SR_Sn_NF,NoSnow_WinterClothing_Penguins_SunRising_Snowman_NoFire.webp,2,1,NoSnow,WinterClothing,Penguins,SunRising,Snowman,NoFire,2026-07-27T13:43:28.359Z
6a26993596a2406c8d12c65a,1,NS_SC_Pe_SM_Sn_WF,NoSnow_SummerClothing_Penguins_SunMid_Snowman_Fire.webp,5,1,NoSnow,SummerClothing,Penguins,SunMid,Snowman,Fire,2026-07-27T13:43:42.999Z
6a26993596a2406c8d12c65a,2,S_WC_Pe_SM_Sn_NF,Snow_WinterClothing_Penguins_SunMid_Snowman_NoFire.webp,3,1,Snow,WinterClothing,Penguins,SunMid,Snowman,NoFire,2026-07-27T13:44:03.419Z
660a6b953836d16312814993,0,NS_WC_Ca_SM_Sn_WF,NoSnow_WinterClothing_Camels_SunMid_Snowman_Fire.webp,2,1,NoSnow,WinterClothing,Camels,SunMid,Snowman,Fire,2026-07-27T13:41:48.593Z
660a6b953836d16312814993,1,S_SC_Pe_SM_Sa_NF,Snow_SummerClothing_Penguins_SunMid_Sandcastle_NoFire.webp,5,2,Snow,SummerClothing,Penguins,SunMid,Sandcastle,NoFire,2026-07-27T13:42:07.905Z
660a6b953836d16312814993,2,NS_SC_Ca_SM_Sa_NF,NoSnow_SummerClothing_Camels_SunMid_Sandcastle_NoFire.webp,6,5,NoSnow,SummerClothing,Camels,SunMid,Sandcastle,NoFire,2026-07-27T13:42:21.457Z
660a6b953836d16312814993,3,S_WC_Pe_SM_Sn_NF,Snow_WinterClothing_Penguins_SunMid_Snowman_NoFire.webp,4,5,Snow,WinterClothing,Penguins,SunMid,Snowman,NoFire,2026-07-27T13:42:36.945Z
660a6b953836d16312814993,4,NS_SC_Pe_SM_Sn_NF,NoSnow_SummerClothing_Penguins_SunMid_Snowman_NoFire.webp,3,2,NoSnow,SummerClothing,Penguins,SunMid,Snowman,NoFire,2026-07-27T13:42:50.538Z
660a6b953836d16312814993,5,S_WC_Pe_SR_Sn_NF,Snow_WinterClothing_Penguins_SunRising_Snowman_NoFire.webp,1,6,Snow,WinterClothing,Penguins,SunRising,Snowman,NoFire,2026-07-27T13:42:59.401Z
660a6b953836d16312814993,6,S_WC_Ca_SR_Sn_WF,Snow_WinterClothing_Camels_SunRising_Snowman_Fire.webp,2,2,Snow,WinterClothing,Camels,SunRising,Snowman,Fire,2026-07-27T13:43:09.857Z
660a6b953836d16312814993,7,NS_SC_Ca_SR_Sa_WF,NoSnow_SummerClothing_Camels_SunRising_Sandcastle_Fire.webp,5,6,NoSnow,SummerClothing,Camels,SunRising,Sandcastle,Fire,2026-07-27T13:43:25.066Z
660a6b953836d16312814993,8,S_WC_Ca_SM_Sn_NF,Snow_WinterClothing_Camels_SunMid_Snowman_NoFire.webp,3,2,Snow,WinterClothing,Camels,SunMid,Snowman,NoFire,2026-07-27T13:43:32.882Z
660a6b953836d16312814993,9,S_SC_Ca_SR_Sn_NF,Snow_SummerClothing_Camels_SunRising_Snowman_NoFire.webp,5,3,Snow,SummerClothing,Camels,SunRising,Snowman,NoFire,2026-07-27T13:43:45.242Z
660a6b953836d16312814993,10,NS_WC_Ca_SR_Sn_NF,NoSnow_WinterClothing_Camels_SunRising_Snowman_NoFire.webp,4,5,NoSnow,WinterClothing,Camels,SunRising,Snowman,NoFire,2026-07-27T13:43:52.850Z
660a6b953836d16312814993,11,S_SC_Ca_SM_Sa_WF,Snow_SummerClothing_Camels_SunMid_Sandcastle_Fire.webp,6,3,Snow,SummerClothing,Camels,SunMid,Sandcastle,Fire,2026-07-27T13:44:03.154Z
660a6b953836d16312814993,12,S_SC_Pe_SM_Sn_WF,Snow_SummerClothing_Penguins_SunMid_Snowman_Fire.webp,3,1,Snow,SummerClothing,Penguins,SunMid,Snowman,Fire,2026-07-27T13:44:11.946Z
660a6b953836d16312814993,13,S_WC_Ca_SM_Sa_NF,Snow_WinterClothing_Camels_SunMid_Sandcastle_NoFire.webp,5,3,Snow,WinterClothing,Camels,SunMid,Sandcastle,NoFire,2026-07-27T13:44:26.186Z
660a6b953836d16312814993,14,S_SC_Ca_SM_Sa_NF,Snow_SummerClothing_Camels_SunMid_Sandcastle_NoFire.webp,6,6,Snow,SummerClothing,Camels,SunMid,Sandcastle,NoFire,2026-07-27T13:44:37.226Z
660a6b953836d16312814993,15,NS_WC_Pe_SR_Sn_NF,NoSnow_WinterClothing_Penguins_SunRising_Snowman_NoFire.webp,2,5,NoSnow,WinterClothing,Penguins,SunRising,Snowman,NoFire,2026-07-27T13:44:45.930Z
660a6b953836d16312814993,16,S_WC_Pe_SR_Sn_WF,Snow_WinterClothing_Penguins_SunRising_Snowman_Fire.webp,2,6,Snow,WinterClothing,Penguins,SunRising,Snowman,Fire,2026-07-27T13:44:55.914Z
660a6b953836d16312814993,17,S_WC_Ca_SR_Sa_WF,Snow_WinterClothing_Camels_SunRising_Sandcastle_Fire.webp,2,3,Snow,WinterClothing,Camels,SunRising,Sandcastle,Fire,2026-07-27T13:45:02.250Z
660a6b953836d16312814993,18,NS_SC_Pe_SR_Sn_NF,NoSnow_SummerClothing_Penguins_SunRising_Snowman_NoFire.webp,5,6,NoSnow,SummerClothing,Penguins,SunRising,Snowman,NoFire,2026-07-27T13:45:12.274Z
660a6b953836d16312814993,19,S_WC_Ca_SR_Sa_NF,Snow_WinterClothing_Camels_SunRising_Sandcastle_NoFire.webp,4,3,Snow,WinterClothing,Camels,SunRising,Sandcastle,NoFire,2026-07-27T13:45:26.027Z
660a6b953836d16312814993,20,NS_WC_Pe_SM_Sa_NF,NoSnow_WinterClothing_Penguins_SunMid_Sandcastle_NoFire.webp,4,6,NoSnow,WinterClothing,Penguins,SunMid,Sandcastle,NoFire,2026-07-27T13:45:35.483Z
660a6b953836d16312814993,21,S_WC_Pe_SM_Sa_NF,Snow_WinterClothing_Penguins_SunMid_Sandcastle_NoFire.webp,3,5,Snow,WinterClothing,Penguins,SunMid,Sandcastle,NoFire,2026-07-27T13:45:42.778Z
660a6b953836d16312814993,22,S_SC_Ca_SR_Sa_NF,Snow_SummerClothing_Camels_SunRising_Sandcastle_NoFire.webp,4,2,Snow,SummerClothing,Camels,SunRising,Sandcastle,NoFire,2026-07-27T13:45:55.250Z
660a6b953836d16312814993,23,S_WC_Ca_SR_Sn_NF,Snow_WinterClothing_Camels_SunRising_Snowman_NoFire.webp,2,3,Snow,WinterClothing,Camels,SunRising,Snowman,NoFire,2026-07-27T13:46:05.642Z
660a6b953836d16312814993,24,NS_WC_Pe_SM_Sa_WF,NoSnow_WinterClothing_Penguins_SunMid_Sandcastle_Fire.webp,5,5,NoSnow,WinterClothing,Penguins,SunMid,Sandcastle,Fire,2026-07-27T13:46:14.555Z
660a6b953836d16312814993,25,NS_WC_Pe_SM_Sn_NF,NoSnow_WinterClothing_Penguins_SunMid_Snowman_NoFire.webp,3,6,NoSnow,WinterClothing,Penguins,SunMid,Snowman,NoFire,2026-07-27T13:46:24.915Z
660a6b953836d16312814993,26,NS_SC_Pe_SM_Sa_WF,NoSnow_SummerClothing_Penguins_SunMid_Sandcastle_Fire.webp,6,4,NoSnow,SummerClothing,Penguins,SunMid,Sandcastle,Fire,2026-07-27T13:46:32.987Z
660a6b953836d16312814993,27,NS_WC_Ca_SM_Sa_WF,NoSnow_WinterClothing_Camels_SunMid_Sandcastle_Fire.webp,3,5,NoSnow,WinterClothing,Camels,SunMid,Sandcastle,Fire,2026-07-27T13:46:44.219Z
660a6b953836d16312814993,28,S_WC_Pe_SR_Sa_WF,Snow_WinterClothing_Penguins_SunRising_Sandcastle_Fire.webp,2,5,Snow,WinterClothing,Penguins,SunRising,Sandcastle,Fire,2026-07-27T13:46:51.036Z
660a6b953836d16312814993,29,S_SC_Ca_SM_Sn_NF,Snow_SummerClothing_Camels_SunMid_Snowman_NoFire.webp,6,6,Snow,SummerClothing,Camels,SunMid,Snowman,NoFire,2026-07-27T13:46:59.051Z
660a6b953836d16312814993,30,NS_SC_Ca_SR_Sa_NF,NoSnow_SummerClothing_Camels_SunRising_Sandcastle_NoFire.webp,4,6,NoSnow,SummerClothing,Camels,SunRising,Sandcastle,NoFire,2026-07-27T13:47:04.972Z
660a6b953836d16312814993,31,NS_SC_Ca_SM_Sn_NF,NoSnow_SummerClothing_Camels_SunMid_Snowman_NoFire.webp,6,7,NoSnow,SummerClothing,Camels,SunMid,Snowman,NoFire,2026-07-27T13:47:13.755Z
660a6b953836d16312814993,32,NS_SC_Pe_SM_Sn_WF,NoSnow_SummerClothing_Penguins_SunMid_Snowman_Fire.webp,3,2,NoSnow,SummerClothing,Penguins,SunMid,Snowman,Fire,2026-07-27T13:47:23.859Z
660a6b953836d16312814993,33,NS_WC_Ca_SM_Sn_NF,NoSnow_WinterClothing_Camels_SunMid_Snowman_NoFire.webp,2,5,NoSnow,WinterClothing,Camels,SunMid,Snowman,NoFire,2026-07-27T13:47:33.019Z
660a6b953836d16312814993,34,NS_SC_Ca_SR_Sn_WF,NoSnow_SummerClothing_Camels_SunRising_Snowman_Fire.webp,5,2,NoSnow,SummerClothing,Camels,SunRising,Snowman,Fire,2026-07-27T13:47:45.067Z
660a6b953836d16312814993,35,S_SC_Pe_SR_Sn_NF,Snow_SummerClothing_Penguins_SunRising_Snowman_NoFire.webp,5,1,Snow,SummerClothing,Penguins,SunRising,Snowman,NoFire,2026-07-27T13:47:56.931Z
660a6b953836d16312814993,36,NS_WC_Pe_SM_Sn_WF,NoSnow_WinterClothing_Penguins_SunMid_Snowman_Fire.webp,1,6,NoSnow,WinterClothing,Penguins,SunMid,Snowman,Fire,2026-07-27T13:48:05.211Z
660a6b953836d16312814993,37,NS_WC_Ca_SR_Sn_WF,NoSnow_WinterClothing_Camels_SunRising_Snowman_Fire.webp,2,5,NoSnow,WinterClothing,Camels,SunRising,Snowman,Fire,2026-07-27T13:48:12.468Z
660a6b953836d16312814993,38,S_SC_Ca_SR_Sn_WF,Snow_SummerClothing_Camels_SunRising_Snowman_Fire.webp,2,1,Snow,SummerClothing,Camels,SunRising,Snowman,Fire,2026-07-27T13:48:19.908Z
660a6b953836d16312814993,39,NS_SC_Pe_SR_Sa_WF,NoSnow_SummerClothing_Penguins_SunRising_Sandcastle_Fire.webp,7,6,NoSnow,SummerClothing,Penguins,SunRising,Sandcastle,Fire,2026-07-27T13:48:25.740Z
660a6b953836d16312814993,40,S_WC_Pe_SM_Sn_WF,Snow_WinterClothing_Penguins_SunMid_Snowman_Fire.webp,2,6,Snow,WinterClothing,Penguins,SunMid,Snowman,Fire,2026-07-27T13:48:36.796Z
660a6b953836d16312814993,41,S_SC_Ca_SR_Sa_WF,Snow_SummerClothing_Camels_SunRising_Sandcastle_Fire.webp,4,5,Snow,SummerClothing,Camels,SunRising,Sandcastle,Fire,2026-07-27T13:48:47.635Z
660a6b953836d16312814993,42,NS_SC_Ca_SR_Sn_NF,NoSnow_SummerClothing_Camels_SunRising_Snowman_NoFire.webp,6,6,NoSnow,SummerClothing,Camels,SunRising,Snowman,NoFire,2026-07-27T13:48:56.348Z
660a6b953836d16312814993,43,NS_SC_Pe_SM_Sa_NF,NoSnow_SummerClothing_Penguins_SunMid_Sandcastle_NoFire.webp,7,5,NoSnow,SummerClothing,Penguins,SunMid,Sandcastle,NoFire,2026-07-27T13:49:03.843Z
660a6b953836d16312814993,44,S_SC_Pe_SR_Sa_NF,Snow_SummerClothing_Penguins_SunRising_Sandcastle_NoFire.webp,5,3,Snow,SummerClothing,Penguins,SunRising,Sandcastle,NoFire,2026-07-27T13:49:09.995Z
660a6b953836d16312814993,45,S_SC_Pe_SM_Sn_NF,Snow_SummerClothing_Penguins_SunMid_Snowman_NoFire.webp,6,2,Snow,SummerClothing,Penguins,SunMid,Snowman,NoFire,2026-07-27T13:49:18.092Z
660a6b953836d16312814993,46,S_SC_Pe_SR_Sa_WF,Snow_SummerClothing_Penguins_SunRising_Sandcastle_Fire.webp,2,3,Snow,SummerClothing,Penguins,SunRising,Sandcastle,Fire,2026-07-27T13:49:26.533Z
660a6b953836d16312814993,47,S_WC_Pe_SR_Sa_NF,Snow_WinterClothing_Penguins_SunRising_Sandcastle_NoFire.webp,2,4,Snow,WinterClothing,Penguins,SunRising,Sandcastle,NoFire,2026-07-27T13:49:35.684Z
660a6b953836d16312814993,48,S_WC_Pe_SM_Sa_WF,Snow_WinterClothing_Penguins_SunMid_Sandcastle_Fire.webp,5,6,Snow,WinterClothing,Penguins,SunMid,Sandcastle,Fire,2026-07-27T13:49:41.284Z
660a6b953836d16312814993,49,S_SC_Pe_SR_Sn_WF,Snow_SummerClothing_Penguins_SunRising_Snowman_Fire.webp,5,3,Snow,SummerClothing,Penguins,SunRising,Snowman,Fire,2026-07-27T13:49:48.924Z
660a6b953836d16312814993,50,NS_WC_Pe_SR_Sa_NF,NoSnow_WinterClothing_Penguins_SunRising_Sandcastle_NoFire.webp,6,5,NoSnow,WinterClothing,Penguins,SunRising,Sandcastle,NoFire,2026-07-27T13:49:55.900Z
660a6b953836d16312814993,51,NS_WC_Ca_SR_Sa_NF,NoSnow_WinterClothing_Camels_SunRising_Sandcastle_NoFire.webp,3,2,NoSnow,WinterClothing,Camels,SunRising,Sandcastle,NoFire,2026-07-27T13:50:05.244Z
660a6b953836d16312814993,52,S_WC_Ca_SM_Sn_WF,Snow_WinterClothing_Camels_SunMid_Snowman_Fire.webp,2,3,Snow,WinterClothing,Camels,SunMid,Snowman,Fire,2026-07-27T13:50:11.300Z
660a6b953836d16312814993,53,NS_WC_Ca_SM_Sa_NF,NoSnow_WinterClothing_Camels_SunMid_Sandcastle_NoFire.webp,5,4,NoSnow,WinterClothing,Camels,SunMid,Sandcastle,NoFire,2026-07-27T13:50:16.796Z
660a6b953836d16312814993,54,NS_WC_Pe_SR_Sn_WF,NoSnow_WinterClothing_Penguins_SunRising_Snowman_Fire.webp,1,6,NoSnow,WinterClothing,Penguins,SunRising,Snowman,Fire,2026-07-27T13:50:23.428Z
660a6b953836d16312814993,55,NS_WC_Pe_SR_Sa_WF,NoSnow_WinterClothing_Penguins_SunRising_Sandcastle_Fire.webp,1,6,NoSnow,WinterClothing,Penguins,SunRising,Sandcastle,Fire,2026-07-27T13:50:40.548Z
660a6b953836d16312814993,56,S_WC_Ca_SM_Sa_WF,Snow_WinterClothing_Camels_SunMid_Sandcastle_Fire.webp,3,5,Snow,WinterClothing,Camels,SunMid,Sandcastle,Fire,2026-07-27T13:50:48.430Z
660a6b953836d16312814993,57,NS_SC_Ca_SM_Sn_WF,NoSnow_SummerClothing_Camels_SunMid_Snowman_Fire.webp,6,3,NoSnow,SummerClothing,Camels,SunMid,Snowman,Fire,2026-07-27T13:50:55.548Z
660a6b953836d16312814993,58,NS_SC_Ca_SM_Sa_WF,NoSnow_SummerClothing_Camels_SunMid_Sandcastle_Fire.webp,6,7,NoSnow,SummerClothing,Camels,SunMid,Sandcastle,Fire,2026-07-27T13:51:00.892Z
660a6b953836d16312814993,59,NS_WC_Ca_SR_Sa_WF,NoSnow_WinterClothing_Camels_SunRising_Sandcastle_Fire.webp,2,4,NoSnow,WinterClothing,Camels,SunRising,Sandcastle,Fire,2026-07-27T13:51:07.036Z
660a6b953836d16312814993,60,NS_SC_Pe_SR_Sa_NF,NoSnow_SummerClothing_Penguins_SunRising_Sandcastle_NoFire.webp,5,3,NoSnow,SummerClothing,Penguins,SunRising,Sandcastle,NoFire,2026-07-27T13:51:14.868Z
660a6b953836d16312814993,61,S_SC_Pe_SM_Sa_WF,Snow_SummerClothing_Penguins_SunMid_Sandcastle_Fire.webp,5,3,Snow,SummerClothing,Penguins,SunMid,Sandcastle,Fire,2026-07-27T13:51:22.764Z
660a6b953836d16312814993,62,NS_SC_Pe_SR_Sn_WF,NoSnow_SummerClothing_Penguins_SunRising_Snowman_Fire.webp,5,2,NoSnow,SummerClothing,Penguins,SunRising,Snowman,Fire,2026-07-27T13:51:28.916Z
660a6b953836d16312814993,63,S_SC_Ca_SM_Sn_WF,Snow_SummerClothing_Camels_SunMid_Snowman_Fire.webp,6,5,Snow,SummerClothing,Camels,SunMid,Snowman,Fire,2026-07-27T13:51:35.437Z
66635ce30892c73e41fee639,0,S_SC_Pe_SM_Sn_WF,Snow_SummerClothing_Penguins_SunMid_Snowman_Fire.webp,1,1,Snow,SummerClothing,Penguins,SunMid,Snowman,Fire,2026-07-27T13:41:46.462Z
66635ce30892c73e41fee639,1,S_SC_Pe_SM_Sa_NF,Snow_SummerClothing_Penguins_SunMid_Sandcastle_NoFire.webp,3,2,Snow,SummerClothing,Penguins,SunMid,Sandcastle,NoFire,2026-07-27T13:42:09.403Z
66635ce30892c73e41fee639,2,NS_SC_Ca_SM_Sn_WF,NoSnow_SummerClothing_Camels_SunMid_Snowman_Fire.webp,6,3,NoSnow,SummerClothing,Camels,SunMid,Snowman,Fire,2026-07-27T13:42:22.962Z
66635ce30892c73e41fee639,3,NS_WC_Ca_SR_Sn_NF,NoSnow_WinterClothing_Camels_SunRising_Snowman_NoFire.webp,6,3,NoSnow,WinterClothing,Camels,SunRising,Snowman,NoFire,2026-07-27T13:42:36.993Z
66635ce30892c73e41fee639,4,S_SC_Ca_SM_Sa_WF,Snow_SummerClothing_Camels_SunMid_Sandcastle_Fire.webp,4,6,Snow,SummerClothing,Camels,SunMid,Sandcastle,Fire,2026-07-27T13:42:52.976Z
66635ce30892c73e41fee639,5,S_WC_Pe_SR_Sa_WF,Snow_WinterClothing_Penguins_SunRising_Sandcastle_Fire.webp,3,3,Snow,WinterClothing,Penguins,SunRising,Sandcastle,Fire,2026-07-27T13:43:04.126Z
66635ce30892c73e41fee639,6,NS_WC_Pe_SR_Sa_NF,NoSnow_WinterClothing_Penguins_SunRising_Sandcastle_NoFire.webp,5,5,NoSnow,WinterClothing,Penguins,SunRising,Sandcastle,NoFire,2026-07-27T13:43:15.842Z
66635ce30892c73e41fee639,7,NS_SC_Pe_SR_Sa_WF,NoSnow_SummerClothing_Penguins_SunRising_Sandcastle_Fire.webp,5,5,NoSnow,SummerClothing,Penguins,SunRising,Sandcastle,Fire,2026-07-27T13:43:24.362Z
66635ce30892c73e41fee639,8,NS_WC_Ca_SR_Sa_WF,NoSnow_WinterClothing_Camels_SunRising_Sandcastle_Fire.webp,6,6,NoSnow,WinterClothing,Camels,SunRising,Sandcastle,Fire,2026-07-27T13:43:34.944Z
66635ce30892c73e41fee639,9,S_WC_Ca_SM_Sn_WF,Snow_WinterClothing_Camels_SunMid_Snowman_Fire.webp,3,3,Snow,WinterClothing,Camels,SunMid,Snowman,Fire,2026-07-27T13:43:48.009Z
66635ce30892c73e41fee639,10,S_WC_Pe_SR_Sn_NF,Snow_WinterClothing_Penguins_SunRising_Snowman_NoFire.webp,3,7,Snow,WinterClothing,Penguins,SunRising,Snowman,NoFire,2026-07-27T13:44:11.443Z
66635ce30892c73e41fee639,11,S_SC_Ca_SR_Sa_NF,Snow_SummerClothing_Camels_SunRising_Sandcastle_NoFire.webp,5,7,Snow,SummerClothing,Camels,SunRising,Sandcastle,NoFire,2026-07-27T13:44:18.953Z
66635ce30892c73e41fee639,12,S_WC_Pe_SM_Sn_NF,Snow_WinterClothing_Penguins_SunMid_Snowman_NoFire.webp,3,6,Snow,WinterClothing,Penguins,SunMid,Snowman,NoFire,2026-07-27T13:44:27.817Z
66635ce30892c73e41fee639,13,S_SC_Ca_SM_Sn_NF,Snow_SummerClothing_Camels_SunMid_Snowman_NoFire.webp,3,3,Snow,SummerClothing,Camels,SunMid,Snowman,NoFire,2026-07-27T13:44:39.136Z
66635ce30892c73e41fee639,14,S_SC_Ca_SR_Sa_WF,Snow_SummerClothing_Camels_SunRising_Sandcastle_Fire.webp,6,6,Snow,SummerClothing,Camels,SunRising,Sandcastle,Fire,2026-07-27T13:44:45.960Z
66635ce30892c73e41fee639,15,NS_WC_Pe_SR_Sn_NF,NoSnow_WinterClothing_Penguins_SunRising_Snowman_NoFire.webp,5,3,NoSnow,WinterClothing,Penguins,SunRising,Snowman,NoFire,2026-07-27T13:44:58.885Z
66635ce30892c73e41fee639,16,S_WC_Ca_SM_Sa_WF,Snow_WinterClothing_Camels_SunMid_Sandcastle_Fire.webp,5,3,Snow,WinterClothing,Camels,SunMid,Sandcastle,Fire,2026-07-27T13:45:10.824Z
66635ce30892c73e41fee639,17,NS_SC_Pe_SM_Sn_WF,NoSnow_SummerClothing_Penguins_SunMid_Snowman_Fire.webp,3,3,NoSnow,SummerClothing,Penguins,SunMid,Snowman,Fire,2026-07-27T13:45:21.604Z
66635ce30892c73e41fee639,18,NS_WC_Pe_SR_Sn_WF,NoSnow_WinterClothing_Penguins_SunRising_Snowman_Fire.webp,3,3,NoSnow,WinterClothing,Penguins,SunRising,Snowman,Fire,2026-07-27T13:45:35.068Z
66635ce30892c73e41fee639,19,S_WC_Ca_SR_Sa_WF,Snow_WinterClothing_Camels_SunRising_Sandcastle_Fire.webp,6,5,Snow,WinterClothing,Camels,SunRising,Sandcastle,Fire,2026-07-27T13:45:47.913Z
66635ce30892c73e41fee639,20,S_WC_Pe_SR_Sn_WF,Snow_WinterClothing_Penguins_SunRising_Snowman_Fire.webp,3,6,Snow,WinterClothing,Penguins,SunRising,Snowman,Fire,2026-07-27T13:46:09.780Z
66635ce30892c73e41fee639,21,S_SC_Pe_SM_Sa_WF,Snow_SummerClothing_Penguins_SunMid_Sandcastle_Fire.webp,2,3,Snow,SummerClothing,Penguins,SunMid,Sandcastle,Fire,2026-07-27T13:47:01.043Z
66635ce30892c73e41fee639,22,NS_WC_Ca_SM_Sn_NF,NoSnow_WinterClothing_Camels_SunMid_Snowman_NoFire.webp,7,3,NoSnow,WinterClothing,Camels,SunMid,Snowman,NoFire,2026-07-27T13:47:11.021Z
66635ce30892c73e41fee639,23,S_SC_Pe_SR_Sa_NF,Snow_SummerClothing_Penguins_SunRising_Sandcastle_NoFire.webp,2,2,Snow,SummerClothing,Penguins,SunRising,Sandcastle,NoFire,2026-07-27T13:47:39.417Z
66635ce30892c73e41fee639,24,S_SC_Ca_SR_Sn_NF,Snow_SummerClothing_Camels_SunRising_Snowman_NoFire.webp,2,2,Snow,SummerClothing,Camels,SunRising,Snowman,NoFire,2026-07-27T13:47:46.382Z
66635ce30892c73e41fee639,25,NS_WC_Ca_SR_Sn_WF,NoSnow_WinterClothing_Camels_SunRising_Snowman_Fire.webp,7,3,NoSnow,WinterClothing,Camels,SunRising,Snowman,Fire,2026-07-27T13:47:54.224Z
66635ce30892c73e41fee639,26,NS_SC_Pe_SM_Sa_NF,NoSnow_SummerClothing_Penguins_SunMid_Sandcastle_NoFire.webp,5,6,NoSnow,SummerClothing,Penguins,SunMid,Sandcastle,NoFire,2026-07-27T13:48:05.286Z
66635ce30892c73e41fee639,27,S_SC_Ca_SM_Sn_WF,Snow_SummerClothing_Camels_SunMid_Snowman_Fire.webp,2,2,Snow,SummerClothing,Camels,SunMid,Snowman,Fire,2026-07-27T13:48:29.749Z
66635ce30892c73e41fee639,28,NS_SC_Ca_SR_Sa_NF,NoSnow_SummerClothing_Camels_SunRising_Sandcastle_NoFire.webp,5,7,NoSnow,SummerClothing,Camels,SunRising,Sandcastle,NoFire,2026-07-27T13:48:38.829Z
66635ce30892c73e41fee639,29,S_SC_Pe_SR_Sn_WF,Snow_SummerClothing_Penguins_SunRising_Snowman_Fire.webp,1,4,Snow,SummerClothing,Penguins,SunRising,Snowman,Fire,2026-07-27T13:49:25.349Z
66635ce30892c73e41fee639,30,S_SC_Pe_SM_Sn_NF,Snow_SummerClothing_Penguins_SunMid_Snowman_NoFire.webp,2,3,Snow,SummerClothing,Penguins,SunMid,Snowman,NoFire,2026-07-27T13:50:09.816Z
66635ce30892c73e41fee639,31,S_WC_Ca_SR_Sn_WF,Snow_WinterClothing_Camels_SunRising_Snowman_Fire.webp,4,3,Snow,WinterClothing,Camels,SunRising,Snowman,Fire,2026-07-27T13:50:47.560Z
66635ce30892c73e41fee639,32,NS_WC_Ca_SM_Sa_NF,NoSnow_WinterClothing_Camels_SunMid_Sandcastle_NoFire.webp,7,3,NoSnow,WinterClothing,Camels,SunMid,Sandcastle,NoFire,2026-07-27T13:51:05.831Z
66635ce30892c73e41fee639,33,NS_WC_Ca_SM_Sn_WF,NoSnow_WinterClothing_Camels_SunMid_Snowman_Fire.webp,6,3,NoSnow,WinterClothing,Camels,SunMid,Snowman,Fire,2026-07-27T13:51:49.736Z
66635ce30892c73e41fee639,34,S_SC_Pe_SR_Sn_NF,Snow_SummerClothing_Penguins_SunRising_Snowman_NoFire.webp,1,5,Snow,SummerClothing,Penguins,SunRising,Snowman,NoFire,2026-07-27T13:51:59.502Z
66635ce30892c73e41fee639,35,NS_SC_Pe_SR_Sn_NF,NoSnow_SummerClothing_Penguins_SunRising_Snowman_NoFire.webp,4,3,NoSnow,SummerClothing,Penguins,SunRising,Snowman,NoFire,2026-07-27T13:52:20.191Z
66635ce30892c73e41fee639,36,S_WC_Pe_SM_Sa_NF,Snow_WinterClothing_Penguins_SunMid_Sandcastle_NoFire.webp,3,5,Snow,WinterClothing,Penguins,SunMid,Sandcastle,NoFire,2026-07-27T13:52:53.508Z
66635ce30892c73e41fee639,37,NS_SC_Ca_SR_Sn_WF,NoSnow_SummerClothing_Camels_SunRising_Snowman_Fire.webp,4,3,NoSnow,SummerClothing,Camels,SunRising,Snowman,Fire,2026-07-27T13:53:11.433Z
66635ce30892c73e41fee639,38,S_SC_Pe_SR_Sa_WF,Snow_SummerClothing_Penguins_SunRising_Sandcastle_Fire.webp,2,2,Snow,SummerClothing,Penguins,SunRising,Sandcastle,Fire,2026-07-27T13:53:42.374Z
66635ce30892c73e41fee639,39,NS_SC_Pe_SM_Sa_WF,NoSnow_SummerClothing_Penguins_SunMid_Sandcastle_Fire.webp,5,5,NoSnow,SummerClothing,Penguins,SunMid,Sandcastle,Fire,2026-07-27T13:53:53.953Z
66635ce30892c73e41fee639,40,S_WC_Ca_SR_Sa_NF,Snow_WinterClothing_Camels_SunRising_Sandcastle_NoFire.webp,3,3,Snow,WinterClothing,Camels,SunRising,Sandcastle,NoFire,2026-07-27T13:54:47.916Z
66635ce30892c73e41fee639,41,S_WC_Ca_SM_Sa_NF,Snow_WinterClothing_Camels_SunMid_Sandcastle_NoFire.webp,3,3,Snow,WinterClothing,Camels,SunMid,Sandcastle,NoFire,2026-07-27T13:55:30.681Z
66635ce30892c73e41fee639,42,NS_SC_Ca_SM_Sn_NF,NoSnow_SummerClothing_Camels_SunMid_Snowman_NoFire.webp,4,3,NoSnow,SummerClothing,Camels,SunMid,Snowman,NoFire,2026-07-27T13:55:47.956Z
66635ce30892c73e41fee639,43,S_WC_Pe_SR_Sa_NF,Snow_WinterClothing_Penguins_SunRising_Sandcastle_NoFire.webp,3,4,Snow,WinterClothing,Penguins,SunRising,Sandcastle,NoFire,2026-07-27T13:58:41.867Z
66635ce30892c73e41fee639,44,S_WC_Pe_SM_Sn_WF,Snow_WinterClothing_Penguins_SunMid_Snowman_Fire.webp,3,7,Snow,WinterClothing,Penguins,SunMid,Snowman,Fire,2026-07-27T13:59:41.274Z
66635ce30892c73e41fee639,45,S_WC_Pe_SM_Sa_WF,Snow_WinterClothing_Penguins_SunMid_Sandcastle_Fire.webp,3,6,Snow,WinterClothing,Penguins,SunMid,Sandcastle,Fire,2026-07-27T14:01:02.100Z
66635ce30892c73e41fee639,46,NS_WC_Pe_SM_Sn_NF,NoSnow_WinterClothing_Penguins_SunMid_Snowman_NoFire.webp,6,2,NoSnow,WinterClothing,Penguins,SunMid,Snowman,NoFire,2026-07-27T14:01:47.837Z
66635ce30892c73e41fee639,47,NS_SC_Ca_SR_Sa_WF,NoSnow_SummerClothing_Camels_SunRising_Sandcastle_Fire.webp,4,5,NoSnow,SummerClothing,Camels,SunRising,Sandcastle,Fire,2026-07-27T14:02:33.429Z
66635ce30892c73e41fee639,48,NS_WC_Pe_SM_Sn_WF,NoSnow_WinterClothing_Penguins_SunMid_Snowman_Fire.webp,4,3,NoSnow,WinterClothing,Penguins,SunMid,Snowman,Fire,2026-07-27T14:02:50.641Z
66635ce30892c73e41fee639,49,S_WC_Ca_SM_Sn_NF,Snow_WinterClothing_Camels_SunMid_Snowman_NoFire.webp,3,3,Snow,WinterClothing,Camels,SunMid,Snowman,NoFire,2026-07-27T14:03:01.528Z
66635ce30892c73e41fee639,50,NS_WC_Pe_SM_Sa_NF,NoSnow_WinterClothing_Penguins_SunMid_Sandcastle_NoFire.webp,6,2,NoSnow,WinterClothing,Penguins,SunMid,Sandcastle,NoFire,2026-07-27T14:03:10.924Z
66635ce30892c73e41fee639,51,S_SC_Ca_SR_Sn_WF,Snow_SummerClothing_Camels_SunRising_Snowman_Fire.webp,2,2,Snow,SummerClothing,Camels,SunRising,Snowman,Fire,2026-07-27T14:03:23.060Z
66635ce30892c73e41fee639,52,NS_WC_Pe_SM_Sa_WF,NoSnow_WinterClothing_Penguins_SunMid_Sandcastle_Fire.webp,7,2,NoSnow,WinterClothing,Penguins,SunMid,Sandcastle,Fire,2026-07-27T14:03:31.145Z
66635ce30892c73e41fee639,53,S_SC_Ca_SM_Sa_NF,Snow_SummerClothing_Camels_SunMid_Sandcastle_NoFire.webp,2,2,Snow,SummerClothing,Camels,SunMid,Sandcastle,NoFire,2026-07-27T14:03:38.944Z
66635ce30892c73e41fee639,54,NS_WC_Pe_SR_Sa_WF,NoSnow_WinterClothing_Penguins_SunRising_Sandcastle_Fire.webp,7,2,NoSnow,WinterClothing,Penguins,SunRising,Sandcastle,Fire,2026-07-27T14:03:50.546Z
66635ce30892c73e41fee639,55,NS_SC_Pe_SR_Sn_WF,NoSnow_SummerClothing_Penguins_SunRising_Snowman_Fire.webp,4,2,NoSnow,SummerClothing,Penguins,SunRising,Snowman,Fire,2026-07-27T14:04:09.247Z
66635ce30892c73e41fee639,56,NS_SC_Ca_SM_Sa_WF,NoSnow_SummerClothing_Camels_SunMid_Sandcastle_Fire.webp,5,3,NoSnow,SummerClothing,Camels,SunMid,Sandcastle,Fire,2026-07-27T14:04:27.703Z
66635ce30892c73e41fee639,57,NS_SC_Ca_SR_Sn_NF,NoSnow_SummerClothing_Camels_SunRising_Snowman_NoFire.webp,4,3,NoSnow,SummerClothing,Camels,SunRising,Snowman,NoFire,2026-07-27T14:04:40.935Z
66635ce30892c73e41fee639,58,NS_SC_Pe_SM_Sn_NF,NoSnow_SummerClothing_Penguins_SunMid_Snowman_NoFire.webp,4,2,NoSnow,SummerClothing,Penguins,SunMid,Snowman,NoFire,2026-07-27T14:04:48.246Z
66635ce30892c73e41fee639,59,NS_SC_Pe_SR_Sa_NF,NoSnow_SummerClothing_Penguins_SunRising_Sandcastle_NoFire.webp,4,3,NoSnow,SummerClothing,Penguins,SunRising,Sandcastle,NoFire,2026-07-27T14:04:54.667Z
66635ce30892c73e41fee639,60,NS_SC_Ca_SM_Sa_NF,NoSnow_SummerClothing_Camels_SunMid_Sandcastle_NoFire.webp,5,7,NoSnow,SummerClothing,Camels,SunMid,Sandcastle,NoFire,2026-07-27T14:05:00.999Z
66635ce30892c73e41fee639,61,NS_WC_Ca_SM_Sa_WF,NoSnow_WinterClothing_Camels_SunMid_Sandcastle_Fire.webp,7,2,NoSnow,WinterClothing,Camels,SunMid,Sandcastle,Fire,2026-07-27T14:05:10.511Z
66635ce30892c73e41fee639,62,S_WC_Ca_SR_Sn_NF,Snow_WinterClothing_Camels_SunRising_Snowman_NoFire.webp,3,5,Snow,WinterClothing,Camels,SunRising,Snowman,NoFire,2026-07-27T14:05:21.432Z
66635ce30892c73e41fee639,63,NS_WC_Ca_SR_Sa_NF,NoSnow_WinterClothing_Camels_SunRising_Sandcastle_NoFire.webp,6,5,NoSnow,WinterClothing,Camels,SunRising,Sandcastle,NoFire,2026-07-27T14:05:30.838Z
6a084928742bea092a160489,0,NS_SC_Ca_SR_Sa_NF,NoSnow_SummerClothing_Camels_SunRising_Sandcastle_NoFire.webp,6,3,NoSnow,SummerClothing,Camels,SunRising,Sandcastle,NoFire,2026-07-27T13:44:50.115Z
6a084928742bea092a160489,1,NS_SC_Ca_SR_Sn_WF,NoSnow_SummerClothing_Camels_SunRising_Snowman_Fire.webp,3,1,NoSnow,SummerClothing,Camels,SunRising,Snowman,Fire,2026-07-27T13:45:16.995Z
6a084928742bea092a160489,2,S_SC_Pe_SR_Sa_NF,Snow_SummerClothing_Penguins_SunRising_Sandcastle_NoFire.webp,1,5,Snow,SummerClothing,Penguins,SunRising,Sandcastle,NoFire,2026-07-27T13:45:44.759Z
6a084928742bea092a160489,3,NS_WC_Ca_SR_Sn_WF,NoSnow_WinterClothing_Camels_SunRising_Snowman_Fire.webp,4,2,NoSnow,WinterClothing,Camels,SunRising,Snowman,Fire,2026-07-27T13:46:08.293Z
6a084928742bea092a160489,4,S_WC_Pe_SR_Sa_WF,Snow_WinterClothing_Penguins_SunRising_Sandcastle_Fire.webp,4,6,Snow,WinterClothing,Penguins,SunRising,Sandcastle,Fire,2026-07-27T13:46:28.485Z
6a084928742bea092a160489,5,S_SC_Pe_SM_Sn_WF,Snow_SummerClothing_Penguins_SunMid_Snowman_Fire.webp,2,6,Snow,SummerClothing,Penguins,SunMid,Snowman,Fire,2026-07-27T13:46:54.918Z
6a084928742bea092a160489,6,S_WC_Pe_SR_Sa_NF,Snow_WinterClothing_Penguins_SunRising_Sandcastle_NoFire.webp,3,6,Snow,WinterClothing,Penguins,SunRising,Sandcastle,NoFire,2026-07-27T13:47:19.411Z
6a084928742bea092a160489,7,NS_WC_Pe_SR_Sa_NF,NoSnow_WinterClothing_Penguins_SunRising_Sandcastle_NoFire.webp,4,6,NoSnow,WinterClothing,Penguins,SunRising,Sandcastle,NoFire,2026-07-27T13:47:46.640Z
6a084928742bea092a160489,8,NS_SC_Pe_SM_Sn_NF,NoSnow_SummerClothing_Penguins_SunMid_Snowman_NoFire.webp,5,5,NoSnow,SummerClothing,Penguins,SunMid,Snowman,NoFire,2026-07-27T13:48:00.387Z
6a084928742bea092a160489,9,S_SC_Ca_SR_Sa_NF,Snow_SummerClothing_Camels_SunRising_Sandcastle_NoFire.webp,2,5,Snow,SummerClothing,Camels,SunRising,Sandcastle,NoFire,2026-07-27T13:48:16.108Z
6a084928742bea092a160489,10,S_WC_Ca_SR_Sa_WF,Snow_WinterClothing_Camels_SunRising_Sandcastle_Fire.webp,3,6,Snow,WinterClothing,Camels,SunRising,Sandcastle,Fire,2026-07-27T13:48:43.624Z
6a084928742bea092a160489,11,S_SC_Ca_SM_Sa_NF,Snow_SummerClothing_Camels_SunMid_Sandcastle_NoFire.webp,2,5,Snow,SummerClothing,Camels,SunMid,Sandcastle,NoFire,2026-07-27T13:49:05.334Z
6a084928742bea092a160489,12,S_SC_Pe_SM_Sa_WF,Snow_SummerClothing_Penguins_SunMid_Sandcastle_Fire.webp,3,5,Snow,SummerClothing,Penguins,SunMid,Sandcastle,Fire,2026-07-27T13:49:23.029Z
6a084928742bea092a160489,13,S_WC_Pe_SM_Sa_WF,Snow_WinterClothing_Penguins_SunMid_Sandcastle_Fire.webp,5,6,Snow,WinterClothing,Penguins,SunMid,Sandcastle,Fire,2026-07-27T13:49:46.851Z
6a084928742bea092a160489,14,NS_WC_Ca_SR_Sn_NF,NoSnow_WinterClothing_Camels_SunRising_Snowman_NoFire.webp,3,5,NoSnow,WinterClothing,Camels,SunRising,Snowman,NoFire,2026-07-27T13:50:03.247Z
6a084928742bea092a160489,15,S_SC_Pe_SR_Sn_WF,Snow_SummerClothing_Penguins_SunRising_Snowman_Fire.webp,2,6,Snow,SummerClothing,Penguins,SunRising,Snowman,Fire,2026-07-27T13:50:15.958Z
6a084928742bea092a160489,16,S_WC_Ca_SR_Sa_NF,Snow_WinterClothing_Camels_SunRising_Sandcastle_NoFire.webp,4,5,Snow,WinterClothing,Camels,SunRising,Sandcastle,NoFire,2026-07-27T13:50:25.881Z
6a084928742bea092a160489,17,NS_SC_Ca_SM_Sn_WF,NoSnow_SummerClothing_Camels_SunMid_Snowman_Fire.webp,6,5,NoSnow,SummerClothing,Camels,SunMid,Snowman,Fire,2026-07-27T13:50:41.531Z
6a084928742bea092a160489,18,S_WC_Ca_SR_Sn_WF,Snow_WinterClothing_Camels_SunRising_Snowman_Fire.webp,2,5,Snow,WinterClothing,Camels,SunRising,Snowman,Fire,2026-07-27T13:50:57.618Z
6a084928742bea092a160489,19,NS_WC_Ca_SR_Sa_WF,NoSnow_WinterClothing_Camels_SunRising_Sandcastle_Fire.webp,3,6,NoSnow,WinterClothing,Camels,SunRising,Sandcastle,Fire,2026-07-27T13:51:07.315Z
6a084928742bea092a160489,20,S_SC_Ca_SR_Sn_NF,Snow_SummerClothing_Camels_SunRising_Snowman_NoFire.webp,1,6,Snow,SummerClothing,Camels,SunRising,Snowman,NoFire,2026-07-27T13:51:25.923Z
6a084928742bea092a160489,21,S_SC_Pe_SR_Sa_WF,Snow_SummerClothing_Penguins_SunRising_Sandcastle_Fire.webp,3,6,Snow,SummerClothing,Penguins,SunRising,Sandcastle,Fire,2026-07-27T13:51:41.231Z
6a084928742bea092a160489,22,NS_SC_Pe_SM_Sn_WF,NoSnow_SummerClothing_Penguins_SunMid_Snowman_Fire.webp,6,6,NoSnow,SummerClothing,Penguins,SunMid,Snowman,Fire,2026-07-27T13:51:51.506Z
6a084928742bea092a160489,23,S_WC_Ca_SM_Sn_NF,Snow_WinterClothing_Camels_SunMid_Snowman_NoFire.webp,5,5,Snow,WinterClothing,Camels,SunMid,Snowman,NoFire,2026-07-27T13:52:07.906Z
6a084928742bea092a160489,24,NS_SC_Ca_SM_Sa_WF,NoSnow_SummerClothing_Camels_SunMid_Sandcastle_Fire.webp,6,7,NoSnow,SummerClothing,Camels,SunMid,Sandcastle,Fire,2026-07-27T13:52:34.475Z
6a084928742bea092a160489,25,NS_WC_Ca_SM_Sn_WF,NoSnow_WinterClothing_Camels_SunMid_Snowman_Fire.webp,5,6,NoSnow,WinterClothing,Camels,SunMid,Snowman,Fire,2026-07-27T13:52:48.122Z
6a084928742bea092a160489,26,NS_SC_Pe_SR_Sn_NF,NoSnow_SummerClothing_Penguins_SunRising_Snowman_NoFire.webp,3,6,NoSnow,SummerClothing,Penguins,SunRising,Snowman,NoFire,2026-07-27T13:52:57.781Z
6a084928742bea092a160489,27,S_WC_Pe_SM_Sn_WF,Snow_WinterClothing_Penguins_SunMid_Snowman_Fire.webp,4,7,Snow,WinterClothing,Penguins,SunMid,Snowman,Fire,2026-07-27T13:53:10.183Z
6a084928742bea092a160489,28,S_WC_Ca_SM_Sa_WF,Snow_WinterClothing_Camels_SunMid_Sandcastle_Fire.webp,5,5,Snow,WinterClothing,Camels,SunMid,Sandcastle,Fire,2026-07-27T13:53:24.655Z
6a084928742bea092a160489,29,S_SC_Ca_SM_Sa_WF,Snow_SummerClothing_Camels_SunMid_Sandcastle_Fire.webp,3,5,Snow,SummerClothing,Camels,SunMid,Sandcastle,Fire,2026-07-27T13:53:38.001Z
6a084928742bea092a160489,30,NS_WC_Pe_SM_Sn_WF,NoSnow_WinterClothing_Penguins_SunMid_Snowman_Fire.webp,6,5,NoSnow,WinterClothing,Penguins,SunMid,Snowman,Fire,2026-07-27T13:53:48.757Z
6a084928742bea092a160489,31,S_SC_Ca_SM_Sn_WF,Snow_SummerClothing_Camels_SunMid_Snowman_Fire.webp,2,6,Snow,SummerClothing,Camels,SunMid,Snowman,Fire,2026-07-27T13:54:07.850Z
6a084928742bea092a160489,32,NS_SC_Pe_SR_Sn_WF,NoSnow_SummerClothing_Penguins_SunRising_Snowman_Fire.webp,4,5,NoSnow,SummerClothing,Penguins,SunRising,Snowman,Fire,2026-07-27T13:54:24.734Z
6a084928742bea092a160489,33,S_WC_Pe_SM_Sn_NF,Snow_WinterClothing_Penguins_SunMid_Snowman_NoFire.webp,3,7,Snow,WinterClothing,Penguins,SunMid,Snowman,NoFire,2026-07-27T13:54:39.725Z
6a084928742bea092a160489,34,NS_SC_Pe_SM_Sa_WF,NoSnow_SummerClothing_Penguins_SunMid_Sandcastle_Fire.webp,5,6,NoSnow,SummerClothing,Penguins,SunMid,Sandcastle,Fire,2026-07-27T13:54:55.409Z
6a084928742bea092a160489,35,NS_SC_Ca_SR_Sn_NF,NoSnow_SummerClothing_Camels_SunRising_Snowman_NoFire.webp,3,6,NoSnow,SummerClothing,Camels,SunRising,Snowman,NoFire,2026-07-27T13:55:09.984Z
6a084928742bea092a160489,36,S_WC_Ca_SM_Sn_WF,Snow_WinterClothing_Camels_SunMid_Snowman_Fire.webp,4,5,Snow,WinterClothing,Camels,SunMid,Snowman,Fire,2026-07-27T13:55:21.520Z
6a084928742bea092a160489,37,NS_SC_Ca_SM_Sn_NF,NoSnow_SummerClothing_Camels_SunMid_Snowman_NoFire.webp,5,5,NoSnow,SummerClothing,Camels,SunMid,Snowman,NoFire,2026-07-27T13:55:37.139Z
6a084928742bea092a160489,38,NS_WC_Pe_SR_Sn_NF,NoSnow_WinterClothing_Penguins_SunRising_Snowman_NoFire.webp,3,6,NoSnow,WinterClothing,Penguins,SunRising,Snowman,NoFire,2026-07-27T13:55:59.910Z
6a084928742bea092a160489,39,NS_SC_Pe_SR_Sa_WF,NoSnow_SummerClothing_Penguins_SunRising_Sandcastle_Fire.webp,4,6,NoSnow,SummerClothing,Penguins,SunRising,Sandcastle,Fire,2026-07-27T13:56:09.632Z
6a084928742bea092a160489,40,NS_SC_Pe_SM_Sa_NF,NoSnow_SummerClothing_Penguins_SunMid_Sandcastle_NoFire.webp,6,6,NoSnow,SummerClothing,Penguins,SunMid,Sandcastle,NoFire,2026-07-27T13:56:16.094Z
6a084928742bea092a160489,41,NS_WC_Ca_SM_Sn_NF,NoSnow_WinterClothing_Camels_SunMid_Snowman_NoFire.webp,5,5,NoSnow,WinterClothing,Camels,SunMid,Snowman,NoFire,2026-07-27T13:56:32.125Z
6a084928742bea092a160489,42,S_WC_Pe_SR_Sn_NF,Snow_WinterClothing_Penguins_SunRising_Snowman_NoFire.webp,2,7,Snow,WinterClothing,Penguins,SunRising,Snowman,NoFire,2026-07-27T13:56:41.437Z
6a084928742bea092a160489,43,S_SC_Ca_SM_Sn_NF,Snow_SummerClothing_Camels_SunMid_Snowman_NoFire.webp,2,5,Snow,SummerClothing,Camels,SunMid,Snowman,NoFire,2026-07-27T13:56:56.062Z
6a084928742bea092a160489,44,NS_WC_Pe_SM_Sn_NF,NoSnow_WinterClothing_Penguins_SunMid_Snowman_NoFire.webp,5,4,NoSnow,WinterClothing,Penguins,SunMid,Snowman,NoFire,2026-07-27T13:57:13.934Z
6a084928742bea092a160489,45,NS_WC_Pe_SM_Sa_NF,NoSnow_WinterClothing_Penguins_SunMid_Sandcastle_NoFire.webp,6,5,NoSnow,WinterClothing,Penguins,SunMid,Sandcastle,NoFire,2026-07-27T13:57:33.736Z
6a084928742bea092a160489,46,NS_WC_Ca_SR_Sa_NF,NoSnow_WinterClothing_Camels_SunRising_Sandcastle_NoFire.webp,3,6,NoSnow,WinterClothing,Camels,SunRising,Sandcastle,NoFire,2026-07-27T13:57:46.389Z
6a084928742bea092a160489,47,NS_WC_Ca_SM_Sa_NF,NoSnow_WinterClothing_Camels_SunMid_Sandcastle_NoFire.webp,5,5,NoSnow,WinterClothing,Camels,SunMid,Sandcastle,NoFire,2026-07-27T13:58:03.024Z
6a084928742bea092a160489,48,S_WC_Pe_SM_Sa_NF,Snow_WinterClothing_Penguins_SunMid_Sandcastle_NoFire.webp,3,6,Snow,WinterClothing,Penguins,SunMid,Sandcastle,NoFire,2026-07-27T13:58:14.105Z
6a084928742bea092a160489,49,S_WC_Ca_SR_Sn_NF,Snow_WinterClothing_Camels_SunRising_Snowman_NoFire.webp,2,6,Snow,WinterClothing,Camels,SunRising,Snowman,NoFire,2026-07-27T13:58:29.449Z
6a084928742bea092a160489,50,NS_WC_Pe_SR_Sn_WF,NoSnow_WinterClothing_Penguins_SunRising_Snowman_Fire.webp,4,6,NoSnow,WinterClothing,Penguins,SunRising,Snowman,Fire,2026-07-27T13:58:47.319Z
6a084928742bea092a160489,51,S_SC_Pe_SM_Sn_NF,Snow_SummerClothing_Penguins_SunMid_Snowman_NoFire.webp,2,5,Snow,SummerClothing,Penguins,SunMid,Snowman,NoFire,2026-07-27T13:59:02.094Z
6a084928742bea092a160489,52,S_SC_Ca_SR_Sa_WF,Snow_SummerClothing_Camels_SunRising_Sandcastle_Fire.webp,2,4,Snow,SummerClothing,Camels,SunRising,Sandcastle,Fire,2026-07-27T13:59:11.261Z
6a084928742bea092a160489,53,NS_SC_Ca_SR_Sa_WF,NoSnow_SummerClothing_Camels_SunRising_Sandcastle_Fire.webp,4,7,NoSnow,SummerClothing,Camels,SunRising,Sandcastle,Fire,2026-07-27T13:59:22.214Z
6a084928742bea092a160489,54,NS_SC_Ca_SM_Sa_NF,NoSnow_SummerClothing_Camels_SunMid_Sandcastle_NoFire.webp,5,7,NoSnow,SummerClothing,Camels,SunMid,Sandcastle,NoFire,2026-07-27T13:59:29.725Z
6a084928742bea092a160489,55,NS_WC_Ca_SM_Sa_WF,NoSnow_WinterClothing_Camels_SunMid_Sandcastle_Fire.webp,6,6,NoSnow,WinterClothing,Camels,SunMid,Sandcastle,Fire,2026-07-27T13:59:38.580Z
6a084928742bea092a160489,56,NS_WC_Pe_SR_Sa_WF,NoSnow_WinterClothing_Penguins_SunRising_Sandcastle_Fire.webp,5,5,NoSnow,WinterClothing,Penguins,SunRising,Sandcastle,Fire,2026-07-27T13:59:51.620Z
6a084928742bea092a160489,57,S_WC_Pe_SR_Sn_WF,Snow_WinterClothing_Penguins_SunRising_Snowman_Fire.webp,3,7,Snow,WinterClothing,Penguins,SunRising,Snowman,Fire,2026-07-27T14:00:01.223Z
6a084928742bea092a160489,58,S_WC_Ca_SM_Sa_NF,Snow_WinterClothing_Camels_SunMid_Sandcastle_NoFire.webp,2,5,Snow,WinterClothing,Camels,SunMid,Sandcastle,NoFire,2026-07-27T14:00:11.394Z
6a084928742bea092a160489,59,S_SC_Pe_SR_Sn_NF,Snow_SummerClothing_Penguins_SunRising_Snowman_NoFire.webp,2,6,Snow,SummerClothing,Penguins,SunRising,Snowman,NoFire,2026-07-27T14:00:21.948Z
6a084928742bea092a160489,60,S_SC_Pe_SM_Sa_NF,Snow_SummerClothing_Penguins_SunMid_Sandcastle_NoFire.webp,2,5,Snow,SummerClothing,Penguins,SunMid,Sandcastle,NoFire,2026-07-27T14:00:32.477Z
6a084928742bea092a160489,61,NS_WC_Pe_SM_Sa_WF,NoSnow_WinterClothing_Penguins_SunMid_Sandcastle_Fire.webp,5,5,NoSnow,WinterClothing,Penguins,SunMid,Sandcastle,Fire,2026-07-27T14:00:48.702Z
6a084928742bea092a160489,62,S_SC_Ca_SR_Sn_WF,Snow_SummerClothing_Camels_SunRising_Snowman_Fire.webp,2,4,Snow,SummerClothing,Camels,SunRising,Snowman,Fire,2026-07-27T14:01:02.173Z
6a084928742bea092a160489,63,NS_SC_Pe_SR_Sa_NF,NoSnow_SummerClothing_Penguins_SunRising_Sandcastle_NoFire.webp,4,6,NoSnow,SummerClothing,Penguins,SunRising,Sandcastle,NoFire,2026-07-27T14:01:12.994Z
6a00c2d21d039d6d315fb589,0,NS_SC_Ca_SR_Sn_WF,NoSnow_SummerClothing_Camels_SunRising_Snowman_Fire.webp,6,2,NoSnow,SummerClothing,Camels,SunRising,Snowman,Fire,2026-07-27T13:41:29.688Z
6a00c2d21d039d6d315fb589,1,NS_SC_Pe_SR_Sn_WF,NoSnow_SummerClothing_Penguins_SunRising_Snowman_Fire.webp,6,1,NoSnow,SummerClothing,Penguins,SunRising,Snowman,Fire,2026-07-27T13:41:37.445Z
6a00c2d21d039d6d315fb589,2,NS_SC_Pe_SM_Sn_NF,NoSnow_SummerClothing_Penguins_SunMid_Snowman_NoFire.webp,6,1,NoSnow,SummerClothing,Penguins,SunMid,Snowman,NoFire,2026-07-27T13:41:48.633Z
6a00c2d21d039d6d315fb589,3,NS_WC_Ca_SR_Sa_WF,NoSnow_WinterClothing_Camels_SunRising_Sandcastle_Fire.webp,7,5,NoSnow,WinterClothing,Camels,SunRising,Sandcastle,Fire,2026-07-27T13:41:55.027Z
6a00c2d21d039d6d315fb589,4,NS_WC_Ca_SM_Sn_WF,NoSnow_WinterClothing_Camels_SunMid_Snowman_Fire.webp,5,1,NoSnow,WinterClothing,Camels,SunMid,Snowman,Fire,2026-07-27T13:42:03.291Z
6a00c2d21d039d6d315fb589,5,NS_SC_Ca_SR_Sa_WF,NoSnow_SummerClothing_Camels_SunRising_Sandcastle_Fire.webp,7,5,NoSnow,SummerClothing,Camels,SunRising,Sandcastle,Fire,2026-07-27T13:42:12.079Z
6a00c2d21d039d6d315fb589,6,S_WC_Ca_SM_Sa_WF,Snow_WinterClothing_Camels_SunMid_Sandcastle_Fire.webp,4,1,Snow,WinterClothing,Camels,SunMid,Sandcastle,Fire,2026-07-27T13:42:20.963Z
6a00c2d21d039d6d315fb589,7,S_WC_Ca_SM_Sn_NF,Snow_WinterClothing_Camels_SunMid_Snowman_NoFire.webp,4,4,Snow,WinterClothing,Camels,SunMid,Snowman,NoFire,2026-07-27T13:42:29.083Z
6a00c2d21d039d6d315fb589,8,S_WC_Ca_SR_Sn_NF,Snow_WinterClothing_Camels_SunRising_Snowman_NoFire.webp,4,3,Snow,WinterClothing,Camels,SunRising,Snowman,NoFire,2026-07-27T13:42:34.985Z
6a00c2d21d039d6d315fb589,9,S_WC_Pe_SR_Sa_NF,Snow_WinterClothing_Penguins_SunRising_Sandcastle_NoFire.webp,2,1,Snow,WinterClothing,Penguins,SunRising,Sandcastle,NoFire,2026-07-27T13:42:41.518Z
6a00c2d21d039d6d315fb589,10,NS_WC_Pe_SM_Sa_WF,NoSnow_WinterClothing_Penguins_SunMid_Sandcastle_Fire.webp,4,3,NoSnow,WinterClothing,Penguins,SunMid,Sandcastle,Fire,2026-07-27T13:42:49.409Z
6a00c2d21d039d6d315fb589,11,NS_SC_Ca_SM_Sa_WF,NoSnow_SummerClothing_Camels_SunMid_Sandcastle_Fire.webp,5,4,NoSnow,SummerClothing,Camels,SunMid,Sandcastle,Fire,2026-07-27T13:42:58.073Z
6a00c2d21d039d6d315fb589,12,S_SC_Pe_SR_Sa_NF,Snow_SummerClothing_Penguins_SunRising_Sandcastle_NoFire.webp,2,4,Snow,SummerClothing,Penguins,SunRising,Sandcastle,NoFire,2026-07-27T13:43:06.869Z
6a00c2d21d039d6d315fb589,13,S_SC_Pe_SR_Sa_WF,Snow_SummerClothing_Penguins_SunRising_Sandcastle_Fire.webp,4,5,Snow,SummerClothing,Penguins,SunRising,Sandcastle,Fire,2026-07-27T13:43:12.526Z
6a00c2d21d039d6d315fb589,14,NS_WC_Ca_SM_Sn_NF,NoSnow_WinterClothing_Camels_SunMid_Snowman_NoFire.webp,5,2,NoSnow,WinterClothing,Camels,SunMid,Snowman,NoFire,2026-07-27T13:43:19.260Z
6a00c2d21d039d6d315fb589,15,NS_WC_Ca_SR_Sa_NF,NoSnow_WinterClothing_Camels_SunRising_Sandcastle_NoFire.webp,7,6,NoSnow,WinterClothing,Camels,SunRising,Sandcastle,NoFire,2026-07-27T13:43:25.351Z
6a00c2d21d039d6d315fb589,16,NS_SC_Pe_SM_Sn_WF,NoSnow_SummerClothing_Penguins_SunMid_Snowman_Fire.webp,4,3,NoSnow,SummerClothing,Penguins,SunMid,Snowman,Fire,2026-07-27T13:43:32.476Z
6a00c2d21d039d6d315fb589,17,S_SC_Pe_SM_Sa_WF,Snow_SummerClothing_Penguins_SunMid_Sandcastle_Fire.webp,1,6,Snow,SummerClothing,Penguins,SunMid,Sandcastle,Fire,2026-07-27T13:43:39.216Z
6a00c2d21d039d6d315fb589,18,S_WC_Pe_SR_Sn_WF,Snow_WinterClothing_Penguins_SunRising_Snowman_Fire.webp,1,4,Snow,WinterClothing,Penguins,SunRising,Snowman,Fire,2026-07-27T13:43:45.499Z
6a00c2d21d039d6d315fb589,19,S_WC_Pe_SM_Sa_NF,Snow_WinterClothing_Penguins_SunMid_Sandcastle_NoFire.webp,1,2,Snow,WinterClothing,Penguins,SunMid,Sandcastle,NoFire,2026-07-27T13:43:51.444Z
6a00c2d21d039d6d315fb589,20,S_SC_Ca_SR_Sn_WF,Snow_SummerClothing_Camels_SunRising_Snowman_Fire.webp,2,5,Snow,SummerClothing,Camels,SunRising,Snowman,Fire,2026-07-27T13:44:01.770Z
6a00c2d21d039d6d315fb589,21,S_WC_Ca_SR_Sa_NF,Snow_WinterClothing_Camels_SunRising_Sandcastle_NoFire.webp,2,2,Snow,WinterClothing,Camels,SunRising,Sandcastle,NoFire,2026-07-27T13:44:10.575Z
6a00c2d21d039d6d315fb589,22,S_SC_Pe_SM_Sn_NF,Snow_SummerClothing_Penguins_SunMid_Snowman_NoFire.webp,1,7,Snow,SummerClothing,Penguins,SunMid,Snowman,NoFire,2026-07-27T13:44:16.802Z
6a00c2d21d039d6d315fb589,23,NS_WC_Pe_SR_Sn_WF,NoSnow_WinterClothing_Penguins_SunRising_Snowman_Fire.webp,7,3,NoSnow,WinterClothing,Penguins,SunRising,Snowman,Fire,2026-07-27T13:44:22.305Z
6a00c2d21d039d6d315fb589,24,NS_SC_Ca_SM_Sn_NF,NoSnow_SummerClothing_Camels_SunMid_Snowman_NoFire.webp,5,3,NoSnow,SummerClothing,Camels,SunMid,Snowman,NoFire,2026-07-27T13:44:27.943Z
6a00c2d21d039d6d315fb589,25,S_WC_Pe_SR_Sa_WF,Snow_WinterClothing_Penguins_SunRising_Sandcastle_Fire.webp,3,6,Snow,WinterClothing,Penguins,SunRising,Sandcastle,Fire,2026-07-27T13:44:35.059Z
6a00c2d21d039d6d315fb589,26,NS_WC_Ca_SM_Sa_NF,NoSnow_WinterClothing_Camels_SunMid_Sandcastle_NoFire.webp,6,6,NoSnow,WinterClothing,Camels,SunMid,Sandcastle,NoFire,2026-07-27T13:44:40.114Z
6a00c2d21d039d6d315fb589,27,NS_WC_Pe_SR_Sa_WF,NoSnow_WinterClothing_Penguins_SunRising_Sandcastle_Fire.webp,7,3,NoSnow,WinterClothing,Penguins,SunRising,Sandcastle,Fire,2026-07-27T13:44:46.115Z
6a00c2d21d039d6d315fb589,28,S_SC_Ca_SM_Sn_NF,Snow_SummerClothing_Camels_SunMid_Snowman_NoFire.webp,1,5,Snow,SummerClothing,Camels,SunMid,Snowman,NoFire,2026-07-27T13:44:51.551Z
6a00c2d21d039d6d315fb589,29,S_SC_Ca_SR_Sn_NF,Snow_SummerClothing_Camels_SunRising_Snowman_NoFire.webp,1,4,Snow,SummerClothing,Camels,SunRising,Snowman,NoFire,2026-07-27T13:44:57.085Z
6a00c2d21d039d6d315fb589,30,S_SC_Pe_SM_Sn_WF,Snow_SummerClothing_Penguins_SunMid_Snowman_Fire.webp,2,6,Snow,SummerClothing,Penguins,SunMid,Snowman,Fire,2026-07-27T13:45:02.189Z
6a00c2d21d039d6d315fb589,31,S_SC_Pe_SR_Sn_WF,Snow_SummerClothing_Penguins_SunRising_Snowman_Fire.webp,2,7,Snow,SummerClothing,Penguins,SunRising,Snowman,Fire,2026-07-27T13:45:08.551Z
6a00c2d21d039d6d315fb589,32,S_SC_Ca_SM_Sa_WF,Snow_SummerClothing_Camels_SunMid_Sandcastle_Fire.webp,3,4,Snow,SummerClothing,Camels,SunMid,Sandcastle,Fire,2026-07-27T13:45:14.196Z
6a00c2d21d039d6d315fb589,33,S_WC_Ca_SM_Sn_WF,Snow_WinterClothing_Camels_SunMid_Snowman_Fire.webp,3,4,Snow,WinterClothing,Camels,SunMid,Snowman,Fire,2026-07-27T13:45:19.875Z
6a00c2d21d039d6d315fb589,34,NS_WC_Ca_SM_Sa_WF,NoSnow_WinterClothing_Camels_SunMid_Sandcastle_Fire.webp,7,6,NoSnow,WinterClothing,Camels,SunMid,Sandcastle,Fire,2026-07-27T13:45:25.989Z
6a00c2d21d039d6d315fb589,35,NS_WC_Pe_SM_Sn_NF,NoSnow_WinterClothing_Penguins_SunMid_Snowman_NoFire.webp,5,3,NoSnow,WinterClothing,Penguins,SunMid,Snowman,NoFire,2026-07-27T13:45:31.883Z
6a00c2d21d039d6d315fb589,36,S_SC_Ca_SM_Sn_WF,Snow_SummerClothing_Camels_SunMid_Snowman_Fire.webp,3,5,Snow,SummerClothing,Camels,SunMid,Snowman,Fire,2026-07-27T13:45:39.001Z
6a00c2d21d039d6d315fb589,37,S_WC_Pe_SR_Sn_NF,Snow_WinterClothing_Penguins_SunRising_Snowman_NoFire.webp,1,7,Snow,WinterClothing,Penguins,SunRising,Snowman,NoFire,2026-07-27T13:45:45.016Z
6a00c2d21d039d6d315fb589,38,S_SC_Ca_SM_Sa_NF,Snow_SummerClothing_Camels_SunMid_Sandcastle_NoFire.webp,1,7,Snow,SummerClothing,Camels,SunMid,Sandcastle,NoFire,2026-07-27T13:45:50.486Z
6a00c2d21d039d6d315fb589,39,NS_SC_Pe_SM_Sa_NF,NoSnow_SummerClothing_Penguins_SunMid_Sandcastle_NoFire.webp,5,3,NoSnow,SummerClothing,Penguins,SunMid,Sandcastle,NoFire,2026-07-27T13:45:56.134Z
6a00c2d21d039d6d315fb589,40,S_SC_Ca_SR_Sa_WF,Snow_SummerClothing_Camels_SunRising_Sandcastle_Fire.webp,2,5,Snow,SummerClothing,Camels,SunRising,Sandcastle,Fire,2026-07-27T13:46:01.390Z
6a00c2d21d039d6d315fb589,41,S_WC_Pe_SM_Sn_NF,Snow_WinterClothing_Penguins_SunMid_Snowman_NoFire.webp,1,7,Snow,WinterClothing,Penguins,SunMid,Snowman,NoFire,2026-07-27T13:46:06.629Z
6a00c2d21d039d6d315fb589,42,NS_SC_Pe_SR_Sa_WF,NoSnow_SummerClothing_Penguins_SunRising_Sandcastle_Fire.webp,7,3,NoSnow,SummerClothing,Penguins,SunRising,Sandcastle,Fire,2026-07-27T13:46:12.321Z
6a00c2d21d039d6d315fb589,43,NS_WC_Pe_SM_Sn_WF,NoSnow_WinterClothing_Penguins_SunMid_Snowman_Fire.webp,7,2,NoSnow,WinterClothing,Penguins,SunMid,Snowman,Fire,2026-07-27T13:46:18.626Z
6a00c2d21d039d6d315fb589,44,NS_SC_Ca_SM_Sn_WF,NoSnow_SummerClothing_Camels_SunMid_Snowman_Fire.webp,7,3,NoSnow,SummerClothing,Camels,SunMid,Snowman,Fire,2026-07-27T13:46:24.115Z
6a00c2d21d039d6d315fb589,45,S_SC_Pe_SR_Sn_NF,Snow_SummerClothing_Penguins_SunRising_Snowman_NoFire.webp,1,7,Snow,SummerClothing,Penguins,SunRising,Snowman,NoFire,2026-07-27T13:46:30.373Z
6a00c2d21d039d6d315fb589,46,NS_SC_Pe_SM_Sa_WF,NoSnow_SummerClothing_Penguins_SunMid_Sandcastle_Fire.webp,7,3,NoSnow,SummerClothing,Penguins,SunMid,Sandcastle,Fire,2026-07-27T13:46:36.693Z
6a00c2d21d039d6d315fb589,47,NS_WC_Ca_SR_Sn_NF,NoSnow_WinterClothing_Camels_SunRising_Snowman_NoFire.webp,7,3,NoSnow,WinterClothing,Camels,SunRising,Snowman,NoFire,2026-07-27T13:46:42.803Z
6a00c2d21d039d6d315fb589,48,NS_SC_Pe_SR_Sn_NF,NoSnow_SummerClothing_Penguins_SunRising_Snowman_NoFire.webp,5,1,NoSnow,SummerClothing,Penguins,SunRising,Snowman,NoFire,2026-07-27T13:46:49.929Z
6a00c2d21d039d6d315fb589,49,NS_SC_Ca_SM_Sa_NF,NoSnow_SummerClothing_Camels_SunMid_Sandcastle_NoFire.webp,6,2,NoSnow,SummerClothing,Camels,SunMid,Sandcastle,NoFire,2026-07-27T13:46:56.299Z
6a00c2d21d039d6d315fb589,50,S_WC_Pe_SM_Sn_WF,Snow_WinterClothing_Penguins_SunMid_Snowman_Fire.webp,1,7,Snow,WinterClothing,Penguins,SunMid,Snowman,Fire,2026-07-27T13:47:02.259Z
6a00c2d21d039d6d315fb589,51,S_WC_Ca_SR_Sa_WF,Snow_WinterClothing_Camels_SunRising_Sandcastle_Fire.webp,3,3,Snow,WinterClothing,Camels,SunRising,Sandcastle,Fire,2026-07-27T13:47:09.686Z
6a00c2d21d039d6d315fb589,52,NS_SC_Pe_SR_Sa_NF,NoSnow_SummerClothing_Penguins_SunRising_Sandcastle_NoFire.webp,5,3,NoSnow,SummerClothing,Penguins,SunRising,Sandcastle,NoFire,2026-07-27T13:47:16.049Z
6a00c2d21d039d6d315fb589,53,S_WC_Ca_SM_Sa_NF,Snow_WinterClothing_Camels_SunMid_Sandcastle_NoFire.webp,1,3,Snow,WinterClothing,Camels,SunMid,Sandcastle,NoFire,2026-07-27T13:47:22.760Z
6a00c2d21d039d6d315fb589,54,NS_WC_Pe_SR_Sn_NF,NoSnow_WinterClothing_Penguins_SunRising_Snowman_NoFire.webp,5,2,NoSnow,WinterClothing,Penguins,SunRising,Snowman,NoFire,2026-07-27T13:47:30.708Z
6a00c2d21d039d6d315fb589,55,NS_WC_Pe_SR_Sa_NF,NoSnow_WinterClothing_Penguins_SunRising_Sandcastle_NoFire.webp,5,3,NoSnow,WinterClothing,Penguins,SunRising,Sandcastle,NoFire,2026-07-27T13:47:39.825Z
6a00c2d21d039d6d315fb589,56,NS_SC_Ca_SR_Sn_NF,NoSnow_SummerClothing_Camels_SunRising_Snowman_NoFire.webp,6,3,NoSnow,SummerClothing,Camels,SunRising,Snowman,NoFire,2026-07-27T13:47:46.003Z
6a00c2d21d039d6d315fb589,57,NS_WC_Pe_SM_Sa_NF,NoSnow_WinterClothing_Penguins_SunMid_Sandcastle_NoFire.webp,4,3,NoSnow,WinterClothing,Penguins,SunMid,Sandcastle,NoFire,2026-07-27T13:47:52.267Z
6a00c2d21d039d6d315fb589,58,S_SC_Pe_SM_Sa_NF,Snow_SummerClothing_Penguins_SunMid_Sandcastle_NoFire.webp,3,3,Snow,SummerClothing,Penguins,SunMid,Sandcastle,NoFire,2026-07-27T13:47:57.753Z
6a00c2d21d039d6d315fb589,59,NS_WC_Ca_SR_Sn_WF,NoSnow_WinterClothing_Camels_SunRising_Snowman_Fire.webp,7,3,NoSnow,WinterClothing,Camels,SunRising,Snowman,Fire,2026-07-27T13:48:03.533Z
6a00c2d21d039d6d315fb589,60,S_WC_Pe_SM_Sa_WF,Snow_WinterClothing_Penguins_SunMid_Sandcastle_Fire.webp,3,3,Snow,WinterClothing,Penguins,SunMid,Sandcastle,Fire,2026-07-27T13:48:09.369Z
6a00c2d21d039d6d315fb589,61,S_SC_Ca_SR_Sa_NF,Snow_SummerClothing_Camels_SunRising_Sandcastle_NoFire.webp,1,2,Snow,SummerClothing,Camels,SunRising,Sandcastle,NoFire,2026-07-27T13:48:17.177Z
6a00c2d21d039d6d315fb589,62,NS_SC_Ca_SR_Sa_NF,NoSnow_SummerClothing_Camels_SunRising_Sandcastle_NoFire.webp,6,7,NoSnow,SummerClothing,Camels,SunRising,Sandcastle,NoFire,2026-07-27T13:48:22.621Z
6a00c2d21d039d6d315fb589,63,S_WC_Ca_SR_Sn_WF,Snow_WinterClothing_Camels_SunRising_Snowman_Fire.webp,4,3,Snow,WinterClothing,Camels,SunRising,Snowman,Fire,2026-07-27T13:48:35.405Z
66d31a1b0515fe747830bab9,0,NS_WC_Pe_SM_Sn_WF,NoSnow_WinterClothing_Penguins_SunMid_Snowman_Fire.webp,1,1,NoSnow,WinterClothing,Penguins,SunMid,Snowman,Fire,2026-07-27T13:42:25.309Z
66d31a1b0515fe747830bab9,1,NS_WC_Pe_SR_Sa_NF,NoSnow_WinterClothing_Penguins_SunRising_Sandcastle_NoFire.webp,1,3,NoSnow,WinterClothing,Penguins,SunRising,Sandcastle,NoFire,2026-07-27T13:42:44.613Z
66d31a1b0515fe747830bab9,2,S_WC_Ca_SR_Sn_WF,Snow_WinterClothing_Camels_SunRising_Snowman_Fire.webp,6,2,Snow,WinterClothing,Camels,SunRising,Snowman,Fire,2026-07-27T13:43:01.532Z
66d31a1b0515fe747830bab9,3,NS_SC_Pe_SM_Sn_WF,NoSnow_SummerClothing_Penguins_SunMid_Snowman_Fire.webp,6,4,NoSnow,SummerClothing,Penguins,SunMid,Snowman,Fire,2026-07-27T13:43:11.181Z
66d31a1b0515fe747830bab9,4,S_SC_Ca_SR_Sa_NF,Snow_SummerClothing_Camels_SunRising_Sandcastle_NoFire.webp,7,5,Snow,SummerClothing,Camels,SunRising,Sandcastle,NoFire,2026-07-27T13:43:22.677Z
66d31a1b0515fe747830bab9,5,NS_SC_Ca_SM_Sn_NF,NoSnow_SummerClothing_Camels_SunMid_Snowman_NoFire.webp,4,2,NoSnow,SummerClothing,Camels,SunMid,Snowman,NoFire,2026-07-27T13:43:31.677Z
66d31a1b0515fe747830bab9,6,NS_WC_Pe_SR_Sn_WF,NoSnow_WinterClothing_Penguins_SunRising_Snowman_Fire.webp,4,1,NoSnow,WinterClothing,Penguins,SunRising,Snowman,Fire,2026-07-27T13:43:42.556Z
66d31a1b0515fe747830bab9,7,S_SC_Pe_SR_Sn_NF,Snow_SummerClothing_Penguins_SunRising_Snowman_NoFire.webp,2,3,Snow,SummerClothing,Penguins,SunRising,Snowman,NoFire,2026-07-27T13:43:53.836Z
66d31a1b0515fe747830bab9,8,S_WC_Pe_SR_Sn_WF,Snow_WinterClothing_Penguins_SunRising_Snowman_Fire.webp,5,4,Snow,WinterClothing,Penguins,SunRising,Snowman,Fire,2026-07-27T13:44:05.500Z
66d31a1b0515fe747830bab9,9,S_WC_Ca_SM_Sa_NF,Snow_WinterClothing_Camels_SunMid_Sandcastle_NoFire.webp,6,5,Snow,WinterClothing,Camels,SunMid,Sandcastle,NoFire,2026-07-27T13:44:17.324Z
66d31a1b0515fe747830bab9,10,NS_SC_Pe_SR_Sn_NF,NoSnow_SummerClothing_Penguins_SunRising_Snowman_NoFire.webp,4,1,NoSnow,SummerClothing,Penguins,SunRising,Snowman,NoFire,2026-07-27T13:44:25.676Z
66d31a1b0515fe747830bab9,11,NS_SC_Ca_SR_Sa_WF,NoSnow_SummerClothing_Camels_SunRising_Sandcastle_Fire.webp,7,6,NoSnow,SummerClothing,Camels,SunRising,Sandcastle,Fire,2026-07-27T13:44:34.572Z
66d31a1b0515fe747830bab9,12,NS_SC_Pe_SM_Sn_NF,NoSnow_SummerClothing_Penguins_SunMid_Snowman_NoFire.webp,2,2,NoSnow,SummerClothing,Penguins,SunMid,Snowman,NoFire,2026-07-27T13:44:45.364Z
66d31a1b0515fe747830bab9,13,NS_SC_Pe_SR_Sa_NF,NoSnow_SummerClothing_Penguins_SunRising_Sandcastle_NoFire.webp,4,3,NoSnow,SummerClothing,Penguins,SunRising,Sandcastle,NoFire,2026-07-27T13:44:56.876Z
66d31a1b0515fe747830bab9,14,S_WC_Ca_SM_Sn_NF,Snow_WinterClothing_Camels_SunMid_Snowman_NoFire.webp,6,3,Snow,WinterClothing,Camels,SunMid,Snowman,NoFire,2026-07-27T13:45:05.844Z
66d31a1b0515fe747830bab9,15,NS_WC_Ca_SM_Sa_NF,NoSnow_WinterClothing_Camels_SunMid_Sandcastle_NoFire.webp,7,6,NoSnow,WinterClothing,Camels,SunMid,Sandcastle,NoFire,2026-07-27T13:45:15.060Z
66d31a1b0515fe747830bab9,16,S_WC_Ca_SR_Sa_WF,Snow_WinterClothing_Camels_SunRising_Sandcastle_Fire.webp,7,6,Snow,WinterClothing,Camels,SunRising,Sandcastle,Fire,2026-07-27T13:45:24.700Z
66d31a1b0515fe747830bab9,17,NS_SC_Ca_SR_Sn_NF,NoSnow_SummerClothing_Camels_SunRising_Snowman_NoFire.webp,3,2,NoSnow,SummerClothing,Camels,SunRising,Snowman,NoFire,2026-07-27T13:45:33.956Z
66d31a1b0515fe747830bab9,18,S_WC_Pe_SR_Sa_NF,Snow_WinterClothing_Penguins_SunRising_Sandcastle_NoFire.webp,4,2,Snow,WinterClothing,Penguins,SunRising,Sandcastle,NoFire,2026-07-27T13:45:47.860Z
66d31a1b0515fe747830bab9,19,NS_SC_Ca_SM_Sa_WF,NoSnow_SummerClothing_Camels_SunMid_Sandcastle_Fire.webp,6,6,NoSnow,SummerClothing,Camels,SunMid,Sandcastle,Fire,2026-07-27T13:45:57.772Z
66d31a1b0515fe747830bab9,20,NS_WC_Ca_SM_Sn_NF,NoSnow_WinterClothing_Camels_SunMid_Snowman_NoFire.webp,6,3,NoSnow,WinterClothing,Camels,SunMid,Snowman,NoFire,2026-07-27T13:46:09.348Z
66d31a1b0515fe747830bab9,21,NS_SC_Ca_SM_Sa_NF,NoSnow_SummerClothing_Camels_SunMid_Sandcastle_NoFire.webp,6,6,NoSnow,SummerClothing,Camels,SunMid,Sandcastle,NoFire,2026-07-27T13:46:18.788Z
66d31a1b0515fe747830bab9,22,NS_SC_Pe_SR_Sn_WF,NoSnow_SummerClothing_Penguins_SunRising_Snowman_Fire.webp,2,4,NoSnow,SummerClothing,Penguins,SunRising,Snowman,Fire,2026-07-27T13:46:26.780Z
66d31a1b0515fe747830bab9,23,NS_WC_Ca_SM_Sn_WF,NoSnow_WinterClothing_Camels_SunMid_Snowman_Fire.webp,4,3,NoSnow,WinterClothing,Camels,SunMid,Snowman,Fire,2026-07-27T13:46:37.108Z
66d31a1b0515fe747830bab9,24,S_WC_Pe_SR_Sn_NF,Snow_WinterClothing_Penguins_SunRising_Snowman_NoFire.webp,5,6,Snow,WinterClothing,Penguins,SunRising,Snowman,NoFire,2026-07-27T13:46:52.524Z
66d31a1b0515fe747830bab9,25,S_SC_Pe_SM_Sa_WF,Snow_SummerClothing_Penguins_SunMid_Sandcastle_Fire.webp,5,3,Snow,SummerClothing,Penguins,SunMid,Sandcastle,Fire,2026-07-27T13:47:01.436Z
66d31a1b0515fe747830bab9,26,NS_WC_Pe_SM_Sn_NF,NoSnow_WinterClothing_Penguins_SunMid_Snowman_NoFire.webp,5,7,NoSnow,WinterClothing,Penguins,SunMid,Snowman,NoFire,2026-07-27T13:47:10.796Z
66d31a1b0515fe747830bab9,27,NS_WC_Pe_SM_Sa_NF,NoSnow_WinterClothing_Penguins_SunMid_Sandcastle_NoFire.webp,4,3,NoSnow,WinterClothing,Penguins,SunMid,Sandcastle,NoFire,2026-07-27T13:47:18.668Z
66d31a1b0515fe747830bab9,28,NS_SC_Pe_SM_Sa_NF,NoSnow_SummerClothing_Penguins_SunMid_Sandcastle_NoFire.webp,4,3,NoSnow,SummerClothing,Penguins,SunMid,Sandcastle,NoFire,2026-07-27T13:47:27.348Z
66d31a1b0515fe747830bab9,29,S_SC_Ca_SM_Sn_NF,Snow_SummerClothing_Camels_SunMid_Snowman_NoFire.webp,5,4,Snow,SummerClothing,Camels,SunMid,Snowman,NoFire,2026-07-27T13:47:35.556Z
66d31a1b0515fe747830bab9,30,S_SC_Ca_SR_Sn_NF,Snow_SummerClothing_Camels_SunRising_Snowman_NoFire.webp,5,4,Snow,SummerClothing,Camels,SunRising,Snowman,NoFire,2026-07-27T13:47:44.148Z
66d31a1b0515fe747830bab9,31,S_WC_Pe_SM_Sn_NF,Snow_WinterClothing_Penguins_SunMid_Snowman_NoFire.webp,4,6,Snow,WinterClothing,Penguins,SunMid,Snowman,NoFire,2026-07-27T13:47:54.620Z
66d31a1b0515fe747830bab9,32,S_SC_Ca_SR_Sn_WF,Snow_SummerClothing_Camels_SunRising_Snowman_Fire.webp,5,4,Snow,SummerClothing,Camels,SunRising,Snowman,Fire,2026-07-27T13:48:01.996Z
66d31a1b0515fe747830bab9,33,NS_WC_Ca_SR_Sn_WF,NoSnow_WinterClothing_Camels_SunRising_Snowman_Fire.webp,6,2,NoSnow,WinterClothing,Camels,SunRising,Snowman,Fire,2026-07-27T13:48:10.428Z
66d31a1b0515fe747830bab9,34,S_WC_Ca_SR_Sa_NF,Snow_WinterClothing_Camels_SunRising_Sandcastle_NoFire.webp,7,7,Snow,WinterClothing,Camels,SunRising,Sandcastle,NoFire,2026-07-27T13:48:21.076Z
66d31a1b0515fe747830bab9,35,S_SC_Pe_SR_Sn_WF,Snow_SummerClothing_Penguins_SunRising_Snowman_Fire.webp,2,3,Snow,SummerClothing,Penguins,SunRising,Snowman,Fire,2026-07-27T13:48:28.500Z
66d31a1b0515fe747830bab9,36,S_WC_Ca_SM_Sn_WF,Snow_WinterClothing_Camels_SunMid_Snowman_Fire.webp,4,4,Snow,WinterClothing,Camels,SunMid,Snowman,Fire,2026-07-27T13:48:36.004Z
66d31a1b0515fe747830bab9,37,S_SC_Ca_SR_Sa_WF,Snow_SummerClothing_Camels_SunRising_Sandcastle_Fire.webp,6,6,Snow,SummerClothing,Camels,SunRising,Sandcastle,Fire,2026-07-27T13:48:43.412Z
66d31a1b0515fe747830bab9,38,S_WC_Ca_SM_Sa_WF,Snow_WinterClothing_Camels_SunMid_Sandcastle_Fire.webp,7,4,Snow,WinterClothing,Camels,SunMid,Sandcastle,Fire,2026-07-27T13:48:50.372Z
66d31a1b0515fe747830bab9,39,NS_WC_Ca_SM_Sa_WF,NoSnow_WinterClothing_Camels_SunMid_Sandcastle_Fire.webp,7,4,NoSnow,WinterClothing,Camels,SunMid,Sandcastle,Fire,2026-07-27T13:48:57.764Z
66d31a1b0515fe747830bab9,40,S_SC_Pe_SM_Sa_NF,Snow_SummerClothing_Penguins_SunMid_Sandcastle_NoFire.webp,4,3,Snow,SummerClothing,Penguins,SunMid,Sandcastle,NoFire,2026-07-27T13:49:05.972Z
66d31a1b0515fe747830bab9,41,NS_WC_Ca_SR_Sn_NF,NoSnow_WinterClothing_Camels_SunRising_Snowman_NoFire.webp,5,3,NoSnow,WinterClothing,Camels,SunRising,Snowman,NoFire,2026-07-27T13:49:14.244Z
66d31a1b0515fe747830bab9,42,NS_WC_Ca_SR_Sa_NF,NoSnow_WinterClothing_Camels_SunRising_Sandcastle_NoFire.webp,6,5,NoSnow,WinterClothing,Camels,SunRising,Sandcastle,NoFire,2026-07-27T13:49:22.380Z
66d31a1b0515fe747830bab9,43,NS_SC_Ca_SR_Sa_NF,NoSnow_SummerClothing_Camels_SunRising_Sandcastle_NoFire.webp,3,5,NoSnow,SummerClothing,Camels,SunRising,Sandcastle,NoFire,2026-07-27T13:49:29.572Z
66d31a1b0515fe747830bab9,44,S_SC_Pe_SM_Sn_NF,Snow_SummerClothing_Penguins_SunMid_Snowman_NoFire.webp,1,6,Snow,SummerClothing,Penguins,SunMid,Snowman,NoFire,2026-07-27T13:49:38.548Z
66d31a1b0515fe747830bab9,45,NS_WC_Ca_SR_Sa_WF,NoSnow_WinterClothing_Camels_SunRising_Sandcastle_Fire.webp,7,4,NoSnow,WinterClothing,Camels,SunRising,Sandcastle,Fire,2026-07-27T13:49:47.028Z
66d31a1b0515fe747830bab9,46,S_WC_Pe_SM_Sn_WF,Snow_WinterClothing_Penguins_SunMid_Snowman_Fire.webp,5,7,Snow,WinterClothing,Penguins,SunMid,Snowman,Fire,2026-07-27T13:49:57.916Z
66d31a1b0515fe747830bab9,47,S_SC_Pe_SR_Sa_WF,Snow_SummerClothing_Penguins_SunRising_Sandcastle_Fire.webp,4,4,Snow,SummerClothing,Penguins,SunRising,Sandcastle,Fire,2026-07-27T13:50:04.172Z
66d31a1b0515fe747830bab9,48,S_SC_Ca_SM_Sn_WF,Snow_SummerClothing_Camels_SunMid_Snowman_Fire.webp,3,5,Snow,SummerClothing,Camels,SunMid,Snowman,Fire,2026-07-27T13:50:12.588Z
66d31a1b0515fe747830bab9,49,S_SC_Pe_SR_Sa_NF,Snow_SummerClothing_Penguins_SunRising_Sandcastle_NoFire.webp,3,4,Snow,SummerClothing,Penguins,SunRising,Sandcastle,NoFire,2026-07-27T13:50:22.748Z
66d31a1b0515fe747830bab9,50,NS_SC_Ca_SR_Sn_WF,NoSnow_SummerClothing_Camels_SunRising_Snowman_Fire.webp,4,4,NoSnow,SummerClothing,Camels,SunRising,Snowman,Fire,2026-07-27T13:50:29.564Z
66d31a1b0515fe747830bab9,51,S_SC_Pe_SM_Sn_WF,Snow_SummerClothing_Penguins_SunMid_Snowman_Fire.webp,1,2,Snow,SummerClothing,Penguins,SunMid,Snowman,Fire,2026-07-27T13:50:42.220Z
66d31a1b0515fe747830bab9,52,NS_SC_Pe_SM_Sa_WF,NoSnow_SummerClothing_Penguins_SunMid_Sandcastle_Fire.webp,4,3,NoSnow,SummerClothing,Penguins,SunMid,Sandcastle,Fire,2026-07-27T13:50:48.644Z
66d31a1b0515fe747830bab9,53,S_WC_Pe_SM_Sa_WF,Snow_WinterClothing_Penguins_SunMid_Sandcastle_Fire.webp,5,3,Snow,WinterClothing,Penguins,SunMid,Sandcastle,Fire,2026-07-27T13:50:58.884Z
66d31a1b0515fe747830bab9,54,S_WC_Pe_SM_Sa_NF,Snow_WinterClothing_Penguins_SunMid_Sandcastle_NoFire.webp,5,3,Snow,WinterClothing,Penguins,SunMid,Sandcastle,NoFire,2026-07-27T13:51:07.916Z
66d31a1b0515fe747830bab9,55,S_WC_Pe_SR_Sa_WF,Snow_WinterClothing_Penguins_SunRising_Sandcastle_Fire.webp,5,3,Snow,WinterClothing,Penguins,SunRising,Sandcastle,Fire,2026-07-27T13:51:15.668Z
66d31a1b0515fe747830bab9,56,S_SC_Ca_SM_Sa_WF,Snow_SummerClothing_Camels_SunMid_Sandcastle_Fire.webp,3,6,Snow,SummerClothing,Camels,SunMid,Sandcastle,Fire,2026-07-27T13:51:24.324Z
66d31a1b0515fe747830bab9,57,S_SC_Ca_SM_Sa_NF,Snow_SummerClothing_Camels_SunMid_Sandcastle_NoFire.webp,3,7,Snow,SummerClothing,Camels,SunMid,Sandcastle,NoFire,2026-07-27T13:51:36.716Z
66d31a1b0515fe747830bab9,58,S_WC_Ca_SR_Sn_NF,Snow_WinterClothing_Camels_SunRising_Snowman_NoFire.webp,5,4,Snow,WinterClothing,Camels,SunRising,Snowman,NoFire,2026-07-27T13:52:19.108Z
66d31a1b0515fe747830bab9,59,NS_WC_Pe_SR_Sn_NF,NoSnow_WinterClothing_Penguins_SunRising_Snowman_NoFire.webp,5,7,NoSnow,WinterClothing,Penguins,SunRising,Snowman,NoFire,2026-07-27T13:52:30.380Z
66d31a1b0515fe747830bab9,60,NS_SC_Pe_SR_Sa_WF,NoSnow_SummerClothing_Penguins_SunRising_Sandcastle_Fire.webp,4,3,NoSnow,SummerClothing,Penguins,SunRising,Sandcastle,Fire,2026-07-27T13:52:37.516Z
66d31a1b0515fe747830bab9,61,NS_WC_Pe_SR_Sa_WF,NoSnow_WinterClothing_Penguins_SunRising_Sandcastle_Fire.webp,3,5,NoSnow,WinterClothing,Penguins,SunRising,Sandcastle,Fire,2026-07-27T13:52:47.700Z
66d31a1b0515fe747830bab9,62,NS_WC_Pe_SM_Sa_WF,NoSnow_WinterClothing_Penguins_SunMid_Sandcastle_Fire.webp,3,4,NoSnow,WinterClothing,Penguins,SunMid,Sandcastle,Fire,2026-07-27T13:52:58.764Z
66d31a1b0515fe747830bab9,63,NS_SC_Ca_SM_Sn_WF,NoSnow_SummerClothing_Camels_SunMid_Snowman_Fire.webp,3,5,NoSnow,SummerClothing,Camels,SunMid,Snowman,Fire,2026-07-27T13:53:11.788Z
672541915a9a5ac8b878a28e,0,NS_SC_Ca_SM_Sn_WF,NoSnow_SummerClothing_Camels_SunMid_Snowman_Fire.webp,4,3,NoSnow,SummerClothing,Camels,SunMid,Snowman,Fire,2026-07-27T13:42:08.238Z
672541915a9a5ac8b878a28e,1,NS_WC_Pe_SM_Sa_WF,NoSnow_WinterClothing_Penguins_SunMid_Sandcastle_Fire.webp,2,2,NoSnow,WinterClothing,Penguins,SunMid,Sandcastle,Fire,2026-07-27T13:42:25.730Z
672541915a9a5ac8b878a28e,2,NS_SC_Ca_SR_Sa_WF,NoSnow_SummerClothing_Camels_SunRising_Sandcastle_Fire.webp,6,2,NoSnow,SummerClothing,Camels,SunRising,Sandcastle,Fire,2026-07-27T13:42:46.259Z
672541915a9a5ac8b878a28e,3,S_WC_Pe_SR_Sn_NF,Snow_WinterClothing_Penguins_SunRising_Snowman_NoFire.webp,2,5,Snow,WinterClothing,Penguins,SunRising,Snowman,NoFire,2026-07-27T13:43:07.616Z
672541915a9a5ac8b878a28e,4,S_WC_Ca_SM_Sa_WF,Snow_WinterClothing_Camels_SunMid_Sandcastle_Fire.webp,3,2,Snow,WinterClothing,Camels,SunMid,Sandcastle,Fire,2026-07-27T13:43:25.589Z
672541915a9a5ac8b878a28e,5,NS_WC_Pe_SR_Sa_WF,NoSnow_WinterClothing_Penguins_SunRising_Sandcastle_Fire.webp,3,5,NoSnow,WinterClothing,Penguins,SunRising,Sandcastle,Fire,2026-07-27T13:43:40.046Z
672541915a9a5ac8b878a28e,6,S_SC_Ca_SR_Sa_WF,Snow_SummerClothing_Camels_SunRising_Sandcastle_Fire.webp,5,3,Snow,SummerClothing,Camels,SunRising,Sandcastle,Fire,2026-07-27T13:43:54.034Z
672541915a9a5ac8b878a28e,7,S_WC_Ca_SR_Sn_NF,Snow_WinterClothing_Camels_SunRising_Snowman_NoFire.webp,2,2,Snow,WinterClothing,Camels,SunRising,Snowman,NoFire,2026-07-27T13:44:07.308Z
672541915a9a5ac8b878a28e,8,NS_WC_Pe_SR_Sn_NF,NoSnow_WinterClothing_Penguins_SunRising_Snowman_NoFire.webp,3,6,NoSnow,WinterClothing,Penguins,SunRising,Snowman,NoFire,2026-07-27T13:44:23.613Z
672541915a9a5ac8b878a28e,9,S_SC_Ca_SR_Sn_NF,Snow_SummerClothing_Camels_SunRising_Snowman_NoFire.webp,2,1,Snow,SummerClothing,Camels,SunRising,Snowman,NoFire,2026-07-27T13:44:36.748Z
672541915a9a5ac8b878a28e,10,S_WC_Pe_SR_Sa_NF,Snow_WinterClothing_Penguins_SunRising_Sandcastle_NoFire.webp,2,7,Snow,WinterClothing,Penguins,SunRising,Sandcastle,NoFire,2026-07-27T13:44:49.235Z
672541915a9a5ac8b878a28e,11,S_SC_Pe_SM_Sn_NF,Snow_SummerClothing_Penguins_SunMid_Snowman_NoFire.webp,1,6,Snow,SummerClothing,Penguins,SunMid,Snowman,NoFire,2026-07-27T13:45:00.502Z
672541915a9a5ac8b878a28e,12,S_WC_Ca_SR_Sa_NF,Snow_WinterClothing_Camels_SunRising_Sandcastle_NoFire.webp,1,3,Snow,WinterClothing,Camels,SunRising,Sandcastle,NoFire,2026-07-27T13:45:11.485Z
672541915a9a5ac8b878a28e,13,S_SC_Pe_SM_Sa_NF,Snow_SummerClothing_Penguins_SunMid_Sandcastle_NoFire.webp,3,6,Snow,SummerClothing,Penguins,SunMid,Sandcastle,NoFire,2026-07-27T13:45:22.773Z
672541915a9a5ac8b878a28e,14,NS_SC_Ca_SM_Sn_NF,NoSnow_SummerClothing_Camels_SunMid_Snowman_NoFire.webp,3,3,NoSnow,SummerClothing,Camels,SunMid,Snowman,NoFire,2026-07-27T13:45:42.656Z
672541915a9a5ac8b878a28e,15,S_WC_Ca_SM_Sn_WF,Snow_WinterClothing_Camels_SunMid_Snowman_Fire.webp,3,2,Snow,WinterClothing,Camels,SunMid,Snowman,Fire,2026-07-27T13:46:01.678Z
672541915a9a5ac8b878a28e,16,S_WC_Pe_SR_Sa_WF,Snow_WinterClothing_Penguins_SunRising_Sandcastle_Fire.webp,2,5,Snow,WinterClothing,Penguins,SunRising,Sandcastle,Fire,2026-07-27T13:46:15.632Z
672541915a9a5ac8b878a28e,17,S_WC_Pe_SM_Sn_WF,Snow_WinterClothing_Penguins_SunMid_Snowman_Fire.webp,3,5,Snow,WinterClothing,Penguins,SunMid,Snowman,Fire,2026-07-27T13:46:26.005Z
672541915a9a5ac8b878a28e,18,NS_SC_Pe_SM_Sn_WF,NoSnow_SummerClothing_Penguins_SunMid_Snowman_Fire.webp,3,5,NoSnow,SummerClothing,Penguins,SunMid,Snowman,Fire,2026-07-27T13:46:43.546Z
672541915a9a5ac8b878a28e,19,S_SC_Ca_SM_Sa_WF,Snow_SummerClothing_Camels_SunMid_Sandcastle_Fire.webp,3,3,Snow,SummerClothing,Camels,SunMid,Sandcastle,Fire,2026-07-27T13:46:52.796Z
672541915a9a5ac8b878a28e,20,S_WC_Pe_SM_Sn_NF,Snow_WinterClothing_Penguins_SunMid_Snowman_NoFire.webp,1,6,Snow,WinterClothing,Penguins,SunMid,Snowman,NoFire,2026-07-27T13:47:03.284Z
672541915a9a5ac8b878a28e,21,S_WC_Pe_SM_Sa_NF,Snow_WinterClothing_Penguins_SunMid_Sandcastle_NoFire.webp,1,6,Snow,WinterClothing,Penguins,SunMid,Sandcastle,NoFire,2026-07-27T13:47:13.157Z
672541915a9a5ac8b878a28e,22,NS_WC_Ca_SR_Sa_NF,NoSnow_WinterClothing_Camels_SunRising_Sandcastle_NoFire.webp,2,4,NoSnow,WinterClothing,Camels,SunRising,Sandcastle,NoFire,2026-07-27T13:47:25.201Z
672541915a9a5ac8b878a28e,23,S_WC_Ca_SR_Sa_WF,Snow_WinterClothing_Camels_SunRising_Sandcastle_Fire.webp,3,3,Snow,WinterClothing,Camels,SunRising,Sandcastle,Fire,2026-07-27T13:47:34.880Z
672541915a9a5ac8b878a28e,24,S_SC_Pe_SR_Sn_WF,Snow_SummerClothing_Penguins_SunRising_Snowman_Fire.webp,3,3,Snow,SummerClothing,Penguins,SunRising,Snowman,Fire,2026-07-27T13:47:47.829Z
672541915a9a5ac8b878a28e,25,S_SC_Pe_SR_Sa_WF,Snow_SummerClothing_Penguins_SunRising_Sandcastle_Fire.webp,2,3,Snow,SummerClothing,Penguins,SunRising,Sandcastle,Fire,2026-07-27T13:48:01.082Z
672541915a9a5ac8b878a28e,26,S_SC_Pe_SR_Sn_NF,Snow_SummerClothing_Penguins_SunRising_Snowman_NoFire.webp,3,5,Snow,SummerClothing,Penguins,SunRising,Snowman,NoFire,2026-07-27T13:48:23.821Z
672541915a9a5ac8b878a28e,27,S_WC_Pe_SR_Sn_WF,Snow_WinterClothing_Penguins_SunRising_Snowman_Fire.webp,2,5,Snow,WinterClothing,Penguins,SunRising,Snowman,Fire,2026-07-27T13:48:32.219Z
672541915a9a5ac8b878a28e,28,NS_SC_Ca_SR_Sn_NF,NoSnow_SummerClothing_Camels_SunRising_Snowman_NoFire.webp,5,3,NoSnow,SummerClothing,Camels,SunRising,Snowman,NoFire,2026-07-27T13:48:45.683Z
672541915a9a5ac8b878a28e,29,NS_SC_Pe_SR_Sn_WF,NoSnow_SummerClothing_Penguins_SunRising_Snowman_Fire.webp,5,3,NoSnow,SummerClothing,Penguins,SunRising,Snowman,Fire,2026-07-27T13:48:55.426Z
672541915a9a5ac8b878a28e,30,S_SC_Ca_SR_Sa_NF,Snow_SummerClothing_Camels_SunRising_Sandcastle_NoFire.webp,3,3,Snow,SummerClothing,Camels,SunRising,Sandcastle,NoFire,2026-07-27T13:49:04.516Z
672541915a9a5ac8b878a28e,31,NS_WC_Pe_SM_Sn_NF,NoSnow_WinterClothing_Penguins_SunMid_Snowman_NoFire.webp,3,5,NoSnow,WinterClothing,Penguins,SunMid,Snowman,NoFire,2026-07-27T13:49:18.608Z
672541915a9a5ac8b878a28e,32,NS_SC_Pe_SR_Sa_NF,NoSnow_SummerClothing_Penguins_SunRising_Sandcastle_NoFire.webp,3,4,NoSnow,SummerClothing,Penguins,SunRising,Sandcastle,NoFire,2026-07-27T13:49:31.295Z
672541915a9a5ac8b878a28e,33,S_SC_Pe_SM_Sn_WF,Snow_SummerClothing_Penguins_SunMid_Snowman_Fire.webp,3,2,Snow,SummerClothing,Penguins,SunMid,Snowman,Fire,2026-07-27T13:49:42.262Z
672541915a9a5ac8b878a28e,34,NS_WC_Pe_SM_Sa_NF,NoSnow_WinterClothing_Penguins_SunMid_Sandcastle_NoFire.webp,3,5,NoSnow,WinterClothing,Penguins,SunMid,Sandcastle,NoFire,2026-07-27T13:50:02.971Z
672541915a9a5ac8b878a28e,35,S_SC_Pe_SM_Sa_WF,Snow_SummerClothing_Penguins_SunMid_Sandcastle_Fire.webp,3,5,Snow,SummerClothing,Penguins,SunMid,Sandcastle,Fire,2026-07-27T13:50:18.601Z
672541915a9a5ac8b878a28e,36,NS_SC_Ca_SM_Sa_WF,NoSnow_SummerClothing_Camels_SunMid_Sandcastle_Fire.webp,6,6,NoSnow,SummerClothing,Camels,SunMid,Sandcastle,Fire,2026-07-27T13:50:33.033Z
672541915a9a5ac8b878a28e,37,S_SC_Ca_SR_Sn_WF,Snow_SummerClothing_Camels_SunRising_Snowman_Fire.webp,3,2,Snow,SummerClothing,Camels,SunRising,Snowman,Fire,2026-07-27T13:50:45.661Z
672541915a9a5ac8b878a28e,38,NS_WC_Ca_SM_Sa_WF,NoSnow_WinterClothing_Camels_SunMid_Sandcastle_Fire.webp,4,3,NoSnow,WinterClothing,Camels,SunMid,Sandcastle,Fire,2026-07-27T13:50:59.442Z
672541915a9a5ac8b878a28e,39,NS_WC_Ca_SR_Sn_WF,NoSnow_WinterClothing_Camels_SunRising_Snowman_Fire.webp,3,2,NoSnow,WinterClothing,Camels,SunRising,Snowman,Fire,2026-07-27T13:51:16.618Z
672541915a9a5ac8b878a28e,40,NS_SC_Pe_SM_Sa_WF,NoSnow_SummerClothing_Penguins_SunMid_Sandcastle_Fire.webp,4,3,NoSnow,SummerClothing,Penguins,SunMid,Sandcastle,Fire,2026-07-27T13:51:31.417Z
672541915a9a5ac8b878a28e,41,S_SC_Ca_SM_Sn_WF,Snow_SummerClothing_Camels_SunMid_Snowman_Fire.webp,3,2,Snow,SummerClothing,Camels,SunMid,Snowman,Fire,2026-07-27T13:51:39.811Z
672541915a9a5ac8b878a28e,42,S_WC_Ca_SR_Sn_WF,Snow_WinterClothing_Camels_SunRising_Snowman_Fire.webp,2,2,Snow,WinterClothing,Camels,SunRising,Snowman,Fire,2026-07-27T13:51:47.939Z
672541915a9a5ac8b878a28e,43,NS_SC_Pe_SM_Sa_NF,NoSnow_SummerClothing_Penguins_SunMid_Sandcastle_NoFire.webp,5,3,NoSnow,SummerClothing,Penguins,SunMid,Sandcastle,NoFire,2026-07-27T13:52:00.488Z
672541915a9a5ac8b878a28e,44,S_WC_Ca_SM_Sn_NF,Snow_WinterClothing_Camels_SunMid_Snowman_NoFire.webp,2,2,Snow,WinterClothing,Camels,SunMid,Snowman,NoFire,2026-07-27T13:52:12.316Z
672541915a9a5ac8b878a28e,45,NS_WC_Pe_SM_Sn_WF,NoSnow_WinterClothing_Penguins_SunMid_Snowman_Fire.webp,3,5,NoSnow,WinterClothing,Penguins,SunMid,Snowman,Fire,2026-07-27T13:52:24.508Z
672541915a9a5ac8b878a28e,46,S_WC_Ca_SM_Sa_NF,Snow_WinterClothing_Camels_SunMid_Sandcastle_NoFire.webp,1,2,Snow,WinterClothing,Camels,SunMid,Sandcastle,NoFire,2026-07-27T13:52:38.203Z
672541915a9a5ac8b878a28e,47,S_SC_Pe_SR_Sa_NF,Snow_SummerClothing_Penguins_SunRising_Sandcastle_NoFire.webp,2,6,Snow,SummerClothing,Penguins,SunRising,Sandcastle,NoFire,2026-07-27T13:52:49.343Z
672541915a9a5ac8b878a28e,48,NS_SC_Pe_SM_Sn_NF,NoSnow_SummerClothing_Penguins_SunMid_Snowman_NoFire.webp,3,5,NoSnow,SummerClothing,Penguins,SunMid,Snowman,NoFire,2026-07-27T13:52:58.612Z
672541915a9a5ac8b878a28e,49,S_WC_Pe_SM_Sa_WF,Snow_WinterClothing_Penguins_SunMid_Sandcastle_Fire.webp,2,6,Snow,WinterClothing,Penguins,SunMid,Sandcastle,Fire,2026-07-27T13:53:08.893Z
672541915a9a5ac8b878a28e,50,NS_WC_Pe_SR_Sn_WF,NoSnow_WinterClothing_Penguins_SunRising_Snowman_Fire.webp,3,5,NoSnow,WinterClothing,Penguins,SunRising,Snowman,Fire,2026-07-27T13:53:25.078Z
672541915a9a5ac8b878a28e,51,S_SC_Ca_SM_Sn_NF,Snow_SummerClothing_Camels_SunMid_Snowman_NoFire.webp,2,3,Snow,SummerClothing,Camels,SunMid,Snowman,NoFire,2026-07-27T13:53:37.236Z
672541915a9a5ac8b878a28e,52,S_SC_Ca_SM_Sa_NF,Snow_SummerClothing_Camels_SunMid_Sandcastle_NoFire.webp,2,3,Snow,SummerClothing,Camels,SunMid,Sandcastle,NoFire,2026-07-27T13:53:49.187Z
672541915a9a5ac8b878a28e,53,NS_WC_Ca_SM_Sa_NF,NoSnow_WinterClothing_Camels_SunMid_Sandcastle_NoFire.webp,4,6,NoSnow,WinterClothing,Camels,SunMid,Sandcastle,NoFire,2026-07-27T13:53:59.187Z
672541915a9a5ac8b878a28e,54,NS_SC_Pe_SR_Sa_WF,NoSnow_SummerClothing_Penguins_SunRising_Sandcastle_Fire.webp,3,5,NoSnow,SummerClothing,Penguins,SunRising,Sandcastle,Fire,2026-07-27T13:54:08.167Z
672541915a9a5ac8b878a28e,55,NS_SC_Pe_SR_Sn_NF,NoSnow_SummerClothing_Penguins_SunRising_Snowman_NoFire.webp,5,3,NoSnow,SummerClothing,Penguins,SunRising,Snowman,NoFire,2026-07-27T13:54:18.727Z
672541915a9a5ac8b878a28e,56,NS_SC_Ca_SM_Sa_NF,NoSnow_SummerClothing_Camels_SunMid_Sandcastle_NoFire.webp,5,6,NoSnow,SummerClothing,Camels,SunMid,Sandcastle,NoFire,2026-07-27T13:54:32.586Z
672541915a9a5ac8b878a28e,57,NS_WC_Ca_SM_Sn_NF,NoSnow_WinterClothing_Camels_SunMid_Snowman_NoFire.webp,5,3,NoSnow,WinterClothing,Camels,SunMid,Snowman,NoFire,2026-07-27T13:54:42.202Z
672541915a9a5ac8b878a28e,58,NS_SC_Ca_SR_Sn_WF,NoSnow_SummerClothing_Camels_SunRising_Snowman_Fire.webp,5,6,NoSnow,SummerClothing,Camels,SunRising,Snowman,Fire,2026-07-27T13:54:54.531Z
672541915a9a5ac8b878a28e,59,NS_SC_Ca_SR_Sa_NF,NoSnow_SummerClothing_Camels_SunRising_Sandcastle_NoFire.webp,4,6,NoSnow,SummerClothing,Camels,SunRising,Sandcastle,NoFire,2026-07-27T13:55:08.758Z
672541915a9a5ac8b878a28e,60,NS_WC_Ca_SM_Sn_WF,NoSnow_WinterClothing_Camels_SunMid_Snowman_Fire.webp,6,3,NoSnow,WinterClothing,Camels,SunMid,Snowman,Fire,2026-07-27T13:55:19.894Z
672541915a9a5ac8b878a28e,61,NS_WC_Ca_SR_Sa_WF,NoSnow_WinterClothing_Camels_SunRising_Sandcastle_Fire.webp,5,6,NoSnow,WinterClothing,Camels,SunRising,Sandcastle,Fire,2026-07-27T13:55:31.362Z
672541915a9a5ac8b878a28e,62,NS_WC_Pe_SR_Sa_NF,NoSnow_WinterClothing_Penguins_SunRising_Sandcastle_NoFire.webp,3,2,NoSnow,WinterClothing,Penguins,SunRising,Sandcastle,NoFire,2026-07-27T13:55:43.728Z
672541915a9a5ac8b878a28e,63,NS_WC_Ca_SR_Sn_NF,NoSnow_WinterClothing_Camels_SunRising_Snowman_NoFire.webp,3,2,NoSnow,WinterClothing,Camels,SunRising,Snowman,NoFire,2026-07-27T13:55:55.174Z
6a04cb3402503b68cf6c8128,0,NS_WC_Ca_SR_Sn_NF,NoSnow_WinterClothing_Camels_SunRising_Snowman_NoFire.webp,5,1,NoSnow,WinterClothing,Camels,SunRising,Snowman,NoFire,2026-07-27T13:41:48.034Z
6a04cb3402503b68cf6c8128,1,S_WC_Ca_SM_Sn_WF,Snow_WinterClothing_Camels_SunMid_Snowman_Fire.webp,3,3,Snow,WinterClothing,Camels,SunMid,Snowman,Fire,2026-07-27T13:41:59.561Z
6a04cb3402503b68cf6c8128,2,S_WC_Ca_SR_Sa_WF,Snow_WinterClothing_Camels_SunRising_Sandcastle_Fire.webp,6,4,Snow,WinterClothing,Camels,SunRising,Sandcastle,Fire,2026-07-27T13:42:19.648Z
6a04cb3402503b68cf6c8128,3,NS_SC_Ca_SM_Sa_NF,NoSnow_SummerClothing_Camels_SunMid_Sandcastle_NoFire.webp,6,6,NoSnow,SummerClothing,Camels,SunMid,Sandcastle,NoFire,2026-07-27T13:42:28.424Z
6a04cb3402503b68cf6c8128,4,S_SC_Pe_SM_Sn_NF,Snow_SummerClothing_Penguins_SunMid_Snowman_NoFire.webp,1,6,Snow,SummerClothing,Penguins,SunMid,Snowman,NoFire,2026-07-27T13:42:37.215Z
6a04cb3402503b68cf6c8128,5,S_WC_Pe_SR_Sn_WF,Snow_WinterClothing_Penguins_SunRising_Snowman_Fire.webp,2,6,Snow,WinterClothing,Penguins,SunRising,Snowman,Fire,2026-07-27T13:42:44.950Z
6a04cb3402503b68cf6c8128,6,NS_SC_Pe_SR_Sa_WF,NoSnow_SummerClothing_Penguins_SunRising_Sandcastle_Fire.webp,6,1,NoSnow,SummerClothing,Penguins,SunRising,Sandcastle,Fire,2026-07-27T13:42:53.222Z
6a04cb3402503b68cf6c8128,7,S_WC_Pe_SR_Sn_NF,Snow_WinterClothing_Penguins_SunRising_Snowman_NoFire.webp,2,7,Snow,WinterClothing,Penguins,SunRising,Snowman,NoFire,2026-07-27T13:43:02.782Z
6a04cb3402503b68cf6c8128,8,NS_SC_Ca_SM_Sn_WF,NoSnow_SummerClothing_Camels_SunMid_Snowman_Fire.webp,7,3,NoSnow,SummerClothing,Camels,SunMid,Snowman,Fire,2026-07-27T13:43:11.893Z
6a04cb3402503b68cf6c8128,9,NS_SC_Pe_SM_Sa_NF,NoSnow_SummerClothing_Penguins_SunMid_Sandcastle_NoFire.webp,5,1,NoSnow,SummerClothing,Penguins,SunMid,Sandcastle,NoFire,2026-07-27T13:43:23.573Z
6a04cb3402503b68cf6c8128,10,NS_SC_Pe_SR_Sn_NF,NoSnow_SummerClothing_Penguins_SunRising_Snowman_NoFire.webp,5,1,NoSnow,SummerClothing,Penguins,SunRising,Snowman,NoFire,2026-07-27T13:43:29.396Z
6a04cb3402503b68cf6c8128,11,S_SC_Ca_SR_Sn_WF,Snow_SummerClothing_Camels_SunRising_Snowman_Fire.webp,2,5,Snow,SummerClothing,Camels,SunRising,Snowman,Fire,2026-07-27T13:43:48.123Z
6a04cb3402503b68cf6c8128,12,NS_WC_Ca_SR_Sn_WF,NoSnow_WinterClothing_Camels_SunRising_Snowman_Fire.webp,7,3,NoSnow,WinterClothing,Camels,SunRising,Snowman,Fire,2026-07-27T13:43:56.507Z
6a04cb3402503b68cf6c8128,13,NS_WC_Pe_SR_Sa_WF,NoSnow_WinterClothing_Penguins_SunRising_Sandcastle_Fire.webp,2,3,NoSnow,WinterClothing,Penguins,SunRising,Sandcastle,Fire,2026-07-27T13:44:14.490Z
6a04cb3402503b68cf6c8128,14,S_SC_Ca_SM_Sa_NF,Snow_SummerClothing_Camels_SunMid_Sandcastle_NoFire.webp,1,3,Snow,SummerClothing,Camels,SunMid,Sandcastle,NoFire,2026-07-27T13:44:26.050Z
6a04cb3402503b68cf6c8128,15,S_SC_Pe_SM_Sa_NF,Snow_SummerClothing_Penguins_SunMid_Sandcastle_NoFire.webp,1,4,Snow,SummerClothing,Penguins,SunMid,Sandcastle,NoFire,2026-07-27T13:44:31.641Z
6a04cb3402503b68cf6c8128,16,S_SC_Pe_SM_Sn_WF,Snow_SummerClothing_Penguins_SunMid_Snowman_Fire.webp,1,5,Snow,SummerClothing,Penguins,SunMid,Snowman,Fire,2026-07-27T13:44:41.553Z
6a04cb3402503b68cf6c8128,17,NS_SC_Ca_SR_Sa_WF,NoSnow_SummerClothing_Camels_SunRising_Sandcastle_Fire.webp,6,5,NoSnow,SummerClothing,Camels,SunRising,Sandcastle,Fire,2026-07-27T13:45:00.544Z
6a04cb3402503b68cf6c8128,18,S_WC_Pe_SM_Sn_NF,Snow_WinterClothing_Penguins_SunMid_Snowman_NoFire.webp,2,6,Snow,WinterClothing,Penguins,SunMid,Snowman,NoFire,2026-07-27T13:45:09.880Z
6a04cb3402503b68cf6c8128,19,S_SC_Pe_SM_Sa_WF,Snow_SummerClothing_Penguins_SunMid_Sandcastle_Fire.webp,2,2,Snow,SummerClothing,Penguins,SunMid,Sandcastle,Fire,2026-07-27T13:45:20.223Z
6a04cb3402503b68cf6c8128,20,S_WC_Pe_SR_Sa_WF,Snow_WinterClothing_Penguins_SunRising_Sandcastle_Fire.webp,2,5,Snow,WinterClothing,Penguins,SunRising,Sandcastle,Fire,2026-07-27T13:45:29.255Z
6a04cb3402503b68cf6c8128,21,S_WC_Ca_SR_Sn_WF,Snow_WinterClothing_Camels_SunRising_Snowman_Fire.webp,3,6,Snow,WinterClothing,Camels,SunRising,Snowman,Fire,2026-07-27T13:45:37.838Z
6a04cb3402503b68cf6c8128,22,NS_WC_Ca_SR_Sa_WF,NoSnow_WinterClothing_Camels_SunRising_Sandcastle_Fire.webp,6,4,NoSnow,WinterClothing,Camels,SunRising,Sandcastle,Fire,2026-07-27T13:45:55.534Z
6a04cb3402503b68cf6c8128,23,NS_WC_Ca_SM_Sn_WF,NoSnow_WinterClothing_Camels_SunMid_Snowman_Fire.webp,3,5,NoSnow,WinterClothing,Camels,SunMid,Snowman,Fire,2026-07-27T13:46:08.877Z
6a04cb3402503b68cf6c8128,24,NS_WC_Ca_SM_Sa_NF,NoSnow_WinterClothing_Camels_SunMid_Sandcastle_NoFire.webp,6,5,NoSnow,WinterClothing,Camels,SunMid,Sandcastle,NoFire,2026-07-27T13:46:16.284Z
6a04cb3402503b68cf6c8128,25,NS_SC_Pe_SR_Sn_WF,NoSnow_SummerClothing_Penguins_SunRising_Snowman_Fire.webp,6,1,NoSnow,SummerClothing,Penguins,SunRising,Snowman,Fire,2026-07-27T13:46:23.700Z
6a04cb3402503b68cf6c8128,26,S_WC_Ca_SR_Sn_NF,Snow_WinterClothing_Camels_SunRising_Snowman_NoFire.webp,2,6,Snow,WinterClothing,Camels,SunRising,Snowman,NoFire,2026-07-27T13:46:35.843Z
6a04cb3402503b68cf6c8128,27,S_SC_Ca_SR_Sn_NF,Snow_SummerClothing_Camels_SunRising_Snowman_NoFire.webp,1,4,Snow,SummerClothing,Camels,SunRising,Snowman,NoFire,2026-07-27T13:46:42.035Z
6a04cb3402503b68cf6c8128,28,NS_SC_Ca_SM_Sa_WF,NoSnow_SummerClothing_Camels_SunMid_Sandcastle_Fire.webp,5,3,NoSnow,SummerClothing,Camels,SunMid,Sandcastle,Fire,2026-07-27T13:47:11.962Z
6a04cb3402503b68cf6c8128,29,S_WC_Ca_SM_Sa_WF,Snow_WinterClothing_Camels_SunMid_Sandcastle_Fire.webp,3,6,Snow,WinterClothing,Camels,SunMid,Sandcastle,Fire,2026-07-27T13:47:21.369Z
6a04cb3402503b68cf6c8128,30,NS_SC_Pe_SM_Sn_WF,NoSnow_SummerClothing_Penguins_SunMid_Snowman_Fire.webp,5,1,NoSnow,SummerClothing,Penguins,SunMid,Snowman,Fire,2026-07-27T13:47:29.137Z
6a04cb3402503b68cf6c8128,31,NS_WC_Ca_SM_Sa_WF,NoSnow_WinterClothing_Camels_SunMid_Sandcastle_Fire.webp,6,2,NoSnow,WinterClothing,Camels,SunMid,Sandcastle,Fire,2026-07-27T13:47:38.392Z
6a04cb3402503b68cf6c8128,32,S_WC_Pe_SM_Sn_WF,Snow_WinterClothing_Penguins_SunMid_Snowman_Fire.webp,3,7,Snow,WinterClothing,Penguins,SunMid,Snowman,Fire,2026-07-27T13:47:52.008Z
6a04cb3402503b68cf6c8128,33,NS_WC_Pe_SM_Sa_WF,NoSnow_WinterClothing_Penguins_SunMid_Sandcastle_Fire.webp,6,2,NoSnow,WinterClothing,Penguins,SunMid,Sandcastle,Fire,2026-07-27T13:48:09.151Z
6a04cb3402503b68cf6c8128,34,S_SC_Ca_SM_Sn_WF,Snow_SummerClothing_Camels_SunMid_Snowman_Fire.webp,2,3,Snow,SummerClothing,Camels,SunMid,Snowman,Fire,2026-07-27T13:48:15.527Z
6a04cb3402503b68cf6c8128,35,S_WC_Ca_SM_Sn_NF,Snow_WinterClothing_Camels_SunMid_Snowman_NoFire.webp,3,7,Snow,WinterClothing,Camels,SunMid,Snowman,NoFire,2026-07-27T13:48:29.094Z
6a04cb3402503b68cf6c8128,36,S_WC_Pe_SM_Sa_WF,Snow_WinterClothing_Penguins_SunMid_Sandcastle_Fire.webp,3,4,Snow,WinterClothing,Penguins,SunMid,Sandcastle,Fire,2026-07-27T13:48:37.230Z
6a04cb3402503b68cf6c8128,37,S_WC_Ca_SM_Sa_NF,Snow_WinterClothing_Camels_SunMid_Sandcastle_NoFire.webp,3,4,Snow,WinterClothing,Camels,SunMid,Sandcastle,NoFire,2026-07-27T13:48:45.549Z
6a04cb3402503b68cf6c8128,38,S_SC_Ca_SR_Sa_WF,Snow_SummerClothing_Camels_SunRising_Sandcastle_Fire.webp,1,3,Snow,SummerClothing,Camels,SunRising,Sandcastle,Fire,2026-07-27T13:48:52.453Z
6a04cb3402503b68cf6c8128,39,NS_WC_Pe_SR_Sn_NF,NoSnow_WinterClothing_Penguins_SunRising_Snowman_NoFire.webp,5,2,NoSnow,WinterClothing,Penguins,SunRising,Snowman,NoFire,2026-07-27T13:49:38.339Z
6a04cb3402503b68cf6c8128,40,S_WC_Pe_SR_Sa_NF,Snow_WinterClothing_Penguins_SunRising_Sandcastle_NoFire.webp,3,4,Snow,WinterClothing,Penguins,SunRising,Sandcastle,NoFire,2026-07-27T13:49:48.346Z
6a04cb3402503b68cf6c8128,41,NS_SC_Ca_SM_Sn_NF,NoSnow_SummerClothing_Camels_SunMid_Snowman_NoFire.webp,5,2,NoSnow,SummerClothing,Camels,SunMid,Snowman,NoFire,2026-07-27T13:49:54.562Z
6a04cb3402503b68cf6c8128,42,NS_WC_Pe_SR_Sa_NF,NoSnow_WinterClothing_Penguins_SunRising_Sandcastle_NoFire.webp,5,2,NoSnow,WinterClothing,Penguins,SunRising,Sandcastle,NoFire,2026-07-27T13:50:08.545Z
6a04cb3402503b68cf6c8128,43,NS_SC_Pe_SR_Sa_NF,NoSnow_SummerClothing_Penguins_SunRising_Sandcastle_NoFire.webp,5,1,NoSnow,SummerClothing,Penguins,SunRising,Sandcastle,NoFire,2026-07-27T13:50:14.250Z
6a04cb3402503b68cf6c8128,44,S_SC_Ca_SR_Sa_NF,Snow_SummerClothing_Camels_SunRising_Sandcastle_NoFire.webp,2,2,Snow,SummerClothing,Camels,SunRising,Sandcastle,NoFire,2026-07-27T13:50:57.415Z
6a04cb3402503b68cf6c8128,45,NS_WC_Pe_SR_Sn_WF,NoSnow_WinterClothing_Penguins_SunRising_Snowman_Fire.webp,6,1,NoSnow,WinterClothing,Penguins,SunRising,Snowman,Fire,2026-07-27T13:51:07.239Z
6a04cb3402503b68cf6c8128,46,S_SC_Pe_SR_Sa_WF,Snow_SummerClothing_Penguins_SunRising_Sandcastle_Fire.webp,2,5,Snow,SummerClothing,Penguins,SunRising,Sandcastle,Fire,2026-07-27T13:51:36.053Z
6a04cb3402503b68cf6c8128,47,S_SC_Ca_SM_Sn_NF,Snow_SummerClothing_Camels_SunMid_Snowman_NoFire.webp,2,4,Snow,SummerClothing,Camels,SunMid,Snowman,NoFire,2026-07-27T13:51:45.173Z
6a04cb3402503b68cf6c8128,48,NS_SC_Pe_SM_Sa_WF,NoSnow_SummerClothing_Penguins_SunMid_Sandcastle_Fire.webp,5,3,NoSnow,SummerClothing,Penguins,SunMid,Sandcastle,Fire,2026-07-27T13:51:52.748Z
6a04cb3402503b68cf6c8128,49,S_WC_Ca_SR_Sa_NF,Snow_WinterClothing_Camels_SunRising_Sandcastle_NoFire.webp,2,4,Snow,WinterClothing,Camels,SunRising,Sandcastle,NoFire,2026-07-27T13:51:59.844Z
6a04cb3402503b68cf6c8128,50,S_WC_Pe_SM_Sa_NF,Snow_WinterClothing_Penguins_SunMid_Sandcastle_NoFire.webp,3,6,Snow,WinterClothing,Penguins,SunMid,Sandcastle,NoFire,2026-07-27T13:52:06.164Z
6a04cb3402503b68cf6c8128,51,NS_WC_Ca_SR_Sa_NF,NoSnow_WinterClothing_Camels_SunRising_Sandcastle_NoFire.webp,3,6,NoSnow,WinterClothing,Camels,SunRising,Sandcastle,NoFire,2026-07-27T13:52:17.395Z
6a04cb3402503b68cf6c8128,52,NS_WC_Pe_SM_Sn_WF,NoSnow_WinterClothing_Penguins_SunMid_Snowman_Fire.webp,2,6,NoSnow,WinterClothing,Penguins,SunMid,Snowman,Fire,2026-07-27T13:52:23.035Z
6a04cb3402503b68cf6c8128,53,NS_WC_Ca_SM_Sn_NF,NoSnow_WinterClothing_Camels_SunMid_Snowman_NoFire.webp,5,2,NoSnow,WinterClothing,Camels,SunMid,Snowman,NoFire,2026-07-27T13:52:30.586Z
6a04cb3402503b68cf6c8128,54,NS_SC_Ca_SR_Sn_NF,NoSnow_SummerClothing_Camels_SunRising_Snowman_NoFire.webp,5,2,NoSnow,SummerClothing,Camels,SunRising,Snowman,NoFire,2026-07-27T13:52:37.338Z
6a04cb3402503b68cf6c8128,55,S_SC_Ca_SM_Sa_WF,Snow_SummerClothing_Camels_SunMid_Sandcastle_Fire.webp,1,4,Snow,SummerClothing,Camels,SunMid,Sandcastle,Fire,2026-07-27T13:52:43.450Z
6a04cb3402503b68cf6c8128,56,S_SC_Pe_SR_Sn_NF,Snow_SummerClothing_Penguins_SunRising_Snowman_NoFire.webp,2,5,Snow,SummerClothing,Penguins,SunRising,Snowman,NoFire,2026-07-27T13:53:00.449Z
6a04cb3402503b68cf6c8128,57,NS_WC_Pe_SM_Sn_NF,NoSnow_WinterClothing_Penguins_SunMid_Snowman_NoFire.webp,5,2,NoSnow,WinterClothing,Penguins,SunMid,Snowman,NoFire,2026-07-27T13:53:07.721Z
6a04cb3402503b68cf6c8128,58,NS_SC_Pe_SM_Sn_NF,NoSnow_SummerClothing_Penguins_SunMid_Snowman_NoFire.webp,5,1,NoSnow,SummerClothing,Penguins,SunMid,Snowman,NoFire,2026-07-27T13:54:18.037Z
6a04cb3402503b68cf6c8128,59,NS_SC_Ca_SR_Sn_WF,NoSnow_SummerClothing_Camels_SunRising_Snowman_Fire.webp,3,6,NoSnow,SummerClothing,Camels,SunRising,Snowman,Fire,2026-07-27T13:54:25.517Z
6a04cb3402503b68cf6c8128,60,S_SC_Pe_SR_Sa_NF,Snow_SummerClothing_Penguins_SunRising_Sandcastle_NoFire.webp,2,4,Snow,SummerClothing,Penguins,SunRising,Sandcastle,NoFire,2026-07-27T13:54:31.045Z
6a04cb3402503b68cf6c8128,61,S_SC_Pe_SR_Sn_WF,Snow_SummerClothing_Penguins_SunRising_Snowman_Fire.webp,3,6,Snow,SummerClothing,Penguins,SunRising,Snowman,Fire,2026-07-27T13:54:37.052Z
6a04cb3402503b68cf6c8128,62,NS_WC_Pe_SM_Sa_NF,NoSnow_WinterClothing_Penguins_SunMid_Sandcastle_NoFire.webp,5,2,NoSnow,WinterClothing,Penguins,SunMid,Sandcastle,NoFire,2026-07-27T13:54:49.164Z
6a04cb3402503b68cf6c8128,63,NS_SC_Ca_SR_Sa_NF,NoSnow_SummerClothing_Camels_SunRising_Sandcastle_NoFire.webp,5,7,NoSnow,SummerClothing,Camels,SunRising,Sandcastle,NoFire,2026-07-27T13:54:57.779Z
6a2458a9b1d158d0c9952ea7,0,NS_WC_Ca_SR_Sa_NF,NoSnow_WinterClothing_Camels_SunRising_Sandcastle_NoFire.webp,3,3,NoSnow,WinterClothing,Camels,SunRising,Sandcastle,NoFire,2026-07-27T13:54:25.289Z
6a2458a9b1d158d0c9952ea7,1,NS_SC_Ca_SM_Sa_WF,NoSnow_SummerClothing_Camels_SunMid_Sandcastle_Fire.webp,5,3,NoSnow,SummerClothing,Camels,SunMid,Sandcastle,Fire,2026-07-27T13:54:46.544Z
6a2458a9b1d158d0c9952ea7,2,NS_SC_Ca_SM_Sa_NF,NoSnow_SummerClothing_Camels_SunMid_Sandcastle_NoFire.webp,4,4,NoSnow,SummerClothing,Camels,SunMid,Sandcastle,NoFire,2026-07-27T13:55:08.214Z
6a2458a9b1d158d0c9952ea7,3,S_SC_Pe_SM_Sa_NF,Snow_SummerClothing_Penguins_SunMid_Sandcastle_NoFire.webp,4,2,Snow,SummerClothing,Penguins,SunMid,Sandcastle,NoFire,2026-07-27T13:55:20.281Z
6a2458a9b1d158d0c9952ea7,4,S_WC_Pe_SM_Sn_WF,Snow_WinterClothing_Penguins_SunMid_Snowman_Fire.webp,3,5,Snow,WinterClothing,Penguins,SunMid,Snowman,Fire,2026-07-27T13:55:36.572Z
6a2458a9b1d158d0c9952ea7,5,S_SC_Ca_SR_Sa_WF,Snow_SummerClothing_Camels_SunRising_Sandcastle_Fire.webp,4,5,Snow,SummerClothing,Camels,SunRising,Sandcastle,Fire,2026-07-27T13:55:46.216Z
6a2458a9b1d158d0c9952ea7,6,S_SC_Ca_SM_Sn_NF,Snow_SummerClothing_Camels_SunMid_Snowman_NoFire.webp,4,2,Snow,SummerClothing,Camels,SunMid,Snowman,NoFire,2026-07-27T13:56:02.139Z
6a2458a9b1d158d0c9952ea7,7,NS_SC_Pe_SR_Sa_WF,NoSnow_SummerClothing_Penguins_SunRising_Sandcastle_Fire.webp,5,2,NoSnow,SummerClothing,Penguins,SunRising,Sandcastle,Fire,2026-07-27T13:56:14.159Z
6a2458a9b1d158d0c9952ea7,8,NS_SC_Pe_SM_Sn_WF,NoSnow_SummerClothing_Penguins_SunMid_Snowman_Fire.webp,4,3,NoSnow,SummerClothing,Penguins,SunMid,Snowman,Fire,2026-07-27T13:56:24.709Z
6a2458a9b1d158d0c9952ea7,9,NS_WC_Ca_SM_Sn_WF,NoSnow_WinterClothing_Camels_SunMid_Snowman_Fire.webp,6,2,NoSnow,WinterClothing,Camels,SunMid,Snowman,Fire,2026-07-27T13:56:36.971Z
6a2458a9b1d158d0c9952ea7,10,S_WC_Pe_SR_Sa_NF,Snow_WinterClothing_Penguins_SunRising_Sandcastle_NoFire.webp,4,2,Snow,WinterClothing,Penguins,SunRising,Sandcastle,NoFire,2026-07-27T13:56:49.286Z
6a2458a9b1d158d0c9952ea7,11,S_WC_Pe_SM_Sa_NF,Snow_WinterClothing_Penguins_SunMid_Sandcastle_NoFire.webp,3,3,Snow,WinterClothing,Penguins,SunMid,Sandcastle,NoFire,2026-07-27T13:57:10.175Z
6a2458a9b1d158d0c9952ea7,12,NS_SC_Pe_SM_Sa_NF,NoSnow_SummerClothing_Penguins_SunMid_Sandcastle_NoFire.webp,5,3,NoSnow,SummerClothing,Penguins,SunMid,Sandcastle,NoFire,2026-07-27T13:57:18.089Z
6a2458a9b1d158d0c9952ea7,13,S_WC_Ca_SM_Sa_NF,Snow_WinterClothing_Camels_SunMid_Sandcastle_NoFire.webp,3,3,Snow,WinterClothing,Camels,SunMid,Sandcastle,NoFire,2026-07-27T13:57:36.067Z
6a2458a9b1d158d0c9952ea7,14,S_SC_Ca_SM_Sn_WF,Snow_SummerClothing_Camels_SunMid_Snowman_Fire.webp,4,1,Snow,SummerClothing,Camels,SunMid,Snowman,Fire,2026-07-27T13:58:14.822Z
6a2458a9b1d158d0c9952ea7,15,S_WC_Pe_SR_Sn_NF,Snow_WinterClothing_Penguins_SunRising_Snowman_NoFire.webp,2,5,Snow,WinterClothing,Penguins,SunRising,Snowman,NoFire,2026-07-27T13:58:25.380Z
6a2458a9b1d158d0c9952ea7,16,S_SC_Pe_SR_Sa_WF,Snow_SummerClothing_Penguins_SunRising_Sandcastle_Fire.webp,4,2,Snow,SummerClothing,Penguins,SunRising,Sandcastle,Fire,2026-07-27T13:58:37.750Z
6a2458a9b1d158d0c9952ea7,17,NS_SC_Ca_SM_Sn_NF,NoSnow_SummerClothing_Camels_SunMid_Snowman_NoFire.webp,5,3,NoSnow,SummerClothing,Camels,SunMid,Snowman,NoFire,2026-07-27T13:58:47.191Z
6a2458a9b1d158d0c9952ea7,18,NS_SC_Pe_SR_Sn_NF,NoSnow_SummerClothing_Penguins_SunRising_Snowman_NoFire.webp,4,2,NoSnow,SummerClothing,Penguins,SunRising,Snowman,NoFire,2026-07-27T13:59:11.093Z
6a2458a9b1d158d0c9952ea7,19,NS_SC_Pe_SM_Sn_NF,NoSnow_SummerClothing_Penguins_SunMid_Snowman_NoFire.webp,5,2,NoSnow,SummerClothing,Penguins,SunMid,Snowman,NoFire,2026-07-27T13:59:28.213Z
6a2458a9b1d158d0c9952ea7,20,NS_WC_Pe_SR_Sn_NF,NoSnow_WinterClothing_Penguins_SunRising_Snowman_NoFire.webp,4,2,NoSnow,WinterClothing,Penguins,SunRising,Snowman,NoFire,2026-07-27T13:59:36.709Z
6a2458a9b1d158d0c9952ea7,21,NS_WC_Ca_SM_Sa_WF,NoSnow_WinterClothing_Camels_SunMid_Sandcastle_Fire.webp,7,6,NoSnow,WinterClothing,Camels,SunMid,Sandcastle,Fire,2026-07-27T13:59:51.925Z
6a2458a9b1d158d0c9952ea7,22,S_WC_Pe_SR_Sa_WF,Snow_WinterClothing_Penguins_SunRising_Sandcastle_Fire.webp,2,3,Snow,WinterClothing,Penguins,SunRising,Sandcastle,Fire,2026-07-27T14:00:01.436Z
6a2458a9b1d158d0c9952ea7,23,NS_WC_Pe_SR_Sn_WF,NoSnow_WinterClothing_Penguins_SunRising_Snowman_Fire.webp,4,2,NoSnow,WinterClothing,Penguins,SunRising,Snowman,Fire,2026-07-27T14:00:08.204Z
6a2458a9b1d158d0c9952ea7,24,S_SC_Pe_SM_Sn_WF,Snow_SummerClothing_Penguins_SunMid_Snowman_Fire.webp,2,5,Snow,SummerClothing,Penguins,SunMid,Snowman,Fire,2026-07-27T14:00:18.434Z
6a2458a9b1d158d0c9952ea7,25,S_SC_Pe_SR_Sn_WF,Snow_SummerClothing_Penguins_SunRising_Snowman_Fire.webp,3,5,Snow,SummerClothing,Penguins,SunRising,Snowman,Fire,2026-07-27T14:00:35.023Z
6a2458a9b1d158d0c9952ea7,26,NS_SC_Ca_SM_Sn_WF,NoSnow_SummerClothing_Camels_SunMid_Snowman_Fire.webp,6,2,NoSnow,SummerClothing,Camels,SunMid,Snowman,Fire,2026-07-27T14:00:45.547Z
6a2458a9b1d158d0c9952ea7,27,NS_SC_Ca_SR_Sn_NF,NoSnow_SummerClothing_Camels_SunRising_Snowman_NoFire.webp,3,3,NoSnow,SummerClothing,Camels,SunRising,Snowman,NoFire,2026-07-27T14:00:57.811Z
6a2458a9b1d158d0c9952ea7,28,S_WC_Pe_SR_Sn_WF,Snow_WinterClothing_Penguins_SunRising_Snowman_Fire.webp,3,6,Snow,WinterClothing,Penguins,SunRising,Snowman,Fire,2026-07-27T14:01:10.649Z
6a2458a9b1d158d0c9952ea7,29,S_WC_Ca_SM_Sa_WF,Snow_WinterClothing_Camels_SunMid_Sandcastle_Fire.webp,4,2,Snow,WinterClothing,Camels,SunMid,Sandcastle,Fire,2026-07-27T14:01:20.800Z
6a2458a9b1d158d0c9952ea7,30,NS_WC_Pe_SM_Sa_NF,NoSnow_WinterClothing_Penguins_SunMid_Sandcastle_NoFire.webp,6,3,NoSnow,WinterClothing,Penguins,SunMid,Sandcastle,NoFire,2026-07-27T14:01:36.824Z
6a2458a9b1d158d0c9952ea7,31,NS_WC_Ca_SR_Sn_WF,NoSnow_WinterClothing_Camels_SunRising_Snowman_Fire.webp,6,3,NoSnow,WinterClothing,Camels,SunRising,Snowman,Fire,2026-07-27T14:01:52.994Z
6a2458a9b1d158d0c9952ea7,32,S_SC_Pe_SR_Sa_NF,Snow_SummerClothing_Penguins_SunRising_Sandcastle_NoFire.webp,2,4,Snow,SummerClothing,Penguins,SunRising,Sandcastle,NoFire,2026-07-27T14:02:08.161Z
6a2458a9b1d158d0c9952ea7,33,NS_SC_Ca_SR_Sa_WF,NoSnow_SummerClothing_Camels_SunRising_Sandcastle_Fire.webp,4,7,NoSnow,SummerClothing,Camels,SunRising,Sandcastle,Fire,2026-07-27T14:02:23.181Z
6a2458a9b1d158d0c9952ea7,34,S_WC_Ca_SR_Sa_WF,Snow_WinterClothing_Camels_SunRising_Sandcastle_Fire.webp,3,2,Snow,WinterClothing,Camels,SunRising,Sandcastle,Fire,2026-07-27T14:02:31.769Z
6a2458a9b1d158d0c9952ea7,35,NS_WC_Ca_SR_Sn_NF,NoSnow_WinterClothing_Camels_SunRising_Snowman_NoFire.webp,4,3,NoSnow,WinterClothing,Camels,SunRising,Snowman,NoFire,2026-07-27T14:02:41.644Z
6a2458a9b1d158d0c9952ea7,36,S_WC_Pe_SM_Sa_WF,Snow_WinterClothing_Penguins_SunMid_Sandcastle_Fire.webp,4,3,Snow,WinterClothing,Penguins,SunMid,Sandcastle,Fire,2026-07-27T14:03:14.531Z
6a2458a9b1d158d0c9952ea7,37,S_SC_Ca_SR_Sn_NF,Snow_SummerClothing_Camels_SunRising_Snowman_NoFire.webp,3,2,Snow,SummerClothing,Camels,SunRising,Snowman,NoFire,2026-07-27T14:03:21.940Z
6a2458a9b1d158d0c9952ea7,38,S_WC_Ca_SM_Sn_NF,Snow_WinterClothing_Camels_SunMid_Snowman_NoFire.webp,3,3,Snow,WinterClothing,Camels,SunMid,Snowman,NoFire,2026-07-27T14:03:33.492Z
6a2458a9b1d158d0c9952ea7,39,S_SC_Ca_SR_Sn_WF,Snow_SummerClothing_Camels_SunRising_Snowman_Fire.webp,4,3,Snow,SummerClothing,Camels,SunRising,Snowman,Fire,2026-07-27T14:03:40.644Z
6a2458a9b1d158d0c9952ea7,40,S_SC_Ca_SM_Sa_NF,Snow_SummerClothing_Camels_SunMid_Sandcastle_NoFire.webp,5,3,Snow,SummerClothing,Camels,SunMid,Sandcastle,NoFire,2026-07-27T14:03:52.125Z
6a2458a9b1d158d0c9952ea7,41,NS_SC_Pe_SR_Sn_WF,NoSnow_SummerClothing_Penguins_SunRising_Snowman_Fire.webp,5,2,NoSnow,SummerClothing,Penguins,SunRising,Snowman,Fire,2026-07-27T14:04:28.538Z
6a2458a9b1d158d0c9952ea7,42,S_SC_Pe_SR_Sn_NF,Snow_SummerClothing_Penguins_SunRising_Snowman_NoFire.webp,2,6,Snow,SummerClothing,Penguins,SunRising,Snowman,NoFire,2026-07-27T14:04:42.764Z
6a2458a9b1d158d0c9952ea7,43,NS_WC_Pe_SR_Sa_WF,NoSnow_WinterClothing_Penguins_SunRising_Sandcastle_Fire.webp,4,3,NoSnow,WinterClothing,Penguins,SunRising,Sandcastle,Fire,2026-07-27T14:04:51.241Z
6a2458a9b1d158d0c9952ea7,44,NS_SC_Ca_SR_Sn_WF,NoSnow_SummerClothing_Camels_SunRising_Snowman_Fire.webp,5,3,NoSnow,SummerClothing,Camels,SunRising,Snowman,Fire,2026-07-27T14:05:01.299Z
6a2458a9b1d158d0c9952ea7,45,NS_WC_Pe_SM_Sn_WF,NoSnow_WinterClothing_Penguins_SunMid_Snowman_Fire.webp,6,2,NoSnow,WinterClothing,Penguins,SunMid,Snowman,Fire,2026-07-27T14:05:09.578Z
6a2458a9b1d158d0c9952ea7,46,S_WC_Ca_SR_Sa_NF,Snow_WinterClothing_Camels_SunRising_Sandcastle_NoFire.webp,4,3,Snow,WinterClothing,Camels,SunRising,Sandcastle,NoFire,2026-07-27T14:05:39.046Z
6a2458a9b1d158d0c9952ea7,47,S_SC_Pe_SM_Sa_WF,Snow_SummerClothing_Penguins_SunMid_Sandcastle_Fire.webp,4,3,Snow,SummerClothing,Penguins,SunMid,Sandcastle,Fire,2026-07-27T14:06:34.895Z
6a2458a9b1d158d0c9952ea7,48,NS_WC_Pe_SM_Sa_WF,NoSnow_WinterClothing_Penguins_SunMid_Sandcastle_Fire.webp,6,3,NoSnow,WinterClothing,Penguins,SunMid,Sandcastle,Fire,2026-07-27T14:06:41.506Z
6a2458a9b1d158d0c9952ea7,49,S_WC_Ca_SM_Sn_WF,Snow_WinterClothing_Camels_SunMid_Snowman_Fire.webp,3,3,Snow,WinterClothing,Camels,SunMid,Snowman,Fire,2026-07-27T14:06:50.273Z
6a2458a9b1d158d0c9952ea7,50,NS_WC_Ca_SM_Sa_NF,NoSnow_WinterClothing_Camels_SunMid_Sandcastle_NoFire.webp,5,7,NoSnow,WinterClothing,Camels,SunMid,Sandcastle,NoFire,2026-07-27T14:07:01.115Z
6a2458a9b1d158d0c9952ea7,51,S_SC_Ca_SM_Sa_WF,Snow_SummerClothing_Camels_SunMid_Sandcastle_Fire.webp,4,2,Snow,SummerClothing,Camels,SunMid,Sandcastle,Fire,2026-07-27T14:07:13.572Z
6a2458a9b1d158d0c9952ea7,52,S_WC_Ca_SR_Sn_WF,Snow_WinterClothing_Camels_SunRising_Snowman_Fire.webp,3,3,Snow,WinterClothing,Camels,SunRising,Snowman,Fire,2026-07-27T14:07:26.092Z
6a2458a9b1d158d0c9952ea7,53,NS_WC_Pe_SM_Sn_NF,NoSnow_WinterClothing_Penguins_SunMid_Snowman_NoFire.webp,5,2,NoSnow,WinterClothing,Penguins,SunMid,Snowman,NoFire,2026-07-27T14:07:35.290Z
6a2458a9b1d158d0c9952ea7,54,NS_SC_Pe_SM_Sa_WF,NoSnow_SummerClothing_Penguins_SunMid_Sandcastle_Fire.webp,6,3,NoSnow,SummerClothing,Penguins,SunMid,Sandcastle,Fire,2026-07-27T14:07:44.495Z
6a2458a9b1d158d0c9952ea7,55,S_SC_Ca_SR_Sa_NF,Snow_SummerClothing_Camels_SunRising_Sandcastle_NoFire.webp,3,2,Snow,SummerClothing,Camels,SunRising,Sandcastle,NoFire,2026-07-27T14:08:00.262Z
6a2458a9b1d158d0c9952ea7,56,S_WC_Ca_SR_Sn_NF,Snow_WinterClothing_Camels_SunRising_Snowman_NoFire.webp,3,3,Snow,WinterClothing,Camels,SunRising,Snowman,NoFire,2026-07-27T14:08:08.467Z
6a2458a9b1d158d0c9952ea7,57,NS_SC_Ca_SR_Sa_NF,NoSnow_SummerClothing_Camels_SunRising_Sandcastle_NoFire.webp,4,7,NoSnow,SummerClothing,Camels,SunRising,Sandcastle,NoFire,2026-07-27T14:08:18.143Z
6a2458a9b1d158d0c9952ea7,58,S_SC_Pe_SM_Sn_NF,Snow_SummerClothing_Penguins_SunMid_Snowman_NoFire.webp,3,7,Snow,SummerClothing,Penguins,SunMid,Snowman,NoFire,2026-07-27T14:08:27.436Z
6a2458a9b1d158d0c9952ea7,59,NS_WC_Ca_SM_Sn_NF,NoSnow_WinterClothing_Camels_SunMid_Snowman_NoFire.webp,4,3,NoSnow,WinterClothing,Camels,SunMid,Snowman,NoFire,2026-07-27T14:08:37.793Z
6a2458a9b1d158d0c9952ea7,60,NS_WC_Pe_SR_Sa_NF,NoSnow_WinterClothing_Penguins_SunRising_Sandcastle_NoFire.webp,3,3,NoSnow,WinterClothing,Penguins,SunRising,Sandcastle,NoFire,2026-07-27T14:08:45.577Z
6a2458a9b1d158d0c9952ea7,61,NS_SC_Pe_SR_Sa_NF,NoSnow_SummerClothing_Penguins_SunRising_Sandcastle_NoFire.webp,3,3,NoSnow,SummerClothing,Penguins,SunRising,Sandcastle,NoFire,2026-07-27T14:08:53.862Z
6a2458a9b1d158d0c9952ea7,62,NS_WC_Ca_SR_Sa_WF,NoSnow_WinterClothing_Camels_SunRising_Sandcastle_Fire.webp,6,7,NoSnow,WinterClothing,Camels,SunRising,Sandcastle,Fire,2026-07-27T14:09:04.719Z
6a2458a9b1d158d0c9952ea7,63,S_WC_Pe_SM_Sn_NF,Snow_WinterClothing_Penguins_SunMid_Snowman_NoFire.webp,3,6,Snow,WinterClothing,Penguins,SunMid,Snowman,NoFire,2026-07-27T14:09:18.234Z
6682aacb34af2ad8b3b08de1,0,S_SC_Ca_SM_Sa_NF,Snow_SummerClothing_Camels_SunMid_Sandcastle_NoFire.webp,3,2,Snow,SummerClothing,Camels,SunMid,Sandcastle,NoFire,2026-07-27T13:43:09.329Z
6682aacb34af2ad8b3b08de1,1,S_WC_Pe_SR_Sa_NF,Snow_WinterClothing_Penguins_SunRising_Sandcastle_NoFire.webp,3,2,Snow,WinterClothing,Penguins,SunRising,Sandcastle,NoFire,2026-07-27T13:43:43.045Z
6682aacb34af2ad8b3b08de1,2,S_WC_Pe_SM_Sn_WF,Snow_WinterClothing_Penguins_SunMid_Snowman_Fire.webp,4,1,Snow,WinterClothing,Penguins,SunMid,Snowman,Fire,2026-07-27T13:43:57.112Z
6682aacb34af2ad8b3b08de1,3,NS_WC_Pe_SM_Sa_WF,NoSnow_WinterClothing_Penguins_SunMid_Sandcastle_Fire.webp,3,2,NoSnow,WinterClothing,Penguins,SunMid,Sandcastle,Fire,2026-07-27T13:44:35.713Z
6682aacb34af2ad8b3b08de1,4,S_WC_Pe_SM_Sn_NF,Snow_WinterClothing_Penguins_SunMid_Snowman_NoFire.webp,3,3,Snow,WinterClothing,Penguins,SunMid,Snowman,NoFire,2026-07-27T13:46:04.496Z
6682aacb34af2ad8b3b08de1,5,NS_WC_Ca_SM_Sa_WF,NoSnow_WinterClothing_Camels_SunMid_Sandcastle_Fire.webp,6,5,NoSnow,WinterClothing,Camels,SunMid,Sandcastle,Fire,2026-07-27T13:47:18.412Z
6682aacb34af2ad8b3b08de1,6,NS_SC_Ca_SM_Sn_NF,NoSnow_SummerClothing_Camels_SunMid_Snowman_NoFire.webp,4,2,NoSnow,SummerClothing,Camels,SunMid,Snowman,NoFire,2026-07-27T13:47:43.661Z
6682aacb34af2ad8b3b08de1,7,S_SC_Ca_SM_Sa_WF,Snow_SummerClothing_Camels_SunMid_Sandcastle_Fire.webp,5,6,Snow,SummerClothing,Camels,SunMid,Sandcastle,Fire,2026-07-27T13:47:59.229Z
6682aacb34af2ad8b3b08de1,8,NS_SC_Pe_SM_Sa_NF,NoSnow_SummerClothing_Penguins_SunMid_Sandcastle_NoFire.webp,4,2,NoSnow,SummerClothing,Penguins,SunMid,Sandcastle,NoFire,2026-07-27T13:48:29.712Z
6682aacb34af2ad8b3b08de1,9,S_SC_Pe_SR_Sn_NF,Snow_SummerClothing_Penguins_SunRising_Snowman_NoFire.webp,2,2,Snow,SummerClothing,Penguins,SunRising,Snowman,NoFire,2026-07-27T13:49:06.463Z
6682aacb34af2ad8b3b08de1,10,NS_SC_Pe_SR_Sn_WF,NoSnow_SummerClothing_Penguins_SunRising_Snowman_Fire.webp,3,2,NoSnow,SummerClothing,Penguins,SunRising,Snowman,Fire,2026-07-27T13:49:26.362Z
6682aacb34af2ad8b3b08de1,11,S_WC_Ca_SM_Sa_NF,Snow_WinterClothing_Camels_SunMid_Sandcastle_NoFire.webp,6,5,Snow,WinterClothing,Camels,SunMid,Sandcastle,NoFire,2026-07-27T13:49:34.945Z
6682aacb34af2ad8b3b08de1,12,NS_WC_Pe_SR_Sa_WF,NoSnow_WinterClothing_Penguins_SunRising_Sandcastle_Fire.webp,3,2,NoSnow,WinterClothing,Penguins,SunRising,Sandcastle,Fire,2026-07-27T13:49:47.763Z
6682aacb34af2ad8b3b08de1,13,NS_SC_Ca_SR_Sa_WF,NoSnow_SummerClothing_Camels_SunRising_Sandcastle_Fire.webp,6,6,NoSnow,SummerClothing,Camels,SunRising,Sandcastle,Fire,2026-07-27T13:49:54.446Z
6682aacb34af2ad8b3b08de1,14,S_WC_Ca_SM_Sa_WF,Snow_WinterClothing_Camels_SunMid_Sandcastle_Fire.webp,5,6,Snow,WinterClothing,Camels,SunMid,Sandcastle,Fire,2026-07-27T13:50:01.613Z
6682aacb34af2ad8b3b08de1,15,NS_SC_Pe_SM_Sn_NF,NoSnow_SummerClothing_Penguins_SunMid_Snowman_NoFire.webp,4,3,NoSnow,SummerClothing,Penguins,SunMid,Snowman,NoFire,2026-07-27T13:50:19.396Z
6682aacb34af2ad8b3b08de1,16,S_WC_Ca_SR_Sn_NF,Snow_WinterClothing_Camels_SunRising_Snowman_NoFire.webp,3,2,Snow,WinterClothing,Camels,SunRising,Snowman,NoFire,2026-07-27T13:50:37.662Z
6682aacb34af2ad8b3b08de1,17,NS_SC_Ca_SM_Sa_NF,NoSnow_SummerClothing_Camels_SunMid_Sandcastle_NoFire.webp,6,6,NoSnow,SummerClothing,Camels,SunMid,Sandcastle,NoFire,2026-07-27T13:50:44.729Z
6682aacb34af2ad8b3b08de1,18,S_SC_Ca_SR_Sn_WF,Snow_SummerClothing_Camels_SunRising_Snowman_Fire.webp,3,2,Snow,SummerClothing,Camels,SunRising,Snowman,Fire,2026-07-27T13:51:07.930Z
6682aacb34af2ad8b3b08de1,19,S_WC_Ca_SM_Sn_WF,Snow_WinterClothing_Camels_SunMid_Snowman_Fire.webp,4,2,Snow,WinterClothing,Camels,SunMid,Snowman,Fire,2026-07-27T13:51:15.763Z
6682aacb34af2ad8b3b08de1,20,NS_SC_Ca_SM_Sn_WF,NoSnow_SummerClothing_Camels_SunMid_Snowman_Fire.webp,5,2,NoSnow,SummerClothing,Camels,SunMid,Snowman,Fire,2026-07-27T13:51:23.880Z
6682aacb34af2ad8b3b08de1,21,S_SC_Pe_SM_Sn_NF,Snow_SummerClothing_Penguins_SunMid_Snowman_NoFire.webp,5,2,Snow,SummerClothing,Penguins,SunMid,Snowman,NoFire,2026-07-27T13:51:39.895Z
6682aacb34af2ad8b3b08de1,22,S_SC_Pe_SR_Sn_WF,Snow_SummerClothing_Penguins_SunRising_Snowman_Fire.webp,3,4,Snow,SummerClothing,Penguins,SunRising,Snowman,Fire,2026-07-27T13:52:04.945Z
6682aacb34af2ad8b3b08de1,23,S_WC_Pe_SM_Sa_NF,Snow_WinterClothing_Penguins_SunMid_Sandcastle_NoFire.webp,5,2,Snow,WinterClothing,Penguins,SunMid,Sandcastle,NoFire,2026-07-27T13:52:13.380Z
6682aacb34af2ad8b3b08de1,24,S_SC_Pe_SM_Sa_NF,Snow_SummerClothing_Penguins_SunMid_Sandcastle_NoFire.webp,6,2,Snow,SummerClothing,Penguins,SunMid,Sandcastle,NoFire,2026-07-27T13:52:32.346Z
6682aacb34af2ad8b3b08de1,25,NS_WC_Ca_SR_Sn_NF,NoSnow_WinterClothing_Camels_SunRising_Snowman_NoFire.webp,4,2,NoSnow,WinterClothing,Camels,SunRising,Snowman,NoFire,2026-07-27T13:52:51.212Z
6682aacb34af2ad8b3b08de1,26,S_WC_Ca_SR_Sn_WF,Snow_WinterClothing_Camels_SunRising_Snowman_Fire.webp,3,2,Snow,WinterClothing,Camels,SunRising,Snowman,Fire,2026-07-27T13:53:00.012Z
6682aacb34af2ad8b3b08de1,27,NS_SC_Ca_SR_Sn_WF,NoSnow_SummerClothing_Camels_SunRising_Snowman_Fire.webp,3,2,NoSnow,SummerClothing,Camels,SunRising,Snowman,Fire,2026-07-27T13:53:22.029Z
6682aacb34af2ad8b3b08de1,28,NS_SC_Ca_SR_Sa_NF,NoSnow_SummerClothing_Camels_SunRising_Sandcastle_NoFire.webp,5,6,NoSnow,SummerClothing,Camels,SunRising,Sandcastle,NoFire,2026-07-27T13:53:31.662Z
6682aacb34af2ad8b3b08de1,29,S_SC_Pe_SM_Sn_WF,Snow_SummerClothing_Penguins_SunMid_Snowman_Fire.webp,4,4,Snow,SummerClothing,Penguins,SunMid,Snowman,Fire,2026-07-27T13:53:44.762Z
6682aacb34af2ad8b3b08de1,30,S_SC_Pe_SR_Sa_NF,Snow_SummerClothing_Penguins_SunRising_Sandcastle_NoFire.webp,3,3,Snow,SummerClothing,Penguins,SunRising,Sandcastle,NoFire,2026-07-27T13:53:53.096Z
6682aacb34af2ad8b3b08de1,31,S_SC_Pe_SM_Sa_WF,Snow_SummerClothing_Penguins_SunMid_Sandcastle_Fire.webp,5,3,Snow,SummerClothing,Penguins,SunMid,Sandcastle,Fire,2026-07-27T13:54:12.580Z
6682aacb34af2ad8b3b08de1,32,NS_WC_Pe_SM_Sn_NF,NoSnow_WinterClothing_Penguins_SunMid_Snowman_NoFire.webp,3,2,NoSnow,WinterClothing,Penguins,SunMid,Snowman,NoFire,2026-07-27T13:54:19.829Z
6682aacb34af2ad8b3b08de1,33,NS_WC_Pe_SR_Sn_NF,NoSnow_WinterClothing_Penguins_SunRising_Snowman_NoFire.webp,3,3,NoSnow,WinterClothing,Penguins,SunRising,Snowman,NoFire,2026-07-27T13:54:26.963Z
6682aacb34af2ad8b3b08de1,34,NS_WC_Ca_SR_Sn_WF,NoSnow_WinterClothing_Camels_SunRising_Snowman_Fire.webp,4,2,NoSnow,WinterClothing,Camels,SunRising,Snowman,Fire,2026-07-27T13:54:34.395Z
6682aacb34af2ad8b3b08de1,35,S_WC_Pe_SR_Sa_WF,Snow_WinterClothing_Penguins_SunRising_Sandcastle_Fire.webp,2,3,Snow,WinterClothing,Penguins,SunRising,Sandcastle,Fire,2026-07-27T13:54:51.662Z
6682aacb34af2ad8b3b08de1,36,S_WC_Ca_SM_Sn_NF,Snow_WinterClothing_Camels_SunMid_Snowman_NoFire.webp,6,3,Snow,WinterClothing,Camels,SunMid,Snowman,NoFire,2026-07-27T13:55:00.861Z
6682aacb34af2ad8b3b08de1,37,S_WC_Ca_SR_Sa_WF,Snow_WinterClothing_Camels_SunRising_Sandcastle_Fire.webp,3,2,Snow,WinterClothing,Camels,SunRising,Sandcastle,Fire,2026-07-27T13:55:11.414Z
6682aacb34af2ad8b3b08de1,38,S_SC_Ca_SM_Sn_NF,Snow_SummerClothing_Camels_SunMid_Snowman_NoFire.webp,6,2,Snow,SummerClothing,Camels,SunMid,Snowman,NoFire,2026-07-27T13:55:22.846Z
6682aacb34af2ad8b3b08de1,39,S_WC_Pe_SR_Sn_WF,Snow_WinterClothing_Penguins_SunRising_Snowman_Fire.webp,3,5,Snow,WinterClothing,Penguins,SunRising,Snowman,Fire,2026-07-27T13:55:32.429Z
6682aacb34af2ad8b3b08de1,40,NS_WC_Ca_SR_Sa_NF,NoSnow_WinterClothing_Camels_SunRising_Sandcastle_NoFire.webp,3,3,NoSnow,WinterClothing,Camels,SunRising,Sandcastle,NoFire,2026-07-27T13:55:42.963Z
6682aacb34af2ad8b3b08de1,41,S_SC_Ca_SR_Sn_NF,Snow_SummerClothing_Camels_SunRising_Snowman_NoFire.webp,4,2,Snow,SummerClothing,Camels,SunRising,Snowman,NoFire,2026-07-27T13:55:51.214Z
6682aacb34af2ad8b3b08de1,42,NS_SC_Pe_SR_Sn_NF,NoSnow_SummerClothing_Penguins_SunRising_Snowman_NoFire.webp,3,4,NoSnow,SummerClothing,Penguins,SunRising,Snowman,NoFire,2026-07-27T13:56:07.247Z
6682aacb34af2ad8b3b08de1,43,S_WC_Pe_SM_Sa_WF,Snow_WinterClothing_Penguins_SunMid_Sandcastle_Fire.webp,6,3,Snow,WinterClothing,Penguins,SunMid,Sandcastle,Fire,2026-07-27T13:56:14.863Z
6682aacb34af2ad8b3b08de1,44,NS_SC_Pe_SM_Sa_WF,NoSnow_SummerClothing_Penguins_SunMid_Sandcastle_Fire.webp,4,2,NoSnow,SummerClothing,Penguins,SunMid,Sandcastle,Fire,2026-07-27T13:56:22.212Z
6682aacb34af2ad8b3b08de1,45,S_SC_Ca_SM_Sn_WF,Snow_SummerClothing_Camels_SunMid_Snowman_Fire.webp,5,3,Snow,SummerClothing,Camels,SunMid,Snowman,Fire,2026-07-27T13:56:40.964Z
6682aacb34af2ad8b3b08de1,46,S_SC_Ca_SR_Sa_NF,Snow_SummerClothing_Camels_SunRising_Sandcastle_NoFire.webp,4,5,Snow,SummerClothing,Camels,SunRising,Sandcastle,NoFire,2026-07-27T13:56:52.347Z
6682aacb34af2ad8b3b08de1,47,NS_SC_Ca_SR_Sn_NF,NoSnow_SummerClothing_Camels_SunRising_Snowman_NoFire.webp,3,3,NoSnow,SummerClothing,Camels,SunRising,Snowman,NoFire,2026-07-27T13:57:12.380Z
6682aacb34af2ad8b3b08de1,48,NS_WC_Ca_SM_Sn_WF,NoSnow_WinterClothing_Camels_SunMid_Snowman_Fire.webp,6,2,NoSnow,WinterClothing,Camels,SunMid,Snowman,Fire,2026-07-27T13:57:20.730Z
6682aacb34af2ad8b3b08de1,49,NS_SC_Pe_SR_Sa_WF,NoSnow_SummerClothing_Penguins_SunRising_Sandcastle_Fire.webp,4,3,NoSnow,SummerClothing,Penguins,SunRising,Sandcastle,Fire,2026-07-27T13:57:41.229Z
6682aacb34af2ad8b3b08de1,50,NS_WC_Pe_SR_Sa_NF,NoSnow_WinterClothing_Penguins_SunRising_Sandcastle_NoFire.webp,5,3,NoSnow,WinterClothing,Penguins,SunRising,Sandcastle,NoFire,2026-07-27T13:57:54.030Z
6682aacb34af2ad8b3b08de1,51,NS_WC_Ca_SM_Sa_NF,NoSnow_WinterClothing_Camels_SunMid_Sandcastle_NoFire.webp,6,6,NoSnow,WinterClothing,Camels,SunMid,Sandcastle,NoFire,2026-07-27T13:58:00.497Z
6682aacb34af2ad8b3b08de1,52,NS_WC_Ca_SR_Sa_WF,NoSnow_WinterClothing_Camels_SunRising_Sandcastle_Fire.webp,4,3,NoSnow,WinterClothing,Camels,SunRising,Sandcastle,Fire,2026-07-27T13:58:09.030Z
6682aacb34af2ad8b3b08de1,53,NS_SC_Ca_SM_Sa_WF,NoSnow_SummerClothing_Camels_SunMid_Sandcastle_Fire.webp,5,6,NoSnow,SummerClothing,Camels,SunMid,Sandcastle,Fire,2026-07-27T13:58:15.046Z
6682aacb34af2ad8b3b08de1,54,NS_SC_Pe_SM_Sn_WF,NoSnow_SummerClothing_Penguins_SunMid_Snowman_Fire.webp,5,2,NoSnow,SummerClothing,Penguins,SunMid,Snowman,Fire,2026-07-27T13:58:42.047Z
6682aacb34af2ad8b3b08de1,55,NS_WC_Pe_SR_Sn_WF,NoSnow_WinterClothing_Penguins_SunRising_Snowman_Fire.webp,3,3,NoSnow,WinterClothing,Penguins,SunRising,Snowman,Fire,2026-07-27T13:58:49.280Z
6682aacb34af2ad8b3b08de1,56,S_WC_Pe_SR_Sn_NF,Snow_WinterClothing_Penguins_SunRising_Snowman_NoFire.webp,4,2,Snow,WinterClothing,Penguins,SunRising,Snowman,NoFire,2026-07-27T13:58:56.947Z
6682aacb34af2ad8b3b08de1,57,S_SC_Ca_SR_Sa_WF,Snow_SummerClothing_Camels_SunRising_Sandcastle_Fire.webp,5,6,Snow,SummerClothing,Camels,SunRising,Sandcastle,Fire,2026-07-27T13:59:04.530Z
6682aacb34af2ad8b3b08de1,58,S_WC_Ca_SR_Sa_NF,Snow_WinterClothing_Camels_SunRising_Sandcastle_NoFire.webp,4,6,Snow,WinterClothing,Camels,SunRising,Sandcastle,NoFire,2026-07-27T13:59:10.696Z
6682aacb34af2ad8b3b08de1,59,NS_SC_Pe_SR_Sa_NF,NoSnow_SummerClothing_Penguins_SunRising_Sandcastle_NoFire.webp,3,3,NoSnow,SummerClothing,Penguins,SunRising,Sandcastle,NoFire,2026-07-27T13:59:30.464Z
6682aacb34af2ad8b3b08de1,60,NS_WC_Pe_SM_Sa_NF,NoSnow_WinterClothing_Penguins_SunMid_Sandcastle_NoFire.webp,6,3,NoSnow,WinterClothing,Penguins,SunMid,Sandcastle,NoFire,2026-07-27T13:59:54.180Z
6682aacb34af2ad8b3b08de1,61,S_SC_Pe_SR_Sa_WF,Snow_SummerClothing_Penguins_SunRising_Sandcastle_Fire.webp,3,2,Snow,SummerClothing,Penguins,SunRising,Sandcastle,Fire,2026-07-27T14:00:00.314Z
6682aacb34af2ad8b3b08de1,62,NS_WC_Pe_SM_Sn_WF,NoSnow_WinterClothing_Penguins_SunMid_Snowman_Fire.webp,5,5,NoSnow,WinterClothing,Penguins,SunMid,Snowman,Fire,2026-07-27T14:00:47.696Z
6682aacb34af2ad8b3b08de1,63,NS_WC_Ca_SM_Sn_NF,NoSnow_WinterClothing_Camels_SunMid_Snowman_NoFire.webp,3,3,NoSnow,WinterClothing,Camels,SunMid,Snowman,NoFire,2026-07-27T14:00:53.797Z
6a1002dabe7f5c918f052d3e,0,NS_WC_Ca_SM_Sa_NF,NoSnow_WinterClothing_Camels_SunMid_Sandcastle_NoFire.webp,1,6,NoSnow,WinterClothing,Camels,SunMid,Sandcastle,NoFire,2026-07-27T13:41:48.270Z
6a1002dabe7f5c918f052d3e,1,S_SC_Pe_SM_Sa_WF,Snow_SummerClothing_Penguins_SunMid_Sandcastle_Fire.webp,4,5,Snow,SummerClothing,Penguins,SunMid,Sandcastle,Fire,2026-07-27T13:42:04.342Z
6a1002dabe7f5c918f052d3e,2,NS_SC_Pe_SR_Sn_NF,NoSnow_SummerClothing_Penguins_SunRising_Snowman_NoFire.webp,7,2,NoSnow,SummerClothing,Penguins,SunRising,Snowman,NoFire,2026-07-27T13:42:20.878Z
6a1002dabe7f5c918f052d3e,3,S_SC_Ca_SR_Sa_WF,Snow_SummerClothing_Camels_SunRising_Sandcastle_Fire.webp,6,6,Snow,SummerClothing,Camels,SunRising,Sandcastle,Fire,2026-07-27T13:42:31.785Z
6a1002dabe7f5c918f052d3e,4,NS_SC_Pe_SR_Sn_WF,NoSnow_SummerClothing_Penguins_SunRising_Snowman_Fire.webp,6,2,NoSnow,SummerClothing,Penguins,SunRising,Snowman,Fire,2026-07-27T13:42:42.405Z
6a1002dabe7f5c918f052d3e,5,S_SC_Pe_SM_Sa_NF,Snow_SummerClothing_Penguins_SunMid_Sandcastle_NoFire.webp,6,2,Snow,SummerClothing,Penguins,SunMid,Sandcastle,NoFire,2026-07-27T13:43:06.314Z
6a1002dabe7f5c918f052d3e,6,S_SC_Pe_SM_Sn_NF,Snow_SummerClothing_Penguins_SunMid_Snowman_NoFire.webp,6,3,Snow,SummerClothing,Penguins,SunMid,Snowman,NoFire,2026-07-27T13:43:15.816Z
6a1002dabe7f5c918f052d3e,7,NS_WC_Ca_SR_Sa_NF,NoSnow_WinterClothing_Camels_SunRising_Sandcastle_NoFire.webp,5,6,NoSnow,WinterClothing,Camels,SunRising,Sandcastle,NoFire,2026-07-27T13:43:27.689Z
6a1002dabe7f5c918f052d3e,8,S_SC_Ca_SM_Sa_NF,Snow_SummerClothing_Camels_SunMid_Sandcastle_NoFire.webp,5,5,Snow,SummerClothing,Camels,SunMid,Sandcastle,NoFire,2026-07-27T13:43:37.477Z
6a1002dabe7f5c918f052d3e,9,S_SC_Ca_SM_Sn_NF,Snow_SummerClothing_Camels_SunMid_Snowman_NoFire.webp,5,3,Snow,SummerClothing,Camels,SunMid,Snowman,NoFire,2026-07-27T13:43:46.814Z
6a1002dabe7f5c918f052d3e,10,S_SC_Pe_SR_Sa_NF,Snow_SummerClothing_Penguins_SunRising_Sandcastle_NoFire.webp,5,3,Snow,SummerClothing,Penguins,SunRising,Sandcastle,NoFire,2026-07-27T13:44:04.042Z
6a1002dabe7f5c918f052d3e,11,S_WC_Pe_SR_Sn_WF,Snow_WinterClothing_Penguins_SunRising_Snowman_Fire.webp,5,1,Snow,WinterClothing,Penguins,SunRising,Snowman,Fire,2026-07-27T13:44:16.783Z
6a1002dabe7f5c918f052d3e,12,S_WC_Ca_SM_Sa_WF,Snow_WinterClothing_Camels_SunMid_Sandcastle_Fire.webp,5,4,Snow,WinterClothing,Camels,SunMid,Sandcastle,Fire,2026-07-27T13:44:25.873Z
6a1002dabe7f5c918f052d3e,13,S_SC_Ca_SR_Sn_NF,Snow_SummerClothing_Camels_SunRising_Snowman_NoFire.webp,6,2,Snow,SummerClothing,Camels,SunRising,Snowman,NoFire,2026-07-27T13:44:37.318Z
6a1002dabe7f5c918f052d3e,14,S_SC_Ca_SR_Sa_NF,Snow_SummerClothing_Camels_SunRising_Sandcastle_NoFire.webp,4,6,Snow,SummerClothing,Camels,SunRising,Sandcastle,NoFire,2026-07-27T13:44:48.126Z
6a1002dabe7f5c918f052d3e,15,S_SC_Ca_SR_Sn_WF,Snow_SummerClothing_Camels_SunRising_Snowman_Fire.webp,5,4,Snow,SummerClothing,Camels,SunRising,Snowman,Fire,2026-07-27T13:44:57.936Z
6a1002dabe7f5c918f052d3e,16,NS_SC_Ca_SR_Sa_WF,NoSnow_SummerClothing_Camels_SunRising_Sandcastle_Fire.webp,5,4,NoSnow,SummerClothing,Camels,SunRising,Sandcastle,Fire,2026-07-27T13:45:08.458Z
6a1002dabe7f5c918f052d3e,17,NS_SC_Ca_SR_Sn_WF,NoSnow_SummerClothing_Camels_SunRising_Snowman_Fire.webp,5,5,NoSnow,SummerClothing,Camels,SunRising,Snowman,Fire,2026-07-27T13:45:19.475Z
6a1002dabe7f5c918f052d3e,18,S_SC_Pe_SM_Sn_WF,Snow_SummerClothing_Penguins_SunMid_Snowman_Fire.webp,5,4,Snow,SummerClothing,Penguins,SunMid,Snowman,Fire,2026-07-27T13:45:29.211Z
6a1002dabe7f5c918f052d3e,19,S_WC_Ca_SM_Sn_NF,Snow_WinterClothing_Camels_SunMid_Snowman_NoFire.webp,4,5,Snow,WinterClothing,Camels,SunMid,Snowman,NoFire,2026-07-27T13:45:44.488Z
6a1002dabe7f5c918f052d3e,20,NS_SC_Pe_SM_Sn_WF,NoSnow_SummerClothing_Penguins_SunMid_Snowman_Fire.webp,5,2,NoSnow,SummerClothing,Penguins,SunMid,Snowman,Fire,2026-07-27T13:45:57.643Z
6a1002dabe7f5c918f052d3e,21,NS_SC_Pe_SR_Sa_NF,NoSnow_SummerClothing_Penguins_SunRising_Sandcastle_NoFire.webp,5,5,NoSnow,SummerClothing,Penguins,SunRising,Sandcastle,NoFire,2026-07-27T13:46:13.175Z
6a1002dabe7f5c918f052d3e,22,NS_SC_Pe_SM_Sa_WF,NoSnow_SummerClothing_Penguins_SunMid_Sandcastle_Fire.webp,4,5,NoSnow,SummerClothing,Penguins,SunMid,Sandcastle,Fire,2026-07-27T13:46:25.265Z
6a1002dabe7f5c918f052d3e,23,NS_SC_Ca_SM_Sn_WF,NoSnow_SummerClothing_Camels_SunMid_Snowman_Fire.webp,7,4,NoSnow,SummerClothing,Camels,SunMid,Snowman,Fire,2026-07-27T13:46:43.055Z
6a1002dabe7f5c918f052d3e,24,NS_WC_Pe_SR_Sn_WF,NoSnow_WinterClothing_Penguins_SunRising_Snowman_Fire.webp,6,4,NoSnow,WinterClothing,Penguins,SunRising,Snowman,Fire,2026-07-27T13:46:57.822Z
6a1002dabe7f5c918f052d3e,25,NS_SC_Pe_SR_Sa_WF,NoSnow_SummerClothing_Penguins_SunRising_Sandcastle_Fire.webp,6,6,NoSnow,SummerClothing,Penguins,SunRising,Sandcastle,Fire,2026-07-27T13:47:15.402Z
6a1002dabe7f5c918f052d3e,26,NS_WC_Pe_SM_Sa_NF,NoSnow_WinterClothing_Penguins_SunMid_Sandcastle_NoFire.webp,4,6,NoSnow,WinterClothing,Penguins,SunMid,Sandcastle,NoFire,2026-07-27T13:47:27.042Z
6a1002dabe7f5c918f052d3e,27,S_WC_Pe_SM_Sn_WF,Snow_WinterClothing_Penguins_SunMid_Snowman_Fire.webp,6,6,Snow,WinterClothing,Penguins,SunMid,Snowman,Fire,2026-07-27T13:47:37.684Z
6a1002dabe7f5c918f052d3e,28,NS_WC_Ca_SR_Sn_WF,NoSnow_WinterClothing_Camels_SunRising_Snowman_Fire.webp,6,6,NoSnow,WinterClothing,Camels,SunRising,Snowman,Fire,2026-07-27T13:47:48.499Z
6a1002dabe7f5c918f052d3e,29,NS_SC_Pe_SM_Sa_NF,NoSnow_SummerClothing_Penguins_SunMid_Sandcastle_NoFire.webp,6,5,NoSnow,SummerClothing,Penguins,SunMid,Sandcastle,NoFire,2026-07-27T13:47:58.804Z
6a1002dabe7f5c918f052d3e,30,S_SC_Ca_SM_Sa_WF,Snow_SummerClothing_Camels_SunMid_Sandcastle_Fire.webp,6,5,Snow,SummerClothing,Camels,SunMid,Sandcastle,Fire,2026-07-27T13:48:08.967Z
6a1002dabe7f5c918f052d3e,31,NS_SC_Ca_SM_Sa_WF,NoSnow_SummerClothing_Camels_SunMid_Sandcastle_Fire.webp,7,6,NoSnow,SummerClothing,Camels,SunMid,Sandcastle,Fire,2026-07-27T13:48:21.011Z
6a1002dabe7f5c918f052d3e,32,S_WC_Pe_SR_Sa_NF,Snow_WinterClothing_Penguins_SunRising_Sandcastle_NoFire.webp,6,5,Snow,WinterClothing,Penguins,SunRising,Sandcastle,NoFire,2026-07-27T13:48:33.514Z
6a1002dabe7f5c918f052d3e,33,NS_WC_Ca_SR_Sa_WF,NoSnow_WinterClothing_Camels_SunRising_Sandcastle_Fire.webp,6,5,NoSnow,WinterClothing,Camels,SunRising,Sandcastle,Fire,2026-07-27T13:48:46.781Z
6a1002dabe7f5c918f052d3e,34,NS_WC_Pe_SM_Sa_WF,NoSnow_WinterClothing_Penguins_SunMid_Sandcastle_Fire.webp,6,5,NoSnow,WinterClothing,Penguins,SunMid,Sandcastle,Fire,2026-07-27T13:49:00.513Z
6a1002dabe7f5c918f052d3e,35,S_WC_Pe_SM_Sn_NF,Snow_WinterClothing_Penguins_SunMid_Snowman_NoFire.webp,4,5,Snow,WinterClothing,Penguins,SunMid,Snowman,NoFire,2026-07-27T13:49:12.341Z
6a1002dabe7f5c918f052d3e,36,NS_WC_Ca_SM_Sn_WF,NoSnow_WinterClothing_Camels_SunMid_Snowman_Fire.webp,6,5,NoSnow,WinterClothing,Camels,SunMid,Snowman,Fire,2026-07-27T13:49:33.888Z
6a1002dabe7f5c918f052d3e,37,NS_SC_Ca_SR_Sa_NF,NoSnow_SummerClothing_Camels_SunRising_Sandcastle_NoFire.webp,6,5,NoSnow,SummerClothing,Camels,SunRising,Sandcastle,NoFire,2026-07-27T13:49:43.937Z
6a1002dabe7f5c918f052d3e,38,NS_SC_Ca_SR_Sn_NF,NoSnow_SummerClothing_Camels_SunRising_Snowman_NoFire.webp,5,4,NoSnow,SummerClothing,Camels,SunRising,Snowman,NoFire,2026-07-27T13:49:55.548Z
6a1002dabe7f5c918f052d3e,39,S_SC_Pe_SR_Sn_NF,Snow_SummerClothing_Penguins_SunRising_Snowman_NoFire.webp,5,4,Snow,SummerClothing,Penguins,SunRising,Snowman,NoFire,2026-07-27T13:50:08.185Z
6a1002dabe7f5c918f052d3e,40,S_SC_Pe_SR_Sa_WF,Snow_SummerClothing_Penguins_SunRising_Sandcastle_Fire.webp,6,5,Snow,SummerClothing,Penguins,SunRising,Sandcastle,Fire,2026-07-27T13:50:24.851Z
6a1002dabe7f5c918f052d3e,41,NS_WC_Ca_SM_Sn_NF,NoSnow_WinterClothing_Camels_SunMid_Snowman_NoFire.webp,5,5,NoSnow,WinterClothing,Camels,SunMid,Snowman,NoFire,2026-07-27T13:50:37.578Z
6a1002dabe7f5c918f052d3e,42,S_WC_Ca_SM_Sn_WF,Snow_WinterClothing_Camels_SunMid_Snowman_Fire.webp,6,5,Snow,WinterClothing,Camels,SunMid,Snowman,Fire,2026-07-27T13:50:51.280Z
6a1002dabe7f5c918f052d3e,43,S_WC_Pe_SR_Sn_NF,Snow_WinterClothing_Penguins_SunRising_Snowman_NoFire.webp,5,4,Snow,WinterClothing,Penguins,SunRising,Snowman,NoFire,2026-07-27T13:51:13.306Z
6a1002dabe7f5c918f052d3e,44,S_WC_Ca_SR_Sa_WF,Snow_WinterClothing_Camels_SunRising_Sandcastle_Fire.webp,5,4,Snow,WinterClothing,Camels,SunRising,Sandcastle,Fire,2026-07-27T13:51:26.672Z
6a1002dabe7f5c918f052d3e,45,NS_WC_Pe_SR_Sa_NF,NoSnow_WinterClothing_Penguins_SunRising_Sandcastle_NoFire.webp,5,4,NoSnow,WinterClothing,Penguins,SunRising,Sandcastle,NoFire,2026-07-27T13:51:38.357Z
6a1002dabe7f5c918f052d3e,46,NS_SC_Ca_SM_Sn_NF,NoSnow_SummerClothing_Camels_SunMid_Snowman_NoFire.webp,4,3,NoSnow,SummerClothing,Camels,SunMid,Snowman,NoFire,2026-07-27T13:51:49.067Z
6a1002dabe7f5c918f052d3e,47,S_WC_Pe_SM_Sa_WF,Snow_WinterClothing_Penguins_SunMid_Sandcastle_Fire.webp,4,5,Snow,WinterClothing,Penguins,SunMid,Sandcastle,Fire,2026-07-27T13:51:59.214Z
6a1002dabe7f5c918f052d3e,48,S_WC_Ca_SM_Sa_NF,Snow_WinterClothing_Camels_SunMid_Sandcastle_NoFire.webp,4,5,Snow,WinterClothing,Camels,SunMid,Sandcastle,NoFire,2026-07-27T13:52:16.374Z
6a1002dabe7f5c918f052d3e,49,S_WC_Pe_SM_Sa_NF,Snow_WinterClothing_Penguins_SunMid_Sandcastle_NoFire.webp,4,6,Snow,WinterClothing,Penguins,SunMid,Sandcastle,NoFire,2026-07-27T13:52:27.819Z
6a1002dabe7f5c918f052d3e,50,S_WC_Ca_SR_Sn_NF,Snow_WinterClothing_Camels_SunRising_Snowman_NoFire.webp,4,6,Snow,WinterClothing,Camels,SunRising,Snowman,NoFire,2026-07-27T13:52:42.902Z
6a1002dabe7f5c918f052d3e,51,S_WC_Ca_SR_Sn_WF,Snow_WinterClothing_Camels_SunRising_Snowman_Fire.webp,4,6,Snow,WinterClothing,Camels,SunRising,Snowman,Fire,2026-07-27T13:52:57.249Z
6a1002dabe7f5c918f052d3e,52,NS_WC_Pe_SM_Sn_WF,NoSnow_WinterClothing_Penguins_SunMid_Snowman_Fire.webp,4,5,NoSnow,WinterClothing,Penguins,SunMid,Snowman,Fire,2026-07-27T13:53:15.345Z
6a1002dabe7f5c918f052d3e,53,NS_WC_Pe_SR_Sn_NF,NoSnow_WinterClothing_Penguins_SunRising_Snowman_NoFire.webp,4,4,NoSnow,WinterClothing,Penguins,SunRising,Snowman,NoFire,2026-07-27T13:53:32.379Z
6a1002dabe7f5c918f052d3e,54,NS_SC_Pe_SM_Sn_NF,NoSnow_SummerClothing_Penguins_SunMid_Snowman_NoFire.webp,4,5,NoSnow,SummerClothing,Penguins,SunMid,Snowman,NoFire,2026-07-27T13:53:43.763Z
6a1002dabe7f5c918f052d3e,55,NS_WC_Ca_SR_Sn_NF,NoSnow_WinterClothing_Camels_SunRising_Snowman_NoFire.webp,5,6,NoSnow,WinterClothing,Camels,SunRising,Snowman,NoFire,2026-07-27T13:53:55.073Z
6a1002dabe7f5c918f052d3e,56,S_SC_Pe_SR_Sn_WF,Snow_SummerClothing_Penguins_SunRising_Snowman_Fire.webp,4,6,Snow,SummerClothing,Penguins,SunRising,Snowman,Fire,2026-07-27T13:54:05.408Z
6a1002dabe7f5c918f052d3e,57,NS_SC_Ca_SM_Sa_NF,NoSnow_SummerClothing_Camels_SunMid_Sandcastle_NoFire.webp,5,7,NoSnow,SummerClothing,Camels,SunMid,Sandcastle,NoFire,2026-07-27T13:54:21.841Z
6a1002dabe7f5c918f052d3e,58,S_SC_Ca_SM_Sn_WF,Snow_SummerClothing_Camels_SunMid_Snowman_Fire.webp,5,5,Snow,SummerClothing,Camels,SunMid,Snowman,Fire,2026-07-27T13:54:33.293Z
6a1002dabe7f5c918f052d3e,59,NS_WC_Ca_SM_Sa_WF,NoSnow_WinterClothing_Camels_SunMid_Sandcastle_Fire.webp,5,6,NoSnow,WinterClothing,Camels,SunMid,Sandcastle,Fire,2026-07-27T13:54:42.121Z
6a1002dabe7f5c918f052d3e,60,NS_WC_Pe_SM_Sn_NF,NoSnow_WinterClothing_Penguins_SunMid_Snowman_NoFire.webp,4,1,NoSnow,WinterClothing,Penguins,SunMid,Snowman,NoFire,2026-07-27T13:55:00.068Z
6a1002dabe7f5c918f052d3e,61,S_WC_Ca_SR_Sa_NF,Snow_WinterClothing_Camels_SunRising_Sandcastle_NoFire.webp,5,6,Snow,WinterClothing,Camels,SunRising,Sandcastle,NoFire,2026-07-27T13:55:09.555Z
6a1002dabe7f5c918f052d3e,62,S_WC_Pe_SR_Sa_WF,Snow_WinterClothing_Penguins_SunRising_Sandcastle_Fire.webp,6,5,Snow,WinterClothing,Penguins,SunRising,Sandcastle,Fire,2026-07-27T13:55:18.826Z
6a1002dabe7f5c918f052d3e,63,NS_WC_Pe_SR_Sa_WF,NoSnow_WinterClothing_Penguins_SunRising_Sandcastle_Fire.webp,6,5,NoSnow,WinterClothing,Penguins,SunRising,Sandcastle,Fire,2026-07-27T13:55:30.052Z
